sku,batch_no,quantity,mfg_date,expiry_date,status,received_date,product_name,supplier,disposed_at,disposed_by,expiry_dt
BB-10007,BN-BB-10007-01,151.0,2026-05-31,2028-04-02,active,2026-06-16,Awakening Aromatherapy Diffuser Oil,CareWell Distributors,,,2028-04-02
BB-10026,BN-BB-10026-01,251.0,2026-06-10,2028-04-09,active,2026-06-15,Sunscreen Lotion - Carrot,CareWell Distributors,,,2028-04-09
BB-10059,BN-BB-10059-01,0.0,2025-12-22,2026-06-17,disposed,2025-12-26,Green Chilli Rice Papad,SweetSource Regional,2026-06-28 20:41:54,USR002,2026-06-17
BB-10060,BN-BB-10060-01,11.0,2026-06-05,2027-02-10,disposed,2026-06-15,Coconut Water With Lychee,CleanHome Supplies,2026-07-13T04:26:06.621858+00:00,USR002,2027-02-10
BB-10064,BN-BB-10064-01,21.0,2026-06-03,2027-05-02,active,2026-06-16,Surface Cleaner - Jasmine,CleanHome Supplies,,,2027-05-02
BB-10073,BN-BB-10073-01,11.0,2026-06-07,2027-03-19,active,2026-06-16,Pitted  Black Olives,FruitKing South,,,2027-03-19
BB-10077,BN-BB-10077-01,11.0,2026-06-01,2026-07-09,disposed,2026-06-16,Sausage - Pork,GrainCo Vijayawada,2026-07-13T04:20:02.823963+00:00,USR002,2026-07-09
BB-10087,BN-BB-10087-01,12.0,2026-06-09,2028-05-27,active,2026-06-18,Amla Hair Repair Serum,CareWell Distributors,,,2028-05-27
BB-10088,BN-BB-10088-01,14.0,2026-06-10,2027-03-22,active,2026-06-18,Nilgiri White Tea - Sei,BevCorp India,,,2027-03-22
BB-10102,BN-BB-10102-01,10.0,2026-05-23,2027-01-21,active,2026-05-29,Spanish Olives Sliced Green,SeasonProof Gear,,,2027-01-21
BB-10106,BN-BB-10106-01,51.0,2026-06-01,2027-05-07,active,2026-06-17,Maxx Spin Mop With 2 Refills - Aqua Green,CleanHome Supplies,,,2027-05-07
BB-10118,BN-BB-10118-01,18.0,2026-06-10,2027-03-12,active,2026-06-20,Chocolate Hazelnut Spread,BakeMaster Artisans,,,2027-03-12
BB-10133,BN-BB-10133-01,15.0,2026-06-09,2028-04-13,active,2026-06-18,Hamsapadadi Kwath,CareWell Distributors,,,2028-04-13
BB-10136,BN-BB-10136-01,20.0,2026-06-27,2026-07-10,disposed,2025-09-28,Fizz - Lime Lemon Classic Cola 300 ml + Fizz - Lime Lemon 300 ml,BevCorp India,2026-07-13T04:27:07.193479+00:00,USR002,2026-07-10
BB-10157,BN-BB-10157-01,2020.0,2026-06-04,2026-11-19,active,2026-06-15,Margherita Pizza - Large,SweetSource Regional,,,2026-11-19
BB-10158,BN-BB-10158-01,334.0,2026-06-13,2026-11-28,active,2026-06-19,Tiger Chocolate Cream Biscuits,SweetSource Regional,,,2026-11-28
BB-10165,BN-BB-10165-01,2017.0,2026-06-10,2028-05-20,active,2026-06-19,Sanitizer - Original Germ Protection,CareWell Distributors,,,2028-05-20
BB-10173,BN-BB-10173-01,221.0,2026-06-07,2027-03-09,active,2026-06-19,Millet Based Nutrition Bar - Ginger & Raisin,OilTrade AP,,,2027-03-09
BB-10185,BN-BB-10185-01,1909.0,2026-06-11,2028-06-07,active,2026-06-20,Beard Kit,CareWell Distributors,,,2028-06-07
BB-10192,BN-BB-10192-01,254.0,2026-06-04,,active,2026-06-19,Magic Seal Round Plastic Oil Containers - Royal Blue,SeasonProof Gear,,,
BB-10199,BN-BB-10199-01,507.0,2026-06-12,2027-02-14,active,2026-06-16,Kiwi Drink,MedLife Wholesale,,,2027-02-14
BB-10212,BN-BB-10212-01,4803.0,2026-06-03,2028-03-30,active,2026-06-15,"Creme - Non Greasy Moisturizer Cream for Face, Body & Hands",CareWell Distributors,,,2028-03-30
BB-10223,BN-BB-10223-01,5053.0,2026-06-07,,active,2026-06-16,Basic Cup Set,FreshFarm Veg Market,,,
BB-1023,BN-BB-1023-01,434.0,2026-06-10,2026-12-11,active,2026-06-15,"Orbit Chewing Gum - Spearmint , Sugarfree",SweetSource Regional,,,2026-12-11
BB-10248,BN-BB-10248-01,245.0,2026-06-08,2028-05-25,active,2026-06-17,Luminosity - Anti Pigmentation Cream,CareWell Distributors,,,2028-05-25
BB-10257,BN-BB-10257-01,1113.0,2026-06-13,2027-05-29,active,2026-06-19,Baby Cottontouch Newborn Lotion,BabyBase Supplies,,,2027-05-29
BB-10263,BN-BB-10263-01,458.0,2026-04-26,2026-08-23,active,2026-05-07,Swiss Roll - Cream & Real Strawberry Jam,DairyBest Krishna,,,2026-08-23
BB-10280,BN-BB-10280-01,105.0,2026-06-10,2026-08-24,active,2026-06-17,Daily Fresh Dahi,DairyBest Krishna,,,2026-08-24
BB-10282,BN-BB-10282-01,368.0,2026-06-08,2027-02-10,active,2026-06-17,Aloe Vera Juice,CareWell Distributors,,,2027-02-10
BB-103,BN-BB-103-01,2322.0,2026-06-05,2028-07-03,active,2026-06-18,"Loofah/Sponge Scrubber/Body Bath - Dual Side, Hangable, Brown, BH-030 BR",CareWell Distributors,,,2028-07-03
BB-10306,BN-BB-10306-01,0.0,2024-06-22,2026-06-20,disposed,2024-06-29,All Natural Probiotics Shampoo Bar - For Normal Hair,CareWell Distributors,2026-06-28 20:42:35,USR002,2026-06-20
BB-10318,BN-BB-10318-01,439.0,2026-06-07,2027-06-14,active,2026-06-20,Scissors - Classic Cut,CleanHome Supplies,,,2027-06-14
BB-1032,BN-BB-1032-01,680.0,2026-06-03,2026-07-10,expired,2026-06-18,Coccinia,FruitKing South,,,2026-07-10
BB-10365,BN-BB-10365-01,202.0,2026-06-05,2027-05-24,active,2026-06-20,"508 Display File - F/S, 40 Leaves",CleanHome Supplies,,,2027-05-24
BB-10369,BN-BB-10369-01,900.0,2026-06-07,2027-06-10,active,2026-06-20,Active Baby Small (3-8 kg) - 46 Diapers,BabyBase Supplies,,,2027-06-10
BB-1037,BN-BB-1037-01,72.0,2026-06-08,2026-08-23,active,2026-06-20,Soy Milk Protein+ Original,DairyBest Krishna,,,2026-08-23
BB-10373,BN-BB-10373-01,2096.0,2026-06-04,2028-06-13,active,2026-06-18,Lavender Body Mist,CareWell Distributors,,,2028-06-13
BB-10374,BN-BB-10374-01,362.0,2026-06-09,2027-02-19,active,2026-06-18,Chips - Keralas Nendran Banana,CleanHome Supplies,,,2027-02-19
BB-10378,BN-BB-10378-01,1106.0,2026-06-07,2027-07-12,active,2026-06-17,Chia Seeds,GrainCo Vijayawada,,,2027-07-12
BB-10381,BN-BB-10381-01,962.0,2026-06-01,2028-06-09,active,2026-06-17,Hydrating Seaweed Pack,CareWell Distributors,,,2028-06-09
BB-10392,BN-BB-10392-01,1206.0,2026-06-06,2028-08-01,active,2026-06-17,Pain Relief Cream,CareWell Distributors,,,2028-08-01
BB-10419,BN-BB-10419-01,1355.0,2026-06-10,2027-06-09,active,2026-06-15,Gentle Baby Wipes - (SSC) IND Offer,BabyBase Supplies,,,2027-06-09
BB-10443,BN-BB-10443-01,3227.0,2026-06-03,2027-02-06,active,2026-06-15,Breakfast Protein Bar - Apricot & Fig,BakeMaster Artisans,,,2027-02-06
BB-10445,BN-BB-10445-01,1265.0,2026-06-07,2028-05-21,active,2026-06-19,Streak6 Cartridges,CareWell Distributors,,,2028-05-21
BB-10449,BN-BB-10449-01,3323.0,2026-06-16,,active,2026-06-19,Aluminium Kadai - Induction Base,GrainCo Vijayawada,,,
BB-1045,BN-BB-1045-01,727.0,2026-06-06,2027-06-22,active,2026-06-16,Washing Machine Cleaner,CleanHome Supplies,,,2027-06-22
BB-10453,BN-BB-10453-01,1219.0,2026-06-06,2028-07-28,active,2026-06-16,Daily Use Hair Conditioner - For Men,CareWell Distributors,,,2028-07-28
BB-10455,BN-BB-10455-01,183.0,2025-09-20,2026-08-23,active,2025-09-29,Lakadong Turmeric,CareWell Distributors,,,2026-08-23
BB-10458,BN-BB-10458-01,612.0,2026-06-11,2026-12-19,active,2026-06-16,Green Chilli Sauce,SweetSource Regional,,,2026-12-19
BB-10477,BN-BB-10477-01,328.0,2026-05-31,2027-06-17,active,2026-06-16,Masala Combo - Chicken 15 Gm + Meat 15 Gm + Punjabi Butter Chicken 15 Gm + Garam Masala 40 Gm,GrainCo Vijayawada,,,2027-06-17
BB-10486,BN-BB-10486-01,942.0,2026-06-08,2027-03-25,active,2026-06-16,Instant Noodles Rasa Curry Flavor,SweetSource Regional,,,2027-03-25
BB-10491,BN-BB-10491-01,416.0,2026-06-09,2028-06-05,active,2026-06-17,EDT Spray - Original For Men,CareWell Distributors,,,2028-06-05
BB-10492,BN-BB-10492-01,155.0,2026-06-07,2027-02-22,active,2026-06-16,Summer Berries Syrup - 100% Natural,ChillZone Logistics,,,2027-02-22
BB-10512,BN-BB-10512-01,71.0,2026-06-07,2026-07-09,disposed,2026-06-15,Chicken - Seek Kabab,CareWell Distributors,2026-07-13T04:20:02.823963+00:00,USR002,2026-07-09
BB-10515,BN-BB-10515-01,360.0,2026-06-07,2027-05-28,active,2026-06-17,Premium Baby Medium - 40 Diaper Pants,BabyBase Supplies,,,2027-05-28
BB-10522,BN-BB-10522-01,125.0,2026-06-02,2027-03-16,active,2026-06-17,"Turmeric - Organic, USDA Certified",FestiveWorld Supplies,,,2027-03-16
BB-10526,BN-BB-10526-01,906.0,2026-06-06,2027-07-07,active,2026-06-18,Organics Desi Ghee/Tuppa With Brahmi,GrainCo Vijayawada,,,2027-07-07
BB-10534,BN-BB-10534-01,514.0,2026-06-06,2028-07-26,active,2026-06-16,Fragrance Body Spray For Men (1000 sprays) - Forever,CareWell Distributors,,,2028-07-26
BB-10540,BN-BB-10540-01,658.0,2026-06-04,2028-04-23,active,2026-06-15,Deep Clean Brightening Foaming Cleanser,CareWell Distributors,,,2028-04-23
BB-10545,BN-BB-10545-01,495.0,2026-06-07,2028-08-16,active,2026-06-16,"Body Bath Loofah/Sponge/Scrubber - Dual Sided, Hangable, BB1425, Cream",CareWell Distributors,,,2028-08-16
BB-10546,BN-BB-10546-01,3687.0,2026-06-06,2027-05-17,active,2026-06-20,Organic - Whole Wheat Multi Grain Atta/Godihittu,GrainCo Vijayawada,,,2027-05-17
BB-10549,BN-BB-10549-01,4165.0,2026-06-12,2028-07-05,active,2026-06-19,Acno Fight Pimple Clearing Gel,CareWell Distributors,,,2028-07-05
BB-10592,BN-BB-10592-01,137.0,2026-06-08,2026-08-21,active,2026-06-18,Sweet Bread,DairyBest Krishna,,,2026-08-21
BB-10600,BN-BB-10600-01,1096.0,2026-06-08,2028-06-23,active,2026-06-15,Battery Operator Lady Shaver,CareWell Distributors,,,2028-06-23
BB-10601,BN-BB-10601-01,255.0,2026-06-07,2027-02-14,active,2026-06-19,South African Rooibos Tea,MedLife Wholesale,,,2027-02-14
BB-10628,BN-BB-10628-01,190.0,2026-04-27,2028-03-13,active,2026-05-04,"Sitishield Cambridge N95 Mask – Extra Large, Black",CareWell Distributors,,,2028-03-13
BB-10647,BN-BB-10647-01,1518.0,2026-06-13,2028-04-06,active,2026-06-19,Head To Toe 3-in-1 Wash For Men - Fresh Burst,CareWell Distributors,,,2028-04-06
BB-10657,BN-BB-10657-01,63.0,2026-06-02,2026-07-10,expired,2026-06-16,Chutney Mix,FruitKing South,,,2026-07-10
BB-10663,BN-BB-10663-01,4548.0,2026-06-07,,active,2026-06-19,"100% Melamine Full Plate 10.5"" - Green",ChillZone Logistics,,,
BB-10712,BN-BB-10712-01,2159.0,2026-06-05,2027-06-15,active,2026-06-18,"V5 Pen - Blue, Black & Red",CleanHome Supplies,,,2027-06-15
BB-10713,BN-BB-10713-01,579.0,2026-06-09,2027-03-19,active,2026-06-20,Pizza Seasoning,GrainCo Vijayawada,,,2027-03-19
BB-10722,BN-BB-10722-01,129.0,2026-06-07,2028-07-14,active,2026-06-17,Self Care Foot Moisture Mask,CareWell Distributors,,,2028-07-14
BB-10742,BN-BB-10742-01,1592.0,2026-06-03,,active,2026-06-19,Gas Stove Cleaner - White BB 759,MedLife Wholesale,,,
BB-10752,BN-BB-10752-01,544.0,2026-06-03,,active,2026-06-16,Stroke Tall Juice & Water Glass/Tumbler,ChillZone Logistics,,,
BB-10761,BN-BB-10761-01,415.0,2026-06-06,2027-05-31,active,2026-06-16,Industrial Mop - Long,CleanHome Supplies,,,2027-05-31
BB-10769,BN-BB-10769-01,680.0,2026-06-08,2026-12-02,active,2026-06-20,Roasted Peanuts - Spicy Masala,SweetSource Regional,,,2026-12-02
BB-10770,BN-BB-10770-01,1070.0,2026-06-03,2027-02-22,active,2026-06-16,"Giloy Juice - Supports Immunity, Energy & Digestion",BevCorp India,,,2027-02-22
BB-10775,BN-BB-10775-01,1695.0,2026-06-09,2027-06-07,active,2026-06-18,"Decorative Wax Rose Scented Candles - Bb-1259-1, Red",CleanHome Supplies,,,2027-06-07
BB-1078,BN-BB-1078-01,171.0,2026-06-11,2026-12-05,active,2026-06-16,Noodles - Curry Veg,SweetSource Regional,,,2026-12-05
BB-10780,BN-BB-10780-01,1289.0,2026-06-07,,active,2026-06-17,"Alfa Storage Plastic Container,Transparent - Assorted colour",SeasonProof Gear,,,
BB-10796,BN-BB-10796-01,331.0,2026-06-11,2027-02-14,active,2026-06-17,Sriracha Dip Sauce,DairyBest Krishna,,,2027-02-14
BB-10800,BN-BB-10800-01,0.0,2025-06-13,2026-06-17,disposed,2025-06-27,"Wet Mop - Floor Cleaning Cotton With Steel Stick, Medium",CleanHome Supplies,2026-06-28 20:42:43,USR002,2026-06-17
BB-10809,BN-BB-10809-01,969.0,2026-06-10,2026-11-26,active,2026-06-18,Cookies - Choconut,SweetSource Regional,,,2026-11-26
BB-10823,BN-BB-10823-01,940.0,2026-06-07,2027-03-25,active,2026-06-18,Cocoa Powder,BevCorp India,,,2027-03-25
BB-10825,BN-BB-10825-01,252.0,2026-06-08,2028-06-04,active,2026-06-19,Goldie - Eau De Parfum,CareWell Distributors,,,2028-06-04
BB-10843,BN-BB-10843-01,74.0,2026-06-05,2026-07-10,expired,2026-06-16,Banganapalli Mango,FruitKing South,,,2026-07-10
BB-10863,BN-BB-10863-01,1780.0,2026-06-09,2026-08-23,active,2026-06-18,Sugar Free Vegan Peanut Butter Cookies,DairyBest Krishna,,,2026-08-23
BB-10876,BN-BB-10876-01,530.0,2026-06-08,2026-07-10,expired,2026-06-18,Ridge Gourd - Diced,FruitKing South,,,2026-07-10
BB-10884,BN-BB-10884-01,0.0,2024-06-14,2026-06-24,disposed,2024-06-25,"De-Tangling Comb - 1 Row, 1266",CareWell Distributors,2026-06-28 20:42:50,USR002,2026-06-24
BB-10894,BN-BB-10894-01,488.0,2026-06-12,2027-03-12,active,2026-06-19,100% Spanish Olive Oil,DairyBest Krishna,,,2027-03-12
BB-10899,BN-BB-10899-01,672.0,2026-06-06,2028-06-09,active,2026-06-19,"Skin Fit - Pre-Workout High Performance Sunscreen, SPF 50",CareWell Distributors,,,2028-06-09
BB-10905,BN-BB-10905-01,589.0,2026-06-03,2026-07-10,expired,2026-06-16,Kesar Mango,FruitKing South,,,2026-07-10
BB-10906,BN-BB-10906-01,596.0,2026-06-07,2026-07-09,expired,2026-06-16,Seer Fish,FruitKing South,,,2026-07-09
BB-10918,BN-BB-10918-01,1798.0,2026-06-09,2028-05-06,active,2026-06-18,Sandalwood & Saffron Facial Ubtan Pack - Soothing & After Glow,CareWell Distributors,,,2028-05-06
BB-10922,BN-BB-10922-01,803.0,2026-06-06,2026-11-17,active,2026-06-16,Go Nutty Snack Bar,SweetSource Regional,,,2026-11-17
BB-10923,BN-BB-10923-01,216.0,2026-06-01,2027-03-13,active,2026-06-18,Green Tea Lemon,BakeMaster Artisans,,,2027-03-13
BB-10928,BN-BB-10928-01,1198.0,2026-06-12,2027-07-14,active,2026-06-19,Mug 178 Frosty Deluxe Mug - Blue,CleanHome Supplies,,,2027-07-14
BB-10937,BN-BB-10937-01,277.0,2026-06-12,2028-08-22,active,2026-06-20,Whey Protein Powder - Vanilla,CareWell Distributors,,,2028-08-22
BB-10938,BN-BB-10938-01,1464.0,2026-06-07,2027-06-08,active,2026-06-17,Scrub Pad,CleanHome Supplies,,,2027-06-08
BB-10944,BN-BB-10944-01,1409.0,2026-06-03,2027-03-04,active,2026-06-18,Muesli - Quinoa & Almond Delight,CleanHome Supplies,,,2027-03-04
BB-10949,BN-BB-10949-01,2505.0,2026-06-07,2026-12-06,active,2026-06-16,Munch Crisp-Pop Chocolate Coated Crunchy Wafer,SweetSource Regional,,,2026-12-06
BB-10957,BN-BB-10957-01,456.0,2026-06-14,2026-12-29,active,2026-06-20,Chicken Garlic Sausages,SweetSource Regional,,,2026-12-29
BB-10958,BN-BB-10958-01,0.0,2024-06-14,2026-06-28,disposed,2024-06-21,Pain Relief Spray - For Quick Action & Lasting Relief From Swelling,CareWell Distributors,2026-06-28 20:42:57,USR002,2026-06-28
BB-10962,BN-BB-10962-01,1714.0,2026-06-05,2028-07-14,active,2026-06-19,Travel Pro Liven Up Pack,CareWell Distributors,,,2028-07-14
BB-10964,BN-BB-10964-01,161.0,2026-06-06,,active,2026-06-19,Juice/Milk Mugs,FestiveWorld Supplies,,,
BB-10972,BN-BB-10972-01,1530.0,2026-06-09,2027-06-24,active,2026-06-20,"Bathroom Cleaner Liquid - Lemon 1 L + Toilet Cleaner - Bleach, White & Shine - 500 ml",CleanHome Supplies,,,2027-06-24
BB-10980,BN-BB-10980-01,1649.0,2026-06-04,2027-07-07,active,2026-06-18,Air Freshener - Jasmine,CleanHome Supplies,,,2027-07-07
BB-10984,BN-BB-10984-01,379.0,2026-06-05,,active,2026-06-16,"Tejas LED Bulb - 5 Watt, White, Cool Day, B22",OilTrade AP,,,
BB-10992,BN-BB-10992-01,403.0,2024-06-04,2026-08-26,active,2024-06-19,Organic Pitta Tea,CareWell Distributors,,,2026-08-26
BB-10995,BN-BB-10995-01,237.0,2026-06-06,2026-11-23,active,2026-06-19,Organic Kesari Bath - Little Millet,SweetSource Regional,,,2026-11-23
BB-10996,BN-BB-10996-01,2862.0,2026-06-02,2027-05-11,active,2026-06-17,For Moms - Nipple Care Butter,BabyBase Supplies,,,2027-05-11
BB-10997,BN-BB-10997-01,439.0,2026-06-07,2027-02-10,active,2026-06-20,Dill Tzatziki,PaperEdge Stationery,,,2027-02-10
BB-110,BN-BB-110-01,3415.0,2026-06-09,2027-07-07,active,2026-06-19,"Baby Cereal - Ragi Almond & Banana, 6-8 Months, No Preservatives, No Artificial Colours",BabyBase Supplies,,,2027-07-07
BB-11003,BN-BB-11003-01,534.0,2026-06-04,2027-02-17,active,2026-06-17,Spirulina - Powder,DairyBest Krishna,,,2027-02-17
BB-11020,BN-BB-11020-01,251.0,2026-06-10,2027-03-18,active,2026-06-19,Buckwheat Seeds,OilTrade AP,,,2027-03-18
BB-11046,BN-BB-11046-01,897.0,2026-06-12,2027-06-28,active,2026-06-19,Floor Twist Mop With Stick & Microfibre Refill - A130073,CleanHome Supplies,,,2027-06-28
BB-11047,BN-BB-11047-01,1297.0,2026-06-01,2026-12-11,active,2026-06-15,Kappa Puzhukku,SweetSource Regional,,,2026-12-11
BB-11054,BN-BB-11054-01,267.0,2026-06-03,2027-02-23,active,2026-06-17,Pasta Sauce - Garden Combination,FruitKing South,,,2027-02-23
BB-1107,BN-BB-1107-01,355.0,2026-06-08,2026-12-23,active,2026-06-19,Pickle - Ginger,SweetSource Regional,,,2026-12-23
BB-11090,BN-BB-11090-01,400.0,2026-06-09,2027-03-26,active,2026-06-17,Ice Cream - Fig Walnut,GrainCo Vijayawada,,,2027-03-26
BB-11097,BN-BB-11097-01,3999.0,2026-06-09,2028-07-31,active,2026-06-17,Kumkumadi Oil,CareWell Distributors,,,2028-07-31
BB-1112,BN-BB-1112-01,1575.0,2026-06-03,2028-06-13,active,2026-06-19,"Specialist Skin Care Oil - Scars, Stretch Mark, Ageing, Uneven Skin Tone",CareWell Distributors,,,2028-06-13
BB-11140,BN-BB-11140-01,171.0,2025-06-16,2026-08-22,active,2025-06-21,Refined - Sunflower Oil,GrainCo Vijayawada,,,2026-08-22
BB-1115,BN-BB-1115-01,121.0,2026-06-04,2027-03-18,active,2026-06-18,Water,SweetSource Regional,,,2027-03-18
BB-11170,BN-BB-11170-01,392.0,2026-06-08,2026-12-08,active,2026-06-17,Kesari Halwa,SweetSource Regional,,,2026-12-08
BB-11177,BN-BB-11177-01,129.0,2026-06-05,,active,2026-06-16,Svachh Nakshtra Steel Inner Lid Pressure Cooker (20257),CareWell Distributors,,,
BB-11179,BN-BB-11179-01,1620.0,2026-06-04,2028-04-08,active,2026-06-16,Ultrathin Sensitive Toothbrush - Black,CareWell Distributors,,,2028-04-08
BB-11181,BN-BB-11181-01,942.0,2026-06-11,2027-03-09,active,2026-06-20,Juice - Pineapple,CleanHome Supplies,,,2027-03-09
BB-11197,BN-BB-11197-01,1565.0,2026-06-08,2028-07-14,active,2026-06-18,Ultrathin Sensitive Toothbrush,CareWell Distributors,,,2028-07-14
BB-11208,BN-BB-11208-01,3662.0,2026-06-01,2027-05-25,active,2026-06-16,A-1 Agmark Ghee/Tuppa,GrainCo Vijayawada,,,2027-05-25
BB-11212,BN-BB-11212-01,14.0,2025-06-10,2026-08-24,active,2025-06-22,Powder - Sambar,GrainCo Vijayawada,,,2026-08-24
BB-11216,BN-BB-11216-01,288.0,2024-06-18,2026-10-02,active,2024-06-29,DC 4 U Exclusive For Men,CareWell Distributors,,,2026-10-02
BB-11230,BN-BB-11230-01,63.0,2026-06-04,2026-08-22,active,2026-06-18,Ragi Loaf,DairyBest Krishna,,,2026-08-22
BB-11233,BN-BB-11233-01,923.0,2026-06-09,2028-07-03,active,2026-06-17,"Deltoid Turbo Face Masks In Grey Mesh With Pink, Blue & Green Bindings - Assorted, 3C2007-XL",CareWell Distributors,,,2028-07-03
BB-11239,BN-BB-11239-01,373.0,2026-06-10,2028-08-21,active,2026-06-20,Soap Case - Riviera,CareWell Distributors,,,2028-08-21
BB-11243,BN-BB-11243-01,100.0,2025-06-22,,active,2025-07-01,Plastic Dustbin - Peach,CleanHome Supplies,,,
BB-11248,BN-BB-11248-01,2244.0,2026-06-01,2027-05-31,active,2026-06-16,Mumma's Boy Pencil,CleanHome Supplies,,,2027-05-31
BB-11254,BN-BB-11254-01,402.0,2026-06-07,2027-05-29,active,2026-06-19,Naturals Anti-Mosquito Skin Spray,CleanHome Supplies,,,2027-05-29
BB-11265,BN-BB-11265-01,5597.0,2026-06-09,,active,2026-06-16,"Steel Rice Serving Spoon - Medium, Classic Diana Series, BBST37",DairyBest Krishna,,,
BB-11269,BN-BB-11269-01,2075.0,2026-06-08,2028-07-16,active,2026-06-15,Nutrition Plus Health Supplement - Multi Vitamin,CareWell Distributors,,,2028-07-16
BB-11287,BN-BB-11287-01,363.0,2026-06-04,2026-11-24,active,2026-06-18,Aloo Tikki,SweetSource Regional,,,2026-11-24
BB-11292,BN-BB-11292-01,516.0,2026-06-07,2027-03-28,active,2026-06-19,"Confeito Vermicelli Combo, Sprinkles",FruitKing South,,,2027-03-28
BB-11295,BN-BB-11295-01,237.0,2026-06-09,2026-12-23,active,2026-06-19,Punjabi Masala Papad,SweetSource Regional,,,2026-12-23
BB-11322,BN-BB-11322-01,757.0,2026-06-10,,active,2026-06-17,Dazzle Livid Lilac Dinner Set - White,SweetSource Regional,,,
BB-11323,BN-BB-11323-01,22.0,2026-06-09,2027-07-02,active,2026-06-20,Baby Care Collection - with Organic Cotton Bib & Baby Comb,BabyBase Supplies,,,2027-07-02
BB-11325,BN-BB-11325-01,4709.0,2026-06-05,,active,2026-06-20,Arcada White PVC Handle - Sieve (7cm),FreshFarm Veg Market,,,
BB-11329,BN-BB-11329-01,320.0,2026-06-10,2027-03-20,active,2026-06-19,Olive Oil - Extra Virgin,BevCorp India,,,2027-03-20
BB-1133,BN-BB-1133-01,398.0,2026-06-04,2028-04-20,active,2026-06-15,Diamond - Shine & Glow Facial Kit,CareWell Distributors,,,2028-04-20
BB-11331,BN-BB-11331-01,944.0,2026-06-10,2027-06-22,active,2026-06-19,Roasted Flax Seeds,GrainCo Vijayawada,,,2027-06-22
BB-11338,BN-BB-11338-01,2638.0,2026-05-30,2026-12-04,active,2026-06-15,Veg Hakka Noodles + Chowmein Hakka Noodles Masala,SweetSource Regional,,,2026-12-04
BB-11347,BN-BB-11347-01,116.0,2026-06-05,2026-11-20,active,2026-06-15,Instant Noodles - 2 Minute Special Masala,SweetSource Regional,,,2026-11-20
BB-11357,BN-BB-11357-01,480.0,2026-06-04,2027-06-02,active,2026-06-17,"Brass Deepa Matki - Round, No.2",CleanHome Supplies,,,2027-06-02
BB-11359,BN-BB-11359-01,1568.0,2026-06-10,2027-07-12,active,2026-06-18,Mini Soya Chunks,GrainCo Vijayawada,,,2027-07-12
BB-11365,BN-BB-11365-01,480.0,2026-06-10,2027-06-23,active,2026-06-15,Rock Salt/Uppu - Natural,GrainCo Vijayawada,,,2027-06-23
BB-11388,BN-BB-11388-01,496.0,2026-05-29,2027-04-24,active,2026-06-15,Herbal Fabric Roll On With Citronella & Lemongrass Oil,CleanHome Supplies,,,2027-04-24
BB-11391,BN-BB-11391-01,1376.0,2026-06-03,2027-05-24,active,2026-06-16,Bleaching Powder - Strong,CleanHome Supplies,,,2027-05-24
BB-11409,BN-BB-11409-01,289.0,2026-06-12,2027-05-06,active,2026-06-19,Coriander Powder,GrainCo Vijayawada,,,2027-05-06
BB-1141,BN-BB-1141-01,4725.0,2026-06-10,2028-03-31,active,2026-06-15,"Deltoid Lite Face Masks In Royal Blue, Grey & Sky Blue Knit Fabrics With Bindings - Assorted, 3C2002-XL",CareWell Distributors,,,2028-03-31
BB-11415,BN-BB-11415-01,3561.0,2026-06-07,2028-03-29,active,2026-06-19,Pain Relief Spray,CareWell Distributors,,,2028-03-29
BB-1143,BN-BB-1143-01,410.0,2026-06-04,2028-04-18,active,2026-06-17,Total Advanced Health Anticavity Toothpaste,CareWell Distributors,,,2028-04-18
BB-11438,BN-BB-11438-01,694.0,2026-06-12,2027-07-11,active,2026-06-19,Organic - Fennel,GrainCo Vijayawada,,,2027-07-11
BB-11451,BN-BB-11451-01,280.0,2026-06-10,2027-07-05,active,2026-06-17,Roasted Rava,GrainCo Vijayawada,,,2027-07-05
BB-11456,BN-BB-11456-01,1342.0,2026-06-13,2028-06-21,active,2026-06-17,Tea Tree Facial Therapy,CareWell Distributors,,,2028-06-21
BB-11474,BN-BB-11474-01,1157.0,2026-06-12,2026-12-26,active,2026-06-20,Tiramisu - Centre Filled Bar Infused With Coffee & Mascarpone Cheese,SweetSource Regional,,,2026-12-26
BB-1148,BN-BB-1148-01,209.0,2026-06-02,2027-02-18,active,2026-06-17,Infusion Bags - The Original Tulsi Ginger,BevCorp India,,,2027-02-18
BB-11485,BN-BB-11485-01,1361.0,2026-06-09,2027-05-17,active,2026-06-16,Appam Idiyappam Pathiri,GrainCo Vijayawada,,,2027-05-17
BB-115,BN-BB-115-01,4052.0,2026-06-05,2028-07-11,active,2026-06-15,Black Eau De Toilette,CareWell Distributors,,,2028-07-11
BB-11516,BN-BB-11516-01,900.0,2026-06-08,2027-03-30,active,2026-06-19,Jamun Drink,BevCorp India,,,2027-03-30
BB-11528,BN-BB-11528-01,1581.0,2026-06-08,2027-06-11,active,2026-06-17,Disinfecting Wipes Fresh Scent,CleanHome Supplies,,,2027-06-11
BB-11562,BN-BB-11562-01,336.0,2026-06-05,2027-05-18,active,2026-06-15,Natural Coconut Coir Scrub & Probiotic Dishwash Bar - Exclusive Combo,CleanHome Supplies,,,2027-05-18
BB-11604,BN-BB-11604-01,1010.0,2026-06-13,2027-04-05,active,2026-06-17,Beans - Baked,FruitKing South,,,2027-04-05
BB-11631,BN-BB-11631-01,461.0,2026-06-05,2028-08-13,active,2026-06-20,Hair Spray - Natural Hold,CareWell Distributors,,,2028-08-13
BB-11636,BN-BB-11636-01,840.0,2026-06-08,2028-06-13,active,2026-06-15,"Kids Toothpaste - 2-5yrs, Bubble Fruit, Motu-Patlu, With Colgate Toothbrush, Super Junior, 0-2 Yrs",CareWell Distributors,,,2028-06-13
BB-11659,BN-BB-11659-01,409.0,2026-06-06,2027-05-19,active,2026-06-16,Premium Natural Jaggery/Bella PDR,GrainCo Vijayawada,,,2027-05-19
BB-11667,BN-BB-11667-01,853.0,2026-06-11,2026-12-25,active,2026-06-19,Essence - Pineapple,SweetSource Regional,,,2026-12-25
BB-1170,BN-BB-1170-01,353.0,2026-06-08,2028-07-13,active,2026-06-18,Wheat Germ Oil,CareWell Distributors,,,2028-07-13
BB-11723,BN-BB-11723-01,1003.0,2026-06-01,,active,2026-06-16,Stainless Steel - Utensil Scrubber,CleanHome Supplies,,,
BB-11732,BN-BB-11732-01,80.0,2025-09-24,2026-10-02,active,2025-09-29,Nilgiri Green Tea - Yakuso Tulsi,SeasonProof Gear,,,2026-10-02
BB-11751,BN-BB-11751-01,351.0,2026-06-06,2027-03-18,active,2026-06-19,Mayonnaise - Mayolite,MedLife Wholesale,,,2027-03-18
BB-11754,BN-BB-11754-01,1327.0,2026-06-11,2027-05-16,active,2026-06-19,Organic - Moth/Patanga Huruli - Whole,GrainCo Vijayawada,,,2027-05-16
BB-11781,BN-BB-11781-01,1356.0,2026-06-07,2027-06-28,active,2026-06-19,"Glass Cleaner, Streak Free Formulation",CleanHome Supplies,,,2027-06-28
BB-11790,BN-BB-11790-01,1394.0,2026-06-14,2028-04-13,active,2026-06-20,Cara Mia Eau De Parfum,CareWell Distributors,,,2028-04-13
BB-11791,BN-BB-11791-01,574.0,2026-06-06,2027-03-07,active,2026-06-18,Premium Flavoured Tea Blend - Adrak Tulsi Chai,BabyBase Supplies,,,2027-03-07
BB-11792,BN-BB-11792-01,264.0,2026-06-09,2027-07-07,active,2026-06-17,Fresh Feel Baby Powder,BabyBase Supplies,,,2027-07-07
BB-11811,BN-BB-11811-01,656.0,2026-06-04,2027-02-04,active,2026-06-16,Grand Coffee,BevCorp India,,,2027-02-04
BB-1182,BN-BB-1182-01,1871.0,2026-06-10,2028-06-19,active,2026-06-19,"Lavender Bath Salt For Rejuvenation, Relaxation & Pain Relief",CareWell Distributors,,,2028-06-19
BB-11823,BN-BB-11823-01,503.0,2026-06-05,2028-07-29,active,2026-06-16,Aromatherapy Body Oil - Pure Lavender & Almond,CareWell Distributors,,,2028-07-29
BB-11849,BN-BB-11849-01,133.0,2025-12-25,2026-10-02,active,2025-12-31,Namkeen - Nav Rattan,SweetSource Regional,,,2026-10-02
BB-1187,BN-BB-1187-01,552.0,2026-06-04,2028-07-06,active,2026-06-17,Vegan Sports Energy Gel - Strawberry Banana Flavour,CareWell Distributors,,,2028-07-06
BB-11871,BN-BB-11871-01,100.0,2026-06-09,2027-03-06,active,2026-06-15,Light - Apple Juice Based Drink,BevCorp India,,,2027-03-06
BB-119,BN-BB-119-01,803.0,2026-06-10,2026-12-14,active,2026-06-20,Bournville Rich Cocoa 70% Dark Chocolate Bar,SweetSource Regional,,,2026-12-14
BB-11908,BN-BB-11908-01,1704.0,2026-06-07,2026-11-30,active,2026-06-17,Heat to Eat - Thai Red Curry With Corn Rice,SweetSource Regional,,,2026-11-30
BB-11913,BN-BB-11913-01,193.0,2025-06-20,2026-08-23,active,2025-06-25,Powder - Coriander,GrainCo Vijayawada,,,2026-08-23
BB-11923,BN-BB-11923-01,1282.0,2026-06-04,2027-03-03,active,2026-06-19,Pure Spirulina Powder,FestiveWorld Supplies,,,2027-03-03
BB-11944,BN-BB-11944-01,2730.0,2026-06-01,2028-06-09,active,2026-06-16,Beard Growth Oil Powered with Vetiver & 4 Essential Oils,CareWell Distributors,,,2028-06-09
BB-11971,BN-BB-11971-01,5341.0,2026-06-08,2028-07-16,active,2026-06-15,"Taft Looks - Wet Power Gel, Extra Hold 3",CareWell Distributors,,,2028-07-16
BB-11994,BN-BB-11994-01,331.0,2026-06-10,2028-06-15,active,2026-06-18,Youthrx Anti Ageing Firming Face Masque,CareWell Distributors,,,2028-06-15
BB-12007,BN-BB-12007-01,345.0,2026-06-12,2026-12-09,active,2026-06-20,Cut Mango Pickle,SweetSource Regional,,,2026-12-09
BB-12019,BN-BB-12019-01,1791.0,2026-06-02,2027-03-07,active,2026-06-17,Spicy Gherkins,SeasonProof Gear,,,2027-03-07
BB-12027,BN-BB-12027-01,1495.0,2026-06-05,2028-08-16,active,2026-06-15,Regenerist - Advanced Anti-Ageing Revitalizing Night Skin Cream Moisturizer,CareWell Distributors,,,2028-08-16
BB-12042,BN-BB-12042-01,2091.0,2026-06-04,2028-07-28,active,2026-06-18,"Gold Glow Face Wash For Radiant Skin With Gold, Chandan, Turmeric",CareWell Distributors,,,2028-07-28
BB-12051,BN-BB-12051-01,304.0,2026-06-04,2028-05-05,active,2026-06-15,Code Vaporisateur Natural Spray for Men,CareWell Distributors,,,2028-05-05
BB-12078,BN-BB-12078-01,894.0,2026-06-09,2028-07-04,active,2026-06-18,Skin Brightening Rice Water Foaming Face Wash,CareWell Distributors,,,2028-07-04
BB-12093,BN-BB-12093-01,544.0,2026-06-01,2028-04-01,active,2026-06-18,Pure Hands Moisturizing Hand Wash - Tulsi & Aloe,CareWell Distributors,,,2028-04-01
BB-12118,BN-BB-12118-01,238.0,2026-06-09,2026-08-21,active,2026-06-15,"Multigrain Bread - Safe, Preservative Free",DairyBest Krishna,,,2026-08-21
BB-12134,BN-BB-12134-01,458.0,2026-06-06,2028-04-29,active,2026-06-18,Bio Active Intense Night Therapy Cream,CareWell Distributors,,,2028-04-29
BB-12143,BN-BB-12143-01,308.0,2026-06-04,2027-02-10,active,2026-06-18,"Triphala Juice With Amla Harad Baheda - Supports Digestion, Immunity & Hair",BevCorp India,,,2027-02-10
BB-12164,BN-BB-12164-01,1627.0,2026-06-07,,active,2026-06-20,Glass Bowl Set - Bistro,SweetSource Regional,,,
BB-12165,BN-BB-12165-01,337.0,2026-06-06,2028-04-16,active,2026-06-18,Beard Softener For Conditioning & Nourishment - Bergamot & Lavender,CareWell Distributors,,,2028-04-16
BB-12174,BN-BB-12174-01,1014.0,2026-06-05,2027-05-01,active,2026-06-17,Plastic Broom,CleanHome Supplies,,,2027-05-01
BB-12175,BN-BB-12175-01,1916.0,2026-06-10,2028-07-30,active,2026-06-19,"Fairness Naturals Hair Removal Cream Fair & Soft - Sandal, Dry Skin",CareWell Distributors,,,2028-07-30
BB-1218,BN-BB-1218-01,291.0,2026-06-01,2027-04-29,active,2026-06-16,Single Line Spiral Book - 21x29.7 cm,CleanHome Supplies,,,2027-04-29
BB-12187,BN-BB-12187-01,1548.0,2026-06-03,2027-06-14,active,2026-06-16,Kashmiri Rajma/Capparadavare,GrainCo Vijayawada,,,2027-06-14
BB-12188,BN-BB-12188-01,486.0,2026-06-09,,active,2026-06-17,Cereal Flip Lid Container/Storage Jar - Assorted Colour,CleanHome Supplies,,,
BB-12193,BN-BB-12193-01,631.0,2026-06-06,2028-08-07,active,2026-06-15,Beard & Hair Oil - The Irish Royale Fragrance,CareWell Distributors,,,2028-08-07
BB-12220,BN-BB-12220-01,155.0,2026-06-01,2027-06-20,active,2026-06-18,"Santoor Baby Soap, 75g",BabyBase Supplies,,,2027-06-20
BB-12231,BN-BB-12231-01,1067.0,2026-06-06,2027-07-03,active,2026-06-17,Perfume Deluxe - Glamour Fabric Conditioner,CleanHome Supplies,,,2027-07-03
BB-12243,BN-BB-12243-01,2496.0,2026-06-06,,active,2026-06-19,"Executive Storage Lunch Container - Stainless Steel, Medium, Blue",BabyBase Supplies,,,
BB-12250,BN-BB-12250-01,974.0,2026-06-05,2028-06-26,active,2026-06-20,Fresh Boost Deodorant - 48h Long Lasting Freshness With Fresh Musk Scent,CareWell Distributors,,,2028-06-26
BB-12255,BN-BB-12255-01,141.0,2026-06-04,2026-11-20,active,2026-06-20,Papad - Jeera,SweetSource Regional,,,2026-11-20
BB-12282,BN-BB-12282-01,541.0,2026-06-12,2027-06-03,active,2026-06-19,Organic - Bay Leaf/Lavangada Ele,GrainCo Vijayawada,,,2027-06-03
BB-12288,BN-BB-12288-01,4330.0,2026-06-09,2027-05-09,active,2026-06-18,Disposable Maternity & Nursing Breast Pads For Women,BabyBase Supplies,,,2027-05-09
BB-123,BN-BB-123-01,648.0,2026-06-08,2027-02-11,active,2026-06-18,Coloured Balls,CleanHome Supplies,,,2027-02-11
BB-1232,BN-BB-1232-01,14.0,2026-06-06,2026-08-22,active,2026-06-19,Smoothie - Mango,DairyBest Krishna,,,2026-08-22
BB-12354,BN-BB-12354-01,2321.0,2026-06-12,2026-12-21,active,2026-06-19,Dlite Rich Cocoa Dark Chocolate Bar,SweetSource Regional,,,2026-12-21
BB-1237,BN-BB-1237-01,538.0,2026-06-04,2028-07-14,active,2026-06-19,Root Hair Oil,CareWell Distributors,,,2028-07-14
BB-12380,BN-BB-12380-01,2026.0,2026-06-13,2028-05-25,active,2026-06-20,Neem Wood Multi Purpore Comb,CareWell Distributors,,,2028-05-25
BB-12384,BN-BB-12384-01,243.0,2026-05-30,2027-06-29,active,2026-06-16,Sugar/Sakkare - Castor,GrainCo Vijayawada,,,2027-06-29
BB-12396,BN-BB-12396-01,3116.0,2026-06-10,2026-11-26,active,2026-06-18,Microwave Diet Popcorn - 93% Fat Free,SweetSource Regional,,,2026-11-26
BB-12411,BN-BB-12411-01,316.0,2025-09-19,2026-08-24,active,2025-09-29,Khichdi Ka Masala,SweetSource Regional,,,2026-08-24
BB-12412,BN-BB-12412-01,521.0,2026-06-12,2027-03-15,active,2026-06-17,Mocktails - Classic Colada,BevCorp India,,,2027-03-15
BB-12419,BN-BB-12419-01,390.0,2026-06-05,2028-07-30,active,2026-06-20,Kajol With Free Sharpener+ Renewed Clrity Night Gel,CareWell Distributors,,,2028-07-30
BB-12443,BN-BB-12443-01,3673.0,2026-06-09,2028-07-04,active,2026-06-16,Fragrance Body Spray - High Street For Women,CareWell Distributors,,,2028-07-04
BB-1246,BN-BB-1246-01,178.0,2026-06-06,2028-06-27,active,2026-06-20,Spunky Avatar Perfume Spray,CareWell Distributors,,,2028-06-27
BB-12465,BN-BB-12465-01,776.0,2026-06-10,2027-06-18,active,2026-06-18,Rice/Akki - Dosa,GrainCo Vijayawada,,,2027-06-18
BB-1247,BN-BB-1247-01,968.0,2026-06-13,2027-04-01,active,2026-06-18,"Almond Butter - All Natural, Vegan",MedLife Wholesale,,,2027-04-01
BB-12473,BN-BB-12473-01,1271.0,2026-06-14,2027-06-22,active,2026-06-18,Organic - Jaggery/Bella Granules,GrainCo Vijayawada,,,2027-06-22
BB-1250,BN-BB-1250-01,1215.0,2026-06-04,2027-06-28,active,2026-06-15,Floor Squeegee - Plastic Wiper (Green) (30 cm),CleanHome Supplies,,,2027-06-28
BB-12512,BN-BB-12512-01,751.0,2026-05-11,2028-03-07,active,2026-05-26,Hydro Replenish Refreshing Face Mist,CareWell Distributors,,,2028-03-07
BB-12516,BN-BB-12516-01,187.0,2026-06-14,2027-04-03,active,2026-06-18,Nachos Tangy Tomato,BevCorp India,,,2027-04-03
BB-12517,BN-BB-12517-01,4517.0,2026-06-12,,active,2026-06-17,Non-Stick 6 Cavity Muffin Tray - Assorted Colour,OilTrade AP,,,
BB-12519,BN-BB-12519-01,787.0,2026-06-10,2026-12-16,active,2026-06-18,Chewy Mints - Lemon,SweetSource Regional,,,2026-12-16
BB-12557,BN-BB-12557-01,488.0,2026-06-03,2028-06-15,active,2026-06-15,Moisturising Shampoo - For Dry Hair,CareWell Distributors,,,2028-06-15
BB-12594,BN-BB-12594-01,551.0,2026-06-02,2028-06-22,active,2026-06-17,"Rich Creme Hair Colour - Shade 4.06 Dark Brown, Single Use",CareWell Distributors,,,2028-06-22
BB-12597,BN-BB-12597-01,689.0,2026-06-10,2026-12-16,active,2026-06-16,3-Min Seviyan Upma,SweetSource Regional,,,2026-12-16
BB-12623,BN-BB-12623-01,600.0,2026-06-12,2027-06-12,active,2026-06-20,Organic Nutmeg Powder/Jaiphal Powder/Jayikayi Powder,GrainCo Vijayawada,,,2027-06-12
BB-12660,BN-BB-12660-01,2537.0,2026-06-12,2028-06-28,active,2026-06-18,Bathing Soap - With Glycerin Gentle Moisturising,CareWell Distributors,,,2028-06-28
BB-12664,BN-BB-12664-01,423.0,2026-06-12,2026-07-10,expired,2026-06-17,Apricots,FruitKing South,,,2026-07-10
BB-12671,BN-BB-12671-01,0.0,2025-12-13,2026-06-20,disposed,2025-12-23,Banana Jaggery Chips,SweetSource Regional,2026-06-28 20:43:09,USR002,2026-06-20
BB-12682,BN-BB-12682-01,1164.0,2026-06-13,2027-06-22,active,2026-06-19,Gotile Tap Cleaner - Multipurpose Cleaner,CleanHome Supplies,,,2027-06-22
BB-12709,BN-BB-12709-01,2431.0,2026-06-04,2027-02-11,active,2026-06-16,Jalapeno Slices in Vinegar Jar,GrainCo Vijayawada,,,2027-02-11
BB-12714,BN-BB-12714-01,455.0,2026-06-06,2028-04-12,active,2026-06-18,Youthful Glow+ 24 Hour Non-Stop Moisturizing Body Lotion,CareWell Distributors,,,2028-04-12
BB-12728,BN-BB-12728-01,0.0,2025-12-16,2026-06-20,disposed,2025-12-25,Grated Mango Pickle,SweetSource Regional,2026-06-28 20:43:16,USR002,2026-06-20
BB-12731,BN-BB-12731-01,780.0,2026-06-04,,active,2026-06-17,"Aqua Stainless Steel Bottle With Sipper Cap - Black Colour, PXP 1003 DQ",CareWell Distributors,,,
BB-12738,BN-BB-12738-01,895.0,2026-06-06,2028-04-24,active,2026-06-15,After-Sun Recovery - Chamomile & White Tea Body Gel,CareWell Distributors,,,2028-04-24
BB-12764,BN-BB-12764-01,3500.0,2026-06-05,,active,2026-06-15,Melamine Ice Cream Bowl Set - Orange,CleanHome Supplies,,,
BB-12772,BN-BB-12772-01,903.0,2026-06-11,2027-03-26,active,2026-06-18,Spanish Olives - Whole Green,FestiveWorld Supplies,,,2027-03-26
BB-12785,BN-BB-12785-01,1148.0,2026-06-05,,active,2026-06-15,Soft Drink Glass,FruitKing South,,,
BB-12804,BN-BB-12804-01,132.0,2026-05-30,2026-12-09,active,2026-06-06,"Chikki, Peanut Bar",SweetSource Regional,,,2026-12-09
BB-12818,BN-BB-12818-01,66.0,2026-06-01,2026-07-13,expired,2026-06-15,Bar Cake - Pineapple,DairyBest Krishna,,,2026-07-13
BB-12819,BN-BB-12819-01,523.0,2025-06-17,2026-08-24,active,2025-06-28,Dishwash Bar-Lemon,CleanHome Supplies,,,2026-08-24
BB-12836,BN-BB-12836-01,212.0,2026-06-01,2027-02-25,active,2026-06-15,Guntur Chilli Powder,FreshFarm Veg Market,,,2027-02-25
BB-12839,BN-BB-12839-01,1551.0,2026-06-11,2027-06-14,active,2026-06-16,Yellow Cloth - Big,CleanHome Supplies,,,2027-06-14
BB-1285,BN-BB-1285-01,4990.0,2026-06-03,,active,2026-06-17,"Aluminium Flower Shape Cake Mould - Silver, 6 Inch",FreshFarm Veg Market,,,
BB-12859,BN-BB-12859-01,322.0,2026-06-10,2027-04-02,active,2026-06-17,Jaggery Spiced Almonds Trail Mix,BakeMaster Artisans,,,2027-04-02
BB-12875,BN-BB-12875-01,210.0,2026-06-07,2028-04-14,active,2026-06-18,De-Tan SPF 50 Sun Screen Gel Creme,CareWell Distributors,,,2028-04-14
BB-12893,BN-BB-12893-01,1222.0,2026-06-06,2027-02-21,active,2026-06-18,White Chia Seeds,ChillZone Logistics,,,2027-02-21
BB-1290,BN-BB-1290-01,1492.0,2026-06-10,,active,2026-06-16,Plastic Container Storage Beauty & Fresh Containers,OilTrade AP,,,
BB-12915,BN-BB-12915-01,107.0,2026-06-09,2027-03-20,active,2026-06-12,Dip For Tortilla Chips Guacamole,CleanHome Supplies,,,2027-03-20
BB-12937,BN-BB-12937-01,273.0,2026-06-08,2028-08-19,active,2026-06-16,Bathing Soap - Ayurvedic Sandal,CareWell Distributors,,,2028-08-19
BB-12940,BN-BB-12940-01,130.0,2026-06-05,2027-03-15,active,2026-06-15,Organic Chamomile Mint Citrus Long Leaf Green Tea,BevCorp India,,,2027-03-15
BB-12944,BN-BB-12944-01,387.0,2024-06-13,2026-10-02,active,2024-06-23,Zest Body Deodorant,CareWell Distributors,,,2026-10-02
BB-12971,BN-BB-12971-01,580.0,2026-06-04,2028-05-13,active,2026-06-17,Purepet Wet Cat Food - Real Tuna and Chicken Liver in Gravy,SeasonProof Gear,,,2028-05-13
BB-12989,BN-BB-12989-01,190.0,2026-06-08,2028-08-04,active,2026-06-17,Intimate Wipes - Post-play,CareWell Distributors,,,2028-08-04
BB-12990,BN-BB-12990-01,1461.0,2026-06-08,,active,2026-06-16,Stainless Steel Canister/Container - Hammered,BakeMaster Artisans,,,
BB-12994,BN-BB-12994-01,22.0,2025-09-26,2026-10-02,active,2025-10-01,"Fruit & Vegetable Juice - Blends, Lean",BevCorp India,,,2026-10-02
BB-12997,BN-BB-12997-01,284.0,2026-06-10,2027-03-16,active,2026-06-19,Gherkins - Sweet Heat Chips,DairyBest Krishna,,,2027-03-16
BB-1301,BN-BB-1301-01,1479.0,2026-06-08,2027-07-06,active,2026-06-19,Baby Wash 200ml+Baby Massage Oil 500ml(No Harmful Chemicals & Tear Free Formula),BabyBase Supplies,,,2027-07-06
BB-13018,BN-BB-13018-01,571.0,2026-06-12,2026-11-26,active,2026-06-18,Vermicelli - Toasted,SweetSource Regional,,,2026-11-26
BB-1303,BN-BB-1303-01,2493.0,2026-06-07,2027-05-28,active,2026-06-16,Peristaltic Nipple - Small,BabyBase Supplies,,,2027-05-28
BB-13033,BN-BB-13033-01,649.0,2026-06-13,2028-08-04,active,2026-06-20,Apple Cider Vinegar Shampoo,CareWell Distributors,,,2028-08-04
BB-13034,BN-BB-13034-01,3199.0,2026-05-31,2027-05-30,active,2026-06-15,Wheat Broken Fine,GrainCo Vijayawada,,,2027-05-30
BB-13039,BN-BB-13039-01,1023.0,2026-06-12,,active,2026-06-20,Pet Belly Container Set - Silver,FruitKing South,,,
BB-13049,BN-BB-13049-01,167.0,2026-06-12,2027-03-07,active,2026-06-17,Eco-Natura - Organic Apple Cider Vinegar With The Mother,PaperEdge Stationery,,,2027-03-07
BB-13056,BN-BB-13056-01,108.0,2024-06-08,2026-08-22,active,2024-06-24,Lemongrass Leaves Powder - Supports Refreshment & Detoxification,CareWell Distributors,,,2026-08-22
BB-1307,BN-BB-1307-01,376.0,2026-06-11,2027-07-09,active,2026-06-18,Lavender Potpourri,CleanHome Supplies,,,2027-07-09
BB-13077,BN-BB-13077-01,214.0,2026-06-17,2027-05-28,active,2026-06-20,Tamarind/Hunisehannu,GrainCo Vijayawada,,,2027-05-28
BB-13097,BN-BB-13097-01,5437.0,2026-06-03,,active,2026-06-17,Nylon Skimmer - Black,BevCorp India,,,
BB-13102,BN-BB-13102-01,441.0,2026-06-07,2027-03-16,active,2026-06-16,Nutritional Yeast,OilTrade AP,,,2027-03-16
BB-1312,BN-BB-1312-01,861.0,2026-06-02,,active,2026-06-16,"Chai/Opalware Cup & Saucer Set - Princess, Trinity Green",PaperEdge Stationery,,,
BB-13121,BN-BB-13121-01,0.0,2025-09-24,2026-06-16,disposed,2025-10-02,Alphanso Mango Ice Cream,SweetSource Regional,2026-06-28 20:43:22,USR002,2026-06-16
BB-13130,BN-BB-13130-01,384.0,2026-06-11,2027-07-05,active,2026-06-19,Combo Pack - Baby Toothbrush With Strawberry Toothpaste,BabyBase Supplies,,,2027-07-05
BB-13132,BN-BB-13132-01,100.0,2024-06-20,,active,2024-06-24,"Two Tone Plastic Bowl/ Fruits & Vegetable Basket - No. 2, White Base With Pink Ring, L2302",CleanHome Supplies,,,
BB-13134,BN-BB-13134-01,1386.0,2026-06-01,2027-03-01,active,2026-06-17,Vanilla Pound Cake Mix - Jowar & Sweet Potato Flour,DairyBest Krishna,,,2027-03-01
BB-13135,BN-BB-13135-01,358.0,2026-06-07,2028-04-29,active,2026-06-15,Dasamoolam Kwath,CareWell Distributors,,,2028-04-29
BB-1314,BN-BB-1314-01,13.0,2026-06-04,2026-07-10,expired,2026-06-16,Colocasia - Organically Grown,FruitKing South,,,2026-07-10
BB-13142,BN-BB-13142-01,578.0,2026-06-10,2027-07-01,active,2026-06-17,Powder - Stevia White,GrainCo Vijayawada,,,2027-07-01
BB-13148,BN-BB-13148-01,171.0,2026-06-06,2027-06-02,active,2026-06-18,"100% Natural Porridge Mix - Sathu Maavu, 6-8 Months, No Preservatives, No Artificial Colours",BabyBase Supplies,,,2027-06-02
BB-13149,BN-BB-13149-01,0.0,2025-09-15,2026-06-22,disposed,2025-09-26,Sour Cream,SweetSource Regional,2026-06-28 20:43:35,USR002,2026-06-22
BB-13153,BN-BB-13153-01,1320.0,2026-06-04,2027-06-07,active,2026-06-19,Bajra Flour,GrainCo Vijayawada,,,2027-06-07
BB-13172,BN-BB-13172-01,1172.0,2026-06-04,,active,2026-06-16,"Steel Spoon Set - Desert, Monde Small",SeasonProof Gear,,,
BB-13177,BN-BB-13177-01,752.0,2026-06-10,2027-02-10,active,2026-06-18,Arabian Dates,FruitKing South,,,2027-02-10
BB-13220,BN-BB-13220-01,317.0,2026-06-10,2028-08-12,active,2026-06-17,Ashwagandha - Veg,CareWell Distributors,,,2028-08-12
BB-13246,BN-BB-13246-01,1554.0,2026-06-08,2028-05-22,active,2026-06-19,Wheat Grass Powder,CareWell Distributors,,,2028-05-22
BB-13254,BN-BB-13254-01,1365.0,2026-06-11,2028-06-21,active,2026-06-20,Hair Spa Detoxifying Shampoo,CareWell Distributors,,,2028-06-21
BB-13267,BN-BB-13267-01,0.0,2024-06-21,2026-06-15,disposed,2024-07-02,Swag Avatar Deodorant & Body Spray Perfume For Men,CareWell Distributors,2026-06-28 16:09:19,USR002,2026-06-15
BB-13269,BN-BB-13269-01,415.0,2026-06-07,2027-06-11,active,2026-06-15,Urad Gota - Whole,GrainCo Vijayawada,,,2027-06-11
BB-13271,BN-BB-13271-01,509.0,2026-06-08,,active,2026-06-16,Steel Ghee Pot,DairyBest Krishna,,,
BB-13276,BN-BB-13276-01,1225.0,2026-06-10,2028-08-01,active,2026-06-19,Pulse Deodorant,CareWell Distributors,,,2028-08-01
BB-1328,BN-BB-1328-01,3770.0,2026-06-02,,active,2026-06-18,Alkaline Battery AA Ultima 2115,PaperEdge Stationery,,,
BB-13288,BN-BB-13288-01,200.0,2026-06-06,2026-08-21,active,2026-06-18,Atta Kulcha,DairyBest Krishna,,,2026-08-21
BB-13292,BN-BB-13292-01,1303.0,2026-06-05,2027-06-02,active,2026-06-19,Selpak Kitchen Towel Paper Tissue Roll 100pcs + Vim Dishwash Gel - Lemon 500ml,CleanHome Supplies,,,2027-06-02
BB-13297,BN-BB-13297-01,2263.0,2026-06-11,2026-08-23,active,2026-06-15,Drink - Original,DairyBest Krishna,,,2026-08-23
BB-13309,BN-BB-13309-01,290.0,2026-06-05,2027-02-14,active,2026-06-16,Quadratini Wafer Cookies - Double Choc,CleanHome Supplies,,,2027-02-14
BB-1332,BN-BB-1332-01,1801.0,2026-06-03,,active,2026-06-15,"Kitchen Tool - Stainless Steel, 13 Inch",SeasonProof Gear,,,
BB-13330,BN-BB-13330-01,545.0,2026-06-09,2027-05-03,active,2026-06-17,Makhana - Mint,GrainCo Vijayawada,,,2027-05-03
BB-13334,BN-BB-13334-01,796.0,2026-06-08,2027-02-22,active,2026-06-15,Whey Protein Bars - Variety,ChillZone Logistics,,,2027-02-22
BB-13388,BN-BB-13388-01,292.0,2026-06-11,2027-03-23,active,2026-06-15,"Karakoram Green Tea With Lavender, Seabuckthorn & Nettle",GrainCo Vijayawada,,,2027-03-23
BB-13394,BN-BB-13394-01,186.0,2026-06-08,2027-06-18,active,2026-06-15,Dustpack & Brush - Mini,CleanHome Supplies,,,2027-06-18
BB-13403,BN-BB-13403-01,450.0,2026-06-08,2028-05-04,active,2026-06-19,Papaya & Apricot Anti Tan Scrub,CareWell Distributors,,,2028-05-04
BB-13417,BN-BB-13417-01,526.0,2026-06-05,2026-12-19,active,2026-06-16,Mix - Poha,SweetSource Regional,,,2026-12-19
BB-13421,BN-BB-13421-01,273.0,2026-06-05,2027-03-23,active,2026-06-16,Nutella,PaperEdge Stationery,,,2027-03-23
BB-13444,BN-BB-13444-01,126.0,2026-06-08,2026-10-02,active,2026-06-19,Potato - Wedges,FruitKing South,,,2026-10-02
BB-1347,BN-BB-1347-01,670.0,2026-06-04,2026-11-22,active,2026-06-19,Bendi Treat,SweetSource Regional,,,2026-11-22
BB-13489,BN-BB-13489-01,364.0,2026-06-01,2027-02-04,active,2026-06-15,Rayalaseema Podi/Chutney Masala/Idli Dosa Powder/Gun Powder Masala,BevCorp India,,,2027-02-04
BB-13512,BN-BB-13512-01,1385.0,2026-06-07,2028-04-27,active,2026-06-17,Fragrance Body Spray -  Extreme,CareWell Distributors,,,2028-04-27
BB-13525,BN-BB-13525-01,51.0,2025-06-09,2026-08-22,active,2025-06-21,"Pure Refined - Sugar, Sulphur Free/Sakkare",GrainCo Vijayawada,,,2026-08-22
BB-13537,BN-BB-13537-01,336.0,2026-06-12,2027-06-02,active,2026-06-17,Stamp Pad - Violet,CleanHome Supplies,,,2027-06-02
BB-13546,BN-BB-13546-01,85.0,2026-06-09,2027-03-23,active,2026-06-20,Perfectly Moist Dark Chocolate Fudge Cake Mix - Imported,CleanHome Supplies,,,2027-03-23
BB-13550,BN-BB-13550-01,401.0,2026-06-13,2028-04-17,active,2026-06-20,Clean And Dry Wash,CareWell Distributors,,,2028-04-17
BB-13561,BN-BB-13561-01,1919.0,2026-06-10,2028-07-10,active,2026-06-17,Daily Shine Shampoo,CareWell Distributors,,,2028-07-10
BB-13568,BN-BB-13568-01,761.0,2026-06-05,2027-02-08,active,2026-06-17,Tea Bags - Earl Grey,MedLife Wholesale,,,2027-02-08
BB-1357,BN-BB-1357-01,630.0,2026-06-06,2028-06-21,active,2026-06-15,Active Sport Face Wash,CareWell Distributors,,,2028-06-21
BB-13572,BN-BB-13572-01,530.0,2026-06-13,2028-07-27,active,2026-06-20,"Retinol Advanced Anti Aging Day Cream - SPF 30, UVA/UVB PA+++",CareWell Distributors,,,2028-07-27
BB-13577,BN-BB-13577-01,602.0,2026-06-02,,active,2026-06-16,"Container Set - Assorted Colour, Comfort",FestiveWorld Supplies,,,
BB-13580,BN-BB-13580-01,1549.0,2026-06-08,2027-05-21,active,2026-06-19,Dry Chutney Powder - Garlic Chutney,GrainCo Vijayawada,,,2027-05-21
BB-13586,BN-BB-13586-01,731.0,2026-06-10,2027-05-30,active,2026-06-16,Choumukha - Size 0,CleanHome Supplies,,,2027-05-30
BB-13591,BN-BB-13591-01,118.0,2026-05-29,2027-02-10,active,2026-06-11,Marmalade - Fruity Orange,CareWell Distributors,,,2027-02-10
BB-13606,BN-BB-13606-01,198.0,2026-06-12,2028-05-04,active,2026-06-16,Rich Cocoa Butter Body Cream,CareWell Distributors,,,2028-05-04
BB-13625,BN-BB-13625-01,106.0,2024-06-08,,active,2024-06-25,"Gas Lighter, Deluxe",MedLife Wholesale,,,
BB-13629,BN-BB-13629-01,524.0,2026-06-12,2027-03-24,active,2026-06-19,Garlic Pepper Sauce,PaperEdge Stationery,,,2027-03-24
BB-13630,BN-BB-13630-01,299.0,2026-06-08,2028-04-10,active,2026-06-17,Intimate Lightening Serum,CareWell Distributors,,,2028-04-10
BB-13637,BN-BB-13637-01,484.0,2026-06-06,2027-06-23,active,2026-06-16,Cow Ghee/Tuppa - Organic Bilona,GrainCo Vijayawada,,,2027-06-23
BB-13647,BN-BB-13647-01,224.0,2026-06-09,2027-07-09,active,2026-06-20,Happy Baby Gift Pack,BabyBase Supplies,,,2027-07-09
BB-13661,BN-BB-13661-01,1352.0,2026-06-07,2028-05-21,active,2026-06-16,Basic Blue Man Deodorant,CareWell Distributors,,,2028-05-21
BB-1369,BN-BB-1369-01,147.0,2026-06-03,2026-12-15,active,2026-06-17,Mysore Pak Prem,SweetSource Regional,,,2026-12-15
BB-13692,BN-BB-13692-01,188.0,2026-06-11,2027-03-15,active,2026-06-17,Cheese - Sour Cream,FruitKing South,,,2027-03-15
BB-13695,BN-BB-13695-01,4009.0,2026-06-12,,active,2026-06-19,"Aluminium Hammered Finish Kadhai Handi - 950 ml, Silver",FruitKing South,,,
BB-13697,BN-BB-13697-01,306.0,2026-06-12,2028-05-17,active,2026-06-16,"Triphala - 500 mg, Potent Extracts",CareWell Distributors,,,2028-05-17
BB-13759,BN-BB-13759-01,358.0,2026-05-31,,active,2026-06-16,Premium Ocean Steel Cloth Dryer - White,FruitKing South,,,
BB-13771,BN-BB-13771-01,500.0,2026-06-13,,active,2026-06-18,Gold Laquer Finish Stainless Steel Storage Bowl Set - Hammered Touch,FruitKing South,,,
BB-13774,BN-BB-13774-01,2915.0,2026-06-05,2028-05-24,active,2026-06-15,Firming Glow Pack,CareWell Distributors,,,2028-05-24
BB-13798,BN-BB-13798-01,1550.0,2026-06-05,2028-05-23,active,2026-06-15,Face Wash - Strawberry Creme,CareWell Distributors,,,2028-05-23
BB-13799,BN-BB-13799-01,1688.0,2026-06-05,2027-07-06,active,2026-06-18,Cumin - Whole,GrainCo Vijayawada,,,2027-07-06
BB-13811,BN-BB-13811-01,3456.0,2026-06-08,2027-07-06,active,2026-06-18,Certified Organic - Flax Seeds,GrainCo Vijayawada,,,2027-07-06
BB-13817,BN-BB-13817-01,2874.0,2026-06-07,,active,2026-06-17,"Pilsner Long Drink Glass - New, B00914",OilTrade AP,,,
BB-13822,BN-BB-13822-01,109.0,2025-09-20,2026-08-23,active,2025-09-30,"Crackers - Buttermilk & Millet, Black Pepper",OilTrade AP,,,2026-08-23
BB-13826,BN-BB-13826-01,667.0,2026-06-07,2028-07-09,active,2026-06-20,"Toothbrush - Sensitive Expert, Soft",CareWell Distributors,,,2028-07-09
BB-13843,BN-BB-13843-01,277.0,2026-06-05,2026-07-10,expired,2026-06-17,Coccinia - Julienne,FruitKing South,,,2026-07-10
BB-13852,BN-BB-13852-01,721.0,2026-06-02,2028-07-15,active,2026-06-17,Nomad - Deodorant Body Spray,CareWell Distributors,,,2028-07-15
BB-13869,BN-BB-13869-01,5091.0,2026-06-05,,active,2026-06-17,"Frost Stainless Steel Bottle With Steel Cap - Dark Red, PXP 1004 CV",FreshFarm Veg Market,,,
BB-13876,BN-BB-13876-01,1620.0,2026-06-12,2027-05-06,active,2026-06-20,Organic - Gram Flour (Besan/Kadale Hittu),GrainCo Vijayawada,,,2027-05-06
BB-1388,BN-BB-1388-01,338.0,2026-06-10,2027-05-23,active,2026-06-15,All Purpose Power Cleaner Spray - Removes 99.9% Germs,CleanHome Supplies,,,2027-05-23
BB-13880,BN-BB-13880-01,1126.0,2026-06-09,2026-08-21,active,2026-06-15,Gobbles Orange Bites Cake,DairyBest Krishna,,,2026-08-21
BB-1389,BN-BB-1389-01,1926.0,2026-06-14,,active,2026-06-17,Glass Amaze Air Tight Jar - Pink,MedLife Wholesale,,,
BB-13896,BN-BB-13896-01,2400.0,2026-06-11,2028-08-04,active,2026-06-16,"Dry Cat Food - Adult, 1+ Year, Mackerel Flavour",FruitKing South,,,2028-08-04
BB-13898,BN-BB-13898-01,844.0,2026-06-07,2027-05-14,active,2026-06-15,Bathroom Cleaning Spray - Extra Strong,CleanHome Supplies,,,2027-05-14
BB-13929,BN-BB-13929-01,3213.0,2026-06-09,2027-05-27,active,2026-06-16,Organic - Moringa Powder,GrainCo Vijayawada,,,2027-05-27
BB-1393,BN-BB-1393-01,0.0,2025-09-24,2026-06-12,disposed,2025-10-05,Baking Powder - Double Acting,SeasonProof Gear,2026-06-28 16:08:04,USR002,2026-06-12
BB-13934,BN-BB-13934-01,2801.0,2026-06-09,2027-02-26,active,2026-06-16,Red Cherries In Syrup - With Stone,DairyBest Krishna,,,2027-02-26
BB-13936,BN-BB-13936-01,1457.0,2026-06-12,,active,2026-06-20,Sylvana Whisky Glass Tumbler,BevCorp India,,,
BB-13939,BN-BB-13939-01,90.0,2026-06-03,2026-11-15,active,2026-06-17,Microwave Popcorn - Classic Salted,SweetSource Regional,,,2026-11-15
BB-13971,BN-BB-13971-01,179.0,2024-06-18,2026-10-02,active,2024-06-28,Aloe Vera & Green Tea Daily Body Lotion,CareWell Distributors,,,2026-10-02
BB-13979,BN-BB-13979-01,500.0,2026-06-01,,active,2026-06-15,Contura Black Hard Anodised Pressure Cooker Xtra Thick CXT50,SweetSource Regional,,,
BB-13990,BN-BB-13990-01,130.0,2026-06-13,2026-12-28,active,2026-06-20,Instant Popcorn - Tomato Chilli,SweetSource Regional,,,2026-12-28
BB-14026,BN-BB-14026-01,147.0,2026-06-13,2026-07-10,expired,2026-06-20,Kale,FruitKing South,,,2026-07-10
BB-1403,BN-BB-1403-01,1925.0,2026-06-11,2028-04-02,active,2026-06-20,"Mouthwash - Colgate Plax, Gentle Care",CareWell Distributors,,,2028-04-02
BB-14032,BN-BB-14032-01,1616.0,2026-06-06,2027-05-09,active,2026-06-16,Saindhava Lavana Crystal Rock Salt,GrainCo Vijayawada,,,2027-05-09
BB-14045,BN-BB-14045-01,1258.0,2026-06-07,2027-05-11,active,2026-06-17,So Soft 3 Ply - Toilet Tissue Rolls,CleanHome Supplies,,,2027-05-11
BB-14064,BN-BB-14064-01,362.0,2024-06-16,2026-08-23,active,2024-06-21,Cool Wind Eau De Toilette Deodorant,CareWell Distributors,,,2026-08-23
BB-14065,BN-BB-14065-01,643.0,2026-06-08,2027-03-28,active,2026-06-20,Tikka Mayonnaise Dip,SweetSource Regional,,,2027-03-28
BB-1409,BN-BB-1409-01,589.0,2026-06-08,,active,2026-06-17,Water/Juice Tumblers/Glass,SeasonProof Gear,,,
BB-14113,BN-BB-14113-01,1666.0,2026-06-04,2028-06-27,active,2026-06-17,Yeppen Anti Gravity Lifting Facial Mask,CareWell Distributors,,,2028-06-27
BB-14127,BN-BB-14127-01,242.0,2024-06-11,,active,2024-06-25,Glass Snack Bowl Set,CleanHome Supplies,,,
BB-14137,BN-BB-14137-01,313.0,2026-06-12,2026-11-29,active,2026-06-18,Hide & Seek Choco Rolls,SweetSource Regional,,,2026-11-29
BB-14155,BN-BB-14155-01,72.0,2026-06-10,2026-07-10,expired,2026-06-18,Knol Khol - Organically Grown,FruitKing South,,,2026-07-10
BB-14159,BN-BB-14159-01,1026.0,2026-06-12,,active,2026-06-18,"Steel Dinner Plate/Thali - No. 13, Beggi China",BevCorp India,,,
BB-14160,BN-BB-14160-01,195.0,2026-06-04,2027-05-29,active,2026-06-20,Almonds - Mediterranean Rosemary,GrainCo Vijayawada,,,2027-05-29
BB-14176,BN-BB-14176-01,3379.0,2026-06-05,2027-02-13,active,2026-06-19,Beverage Mix-Glucose Base Orange Flavor 200G+Nimbu Pani Flavor 200G Get 50G Free,BevCorp India,,,2027-02-13
BB-14190,BN-BB-14190-01,5107.0,2026-06-08,2028-07-27,active,2026-06-18,Perfume - Fresh Blossom Absolute,CareWell Distributors,,,2028-07-27
BB-14192,BN-BB-14192-01,2763.0,2026-06-10,2027-07-06,active,2026-06-18,Goan Chicken Cafreal,GrainCo Vijayawada,,,2027-07-06
BB-14198,BN-BB-14198-01,4338.0,2026-06-12,2027-05-23,active,2026-06-19,Turmeric Powder/Arisina Pudi,GrainCo Vijayawada,,,2027-05-23
BB-14221,BN-BB-14221-01,227.0,2026-06-07,2027-06-25,active,2026-06-18,Bajra,GrainCo Vijayawada,,,2027-06-25
BB-14226,BN-BB-14226-01,153.0,2026-06-06,2026-08-23,active,2026-06-15,"Croissant - Plain Butter, Mini",DairyBest Krishna,,,2026-08-23
BB-14241,BN-BB-14241-01,504.0,2026-06-06,2028-05-25,active,2026-06-18,Toothpaste - Complete Care,CareWell Distributors,,,2028-05-25
BB-14243,BN-BB-14243-01,1098.0,2026-06-07,2026-12-21,active,2026-06-16,Fruit Cookies,SweetSource Regional,,,2026-12-21
BB-14261,BN-BB-14261-01,454.0,2025-06-09,2026-10-02,active,2025-06-24,Turmeric Powder/Arisina Pudi,GrainCo Vijayawada,,,2026-10-02
BB-14264,BN-BB-14264-01,1011.0,2026-06-03,2027-02-05,active,2026-06-15,Rosemary,FruitKing South,,,2027-02-05
BB-14272,BN-BB-14272-01,352.0,2026-06-01,2028-06-29,active,2026-06-16,Prose Eau De Parfum Fougere Perfume - Casual Wear For Men,CareWell Distributors,,,2028-06-29
BB-14286,BN-BB-14286-01,1915.0,2026-06-01,2028-03-28,active,2026-06-15,Vedshakti Mouth Protect Spray,CareWell Distributors,,,2028-03-28
BB-14296,BN-BB-14296-01,3009.0,2026-06-02,2027-05-06,active,2026-06-18,Clean-Up All-Purpose Cleaner with Bleach,CleanHome Supplies,,,2027-05-06
BB-14317,BN-BB-14317-01,353.0,2026-06-01,2027-03-19,active,2026-06-15,Albero Buono Bio Olio Extra Vergine Di Oliva,PaperEdge Stationery,,,2027-03-19
BB-14332,BN-BB-14332-01,283.0,2026-06-04,2026-12-18,active,2026-06-19,Organic Rice Idli Ready Mi,SweetSource Regional,,,2026-12-18
BB-14339,BN-BB-14339-01,108.0,2026-06-05,2027-02-26,active,2026-06-16,Malgudi Filter Coffee Pouch -  80:20,BevCorp India,,,2027-02-26
BB-14347,BN-BB-14347-01,771.0,2026-06-02,2027-03-16,active,2026-06-17,Quadratini Wafer Cookies - Coconut,SweetSource Regional,,,2027-03-16
BB-14357,BN-BB-14357-01,1885.0,2026-06-08,,active,2026-06-18,Glass Set With Ice Bucket,OilTrade AP,,,
BB-14373,BN-BB-14373-01,476.0,2026-06-06,2028-05-15,active,2026-06-18,Normact,CareWell Distributors,,,2028-05-15
BB-1438,BN-BB-1438-01,140.0,2026-06-11,2026-12-18,active,2026-06-18,Crispy Kadhai Paneer Nuggets,SweetSource Regional,,,2026-12-18
BB-14382,BN-BB-14382-01,950.0,2026-06-11,2027-02-28,active,2026-06-17,Tulsi Natura Green Tea Bags,BevCorp India,,,2027-02-28
BB-14389,BN-BB-14389-01,301.0,2026-06-08,2027-07-07,active,2026-06-19,Toasty Onion Flakes,GrainCo Vijayawada,,,2027-07-07
BB-14435,BN-BB-14435-01,401.0,2026-06-07,,active,2026-06-17,Chai/Bone China Milk/Coffee Mug - Black & White Floral Design,SweetSource Regional,,,
BB-14437,BN-BB-14437-01,2264.0,2026-06-11,2026-12-02,active,2026-06-17,Pista Essence,SweetSource Regional,,,2026-12-02
BB-14447,BN-BB-14447-01,162.0,2026-06-11,2027-06-01,active,2026-06-17,Rasoi Ka Raaz - Garam Masala-E-Khaas,GrainCo Vijayawada,,,2027-06-01
BB-14481,BN-BB-14481-01,74.0,2025-06-17,2026-08-29,active,2025-06-25,Curry Coriander Infused Oil,GrainCo Vijayawada,,,2026-08-29
BB-14486,BN-BB-14486-01,1581.0,2026-06-07,2027-02-25,active,2026-06-16,Instant Noodles - Seafood,ChillZone Logistics,,,2027-02-25
BB-14489,BN-BB-14489-01,1275.0,2026-06-01,2027-06-14,active,2026-06-16,L Folder Transparent A4,CleanHome Supplies,,,2027-06-14
BB-14491,BN-BB-14491-01,192.0,2026-06-06,2028-05-07,active,2026-06-18,English Bluebell - Eau De Toilette For Women,CareWell Distributors,,,2028-05-07
BB-14547,BN-BB-14547-01,3900.0,2026-06-03,2028-04-11,active,2026-06-15,Vrikka Sanjivini Vati - Kidney Care,CareWell Distributors,,,2028-04-11
BB-14554,BN-BB-14554-01,92.0,2024-06-18,2026-08-23,active,2024-06-23,Sensitive Everyday Protection Anticavity Toothpaste.,CareWell Distributors,,,2026-08-23
BB-14577,BN-BB-14577-01,198.0,2025-09-16,2026-08-25,active,2025-09-30,California Pistachio,BevCorp India,,,2026-08-25
BB-14614,BN-BB-14614-01,4222.0,2026-06-03,2027-05-18,active,2026-06-15,Premium Soft Diaper Pants - Small Size,BabyBase Supplies,,,2027-05-18
BB-1463,BN-BB-1463-01,168.0,2026-05-03,2028-03-03,active,2026-05-18,Pre Shave Gel Fusion - Hydra Gel Sensitive,CareWell Distributors,,,2028-03-03
BB-14632,BN-BB-14632-01,1237.0,2026-06-08,2027-05-19,active,2026-06-18,Soild Gel Air Freshener - After The Rain Inspiration,CleanHome Supplies,,,2027-05-19
BB-14638,BN-BB-14638-01,1808.0,2026-06-02,2028-07-23,active,2026-06-17,Touch & Glow Advanced Fairness Face Wash,CareWell Distributors,,,2028-07-23
BB-14664,BN-BB-14664-01,811.0,2026-06-08,,active,2026-06-19,Plastic Cubics Container - Blue,BevCorp India,,,
BB-14672,BN-BB-14672-01,76.0,2026-04-20,2028-06-15,active,2026-05-04,Sebium Gel Moussant,CareWell Distributors,,,2028-06-15
BB-14673,BN-BB-14673-01,934.0,2026-06-12,2027-06-09,active,2026-06-20,Anti-Bactarial Laundry Cleaner - Lavender,CleanHome Supplies,,,2027-06-09
BB-14674,BN-BB-14674-01,239.0,2026-06-11,,active,2026-06-18,"Multipurpose Jar With Lid - Acrylic, Bb-1185",GrainCo Vijayawada,,,
BB-14679,BN-BB-14679-01,2262.0,2026-06-11,2027-06-12,active,2026-06-17,"Bucket - Super, Red",CleanHome Supplies,,,2027-06-12
BB-14680,BN-BB-14680-01,666.0,2026-06-10,2028-06-25,active,2026-06-20,Sea Minerals Liquid Handwash Refill,CareWell Distributors,,,2028-06-25
BB-14685,BN-BB-14685-01,2655.0,2026-06-13,2027-06-06,active,2026-06-20,Natural Baby Soothing Relief Wash + Body Lotion,BabyBase Supplies,,,2027-06-06
BB-14694,BN-BB-14694-01,411.0,2026-06-10,2027-03-30,active,2026-06-19,Coffee - Rich Aroma,SweetSource Regional,,,2027-03-30
BB-147,BN-BB-147-01,534.0,2026-06-03,2027-02-11,active,2026-06-18,Tomato Salsa Dip - Enjoy With Nacho Chips,BakeMaster Artisans,,,2027-02-11
BB-1470,BN-BB-1470-01,429.0,2026-06-10,2027-05-11,active,2026-06-20,Brown Rice Weight Watcher,GrainCo Vijayawada,,,2027-05-11
BB-14715,BN-BB-14715-01,1524.0,2026-06-09,2026-07-10,expired,2026-06-15,"Apple - Sliced, Royal Gala",FruitKing South,,,2026-07-10
BB-14726,BN-BB-14726-01,1232.0,2026-06-04,2027-03-14,active,2026-06-17,Peperonate Italian Pepper Dish Made With Fresh Peppers,BakeMaster Artisans,,,2027-03-14
BB-14740,BN-BB-14740-01,108.0,2026-05-22,2026-11-29,active,2026-06-04,Muradabadi Amla Muraba,SweetSource Regional,,,2026-11-29
BB-14741,BN-BB-14741-01,2022.0,2026-06-03,2028-03-21,active,2026-06-17,Baby ToothBrush,CareWell Distributors,,,2028-03-21
BB-14743,BN-BB-14743-01,4997.0,2026-06-05,,active,2026-06-15,Copper Mug Plain With Brass Handle,ChillZone Logistics,,,
BB-14764,BN-BB-14764-01,657.0,2026-06-07,2027-06-24,active,2026-06-16,Cashews,GrainCo Vijayawada,,,2027-06-24
BB-14766,BN-BB-14766-01,129.0,2026-06-05,2026-08-20,active,2026-06-15,Biscuits - Osmania,DairyBest Krishna,,,2026-08-20
BB-14773,BN-BB-14773-01,958.0,2026-06-03,2026-12-13,active,2026-06-16,Cocoa Powder,SweetSource Regional,,,2026-12-13
BB-14776,BN-BB-14776-01,737.0,2026-05-01,2028-03-13,active,2026-05-04,Pre Shave Foam - Classic Regular,CareWell Distributors,,,2028-03-13
BB-14782,BN-BB-14782-01,153.0,2026-06-09,2027-02-14,active,2026-06-15,Upper Assam Black Tea - Finest Collection,FestiveWorld Supplies,,,2027-02-14
BB-14788,BN-BB-14788-01,527.0,2026-06-06,2026-11-15,active,2026-06-19,Papad - Moong,SweetSource Regional,,,2026-11-15
BB-14791,BN-BB-14791-01,942.0,2026-06-11,2027-03-22,active,2026-06-17,Caper Berries Pickle,FestiveWorld Supplies,,,2027-03-22
BB-14793,BN-BB-14793-01,361.0,2026-06-10,2027-05-25,active,2026-06-18,Sabzi Masala,GrainCo Vijayawada,,,2027-05-25
BB-14814,BN-BB-14814-01,1782.0,2026-06-12,2027-06-02,active,2026-06-15,Peela Pooja Chowki Kapda,CleanHome Supplies,,,2027-06-02
BB-14845,BN-BB-14845-01,440.0,2026-06-09,2027-07-08,active,2026-06-19,Detergent Powder - Herbal Wash,CleanHome Supplies,,,2027-07-08
BB-14853,BN-BB-14853-01,0.0,2025-09-14,2026-06-28,disposed,2025-09-23,Nilgiri Oolong Tea - Wa,BevCorp India,2026-06-28 20:43:49,USR002,2026-06-28
BB-14856,BN-BB-14856-01,771.0,2026-06-11,2026-12-14,active,2026-06-17,Twist Sweet & Spicy Sauce,SweetSource Regional,,,2026-12-14
BB-14859,BN-BB-14859-01,580.0,2026-06-11,2028-05-04,active,2026-06-19,"Kitten Wet Cat Food - Super Saver Pack, 2-12 Months, Tuna In Jelly",FestiveWorld Supplies,,,2028-05-04
BB-14869,BN-BB-14869-01,1672.0,2026-06-05,2028-07-14,active,2026-06-15,Basil Pure Essential Oil,CareWell Distributors,,,2028-07-14
BB-14872,BN-BB-14872-01,1008.0,2026-06-15,2027-04-02,active,2026-06-20,Haldi Doodh Mix With Cardamom & Black Pepper,BevCorp India,,,2027-04-02
BB-14878,BN-BB-14878-01,1081.0,2026-06-11,2027-03-22,active,2026-06-19,99% cacao Bitter Extra Kraftig,DairyBest Krishna,,,2027-03-22
BB-14883,BN-BB-14883-01,631.0,2026-06-07,2028-08-04,active,2026-06-15,Quick Style Lithium Cordless Trimmer For Men - Black,CareWell Distributors,,,2028-08-04
BB-14884,BN-BB-14884-01,66.0,2026-06-04,2026-07-10,expired,2026-06-12,Apple - Shimla,FruitKing South,,,2026-07-10
BB-14899,BN-BB-14899-01,254.0,2026-06-07,2027-05-15,active,2026-06-19,Super Glue,CleanHome Supplies,,,2027-05-15
BB-14900,BN-BB-14900-01,277.0,2026-06-08,2027-07-13,active,2026-06-18,"Toilet Roll - 2 Rolls, 3 ply",CleanHome Supplies,,,2027-07-13
BB-14905,BN-BB-14905-01,14.0,2026-06-06,2027-03-24,active,2026-06-16,"After Lunch With Green Tea, Ginger, Tulsi, Rock Salt",BevCorp India,,,2027-03-24
BB-14907,BN-BB-14907-01,212.0,2026-06-14,2026-08-10,active,2026-06-17,Soya Milk - Kesar Pista,DairyBest Krishna,,,2026-08-10
BB-14909,BN-BB-14909-01,1045.0,2026-06-03,2027-03-22,active,2026-06-16,Durum Wheat Pasta - Angel Hair,SweetSource Regional,,,2027-03-22
BB-14912,BN-BB-14912-01,0.0,2025-05-31,2026-06-24,disposed,2025-06-15,Ragi Flour/Ragi Hittu,GrainCo Vijayawada,2026-06-28 20:43:55,USR002,2026-06-24
BB-1492,BN-BB-1492-01,1449.0,2026-06-10,2026-07-22,active,2026-06-20,Roll - Swiss Single,DairyBest Krishna,,,2026-07-22
BB-14925,BN-BB-14925-01,1217.0,2026-06-09,2028-06-14,active,2026-06-17,"Syoss - Renew 7 Complete Repair, 02 Conditioner",CareWell Distributors,,,2028-06-14
BB-14929,BN-BB-14929-01,496.0,2026-06-11,2027-06-05,active,2026-06-15,"Multiutility Plastic Basket With Lid - Brown, Dollar 111",CleanHome Supplies,,,2027-06-05
BB-14935,BN-BB-14935-01,130.0,2026-06-08,2026-07-09,expired,2026-06-18,Fresh Catch Prawn Torpedoes,OilTrade AP,,,2026-07-09
BB-14948,BN-BB-14948-01,834.0,2026-06-05,2028-05-04,active,2026-06-16,Acne Treatment Gel For Oily Skin For Men,CareWell Distributors,,,2028-05-04
BB-14957,BN-BB-14957-01,1759.0,2026-06-09,,active,2026-06-15,Carbon Zinc Battery Red HD AAA 1012,OilTrade AP,,,
BB-14958,BN-BB-14958-01,1045.0,2026-06-05,2027-02-06,active,2026-06-17,Greek Yogurt - Natural,CleanHome Supplies,,,2027-02-06
BB-14961,BN-BB-14961-01,436.0,2026-06-07,2027-05-21,active,2026-06-16,Insta Mosquito Repellent Liquid Refill,CleanHome Supplies,,,2027-05-21
BB-14969,BN-BB-14969-01,337.0,2026-06-17,,active,2026-06-20,"Glass Bottle With Plastic Outer - Ice Green, BB1313",DairyBest Krishna,,,
BB-14984,BN-BB-14984-01,135.0,2026-06-02,2027-02-14,active,2026-06-16,Cream Cheese,FreshFarm Veg Market,,,2027-02-14
BB-14987,BN-BB-14987-01,1309.0,2026-06-07,2027-05-07,active,2026-06-18,Powder - Chilly,GrainCo Vijayawada,,,2027-05-07
BB-14997,BN-BB-14997-01,3156.0,2026-06-08,2026-11-22,active,2026-06-18,Instant - Gojjavalakki Mix (Poha /Aval In Tangy Tamarind Sauce),SweetSource Regional,,,2026-11-22
BB-15007,BN-BB-15007-01,21.0,2026-06-12,2028-06-12,active,2026-06-20,Immunity Booster,CareWell Distributors,,,2028-06-12
BB-15010,BN-BB-15010-01,1771.0,2026-06-02,2027-02-15,active,2026-06-16,Creamy Herb Dip,BakeMaster Artisans,,,2027-02-15
BB-15013,BN-BB-15013-01,53.0,2026-06-07,2026-08-22,active,2026-06-16,Sour Cream,DairyBest Krishna,,,2026-08-22
BB-15027,BN-BB-15027-01,2406.0,2026-06-15,2027-03-11,active,2026-06-19,Original Recipe - Italian Herb Mayo,FestiveWorld Supplies,,,2027-03-11
BB-1503,BN-BB-1503-01,472.0,2026-06-05,2027-05-12,active,2026-06-15,Fields Of Gold Organic Ragi Flour/Ragi Hittu,GrainCo Vijayawada,,,2027-05-12
BB-15037,BN-BB-15037-01,988.0,2026-06-09,2026-11-20,active,2026-06-15,Red Pasta Sauce,SweetSource Regional,,,2026-11-20
BB-15051,BN-BB-15051-01,3391.0,2026-06-05,2027-06-26,active,2026-06-16,Kernel - Plain,GrainCo Vijayawada,,,2027-06-26
BB-15053,BN-BB-15053-01,555.0,2026-06-12,2028-08-06,active,2026-06-20,Beard Softening Cream - Argan & Mint,CareWell Distributors,,,2028-08-06
BB-15061,BN-BB-15061-01,0.0,2025-06-24,2026-06-15,disposed,2025-07-02,"Gel Pen - Black, Octane",CleanHome Supplies,2026-06-28 20:44:03,USR002,2026-06-15
BB-15077,BN-BB-15077-01,348.0,2026-06-08,2026-08-23,active,2026-06-18,Tea Cake - Caramel,DairyBest Krishna,,,2026-08-23
BB-15079,BN-BB-15079-01,0.0,2025-09-15,2026-06-20,disposed,2025-09-26,"Dietary Supplement - Deep Sea Salmon Fish Oil, Premium",FestiveWorld Supplies,2026-06-28 20:44:09,USR002,2026-06-20
BB-15089,BN-BB-15089-01,975.0,2026-06-11,2027-05-16,active,2026-06-17,"Notebook - Unruled, Small",CleanHome Supplies,,,2027-05-16
BB-15093,BN-BB-15093-01,486.0,2026-06-09,2028-06-26,active,2026-06-20,BB Home Loofah Light Pink BH008 LPNK 1 pc+Nivea Shower Gel Body Wash Women 250ml,CareWell Distributors,,,2028-06-26
BB-15099,BN-BB-15099-01,752.0,2026-06-08,2027-06-04,active,2026-06-20,"Decorative Scented Candles - White, BB-1259-3 White",CleanHome Supplies,,,2027-06-04
BB-151,BN-BB-151-01,1146.0,2026-06-10,2026-12-17,active,2026-06-19,Vermicelli - Pearl Millet,SweetSource Regional,,,2026-12-17
BB-15104,BN-BB-15104-01,1638.0,2026-06-11,2027-07-03,active,2026-06-16,Liquid Shoe Polish - Dark Tan,CleanHome Supplies,,,2027-07-03
BB-15107,BN-BB-15107-01,31.0,2026-04-21,,active,2026-05-02,Master Coffee Mugs Set - MW J051,MedLife Wholesale,,,
BB-15115,BN-BB-15115-01,196.0,2026-06-05,2026-08-22,active,2026-06-16,Ice Cream - Choco Almond 'N' Kesar Badam,DairyBest Krishna,,,2026-08-22
BB-15116,BN-BB-15116-01,902.0,2026-06-15,2027-03-14,active,2026-06-18,Rice & Bean chips - Sriracha,OilTrade AP,,,2027-03-14
BB-15154,BN-BB-15154-01,535.0,2026-06-08,,active,2026-06-17,Nirlon Induction Base Rock Marble Tawa,SweetSource Regional,,,
BB-15157,BN-BB-15157-01,1141.0,2026-06-07,2027-06-01,active,2026-06-19,"Vegan Premium Ghee/Tuppa - Palm Oil Free, 100% Natural",GrainCo Vijayawada,,,2027-06-01
BB-15165,BN-BB-15165-01,0.0,2024-06-16,,active,2024-06-22,Disney Minnie Mouse Plastic Kids Sipper Bottle,BevCorp India,,,
BB-15177,BN-BB-15177-01,159.0,2026-06-05,2026-11-29,active,2026-06-17,Whole Almond Bar,SweetSource Regional,,,2026-11-29
BB-15180,BN-BB-15180-01,2340.0,2026-06-07,2028-06-24,active,2026-06-16,Memorica Tablet - Relieves Stress & Enhances Memory,CareWell Distributors,,,2028-06-24
BB-15190,BN-BB-15190-01,915.0,2026-06-03,2026-12-14,active,2026-06-17,"Sweet - Kheer Mohan, Brown Rassogolla",SweetSource Regional,,,2026-12-14
BB-15193,BN-BB-15193-01,566.0,2026-06-15,,active,2026-06-20,Simply Chef 28 cm Non-Stick Kadhai - Rio Red,BevCorp India,,,
BB-15194,BN-BB-15194-01,1102.0,2026-06-10,2027-05-16,active,2026-06-16,Organic Moong Chilka,GrainCo Vijayawada,,,2027-05-16
BB-15199,BN-BB-15199-01,477.0,2026-06-10,2028-05-12,active,2026-06-17,Sesame Seed Oil,CareWell Distributors,,,2028-05-12
BB-1521,BN-BB-1521-01,11.0,2026-06-02,2026-12-17,active,2026-06-15,Carrot Crackers,SweetSource Regional,,,2026-12-17
BB-15228,BN-BB-15228-01,761.0,2026-06-03,2028-05-08,active,2026-06-16,Neemraj Oil,CareWell Distributors,,,2028-05-08
BB-15249,BN-BB-15249-01,123.0,2026-06-06,2026-07-09,expired,2026-06-17,Sausages - Smoked Chicken,MedLife Wholesale,,,2026-07-09
BB-15252,BN-BB-15252-01,5042.0,2026-06-14,2028-05-27,active,2026-06-20,LKC Capsules,CareWell Distributors,,,2028-05-27
BB-15262,BN-BB-15262-01,1198.0,2026-06-12,2028-06-20,active,2026-06-19,Biolage Colorlast Orchid Colour Protecting Conditioner,CareWell Distributors,,,2028-06-20
BB-15271,BN-BB-15271-01,1787.0,2026-06-10,2027-06-23,active,2026-06-18,Fairtrade Malabar Three Peppercorns In Grinder,GrainCo Vijayawada,,,2027-06-23
BB-15276,BN-BB-15276-01,3244.0,2026-06-08,,active,2026-06-18,Borosilicate Glass Baking Rectangular Storage With Red Lid 6 Cup,OilTrade AP,,,
BB-15279,BN-BB-15279-01,553.0,2026-06-02,,active,2026-06-15,Easy Lock Round Plastic Container,ChillZone Logistics,,,
BB-15285,BN-BB-15285-01,198.0,2025-09-21,2026-08-22,active,2025-09-27,Rolled Oats - Gluten Free,SeasonProof Gear,,,2026-08-22
BB-15320,BN-BB-15320-01,2030.0,2026-06-02,,active,2026-06-15,Tuberg Bottle,FestiveWorld Supplies,,,
BB-15325,BN-BB-15325-01,5146.0,2026-06-08,2028-04-14,active,2026-06-17,Air & Surface Disinfectant Spray,CareWell Distributors,,,2028-04-14
BB-15339,BN-BB-15339-01,734.0,2026-06-02,2027-06-22,active,2026-06-15,Basmati Rice/Basmati Akki - Super,GrainCo Vijayawada,,,2027-06-22
BB-15344,BN-BB-15344-01,325.0,2026-06-12,2027-03-06,active,2026-06-15,Kara Coconut Milk - UHT Natural 200 ml + Fresho Meat Mutton - Mince 500 gm,MedLife Wholesale,,,2027-03-06
BB-15349,BN-BB-15349-01,2830.0,2026-06-07,2028-07-29,active,2026-06-17,Glitter Glow Mask,CareWell Distributors,,,2028-07-29
BB-15352,BN-BB-15352-01,745.0,2026-06-05,2027-05-11,active,2026-06-18,Masala - Kofta,GrainCo Vijayawada,,,2027-05-11
BB-15354,BN-BB-15354-01,161.0,2026-06-05,2027-05-19,active,2026-06-16,Matic Liquid - Top Load,CleanHome Supplies,,,2027-05-19
BB-15364,BN-BB-15364-01,5148.0,2026-06-14,2028-06-15,active,2026-06-17,Foaming Face Wash - Himalayan Rose,CareWell Distributors,,,2028-06-15
BB-15427,BN-BB-15427-01,510.0,2026-06-12,2027-07-15,active,2026-06-17,EzeeSqueegee Wiper,CleanHome Supplies,,,2027-07-15
BB-15429,BN-BB-15429-01,330.0,2026-06-06,2028-07-25,active,2026-06-20,Soap Case - Glamour,CareWell Distributors,,,2028-07-25
BB-15436,BN-BB-15436-01,173.0,2026-06-07,2028-07-14,active,2026-06-17,"Dog Food - Chicken & Veg, Puppy",DairyBest Krishna,,,2028-07-14
BB-15442,BN-BB-15442-01,0.0,2025-09-18,2026-06-25,disposed,2025-09-26,Cold Glaze Neutral,CareWell Distributors,2026-06-28 20:44:28,USR002,2026-06-25
BB-15449,BN-BB-15449-01,528.0,2026-06-04,2028-06-02,active,2026-06-15,"Total Effects 7-In-1 - Anti-Ageing Skin Cream Moisturizer, Normal",CareWell Distributors,,,2028-06-02
BB-15458,BN-BB-15458-01,1167.0,2026-06-11,2027-05-05,active,2026-06-19,"Cleaning Duster - Micro Fiber, Multi Purpose",CleanHome Supplies,,,2027-05-05
BB-15462,BN-BB-15462-01,589.0,2026-06-01,2028-07-19,active,2026-06-18,Soft - Light Moisturiser With Vitamin E,CareWell Distributors,,,2028-07-19
BB-15474,BN-BB-15474-01,3046.0,2026-06-10,2028-07-07,active,2026-06-17,Refreshing Menthol Bath Soap,CareWell Distributors,,,2028-07-07
BB-15480,BN-BB-15480-01,1613.0,2026-06-09,,active,2026-06-15,"LPG Hose Pipe - Rubberised, Steel Wire Reinforced, Orange",ChillZone Logistics,,,
BB-15485,BN-BB-15485-01,170.0,2026-06-07,,active,2026-06-18,"Stainless Steel Lunch Box - Tiffin Set, Blue BB 570 3",OilTrade AP,,,
BB-15496,BN-BB-15496-01,1894.0,2026-06-10,2028-07-18,active,2026-06-17,"Body Lotion, Whitening Cool Sensation, SPF 15 & Refreshing Menthol",CareWell Distributors,,,2028-07-18
BB-155,BN-BB-155-01,1168.0,2026-06-05,2028-04-07,active,2026-06-19,Tampons Easy Twist - Regular,CareWell Distributors,,,2028-04-07
BB-1552,BN-BB-1552-01,760.0,2026-06-01,2028-05-16,active,2026-06-16,Fructis - Long & Strong Strengthening Conditioner,CareWell Distributors,,,2028-05-16
BB-15544,BN-BB-15544-01,1966.0,2026-06-04,2028-08-06,active,2026-06-17,Activated Charcoal Peel Off Mask,CareWell Distributors,,,2028-08-06
BB-15545,BN-BB-15545-01,285.0,2026-06-07,,active,2026-06-17,Stainless Steel Container With Lid - Matka Shape,DairyBest Krishna,,,
BB-15546,BN-BB-15546-01,381.0,2026-05-30,2028-04-23,active,2026-06-16,Aura Concentrated Floral Perfume Free From Alcohol For Women,CareWell Distributors,,,2028-04-23
BB-15548,BN-BB-15548-01,922.0,2026-06-15,2026-12-21,active,2026-06-19,Potato Chips,SweetSource Regional,,,2026-12-21
BB-15553,BN-BB-15553-01,1143.0,2026-06-06,2027-05-08,active,2026-06-16,Stain Remover,CleanHome Supplies,,,2027-05-08
BB-15555,BN-BB-15555-01,1262.0,2026-06-03,2027-03-10,active,2026-06-20,"Baked Coconut Chips - Chocolate, Snack Pack",ChillZone Logistics,,,2027-03-10
BB-15563,BN-BB-15563-01,303.0,2026-06-08,2027-02-15,active,2026-06-17,Smooth Milk Chocolate Bar,BabyBase Supplies,,,2027-02-15
BB-15578,BN-BB-15578-01,521.0,2026-06-06,2027-03-02,active,2026-06-18,Healthy Nutmix - Premium International,MedLife Wholesale,,,2027-03-02
BB-1559,BN-BB-1559-01,2352.0,2026-06-04,2027-03-12,active,2026-06-17,Royale Chocolate 500gm + Health Drink - Kesar badam 200gm,BevCorp India,,,2027-03-12
BB-15592,BN-BB-15592-01,356.0,2026-06-08,2027-02-27,active,2026-06-17,Gourmets Delite  Wafers - Strawberry 75 gm Pouch,FruitKing South,,,2027-02-27
BB-15593,BN-BB-15593-01,0.0,2024-06-18,2026-06-14,disposed,2024-06-28,Ylang Ylang Essential Oil,CareWell Distributors,2026-06-28 16:02:07,USR002,2026-06-14
BB-15597,BN-BB-15597-01,895.0,2026-06-08,2028-05-23,active,2026-06-17,Eau De Toilette - Homme Green,CareWell Distributors,,,2028-05-23
BB-15598,BN-BB-15598-01,5278.0,2026-06-04,,active,2026-06-18,"Tea Strainer - Stainless Steel, Silver, Bb-667",BabyBase Supplies,,,
BB-156,BN-BB-156-01,1247.0,2026-06-11,2027-02-13,active,2026-06-20,100% Pure Honey - Infused With Lemon,DairyBest Krishna,,,2027-02-13
BB-15600,BN-BB-15600-01,939.0,2026-06-13,2026-12-04,active,2026-06-20,FunFoods Veg Mayonnaise Olive Oil,SweetSource Regional,,,2026-12-04
BB-15622,BN-BB-15622-01,1012.0,2026-06-09,2027-02-10,active,2026-06-19,Cheese Spread,FestiveWorld Supplies,,,2027-02-10
BB-1564,BN-BB-1564-01,741.0,2026-06-07,2027-06-17,active,2026-06-15,Bathroom Tile Scrubber Brush,CleanHome Supplies,,,2027-06-17
BB-15640,BN-BB-15640-01,21.0,2026-06-09,,active,2026-06-16,"Diamond Lock Plastic Container - Printed, Rectangle, Assorted Colour",SeasonProof Gear,,,
BB-15645,BN-BB-15645-01,2863.0,2026-06-07,2027-06-27,active,2026-06-19,"Organic - Mustard/Sasive/Rai, Small",GrainCo Vijayawada,,,2027-06-27
BB-15649,BN-BB-15649-01,1307.0,2026-06-06,2028-06-04,active,2026-06-15,"Gift Set - SG + EDT + Deo, Blue 8",CareWell Distributors,,,2028-06-04
BB-1565,BN-BB-1565-01,0.0,2025-09-07,2026-06-21,disposed,2025-09-21,Salsa Stir-fry Sauce,BevCorp India,2026-06-28 16:09:31,USR002,2026-06-21
BB-15654,BN-BB-15654-01,1978.0,2026-06-02,,active,2026-06-15,Opalware Ivory Dinner Plate Set - Autumn Shadow,BevCorp India,,,
BB-15661,BN-BB-15661-01,920.0,2026-06-05,2027-02-19,active,2026-06-17,"Spread - Roasted Red Pepper Pesto, With Chironji Seeds",CareWell Distributors,,,2027-02-19
BB-15662,BN-BB-15662-01,179.0,2026-06-03,2027-03-08,active,2026-06-16,"Grapefruit Tonic Water - All Natural, Low In Sugar",FruitKing South,,,2027-03-08
BB-15678,BN-BB-15678-01,1967.0,2026-06-07,2028-04-21,active,2026-06-16,Hair Styling Gel,CareWell Distributors,,,2028-04-21
BB-15693,BN-BB-15693-01,1858.0,2026-06-08,2028-06-04,active,2026-06-18,Deep Cleansing Lotion,CareWell Distributors,,,2028-06-04
BB-15704,BN-BB-15704-01,1891.0,2026-06-07,2028-07-06,active,2026-06-19,Face Wash - Oily Skin,CareWell Distributors,,,2028-07-06
BB-15705,BN-BB-15705-01,1449.0,2026-06-11,,active,2026-06-15,"Steel Storage/Lunch Container - No.14, Pink, Klip It",BevCorp India,,,
BB-15709,BN-BB-15709-01,126.0,2026-06-06,2027-06-18,active,2026-06-18,Surface Disinfectant Spray,CleanHome Supplies,,,2027-06-18
BB-15713,BN-BB-15713-01,1502.0,2026-06-03,2027-07-09,active,2026-06-15,"Ball Pen - Fyro, Black",CleanHome Supplies,,,2027-07-09
BB-15719,BN-BB-15719-01,603.0,2026-06-07,2027-03-20,active,2026-06-18,Protein Seed Mix,FreshFarm Veg Market,,,2027-03-20
BB-15730,BN-BB-15730-01,516.0,2026-06-04,2028-07-29,active,2026-06-17,DC 4 U For Women,CareWell Distributors,,,2028-07-29
BB-15769,BN-BB-15769-01,463.0,2026-06-07,2026-12-21,active,2026-06-19,Kodabale Mini,SweetSource Regional,,,2026-12-21
BB-15797,BN-BB-15797-01,649.0,2025-06-12,2026-08-23,active,2025-06-21,Spanish Corn - Roasted & Salted,GrainCo Vijayawada,,,2026-08-23
BB-15808,BN-BB-15808-01,273.0,2026-06-04,2028-06-05,active,2026-06-18,Amla & Zinc Fizz Supplement For Strong Immunity & Everyday Wellness,CareWell Distributors,,,2028-06-05
BB-15820,BN-BB-15820-01,5153.0,2026-06-14,,active,2026-06-20,"Trendy Stainless Steel Bottle With Steel Cap - Metallic Pink Finish, PXP 1002 BK",CleanHome Supplies,,,
BB-15856,BN-BB-15856-01,578.0,2026-06-11,2028-07-04,active,2026-06-19,Deodorant Spray - Original,CareWell Distributors,,,2028-07-04
BB-1586,BN-BB-1586-01,782.0,2026-06-12,2026-11-29,active,2026-06-17,Cup Noodles Mazedaar Masala,SweetSource Regional,,,2026-11-29
BB-15860,BN-BB-15860-01,103.0,2024-06-11,2026-08-23,active,2024-06-20,Pure Hands Moisturizing Hand Wash -  Tulsi & Aloe,CareWell Distributors,,,2026-08-23
BB-15872,BN-BB-15872-01,1259.0,2026-06-09,2028-06-20,active,2026-06-19,Cucumber Cell Rejuvenating Moisturising Gel,CareWell Distributors,,,2028-06-20
BB-15879,BN-BB-15879-01,357.0,2026-06-14,,active,2026-06-19,"Keep Fresh Pet Container - Printed, Premium, Pink",OilTrade AP,,,
BB-15885,BN-BB-15885-01,1610.0,2026-06-06,2028-05-03,active,2026-06-19,Organic Vata Tea,CareWell Distributors,,,2028-05-03
BB-1589,BN-BB-1589-01,1817.0,2026-06-07,2028-07-14,active,2026-06-20,Facial Kit - Pearl,CareWell Distributors,,,2028-07-14
BB-15892,BN-BB-15892-01,3755.0,2026-06-04,,active,2026-06-17,"Serving Bowl Set - Diamond, Big",PaperEdge Stationery,,,
BB-15910,BN-BB-15910-01,2891.0,2026-06-12,2027-05-06,active,2026-06-16,"Dustbin/Basket - Plastic, Orange, OR BB 617 2",CleanHome Supplies,,,2027-05-06
BB-15935,BN-BB-15935-01,175.0,2026-06-10,2027-06-12,active,2026-06-19,Walnut Kernels/Akharot Tukda 200gm + Cashew Whole 500gm + Raisins Indian 500gm,GrainCo Vijayawada,,,2027-06-12
BB-1596,BN-BB-1596-01,869.0,2026-06-06,2027-03-22,active,2026-06-18,Pumpkin Seeds - Roasted,BakeMaster Artisans,,,2027-03-22
BB-15962,BN-BB-15962-01,911.0,2026-06-05,2027-03-18,active,2026-06-16,Red Pepper Sauce,PaperEdge Stationery,,,2027-03-18
BB-15977,BN-BB-15977-01,195.0,2026-06-07,2027-03-25,active,2026-06-18,Shikanji & Chaat Savoury Taste Makers,OilTrade AP,,,2027-03-25
BB-15986,BN-BB-15986-01,122.0,2026-06-08,2027-05-04,active,2026-06-15,"Clothes Storage Laundry Bag - Printed, Brown, BB-564BRWN",CleanHome Supplies,,,2027-05-04
BB-15998,BN-BB-15998-01,553.0,2026-06-07,2027-02-12,active,2026-06-16,Green Tea - Natural,BevCorp India,,,2027-02-12
BB-16012,BN-BB-16012-01,597.0,2026-06-06,,active,2026-06-15,"Stainless Steel Lunch Box/Tiffin Box Tiffin Insulated - Happy Meal, Blue",MedLife Wholesale,,,
BB-16026,BN-BB-16026-01,232.0,2024-06-20,2026-08-25,active,2024-06-29,Hair Conditioner Oily Hair,CareWell Distributors,,,2026-08-25
BB-16031,BN-BB-16031-01,1110.0,2026-06-16,,active,2026-06-20,"Polpat - Plastic, Medium",SweetSource Regional,,,
BB-16049,BN-BB-16049-01,497.0,2026-06-09,2028-07-26,active,2026-06-20,Fresh Active Roll On,CareWell Distributors,,,2028-07-26
BB-1605,BN-BB-1605-01,458.0,2026-06-11,,active,2026-06-19,Copper Glass Tumbler - Hammered,FestiveWorld Supplies,,,
BB-16050,BN-BB-16050-01,177.0,2026-06-04,2027-06-01,active,2026-06-20,"Glass Feeding Bottle - With Added Nipple, Pink, M Size",BabyBase Supplies,,,2027-06-01
BB-16053,BN-BB-16053-01,488.0,2026-06-05,2026-11-20,active,2026-06-15,"Oreo - Choco Creme Biscuit, Family Pack",SweetSource Regional,,,2026-11-20
BB-1606,BN-BB-1606-01,500.0,2026-06-09,2027-05-17,active,2026-06-16,Organic - Flaxseed,GrainCo Vijayawada,,,2027-05-17
BB-16067,BN-BB-16067-01,915.0,2026-06-04,2027-02-14,active,2026-06-17,100% Spanish Extra Virgin Olive Oil,FestiveWorld Supplies,,,2027-02-14
BB-16101,BN-BB-16101-01,252.0,2026-05-11,2028-05-12,active,2026-05-22,Natural Fairness Natural Ayurvedic Saffron Face Cream,CareWell Distributors,,,2028-05-12
BB-16105,BN-BB-16105-01,1300.0,2026-06-08,2028-07-31,active,2026-06-19,Voyage Sport Eau De Toilette,CareWell Distributors,,,2028-07-31
BB-16108,BN-BB-16108-01,3311.0,2026-06-04,2028-05-21,active,2026-06-15,Glycerin Soap,CareWell Distributors,,,2028-05-21
BB-16119,BN-BB-16119-01,2178.0,2026-06-08,2026-11-21,active,2026-06-19,Thai Sweet Chilli Sauce,SweetSource Regional,,,2026-11-21
BB-1612,BN-BB-1612-01,759.0,2026-06-12,2028-07-24,active,2026-06-20,Oilcure Niger Seed Oil,CareWell Distributors,,,2028-07-24
BB-16132,BN-BB-16132-01,3185.0,2026-06-06,2026-11-18,active,2026-06-18,Wafer Rolls - Strawberry Flavor,SweetSource Regional,,,2026-11-18
BB-16134,BN-BB-16134-01,920.0,2026-06-04,2026-11-20,active,2026-06-15,Lime Pickle,SweetSource Regional,,,2026-11-20
BB-16146,BN-BB-16146-01,1879.0,2026-06-06,2028-06-23,active,2026-06-15,Cough Drops - Ginger,CareWell Distributors,,,2028-06-23
BB-16152,BN-BB-16152-01,22.0,2026-06-10,2028-07-01,active,2026-06-16,Refreshing Peppermint Soap,CareWell Distributors,,,2028-07-01
BB-16155,BN-BB-16155-01,683.0,2026-06-13,2028-07-11,active,2026-06-18,Oil - Gingelly,CareWell Distributors,,,2028-07-11
BB-16165,BN-BB-16165-01,418.0,2026-06-06,2027-06-30,active,2026-06-17,Sapphire Storage Container - Assorted Colour,CleanHome Supplies,,,2027-06-30
BB-16178,BN-BB-16178-01,908.0,2026-06-10,,active,2026-06-15,Pet Selo Container Set - Silver,CleanHome Supplies,,,
BB-16200,BN-BB-16200-01,4143.0,2026-06-15,,active,2026-06-20,Stainless Steel Desert Spoon - Sunday Sapphire,SeasonProof Gear,,,
BB-16209,BN-BB-16209-01,2800.0,2026-06-03,2026-11-23,active,2026-06-17,Gluten-Free Amaranth Cheela/Dosa Mix,SweetSource Regional,,,2026-11-23
BB-16220,BN-BB-16220-01,209.0,2026-06-11,2028-05-01,active,2026-06-18,Tea Tree Essential Oil,CareWell Distributors,,,2028-05-01
BB-1624,BN-BB-1624-01,475.0,2026-06-10,,active,2026-06-17,Fusion Deluxe Dry Fruit Storage Plastic Container - Red,MedLife Wholesale,,,
BB-16242,BN-BB-16242-01,692.0,2026-06-10,2026-08-23,active,2026-06-20,Cookies - Chocochip,DairyBest Krishna,,,2026-08-23
BB-16245,BN-BB-16245-01,1971.0,2026-05-30,2028-08-08,active,2026-06-15,Vitamin E Night Cream,CareWell Distributors,,,2028-08-08
BB-16255,BN-BB-16255-01,3620.0,2026-06-06,2028-07-25,active,2026-06-17,Bathing Soap - Ayurvedic,CareWell Distributors,,,2028-07-25
BB-16284,BN-BB-16284-01,214.0,2026-06-13,2027-05-27,active,2026-06-16,Dry Pants Diapers - Small,BabyBase Supplies,,,2027-05-27
BB-1631,BN-BB-1631-01,1186.0,2026-06-09,,active,2026-06-17,Karat Whisky Glass Tumbler,BevCorp India,,,
BB-16314,BN-BB-16314-01,717.0,2026-06-09,2027-06-07,active,2026-06-18,Perfumed Herbal Phenyle - Sandal,CleanHome Supplies,,,2027-06-07
BB-16326,BN-BB-16326-01,1632.0,2026-06-07,2028-08-18,active,2026-06-20,Sleep Care Tablets,CareWell Distributors,,,2028-08-18
BB-1634,BN-BB-1634-01,623.0,2026-06-06,2028-04-23,active,2026-06-17,Green Tea Watery Cream,CareWell Distributors,,,2028-04-23
BB-16342,BN-BB-16342-01,1087.0,2026-06-07,2027-05-14,active,2026-06-15,"Detergent Powder - Matic, Top Load",CleanHome Supplies,,,2027-05-14
BB-16346,BN-BB-16346-01,881.0,2026-06-05,2028-03-23,active,2026-06-20,6 Oil Nourish Conditioner,CareWell Distributors,,,2028-03-23
BB-16351,BN-BB-16351-01,473.0,2026-06-05,2027-07-03,active,2026-06-16,Sambar Masala,GrainCo Vijayawada,,,2027-07-03
BB-16358,BN-BB-16358-01,383.0,2026-05-31,2028-06-13,active,2026-06-15,Shot Body Spray - Royal Jade,CareWell Distributors,,,2028-06-13
BB-16368,BN-BB-16368-01,935.0,2026-06-09,2027-02-28,active,2026-06-20,Cookies - Chocolate Chip,GrainCo Vijayawada,,,2027-02-28
BB-16380,BN-BB-16380-01,512.0,2026-06-02,2028-06-21,active,2026-06-16,Real Nature Mung Bean Face Mask,CareWell Distributors,,,2028-06-21
BB-16388,BN-BB-16388-01,1121.0,2026-06-14,2026-08-21,active,2026-06-20,Pizza Base - Sourdough 100% Wholewheat,DairyBest Krishna,,,2026-08-21
BB-16392,BN-BB-16392-01,1087.0,2026-06-12,2028-05-11,active,2026-06-15,Skin Natural Serum sheetmask (3 Light complete +3 Charcoal),CareWell Distributors,,,2028-05-11
BB-16407,BN-BB-16407-01,4701.0,2026-06-01,,active,2026-06-15,"Steel Skimmer - Big, Premium Gem Series, BBKT21",SeasonProof Gear,,,
BB-16420,BN-BB-16420-01,85.0,2024-06-12,,active,2024-06-25,Premium Flat Square Plastic Container Set - Blue,FruitKing South,,,
BB-16426,BN-BB-16426-01,529.0,2026-04-29,2028-06-23,active,2026-05-14,Bathing Soap - Ayurvedic Natural Glycerine,CareWell Distributors,,,2028-06-23
BB-16459,BN-BB-16459-01,2928.0,2026-06-13,2027-03-16,active,2026-06-19,Passion Fruit Syrup,GrainCo Vijayawada,,,2027-03-16
BB-16469,BN-BB-16469-01,280.0,2026-06-01,2028-07-20,active,2026-06-16,Bringha Hair Cleanser,CareWell Distributors,,,2028-07-20
BB-16470,BN-BB-16470-01,1852.0,2026-06-02,2026-07-10,expired,2026-06-19,Carrot Strips and Beans Strip,FruitKing South,,,2026-07-10
BB-16474,BN-BB-16474-01,2054.0,2026-06-10,2026-08-26,active,2026-06-19,"Pizza Base - Whole Wheat, Safe, Preservative Free",DairyBest Krishna,,,2026-08-26
BB-16490,BN-BB-16490-01,102.0,2026-06-05,2026-12-10,active,2026-06-18,Millet Muesli - Fruit & Nut,SweetSource Regional,,,2026-12-10
BB-16493,BN-BB-16493-01,502.0,2026-06-05,2027-02-20,active,2026-06-16,Dark Chocolate Flavour - Premium Arabica Instant Coffee,BevCorp India,,,2027-02-20
BB-16496,BN-BB-16496-01,534.0,2026-06-06,2027-05-17,active,2026-06-18,"Decorative Wax Candles Scented - Pink, BB-1263- Rose",CleanHome Supplies,,,2027-05-17
BB-16499,BN-BB-16499-01,136.0,2026-06-02,2027-05-23,active,2026-06-18,Organic - Kabuli Channa/Kabuli Kadale,GrainCo Vijayawada,,,2027-05-23
BB-165,BN-BB-165-01,107.0,2024-06-09,,active,2024-06-22,Dessert Glass Bowl Set - Galaxy,BakeMaster Artisans,,,
BB-16500,BN-BB-16500-01,338.0,2026-06-09,2028-08-02,active,2026-06-19,Hair fall Rescue Conditioner,CareWell Distributors,,,2028-08-02
BB-16514,BN-BB-16514-01,120.0,2026-06-09,2027-03-27,active,2026-06-15,"Walnuts - Kernels, Deluxe 100% Natural Kashmiri",SweetSource Regional,,,2027-03-27
BB-16528,BN-BB-16528-01,1545.0,2026-06-04,2028-08-15,active,2026-06-18,Men Expert Charcoal Black Face Scrub,CareWell Distributors,,,2028-08-15
BB-1653,BN-BB-1653-01,1900.0,2026-06-01,2028-05-31,active,2026-06-15,Flaxseed Oil Capsules,CareWell Distributors,,,2028-05-31
BB-16530,BN-BB-16530-01,2027.0,2026-06-06,2028-04-20,active,2026-06-17,Sensitive Toothbrush With Soft Rounded Bristles,CareWell Distributors,,,2028-04-20
BB-16531,BN-BB-16531-01,421.0,2026-06-08,2027-03-31,active,2026-06-15,Cheese - Mozzarella & Cheddar,CareWell Distributors,,,2027-03-31
BB-16539,BN-BB-16539-01,419.0,2026-06-11,2028-08-19,active,2026-06-18,Morning Dew Compact Perfume,CareWell Distributors,,,2028-08-19
BB-1655,BN-BB-1655-01,1109.0,2026-05-30,2027-02-21,active,2026-06-15,San Remo Pasta 500G+Disano Olive Oil Extra Virgin 1L+Happy Chef Pasta Sauce 270G,BakeMaster Artisans,,,2027-02-21
BB-1656,BN-BB-1656-01,988.0,2026-06-06,2027-03-11,active,2026-06-17,Ramen Noodles - Hot Chicken Flavour,OilTrade AP,,,2027-03-11
BB-16563,BN-BB-16563-01,510.0,2026-06-06,2027-03-24,active,2026-06-19,Durum Wheat Pasta - Mini Fusilli,CareWell Distributors,,,2027-03-24
BB-16577,BN-BB-16577-01,2007.0,2026-06-05,,active,2026-06-15,"Stainless Steel Slotted Serving Spoon - No. 11, Silvera",CareWell Distributors,,,
BB-16582,BN-BB-16582-01,673.0,2026-06-07,,active,2026-06-16,Universal Knife - Fantastiqe,SeasonProof Gear,,,
BB-16604,BN-BB-16604-01,742.0,2026-06-09,2027-02-17,active,2026-06-16,Crystal Clear Mint Flavor,SweetSource Regional,,,2027-02-17
BB-16626,BN-BB-16626-01,266.0,2026-06-10,2027-03-09,active,2026-06-18,"Cashews - Whole, 100% Natural Premium",BevCorp India,,,2027-03-09
BB-1665,BN-BB-1665-01,549.0,2026-06-14,2026-12-13,active,2026-06-19,Granola - Happy Berries,SweetSource Regional,,,2026-12-13
BB-16657,BN-BB-16657-01,1203.0,2026-06-04,,active,2026-06-15,Click N Seal Round Packing Microwaveable Plastic Container - L5965-VL,DairyBest Krishna,,,
BB-1667,BN-BB-1667-01,214.0,2024-06-14,2026-08-25,active,2024-06-24,Herbal Avocado Soap,CareWell Distributors,,,2026-08-25
BB-16679,BN-BB-16679-01,427.0,2026-06-05,2028-05-02,active,2026-06-16,Majmua Concentrated Oriental Perfume Free From Alcohol For Unisex,CareWell Distributors,,,2028-05-02
BB-16702,BN-BB-16702-01,192.0,2024-06-17,,active,2024-06-24,Decorative Party Light Big Star String LED Light 2 M - Multicolour,BakeMaster Artisans,,,
BB-16704,BN-BB-16704-01,1858.0,2026-06-09,,active,2026-06-18,Wine Glass - Lexington Red,CleanHome Supplies,,,
BB-16719,BN-BB-16719-01,276.0,2026-06-02,2028-08-10,active,2026-06-16,Rushikanti Multani Mitti With Kamal,CareWell Distributors,,,2028-08-10
BB-16737,BN-BB-16737-01,178.0,2026-06-11,2026-12-12,active,2026-06-15,"X-press Instant Noodles - Masala Delight, Super Saver Pack",SweetSource Regional,,,2026-12-12
BB-16746,BN-BB-16746-01,157.0,2026-05-30,2026-07-12,expired,2026-06-15,"Pizza Cheese - Mozzarella, Diced",DairyBest Krishna,,,2026-07-12
BB-16755,BN-BB-16755-01,1381.0,2026-06-04,,active,2026-06-15,"Steel Spoon set - Baby, Monde",FreshFarm Veg Market,,,
BB-16765,BN-BB-16765-01,0.0,2026-06-10,2026-06-14,disposed,2026-06-21,Baby Corn - Unpeeled,FruitKing South,2026-06-28 20:44:34,USR002,2026-06-14
BB-16780,BN-BB-16780-01,640.0,2026-06-10,2028-05-16,active,2026-06-17,Life On Coconut Shampoo & Shower Gel,CareWell Distributors,,,2028-05-16
BB-16781,BN-BB-16781-01,585.0,2026-06-12,2026-07-09,disposed,2026-06-16,"Country Cage Free Eggs - Medium, Antibiotic Residue-Free",BabyBase Supplies,2026-07-13T04:27:07.193479+00:00,USR002,2026-07-09
BB-16784,BN-BB-16784-01,2624.0,2026-06-05,2028-04-18,active,2026-06-19,Eau De Toilette For Men,CareWell Distributors,,,2028-04-18
BB-16789,BN-BB-16789-01,283.0,2026-06-11,2027-07-02,active,2026-06-15,"Wax Diya - Matki, Assorted Colour, ED147BIG",CleanHome Supplies,,,2027-07-02
BB-1679,BN-BB-1679-01,0.0,2025-06-17,2026-06-28,disposed,2025-06-25,Fortified Rice Bran Oil,GrainCo Vijayawada,2026-06-28 20:44:42,USR002,2026-06-28
BB-16799,BN-BB-16799-01,4118.0,2026-06-08,2028-07-08,active,2026-06-16,Signature Gold Iced Vetiver & Fresh Lavender Perfume,CareWell Distributors,,,2028-07-08
BB-16833,BN-BB-16833-01,174.0,2026-06-03,2027-02-21,active,2026-06-15,Tulsi Powder,DairyBest Krishna,,,2027-02-21
BB-16844,BN-BB-16844-01,35.0,2026-05-02,2026-10-02,active,2026-05-15,Chocolate Drink,DairyBest Krishna,,,2026-10-02
BB-16848,BN-BB-16848-01,1974.0,2026-06-06,2027-03-01,active,2026-06-18,Grinder - Sea Salt,CleanHome Supplies,,,2027-03-01
BB-16870,BN-BB-16870-01,958.0,2026-06-12,2026-08-27,active,2026-06-20,Almond Milk - Chocolate,DairyBest Krishna,,,2026-08-27
BB-16878,BN-BB-16878-01,1771.0,2026-06-05,,active,2026-06-18,"Steel Lid/Cover For Utensils, Kadai & Tope - No.16",CleanHome Supplies,,,
BB-16880,BN-BB-16880-01,163.0,2026-06-11,2027-02-11,active,2026-06-16,Preserve - Blackcurrant (Scottish),PaperEdge Stationery,,,2027-02-11
BB-16892,BN-BB-16892-01,1387.0,2026-06-01,2027-05-13,active,2026-06-17,Octane Colour Fest Blue Ball Pen,CleanHome Supplies,,,2027-05-13
BB-16898,BN-BB-16898-01,670.0,2026-06-05,2027-06-27,active,2026-06-16,Organic - Coriander Powder,GrainCo Vijayawada,,,2027-06-27
BB-16916,BN-BB-16916-01,2554.0,2026-06-14,2027-02-28,active,2026-06-20,Jeera Masala Flavoured Soda,BevCorp India,,,2027-02-28
BB-1692,BN-BB-1692-01,303.0,2026-06-08,2028-04-20,active,2026-06-19,Perfume Body Spray - Storm,CareWell Distributors,,,2028-04-20
BB-16948,BN-BB-16948-01,1212.0,2026-06-04,2028-04-30,active,2026-06-16,"Body Cream - Smoothes, Softens & Protects",CareWell Distributors,,,2028-04-30
BB-16974,BN-BB-16974-01,1261.0,2026-06-07,2028-05-07,active,2026-06-18,Bio Pineapple Oil Control Foaming Face Wash,CareWell Distributors,,,2028-05-07
BB-16978,BN-BB-16978-01,151.0,2026-06-09,2028-07-27,active,2026-06-18,Orange Peel-Off Mask,CareWell Distributors,,,2028-07-27
BB-1698,BN-BB-1698-01,184.0,2026-06-06,2027-03-25,active,2026-06-17,Cashew W180,FestiveWorld Supplies,,,2027-03-25
BB-16988,BN-BB-16988-01,364.0,2026-06-06,2028-05-13,active,2026-06-18,Panty Liners - Intima Large,CareWell Distributors,,,2028-05-13
BB-16993,BN-BB-16993-01,728.0,2026-06-03,2027-03-10,active,2026-06-15,Caramel Flavour Essence,ChillZone Logistics,,,2027-03-10
BB-17000,BN-BB-17000-01,0.0,2025-06-03,2026-06-25,disposed,2025-06-16,"Envelope - Brown, 10.5 x 4.5 inches",CleanHome Supplies,2026-06-28 20:44:48,USR002,2026-06-25
BB-17001,BN-BB-17001-01,370.0,2026-06-04,2026-12-01,active,2026-06-17,Aloo Tikki,SweetSource Regional,,,2026-12-01
BB-17020,BN-BB-17020-01,329.0,2026-06-09,2027-04-02,active,2026-06-20,"Nutrition Drink - Health, Energy & Sports",BevCorp India,,,2027-04-02
BB-17025,BN-BB-17025-01,1226.0,2026-06-06,2026-08-21,active,2026-06-16,"Cookies - Oatmeal, Crunchy",DairyBest Krishna,,,2026-08-21
BB-17027,BN-BB-17027-01,645.0,2026-06-12,,active,2026-06-18,"Safelite LED Bulb - 0.5 Watt, Yellow, Cool Day, B22",GrainCo Vijayawada,,,
BB-17045,BN-BB-17045-01,405.0,2026-06-05,2027-06-28,active,2026-06-16,Signature Turkish Hazelnut,GrainCo Vijayawada,,,2027-06-28
BB-1705,BN-BB-1705-01,911.0,2026-06-12,2027-02-16,active,2026-06-20,Icecream Mix - Strawberry,FestiveWorld Supplies,,,2027-02-16
BB-17051,BN-BB-17051-01,1459.0,2026-06-04,2026-11-29,active,2026-06-16,Thinz - Almond,SweetSource Regional,,,2026-11-29
BB-17055,BN-BB-17055-01,4570.0,2026-06-06,,active,2026-06-16,"Stainless Steel Tomato Knife - 8 Inch, Silver",CleanHome Supplies,,,
BB-17060,BN-BB-17060-01,947.0,2026-06-04,2027-05-30,active,2026-06-15,"Red Chilli - Long, Pesticide Free",GrainCo Vijayawada,,,2027-05-30
BB-1707,BN-BB-1707-01,238.0,2026-05-01,2028-05-15,active,2026-05-12,FIAMA Shower Gel Lemongrass Jojoba 100ml + FIAMA Shower Gel Peach Avocado 100 ml,CareWell Distributors,,,2028-05-15
BB-17075,BN-BB-17075-01,1062.0,2026-06-02,2028-03-21,active,2026-06-17,"Deodorant Body Spray - Dark for Woman, New",CareWell Distributors,,,2028-03-21
BB-17077,BN-BB-17077-01,159.0,2026-06-11,2027-02-23,active,2026-06-19,Miniatures,DairyBest Krishna,,,2027-02-23
BB-17083,BN-BB-17083-01,638.0,2026-06-10,,active,2026-06-18,Bite & Sip Flask And Lunch Box - Red Colour,MedLife Wholesale,,,
BB-17088,BN-BB-17088-01,0.0,2025-12-23,2026-06-14,disposed,2026-01-05,Ready to Eat - Rajma Masala,SweetSource Regional,2026-06-28 20:44:54,USR002,2026-06-14
BB-17102,BN-BB-17102-01,2558.0,2026-06-09,2026-12-03,active,2026-06-15,"Wood - Centre Filled Bar Infused With Dark Mousse, Cinnamon & Coffee",SweetSource Regional,,,2026-12-03
BB-17107,BN-BB-17107-01,80.0,2025-06-18,,active,2025-06-23,"Notebook - Soft Bound, Un Ruled, Long Size",CleanHome Supplies,2026-06-28 20:45:00,USR002,
BB-17121,BN-BB-17121-01,1589.0,2026-06-08,2028-04-16,active,2026-06-15,Daily Liners - Clean & Fresh,CareWell Distributors,,,2028-04-16
BB-17134,BN-BB-17134-01,1544.0,2026-06-08,2028-05-11,active,2026-06-17,Shower Gel - Patchouli & Macadamia,CareWell Distributors,,,2028-05-11
BB-1717,BN-BB-1717-01,1904.0,2026-06-09,2027-06-15,active,2026-06-16,Organic - Tumeric Powder,GrainCo Vijayawada,,,2027-06-15
BB-17176,BN-BB-17176-01,1001.0,2026-06-08,2028-05-23,active,2026-06-16,Shatavari Capsules,CareWell Distributors,,,2028-05-23
BB-17182,BN-BB-17182-01,242.0,2026-06-16,2028-05-24,active,2026-06-19,Raw Shilajeet Black Drops,CareWell Distributors,,,2028-05-24
BB-17184,BN-BB-17184-01,3183.0,2026-06-02,2028-04-27,active,2026-06-16,Whitening & UV Protection Body Lotion,CareWell Distributors,,,2028-04-27
BB-17185,BN-BB-17185-01,979.0,2026-06-04,2027-05-02,active,2026-06-19,Soothing Baby Wipes,BabyBase Supplies,,,2027-05-02
BB-17227,BN-BB-17227-01,1724.0,2026-06-08,2027-02-11,active,2026-06-16,Gluten-Free Rajgira Atta/Amaranth Flour,SeasonProof Gear,,,2027-02-11
BB-17232,BN-BB-17232-01,1107.0,2026-06-04,2027-04-28,active,2026-06-19,Natural Baby Lotion,BabyBase Supplies,,,2027-04-28
BB-1724,BN-BB-1724-01,1792.0,2026-06-01,2027-03-04,active,2026-06-15,Pasta Sauce - Parmesan & Romano,SweetSource Regional,,,2027-03-04
BB-17253,BN-BB-17253-01,2021.0,2026-06-04,2028-07-09,active,2026-06-20,Perfume Spray - Blue Revlon,CareWell Distributors,,,2028-07-09
BB-17260,BN-BB-17260-01,492.0,2026-06-09,2027-07-03,active,2026-06-17,"Dustbin/Basket - Plastic, 11.5 Inch, Grey",CleanHome Supplies,,,2027-07-03
BB-17267,BN-BB-17267-01,886.0,2026-06-06,2027-07-08,active,2026-06-20,Max Gel Sink & Pipe - Unblocker,CleanHome Supplies,,,2027-07-08
BB-17269,BN-BB-17269-01,0.0,2024-06-09,2026-06-25,disposed,2024-06-24,Palette Intensive Colour Cream Long Lasting Intensity 7-0 Medium Blonde,CareWell Distributors,2026-06-28 15:48:35,USR002,2026-06-25
BB-17282,BN-BB-17282-01,487.0,2026-06-06,2027-06-21,active,2026-06-15,Asafoetida - Powder,GrainCo Vijayawada,,,2027-06-21
BB-17288,BN-BB-17288-01,1285.0,2026-06-04,2027-02-18,active,2026-06-19,Olives Natural Black Slices,BakeMaster Artisans,,,2027-02-18
BB-17290,BN-BB-17290-01,1103.0,2026-06-05,2027-03-25,active,2026-06-19,Emmental,OilTrade AP,,,2027-03-25
BB-17291,BN-BB-17291-01,596.0,2026-06-06,,active,2026-06-19,Tea/Coffee Glass Mug Set,OilTrade AP,,,
BB-17292,BN-BB-17292-01,1533.0,2026-06-06,2028-07-03,active,2026-06-18,Bonacure Cell Perfector - Repair Rescue Treatment Masque,CareWell Distributors,,,2028-07-03
BB-17334,BN-BB-17334-01,3799.0,2026-06-09,2028-07-19,active,2026-06-15,Condoms - Air,CareWell Distributors,,,2028-07-19
BB-17341,BN-BB-17341-01,511.0,2026-06-13,2027-07-11,active,2026-06-19,"Bottle - Feeding, Comfort Handle, Impru-Hold, Assorted Color",BabyBase Supplies,,,2027-07-11
BB-17348,BN-BB-17348-01,675.0,2026-06-02,2028-04-02,active,2026-06-18,Tropical Alphonso Lip Balm,CareWell Distributors,,,2028-04-02
BB-1736,BN-BB-1736-01,246.0,2026-06-09,2027-02-11,active,2026-06-16,Makhana Tangy,DairyBest Krishna,,,2027-02-11
BB-17380,BN-BB-17380-01,493.0,2026-06-04,2027-05-05,active,2026-06-15,"Plastic Mug With Handle - Peach, Nova, 15210-PCH",CleanHome Supplies,,,2027-05-05
BB-17391,BN-BB-17391-01,2060.0,2026-06-04,2028-07-12,active,2026-06-19,Man In Black Eau De Parfum,CareWell Distributors,,,2028-07-12
BB-17394,BN-BB-17394-01,168.0,2026-06-05,2027-05-20,active,2026-06-16,bb Royal Thin Poha 1Kg + Besan Flour + Ordinary Sooji (Each 1kg),GrainCo Vijayawada,,,2027-05-20
BB-17396,BN-BB-17396-01,3014.0,2026-06-14,2026-12-03,active,2026-06-18,Popped Potato Chips - Masala Trekkin,SweetSource Regional,,,2026-12-03
BB-17397,BN-BB-17397-01,146.0,2026-06-07,2028-08-04,active,2026-06-17,ZigZag Anti-Bacterial Toothbrush - Medium,CareWell Distributors,,,2028-08-04
BB-17431,BN-BB-17431-01,1430.0,2026-06-11,2028-04-21,active,2026-06-20,Collagen Face Mask,CareWell Distributors,,,2028-04-21
BB-17438,BN-BB-17438-01,567.0,2026-05-30,2028-06-14,active,2026-06-15,Moroccan Argan Shampoo,CareWell Distributors,,,2028-06-14
BB-17440,BN-BB-17440-01,445.0,2026-06-02,2028-03-21,active,2026-06-17,Everyday Essentials,CareWell Distributors,,,2028-03-21
BB-17447,BN-BB-17447-01,253.0,2026-06-07,2027-02-21,active,2026-06-18,Wafer Roll - Twister Vanilla Chocolate with Milk Vanilla Cream,CareWell Distributors,,,2027-02-21
BB-17450,BN-BB-17450-01,1245.0,2026-06-04,2028-06-26,active,2026-06-16,Coconut Water & Aloe Vera Volume Hair Shampoo,CareWell Distributors,,,2028-06-26
BB-17476,BN-BB-17476-01,230.0,2026-06-07,2026-12-15,active,2026-06-19,Frozen - Sweet Corn,SweetSource Regional,,,2026-12-15
BB-17477,BN-BB-17477-01,1381.0,2026-06-13,2027-06-09,active,2026-06-20,A2 Rich Desi Gir Cow Ghee/Tuppa,GrainCo Vijayawada,,,2027-06-09
BB-17482,BN-BB-17482-01,212.0,2026-06-07,,active,2026-06-18,Asian Venus Casserole For Roti/Chapati - Blue,ChillZone Logistics,,,
BB-17496,BN-BB-17496-01,54.0,2026-05-20,2027-04-24,active,2026-05-28,"Powder - Nutmeg/Jayikayi, Travancore",GrainCo Vijayawada,,,2027-04-24
BB-17499,BN-BB-17499-01,1845.0,2026-06-04,2026-11-17,active,2026-06-17,Panipuri Pellets,SweetSource Regional,,,2026-11-17
BB-1750,BN-BB-1750-01,3594.0,2026-06-08,,active,2026-06-19,"Aqua Stainless Steel Bottle With Steel Cap - Metallic Green Finish, PXP 1003 CK",BabyBase Supplies,,,
BB-17503,BN-BB-17503-01,4486.0,2026-06-06,2028-05-23,active,2026-06-17,Woman - Azure Body Mist,CareWell Distributors,,,2028-05-23
BB-17510,BN-BB-17510-01,797.0,2026-06-11,2027-05-30,active,2026-06-18,Mopping Cloth - Big,CleanHome Supplies,,,2027-05-30
BB-17518,BN-BB-17518-01,1807.0,2026-06-09,,active,2026-06-16,Prince Pilot Plastic Container Set - Pink,BevCorp India,,,
BB-1752,BN-BB-1752-01,2249.0,2026-06-03,2027-02-21,active,2026-06-17,Green Asparagus - Spears,CleanHome Supplies,,,2027-02-21
BB-17522,BN-BB-17522-01,577.0,2026-05-27,2027-03-14,active,2026-06-04,Flaxseed Hull Powder - Lignans,CareWell Distributors,,,2027-03-14
BB-17531,BN-BB-17531-01,1886.0,2026-06-05,2028-05-18,active,2026-06-16,"Loofah/Sponge Scrubber/Body Bath - Dual Side, Hangable, Blue, BH-070",CareWell Distributors,,,2028-05-18
BB-17554,BN-BB-17554-01,1648.0,2026-06-08,2027-06-25,active,2026-06-19,Masala - Dal Makhni,GrainCo Vijayawada,,,2027-06-25
BB-17571,BN-BB-17571-01,384.0,2026-06-05,2027-06-12,active,2026-06-16,Awadhi Kadhai Chicken Masala,GrainCo Vijayawada,,,2027-06-12
BB-17574,BN-BB-17574-01,1607.0,2026-06-04,2027-05-13,active,2026-06-15,Incense Sticks - Dasara,CleanHome Supplies,,,2027-05-13
BB-1758,BN-BB-1758-01,995.0,2026-06-12,2027-02-10,active,2026-06-17,Multigrain Energy Bar - Nuts n Seed,BabyBase Supplies,,,2027-02-10
BB-17599,BN-BB-17599-01,146.0,2026-06-09,2027-06-13,active,2026-06-17,Malabar Black Pepper Powder,GrainCo Vijayawada,,,2027-06-13
BB-176,BN-BB-176-01,1748.0,2026-06-07,2027-05-24,active,2026-06-18,Veggie Wash,CleanHome Supplies,,,2027-05-24
BB-17603,BN-BB-17603-01,652.0,2026-06-07,2027-03-16,active,2026-06-19,Health Mix - Nutritious & Tasty Blend,CareWell Distributors,,,2027-03-16
BB-17604,BN-BB-17604-01,653.0,2026-06-08,2028-07-19,active,2026-06-18,For Men Set - Eau De Toilette + Deodorant,CareWell Distributors,,,2028-07-19
BB-17615,BN-BB-17615-01,74.0,2026-06-06,2026-09-26,active,2026-06-19,Chicken Cheese Sausages,DairyBest Krishna,,,2026-07-09
BB-1762,BN-BB-1762-01,1220.0,2026-06-06,2028-04-27,active,2026-06-19,Natural Moisturizing Lip Butter,CareWell Distributors,,,2028-04-27
BB-17622,BN-BB-17622-01,531.0,2026-05-31,2027-03-16,active,2026-06-15,Roasted Pumpkin Seeds,BabyBase Supplies,,,2027-03-16
BB-1763,BN-BB-1763-01,734.0,2026-06-12,2027-02-13,active,2026-06-17,Organic Classic Peach Ice Tea,BevCorp India,,,2027-02-13
BB-17634,BN-BB-17634-01,486.0,2026-06-05,2027-07-09,active,2026-06-18,Organic Besan/Kadale Hittu,GrainCo Vijayawada,,,2027-07-09
BB-17635,BN-BB-17635-01,444.0,2026-06-13,2027-03-09,active,2026-06-18,Toasted Millet Muesli - Fig & Honey With Salted Pistachios,SweetSource Regional,,,2027-03-09
BB-17636,BN-BB-17636-01,122.0,2026-06-09,2027-06-13,active,2026-06-19,Universal Floor Cleaner - Lavender,CleanHome Supplies,,,2027-06-13
BB-1765,BN-BB-1765-01,429.0,2026-06-01,2028-07-11,active,2026-06-15,Enriched Coconut Hair Oil - With 7 Ayurvedic Herbs,CareWell Distributors,,,2028-07-11
BB-17654,BN-BB-17654-01,5116.0,2026-06-06,2028-07-20,active,2026-06-17,Perfecta Ultra Extra Soft Sanitary Napkins,CareWell Distributors,,,2028-07-20
BB-17706,BN-BB-17706-01,290.0,2026-06-10,2026-12-15,active,2026-06-19,Natural Peanut Butter Smooth - Unsweetened/Gluten Free/ Non-GMO/Vegan,SweetSource Regional,,,2026-12-15
BB-17710,BN-BB-17710-01,4374.0,2026-06-09,2028-04-16,active,2026-06-16,Cream Hair Colour - Natural Black,CareWell Distributors,,,2028-04-16
BB-1776,BN-BB-1776-01,923.0,2026-06-05,2027-03-03,active,2026-06-15,Chocolate Chip Cookies,GrainCo Vijayawada,,,2027-03-03
BB-17763,BN-BB-17763-01,321.0,2026-06-01,2028-07-30,active,2026-06-18,Immunity Booster Gummies For Kids,CareWell Distributors,,,2028-07-30
BB-17768,BN-BB-17768-01,2020.0,2026-06-11,2028-04-03,active,2026-06-17,Herbal Charcoal Mud Mask,CareWell Distributors,,,2028-04-03
BB-17792,BN-BB-17792-01,23.0,2026-06-12,2028-04-23,active,2026-06-19,"Cold Processed Lemongrass Haldi Soap for Bright Skin, Unclogs Pores",CareWell Distributors,,,2028-04-23
BB-17797,BN-BB-17797-01,0.0,2024-06-20,2026-06-18,disposed,2024-06-23,Face Scrub - Enriched With Kiwi Extract & Natural Exfoilant,CareWell Distributors,2026-06-28 16:07:46,USR002,2026-06-18
BB-178,BN-BB-178-01,1096.0,2026-06-09,2027-02-12,active,2026-06-18,Water-based Electrolyte Drink,BevCorp India,,,2027-02-12
BB-17802,BN-BB-17802-01,1415.0,2026-06-09,2026-12-03,active,2026-06-17,Idly Dosa Batter - Mildly Salted,SweetSource Regional,,,2026-12-03
BB-17812,BN-BB-17812-01,912.0,2026-06-07,2027-05-17,active,2026-06-17,Manicure Set In Case,BabyBase Supplies,,,2027-05-17
BB-17817,BN-BB-17817-01,458.0,2026-06-16,2027-06-24,active,2026-06-19,Organic Amaranth Seed,GrainCo Vijayawada,,,2027-06-24
BB-17824,BN-BB-17824-01,1143.0,2026-06-05,2028-08-08,active,2026-06-18,X-Tenso Care Straight Shampoo,CareWell Distributors,,,2028-08-08
BB-17825,BN-BB-17825-01,14.0,2026-06-08,2028-08-11,active,2026-06-16,Dry Comfort Sanitary Napkin Extra Long 275mm,CareWell Distributors,,,2028-08-11
BB-17837,BN-BB-17837-01,118.0,2026-06-03,2026-09-27,active,2026-06-19,Papaya - Raw,FruitKing South,,,2026-07-10
BB-17849,BN-BB-17849-01,64.0,2026-06-02,2026-08-23,active,2026-06-15,Carrot Walnut Cake - 100% Wholewheat,DairyBest Krishna,,,2026-08-23
BB-17856,BN-BB-17856-01,538.0,2026-05-30,2027-06-01,active,2026-06-15,Pure Country Jaggery/Bella Powder,GrainCo Vijayawada,,,2027-06-01
BB-17868,BN-BB-17868-01,691.0,2026-06-07,2027-05-12,active,2026-06-17,So Soft Wet Wipes - Rose Flavour,CleanHome Supplies,,,2027-05-12
BB-17876,BN-BB-17876-01,505.0,2026-06-08,2028-05-04,active,2026-06-18,Styling Cream Original Non Greasy,CareWell Distributors,,,2028-05-04
BB-17885,BN-BB-17885-01,187.0,2026-06-05,2027-03-23,active,2026-06-20,"Ice Cream - Chocolate Almond, Stick",CleanHome Supplies,,,2027-03-23
BB-17887,BN-BB-17887-01,1721.0,2026-06-10,2027-06-02,active,2026-06-20,"Imported Toilet Tissue Paper - Perfumed, Powder Scented 3Ply",CleanHome Supplies,,,2027-06-02
BB-17890,BN-BB-17890-01,767.0,2026-06-08,2028-07-09,active,2026-06-16,Prasaranyadi Kwath,CareWell Distributors,,,2028-07-09
BB-1791,BN-BB-1791-01,660.0,2026-06-08,2028-05-06,active,2026-06-17,Antiseptic Disinfectant Liquid,CareWell Distributors,,,2028-05-06
BB-17913,BN-BB-17913-01,3495.0,2026-06-03,2027-05-25,active,2026-06-15,Masala - Kulambu Chilly,GrainCo Vijayawada,,,2027-05-25
BB-17968,BN-BB-17968-01,121.0,2026-06-02,2028-05-27,active,2026-06-18,3D Intense Revitaliser Serum,CareWell Distributors,,,2028-05-27
BB-17994,BN-BB-17994-01,44.0,2024-06-21,,active,2024-06-27,"Chai/Stainless Steel Coffee Mug - Good Ideas, Double Walled",SeasonProof Gear,,,
BB-18009,BN-BB-18009-01,1254.0,2026-06-01,2028-07-22,active,2026-06-18,Phalkalyan Ghrita - For Women's Health,CareWell Distributors,,,2028-07-22
BB-1801,BN-BB-1801-01,786.0,2026-06-12,2027-02-27,active,2026-06-19,Coconut Oil - Cold Pressed,GrainCo Vijayawada,,,2027-02-27
BB-18010,BN-BB-18010-01,340.0,2026-06-08,2026-12-13,active,2026-06-17,"Muesli Breakfast Cereal - With Multigrain & 21% Fruit, Nut & Seeds",SweetSource Regional,,,2026-12-13
BB-18014,BN-BB-18014-01,292.0,2026-06-13,2027-02-14,active,2026-06-18,Extra Virgin Olive Oil,CleanHome Supplies,,,2027-02-14
BB-18050,BN-BB-18050-01,3656.0,2026-06-13,2028-06-02,active,2026-06-17,Kera-Veda Soyashine Soya Protein & Brahmi Shampoo,CareWell Distributors,,,2028-06-02
BB-18065,BN-BB-18065-01,1206.0,2026-06-13,2027-06-01,active,2026-06-17,Organic - Ragi Flour/Ragi Hittu,GrainCo Vijayawada,,,2027-06-01
BB-18067,BN-BB-18067-01,249.0,2026-06-10,2026-12-19,active,2026-06-20,Moong Dal,SweetSource Regional,,,2026-12-19
BB-18079,BN-BB-18079-01,800.0,2026-06-11,2028-04-08,active,2026-06-18,Refreshing Cleansing Milk,CareWell Distributors,,,2028-04-08
BB-18093,BN-BB-18093-01,547.0,2026-06-08,2027-02-22,active,2026-06-16,Cinnamon-Infused Honey,FruitKing South,,,2027-02-22
BB-18100,BN-BB-18100-01,1480.0,2026-06-09,,active,2026-06-18,"Tejas LED Bulb - 7 Watt, White, Cool Day, B22",GrainCo Vijayawada,,,
BB-18122,BN-BB-18122-01,165.0,2026-06-13,2026-12-19,active,2026-06-19,22 Carat Bikaneri Papad - Small,SweetSource Regional,,,2026-12-19
BB-18133,BN-BB-18133-01,432.0,2026-06-16,2028-08-02,active,2026-06-19,"Shot Body Spray- Absolute Series, Game",CareWell Distributors,,,2028-08-02
BB-18137,BN-BB-18137-01,228.0,2026-06-13,2028-06-02,active,2026-06-19,Refreshing Body Oil With Terai Mint & Sugandhara,CareWell Distributors,,,2028-06-02
BB-18140,BN-BB-18140-01,2812.0,2026-06-13,2027-03-27,active,2026-06-20,Indian Jujube Blossom Honey,CleanHome Supplies,,,2027-03-27
BB-1815,BN-BB-1815-01,244.0,2026-06-09,2028-05-25,active,2026-06-20,Bael - Tablets (Wellness),CareWell Distributors,,,2028-05-25
BB-18159,BN-BB-18159-01,1730.0,2026-06-11,2028-07-03,active,2026-06-15,Skin Fit - Post-Workout Cooldown Hydrating Gel,CareWell Distributors,,,2028-07-03
BB-18160,BN-BB-18160-01,2815.0,2026-06-14,,active,2026-06-19,Stainless Steel Lunch Box/Tiffin Set - Green BB573GRN,CareWell Distributors,,,
BB-18169,BN-BB-18169-01,264.0,2026-06-03,2028-07-24,active,2026-06-16,Face Mask With Vitamin C & Kaolin Clay 100g +Skin Illuminate Vitamin C Serum 30g,CareWell Distributors,,,2028-07-24
BB-18250,BN-BB-18250-01,761.0,2026-06-03,2027-02-11,active,2026-06-18,Ice Cream - Blueberries & Cream,ChillZone Logistics,,,2027-02-11
BB-18264,BN-BB-18264-01,332.0,2026-06-06,2028-06-29,active,2026-06-17,N150 Man Cool Paranoia Eau De Toilette,CareWell Distributors,,,2028-06-29
BB-18266,BN-BB-18266-01,883.0,2026-06-08,2026-12-02,active,2026-06-20,Meetha Paan - With Real Gulkand,SweetSource Regional,,,2026-12-02
BB-18293,BN-BB-18293-01,863.0,2026-06-03,2028-06-01,active,2026-06-16,Beauty Cream,CareWell Distributors,,,2028-06-01
BB-18295,BN-BB-18295-01,257.0,2026-06-14,,active,2026-06-20,Bottle Opener - Stainless Steel,BakeMaster Artisans,,,
BB-18307,BN-BB-18307-01,1162.0,2026-06-01,2026-11-26,active,2026-06-17,Poha,SweetSource Regional,,,2026-11-26
BB-18308,BN-BB-18308-01,3215.0,2026-06-07,2027-05-08,active,2026-06-17,Rosemary,GrainCo Vijayawada,,,2027-05-08
BB-18309,BN-BB-18309-01,180.0,2026-06-04,,active,2026-06-15,"Glass Casserole With Lid - Round, Angelica",FestiveWorld Supplies,,,
BB-18311,BN-BB-18311-01,18.0,2025-09-23,2026-08-26,active,2025-10-02,Classic Instant Coffee,BevCorp India,,,2026-08-26
BB-18326,BN-BB-18326-01,3517.0,2026-06-08,2028-04-19,active,2026-06-20,"Romance, Rose Shower Gel With Skin Conditioners",CareWell Distributors,,,2028-04-19
BB-1833,BN-BB-1833-01,5228.0,2026-06-10,2028-08-17,active,2026-06-19,Perfect Radiance Intense Whitening Serum,CareWell Distributors,,,2028-08-17
BB-18335,BN-BB-18335-01,180.0,2026-05-16,2027-05-24,active,2026-06-02,Glass Cleaner - Aquatic,CleanHome Supplies,,,2027-05-24
BB-18353,BN-BB-18353-01,321.0,2026-06-03,2028-04-16,active,2026-06-15,"Shower Sponge - Green & White, Colour May Vary",CareWell Distributors,,,2028-04-16
BB-18370,BN-BB-18370-01,2333.0,2026-06-05,2028-06-11,active,2026-06-16,Lavender Essential Oil,CareWell Distributors,,,2028-06-11
BB-18375,BN-BB-18375-01,260.0,2026-06-07,2027-06-25,active,2026-06-18,Organic - Sunflower Oil,GrainCo Vijayawada,,,2027-06-25
BB-18382,BN-BB-18382-01,176.0,2026-06-08,2028-08-17,active,2026-06-18,Total Advanced Health Anticavity Toothpaste,CareWell Distributors,,,2028-08-17
BB-18405,BN-BB-18405-01,3573.0,2026-06-06,2028-08-11,active,2026-06-16,"Perfumed Deo Spray - Charming, For Women",CareWell Distributors,,,2028-08-11
BB-18421,BN-BB-18421-01,641.0,2026-06-06,2027-06-26,active,2026-06-18,Organic Green Moong Dal/Hesaru Bele - Whole,GrainCo Vijayawada,,,2027-06-26
BB-18428,BN-BB-18428-01,2205.0,2026-06-12,2027-02-28,active,2026-06-20,Fruit Power Juice - Pineapple,BevCorp India,,,2027-02-28
BB-18434,BN-BB-18434-01,369.0,2026-06-08,2027-05-02,active,2026-06-16,Brass Fancy Kerela Samay Diya Oil Diwali Puja Lamp S10 - Golden,CleanHome Supplies,,,2027-05-02
BB-18445,BN-BB-18445-01,666.0,2026-05-31,,active,2026-06-16,"Glass Water Bottle With Round Base - Red, BB1361",BabyBase Supplies,,,
BB-18447,BN-BB-18447-01,463.0,2026-06-08,2027-05-31,active,2026-06-18,"Disinfectant - Spray, Original, 225 ml + Skin & Surface Wipes, Original 40 pcs",CleanHome Supplies,,,2027-05-31
BB-18449,BN-BB-18449-01,2618.0,2026-06-07,2027-07-01,active,2026-06-15,Perfecto Geometry Box Set,CleanHome Supplies,,,2027-07-01
BB-18452,BN-BB-18452-01,517.0,2026-06-03,2028-06-26,active,2026-06-20,Banaba Leaves Powder - Supports Low Blood Pressure & Healthy Blood Flow,CareWell Distributors,,,2028-06-26
BB-1846,BN-BB-1846-01,486.0,2026-06-11,2027-05-06,active,2026-06-17,Organic Ginger Sliced,GrainCo Vijayawada,,,2027-05-06
BB-18485,BN-BB-18485-01,720.0,2026-06-09,,active,2026-06-15,100% Melamine Tumbler Set - Green,FruitKing South,,,
BB-18498,BN-BB-18498-01,1318.0,2026-06-02,2028-04-27,active,2026-06-18,Tea Tree Essential Oil,CareWell Distributors,,,2028-04-27
BB-18512,BN-BB-18512-01,2109.0,2026-06-01,2028-04-11,active,2026-06-16,Jwalini Retexturising Skin Treatment Oil,CareWell Distributors,,,2028-04-11
BB-18518,BN-BB-18518-01,127.0,2026-06-10,2028-08-15,active,2026-06-17,Kanchanara Guggulu - 500 mg,CareWell Distributors,,,2028-08-15
BB-18542,BN-BB-18542-01,563.0,2026-06-11,2026-12-15,active,2026-06-17,Heat to Eat - Cheesy Pasta With Black Olives,SweetSource Regional,,,2026-12-15
BB-18563,BN-BB-18563-01,1928.0,2026-06-09,2028-07-28,active,2026-06-15,Charge Body Deodorant,CareWell Distributors,,,2028-07-28
BB-18579,BN-BB-18579-01,1046.0,2026-06-02,,active,2026-06-17,Green Tea Mugs With Message,ChillZone Logistics,,,
BB-18580,BN-BB-18580-01,1145.0,2026-06-05,2027-05-30,active,2026-06-15,Steel Mop,CleanHome Supplies,,,2027-05-30
BB-18581,BN-BB-18581-01,159.0,2026-06-06,2027-06-23,active,2026-06-20,Organic - Green Peas/Ona Batani,GrainCo Vijayawada,,,2027-06-23
BB-18589,BN-BB-18589-01,712.0,2026-06-10,2026-10-01,active,2026-06-18,Kiwi - Sun Gold,FruitKing South,,,2026-07-10
BB-18599,BN-BB-18599-01,1148.0,2026-06-01,2027-05-13,active,2026-06-16,Single Line Soft Bound Long Book 19x31 Cm,CleanHome Supplies,,,2027-05-13
BB-18603,BN-BB-18603-01,835.0,2026-06-10,2027-02-17,active,2026-06-19,Instant Popcorn - BBQ,SweetSource Regional,,,2027-02-17
BB-18608,BN-BB-18608-01,79.0,2026-06-01,2027-02-14,active,2026-06-09,6 Plain Flour Great Source Of Fiber,GrainCo Vijayawada,,,2027-02-14
BB-1861,BN-BB-1861-01,1089.0,2026-06-08,2028-03-29,active,2026-06-16,Root Energising Oil,CareWell Distributors,,,2028-03-29
BB-18615,BN-BB-18615-01,245.0,2026-05-04,2028-07-08,active,2026-05-11,Flex Body Building Shampoo - Normal To Dry,CareWell Distributors,,,2028-07-08
BB-18618,BN-BB-18618-01,2024.0,2026-06-03,,active,2026-06-16,Plastic Pro Lock 4 Side Lock Container - Gray,FruitKing South,,,
BB-18619,BN-BB-18619-01,152.0,2026-06-11,2028-07-03,active,2026-06-19,"Deep Cleansing Soap - With Charcoal, Shea Butter & Wheat Germ Oil",CareWell Distributors,,,2028-07-03
BB-18630,BN-BB-18630-01,596.0,2026-05-31,2028-03-29,active,2026-06-16,Wet Dog Food - Chicken & Vegetable Chunks In Gravy,SeasonProof Gear,,,2028-03-29
BB-18634,BN-BB-18634-01,419.0,2026-06-09,2027-02-11,active,2026-06-17,Sephra Fruit Center Filled Choco Assortments.,BakeMaster Artisans,,,2027-02-11
BB-18639,BN-BB-18639-01,202.0,2026-05-09,2027-04-04,active,2026-05-15,Fabric Conditioner - Ocean Breeze,CleanHome Supplies,,,2027-04-04
BB-18643,BN-BB-18643-01,1243.0,2026-06-04,,active,2026-06-18,"Glass Set - Whiskey, Camilo",GrainCo Vijayawada,,,
BB-18645,BN-BB-18645-01,137.0,2026-06-07,2026-12-06,active,2026-06-16,Sweet Chilli Tortilla Chips,SweetSource Regional,,,2026-12-06
BB-18648,BN-BB-18648-01,161.0,2026-06-08,2028-05-12,active,2026-06-16,Fit Me Matte+Poreless Liquid Foundation,CareWell Distributors,,,2028-05-12
BB-18674,BN-BB-18674-01,0.0,2024-06-18,2026-06-17,disposed,2024-06-25,Caffeine Series - De Tan Coffee Face Scrub,CareWell Distributors,2026-06-28 16:07:38,USR002,2026-06-17
BB-18677,BN-BB-18677-01,499.0,2026-06-09,2026-08-21,active,2026-06-17,Punjabi Paneer,DairyBest Krishna,,,2026-08-21
BB-18697,BN-BB-18697-01,2309.0,2026-06-11,2028-07-06,active,2026-06-18,Body Sponge,CareWell Distributors,,,2028-07-06
BB-18709,BN-BB-18709-01,128.0,2026-06-09,2027-02-21,active,2026-06-20,Vegan Mango Ice Cream,GrainCo Vijayawada,,,2027-02-21
BB-1872,BN-BB-1872-01,146.0,2026-06-07,2026-08-26,active,2026-06-16,Jamun,FruitKing South,,,2026-08-26
BB-18730,BN-BB-18730-01,2188.0,2026-06-03,2026-08-18,active,2026-06-17,Lemon Grass,FruitKing South,,,2026-07-10
BB-18737,BN-BB-18737-01,471.0,2026-06-13,2028-08-16,active,2026-06-19,Polapola Leaves Powder - Promotes Relief From Cough & Sore Throat,CareWell Distributors,,,2028-08-16
BB-18749,BN-BB-18749-01,511.0,2026-06-11,2028-08-10,active,2026-06-19,Rainbath Refreshing Shower & Bath Gel,CareWell Distributors,,,2028-08-10
BB-18750,BN-BB-18750-01,173.0,2026-06-04,2027-05-18,active,2026-06-17,Organic - Ajwain/Om Kalu,GrainCo Vijayawada,,,2027-05-18
BB-18756,BN-BB-18756-01,2123.0,2026-06-09,2028-07-10,active,2026-06-20,Excellence Creme Hair Color,CareWell Distributors,,,2028-07-10
BB-18777,BN-BB-18777-01,66.0,2025-09-12,2026-10-02,active,2025-09-28,Cream - Coconut,BevCorp India,,,2026-10-02
BB-18814,BN-BB-18814-01,19.0,2025-09-12,2026-10-02,active,2025-09-20,Cocktail Onions,SweetSource Regional,,,2026-10-02
BB-1882,BN-BB-1882-01,362.0,2026-06-02,2027-06-12,active,2026-06-16,"Chilli - Byadagi, Stemless",GrainCo Vijayawada,,,2027-06-12
BB-18833,BN-BB-18833-01,4415.0,2026-06-10,2028-03-31,active,2026-06-19,Yeppen Cicaless Solution Cream,CareWell Distributors,,,2028-03-31
BB-18834,BN-BB-18834-01,5181.0,2026-06-10,2028-05-19,active,2026-06-17,White Balm,CareWell Distributors,,,2028-05-19
BB-18856,BN-BB-18856-01,376.0,2026-06-03,2028-05-23,active,2026-06-15,Whiteglow Yogurt Skin Whitening & Brightening Masque,CareWell Distributors,,,2028-05-23
BB-18874,BN-BB-18874-01,0.0,2024-06-06,2026-06-28,disposed,2024-06-19,"Kidney Detox With Varun, Punerneva & Ganoderma",CareWell Distributors,2026-06-30 13:18:42,USR002,2026-06-28
BB-18903,BN-BB-18903-01,1444.0,2026-06-08,2027-07-07,active,2026-06-16,Pink Salt/Uppu Granules,GrainCo Vijayawada,,,2027-07-07
BB-18911,BN-BB-18911-01,763.0,2026-06-03,2026-11-14,active,2026-06-16,Potato Chips - Classic Salt,SweetSource Regional,,,2026-11-14
BB-18914,BN-BB-18914-01,3210.0,2026-06-08,2027-05-26,active,2026-06-16,"Cleaning Duster - With PP Bristles, Bendable",CleanHome Supplies,,,2027-05-26
BB-18921,BN-BB-18921-01,513.0,2026-06-07,2027-06-07,active,2026-06-17,Moth/Patanga Huruli - Whole,GrainCo Vijayawada,,,2027-06-07
BB-18929,BN-BB-18929-01,1846.0,2026-06-04,2026-09-30,active,2026-06-20,"Avocado - Imported, Medium",FruitKing South,,,2026-07-10
BB-18930,BN-BB-18930-01,152.0,2026-06-08,2027-03-24,active,2026-06-15,Assam Loose Black Tea,MedLife Wholesale,,,2027-03-24
BB-1894,BN-BB-1894-01,1388.0,2026-06-04,2027-05-15,active,2026-06-19,Olive Oil - Extra Light,GrainCo Vijayawada,,,2027-05-15
BB-18943,BN-BB-18943-01,812.0,2026-06-12,2026-12-02,active,2026-06-18,Dark Cookie Cream,SweetSource Regional,,,2026-12-02
BB-18947,BN-BB-18947-01,1848.0,2026-06-04,2027-02-07,active,2026-06-15,"Juice - Litchi, Aloevera",BevCorp India,,,2027-02-07
BB-18948,BN-BB-18948-01,1171.0,2026-06-05,2027-03-15,active,2026-06-20,"Londoners Earl Grey Tea - Darjeeling Tea Blend With Bergamot, Long Leaf Tea",FestiveWorld Supplies,,,2027-03-15
BB-18980,BN-BB-18980-01,169.0,2024-06-13,,active,2024-06-27,"Printed Lid Jars, Plain Design, Round",SeasonProof Gear,,,
BB-18990,BN-BB-18990-01,372.0,2026-06-15,2027-03-11,active,2026-06-19,Rosemary,FruitKing South,,,2027-03-11
BB-190,BN-BB-190-01,1092.0,2026-06-13,2026-11-22,active,2026-06-20,Premium Badam Milk Mix,SweetSource Regional,,,2026-11-22
BB-19000,BN-BB-19000-01,1923.0,2026-06-08,,active,2026-06-18,Valse Juice/water Glass Tumbler,MedLife Wholesale,,,
BB-19001,BN-BB-19001-01,3267.0,2026-06-04,2028-07-26,active,2026-06-16,Tooth Brush - Sensitive Whitening (Soft),CareWell Distributors,,,2028-07-26
BB-19005,BN-BB-19005-01,5068.0,2026-06-04,,active,2026-06-20,"Steel Deep Dabba/Storage Container  - No. 13, Diamond",DairyBest Krishna,,,
BB-19007,BN-BB-19007-01,1328.0,2026-06-10,2028-05-04,active,2026-06-15,Natural Age Control Day Cream,CareWell Distributors,,,2028-05-04
BB-19009,BN-BB-19009-01,2962.0,2026-05-30,2027-02-16,active,2026-06-15,Native Haat Honey Vita - Chocolate Flavour,BevCorp India,,,2027-02-16
BB-1901,BN-BB-1901-01,3563.0,2026-06-01,2027-07-07,active,2026-06-15,"Power Pocket - Long Lasting Bathroom Fragrance, Floral Delight",CleanHome Supplies,,,2027-07-07
BB-19019,BN-BB-19019-01,1081.0,2026-06-04,2027-02-25,active,2026-06-19,Crunchy & Creame Wafer Biscuit - Vanilla,BevCorp India,,,2027-02-25
BB-1902,BN-BB-1902-01,369.0,2026-06-10,2027-06-20,active,2026-06-20,"Moong - Green, Whole/Sabut",GrainCo Vijayawada,,,2027-06-20
BB-19020,BN-BB-19020-01,4426.0,2026-06-06,2028-04-09,active,2026-06-20,"Hand Sanitizer With Mint & Lemon, Non-Sticky",CareWell Distributors,,,2028-04-09
BB-19021,BN-BB-19021-01,1129.0,2026-06-08,2026-11-20,active,2026-06-19,Khatta Meetha Poha,SweetSource Regional,,,2026-11-20
BB-19027,BN-BB-19027-01,922.0,2026-06-07,2026-12-19,active,2026-06-16,Essence - Rose,SweetSource Regional,,,2026-12-19
BB-19028,BN-BB-19028-01,287.0,2024-06-11,2026-08-26,active,2024-06-27,Brightening & Firming Eye Serum,CareWell Distributors,,,2026-08-26
BB-19035,BN-BB-19035-01,434.0,2026-06-09,2027-06-09,active,2026-06-19,Emasol Disinfectant Floor Cleaner - Lavender,CleanHome Supplies,,,2027-06-09
BB-19041,BN-BB-19041-01,1508.0,2026-06-17,2028-08-01,active,2026-06-20,Hand Soap - Green & Apple,CareWell Distributors,,,2028-08-01
BB-19044,BN-BB-19044-01,77.0,2025-12-11,2026-10-02,active,2025-12-24,Nachoz - Sizzling Peri Peri,SweetSource Regional,,,2026-10-02
BB-19048,BN-BB-19048-01,96.0,2026-05-01,2026-10-02,active,2026-05-07,Cheese Spreadz - Roasted Garlic Flavour,DairyBest Krishna,,,2026-10-02
BB-1905,BN-BB-1905-01,1099.0,2026-06-07,2026-12-07,active,2026-06-20,"Smoked Chicken Frankfurter - 7""",SweetSource Regional,,,2026-12-07
BB-19058,BN-BB-19058-01,486.0,2026-06-09,2027-05-25,active,2026-06-16,Urad Dal/Uddina Bele - Whole,GrainCo Vijayawada,,,2027-05-25
BB-19075,BN-BB-19075-01,227.0,2024-06-13,2026-10-02,active,2024-06-28,Pro Expert Nutrition Large Breed Puppy (3-18 Months) Dry Dog Food,CareWell Distributors,,,2026-10-02
BB-19076,BN-BB-19076-01,852.0,2026-06-04,2027-03-24,active,2026-06-16,Natural Jaggery Powder,SweetSource Regional,,,2027-03-24
BB-1908,BN-BB-1908-01,1692.0,2026-06-04,2028-06-06,active,2026-06-15,Pavanahara Churna - Gas Reliever,CareWell Distributors,,,2028-06-06
BB-19080,BN-BB-19080-01,1277.0,2026-06-02,2028-08-04,active,2026-06-15,Blu Femme EDP Floral Perfume For Women,CareWell Distributors,,,2028-08-04
BB-191,BN-BB-191-01,942.0,2026-06-12,2026-11-22,active,2026-06-20,Veggie Stix,SweetSource Regional,,,2026-11-22
BB-19115,BN-BB-19115-01,995.0,2026-06-11,2028-06-15,active,2026-06-19,Sunscreen Lotion With Fairness - Spf 50 Pa+++,CareWell Distributors,,,2028-06-15
BB-19118,BN-BB-19118-01,561.0,2026-06-10,2028-06-05,active,2026-06-18,"Sanitary Pads - Secure Dry Cover, with Wings",CareWell Distributors,,,2028-06-05
BB-19137,BN-BB-19137-01,211.0,2026-06-08,2027-06-28,active,2026-06-17,Mathura Chaat Masala,GrainCo Vijayawada,,,2027-06-28
BB-19138,BN-BB-19138-01,199.0,2026-06-06,2027-06-07,active,2026-06-18,Stainless Steel Pedal Dustbin / Garbage Bin - Perforated,CleanHome Supplies,,,2027-06-07
BB-19142,BN-BB-19142-01,1204.0,2026-06-10,2028-07-29,active,2026-06-17,Skin Gel - Under Eye,CareWell Distributors,,,2028-07-29
BB-19156,BN-BB-19156-01,2661.0,2026-06-10,,active,2026-06-19,Hareli Kitchen Jar,BabyBase Supplies,,,
BB-19159,BN-BB-19159-01,409.0,2026-06-06,2027-02-13,active,2026-06-16,Gherkins,DairyBest Krishna,,,2027-02-13
BB-19181,BN-BB-19181-01,127.0,2024-06-19,2026-10-02,active,2024-06-23,Daily Food for Adult Dogs - Chicken & Liver Chunks,MedLife Wholesale,,,2026-10-02
BB-1919,BN-BB-1919-01,5554.0,2026-06-06,2028-04-15,active,2026-06-18,Oil Free Acne Wash Facial Cleanser,CareWell Distributors,,,2028-04-15
BB-19193,BN-BB-19193-01,24.0,2025-12-25,2026-10-02,active,2026-01-02,Powder - Baking,SweetSource Regional,,,2026-10-02
BB-19204,BN-BB-19204-01,446.0,2026-06-11,,active,2026-06-18,Click N Seal Rectangular Microwaveable Plastic Container - L5919-VL,BevCorp India,,,
BB-19206,BN-BB-19206-01,729.0,2026-06-10,2027-07-12,active,2026-06-16,"Envelope - Cloth Lined, Green, 10 x 8 inches",CleanHome Supplies,,,2027-07-12
BB-19221,BN-BB-19221-01,70.0,2026-06-11,2026-10-17,active,2026-06-18,Lettuce - Green,FruitKing South,,,2026-07-10
BB-19251,BN-BB-19251-01,273.0,2026-06-10,2028-04-15,active,2026-06-16,Bathing Soap - Gold,CareWell Distributors,,,2028-04-15
BB-19259,BN-BB-19259-01,955.0,2026-06-11,2027-06-23,active,2026-06-15,Organic - Cardamom Green/Elakki,GrainCo Vijayawada,,,2027-06-23
BB-1927,BN-BB-1927-01,3100.0,2026-06-07,2027-02-26,active,2026-06-16,"Cheese - Feta Greek, Block",GrainCo Vijayawada,,,2027-02-26
BB-19280,BN-BB-19280-01,911.0,2026-05-30,2027-02-02,active,2026-06-15,Honey Dry Fruit Mix,CareWell Distributors,,,2027-02-02
BB-1929,BN-BB-1929-01,983.0,2026-06-08,2027-05-13,active,2026-06-17,Organic - Rice Rawa,GrainCo Vijayawada,,,2027-05-13
BB-193,BN-BB-193-01,4481.0,2026-06-08,2028-07-20,active,2026-06-15,Women Eau De Parfum,CareWell Distributors,,,2028-07-20
BB-19308,BN-BB-19308-01,3462.0,2026-06-08,2027-06-17,active,2026-06-19,Fish Masala,GrainCo Vijayawada,,,2027-06-17
BB-19314,BN-BB-19314-01,285.0,2026-06-02,2027-03-22,active,2026-06-15,"Premium Almonds - Californian, Roasted & Salted",SweetSource Regional,,,2027-03-22
BB-19319,BN-BB-19319-01,381.0,2026-06-05,2028-03-30,active,2026-06-18,Safed Musli Root Powder - Promotes Vigour & Vitality,CareWell Distributors,,,2028-03-30
BB-1932,BN-BB-1932-01,1088.0,2026-06-02,2028-04-21,active,2026-06-18,Nutrition Plus Health Supplement - Biotin,CareWell Distributors,,,2028-04-21
BB-19334,BN-BB-19334-01,2006.0,2026-06-08,2028-06-17,active,2026-06-17,"Mach3 - Start Mens Razor Blades, Cartridge",CareWell Distributors,,,2028-06-17
BB-1936,BN-BB-1936-01,324.0,2026-06-07,2027-03-06,active,2026-06-20,Healthy Snacks - Nutty Apricot + Fibre,MedLife Wholesale,,,2027-03-06
BB-19362,BN-BB-19362-01,1383.0,2026-06-04,2028-05-23,active,2026-06-17,2 Super Breathable Adult Diapers Medium A'10,CareWell Distributors,,,2028-05-23
BB-1937,BN-BB-1937-01,106.0,2024-06-10,2026-08-22,active,2024-06-23,Pro 4 Shaving Blades - For Men,CareWell Distributors,,,2026-08-22
BB-19375,BN-BB-19375-01,482.0,2026-06-09,2027-05-12,active,2026-06-15,Baby Milk Soap - Mildness,BabyBase Supplies,,,2027-05-12
BB-19391,BN-BB-19391-01,1233.0,2026-06-01,2026-11-17,active,2026-06-15,High Protein Peanuts - Himalayan Salted,SweetSource Regional,,,2026-11-17
BB-19396,BN-BB-19396-01,222.0,2026-06-04,2026-11-19,active,2026-06-17,Premium Wafer Bites - Orange 100 g + Hazelnut 100 g + Cappucino 100 g,SweetSource Regional,,,2026-11-19
BB-1940,BN-BB-1940-01,132.0,2026-06-08,2027-02-10,active,2026-06-19,Ice Cream - Praline And Cream,SweetSource Regional,,,2027-02-10
BB-19401,BN-BB-19401-01,277.0,2025-12-14,2026-10-02,active,2025-12-26,Protein Packed Foxnuts - Italian Herbs,SweetSource Regional,,,2026-10-02
BB-19403,BN-BB-19403-01,1607.0,2026-06-14,2028-05-06,active,2026-06-20,Antiseptic Liquid 250 ml + Laundry Sanitizer- Spring Blossom 480 ml,CareWell Distributors,,,2028-05-06
BB-19414,BN-BB-19414-01,158.0,2026-06-10,2026-09-12,active,2026-06-15,Chicken - Salami Plain Slice,CareWell Distributors,,,2026-07-09
BB-19422,BN-BB-19422-01,1184.0,2026-06-03,2027-03-09,active,2026-06-18,Oats Flour,CareWell Distributors,,,2027-03-09
BB-19426,BN-BB-19426-01,655.0,2026-06-06,,active,2026-06-19,"Revolving Cake Stand, KL-28",CareWell Distributors,,,
BB-19431,BN-BB-19431-01,353.0,2026-06-04,,active,2026-06-15,"Super Stretch Silicone Lids Flexible Covers - For Bowls, Cans, Jars & Mugs, BB1502",FestiveWorld Supplies,,,
BB-19474,BN-BB-19474-01,883.0,2026-06-04,2027-07-02,active,2026-06-16,Baby Powder -  No added Talc & Asbestos,BabyBase Supplies,,,2027-07-02
BB-1948,BN-BB-1948-01,377.0,2026-06-14,2027-06-24,active,2026-06-19,"Brass Dhoop Aarti With Wooden Handle,No.3",CleanHome Supplies,,,2027-06-24
BB-19487,BN-BB-19487-01,691.0,2026-06-09,2028-06-26,active,2026-06-20,"Loofah/Sponge Scrubber/Body Bath  - Hangable, Black, BH-035 BLK",CareWell Distributors,,,2028-06-26
BB-19495,BN-BB-19495-01,245.0,2026-06-04,2027-02-27,active,2026-06-15,Verimicelli - Whole Grain Rice,FestiveWorld Supplies,,,2027-02-27
BB-19537,BN-BB-19537-01,634.0,2026-06-10,2027-03-10,active,2026-06-16,Celebration Series Darjeeling First Flush Premium Loose Leaf Black Tea,BevCorp India,,,2027-03-10
BB-19539,BN-BB-19539-01,526.0,2026-06-08,2026-08-23,active,2026-06-18,Khari - Jeera,DairyBest Krishna,,,2026-08-23
BB-1957,BN-BB-1957-01,1628.0,2026-06-07,2027-02-10,active,2026-06-15,Dry Fruits - Extra Light Broken Walnut Kernels,ChillZone Logistics,,,2027-02-10
BB-19597,BN-BB-19597-01,1447.0,2026-06-05,2028-07-09,active,2026-06-19,Classic Shaving Foam - Tea Tree Oil Vitamin E Aloe Vera 52,CareWell Distributors,,,2028-07-09
BB-19599,BN-BB-19599-01,272.0,2024-06-15,2026-08-24,active,2024-06-25,"Garnier Hair Color (70 ml + 60 g) Shade 4, Brown+Loreal Paris Shampoo 75 ml",CareWell Distributors,,,2026-08-24
BB-19602,BN-BB-19602-01,210.0,2025-12-12,2026-08-26,active,2025-12-28,Cuppa Noodles - Masala,SweetSource Regional,,,2026-08-26
BB-19604,BN-BB-19604-01,779.0,2026-06-06,2027-03-21,active,2026-06-20,Syrup - Milk Booster,BevCorp India,,,2027-03-21
BB-19606,BN-BB-19606-01,35.0,2024-06-22,,active,2024-07-04,Grinder - Salt & Pepper,CleanHome Supplies,,,
BB-19614,BN-BB-19614-01,1393.0,2026-06-08,2028-05-27,active,2026-06-16,"Pure Lemon Glycerin Soap - Cold Processed, 100% Natural & Organic",CareWell Distributors,,,2028-05-27
BB-19631,BN-BB-19631-01,367.0,2026-06-06,2027-07-08,active,2026-06-15,Low GI 7 White Rice - Diabetic Friendly/Akki,GrainCo Vijayawada,,,2027-07-08
BB-19641,BN-BB-19641-01,47.0,2026-05-22,2027-04-16,active,2026-06-04,Clean Planet Fridge Bags For Fruits & Veggies 4pcs+Fresho Dates-Kimia 500 g,CleanHome Supplies,,,2027-04-16
BB-19648,BN-BB-19648-01,395.0,2026-06-03,2027-06-26,active,2026-06-17,Silver Plated Kalash - Size 1,CleanHome Supplies,,,2027-06-26
BB-19664,BN-BB-19664-01,74.0,2026-05-16,2027-04-30,active,2026-05-25,Dishwash Anti Bac Liquid Neem,CleanHome Supplies,,,2027-04-30
BB-19667,BN-BB-19667-01,186.0,2026-06-03,2027-06-04,active,2026-06-20,Powder - Jeera,GrainCo Vijayawada,,,2027-06-04
BB-19674,BN-BB-19674-01,2522.0,2026-06-11,2027-03-21,active,2026-06-16,"Pure Green Tea, Imported",PaperEdge Stationery,,,2027-03-21
BB-19690,BN-BB-19690-01,293.0,2026-06-12,2028-06-12,active,2026-06-19,Lavender & Calendula Healing Intense Moisturizer,CareWell Distributors,,,2028-06-12
BB-19696,BN-BB-19696-01,1235.0,2026-06-09,2027-07-04,active,2026-06-16,Watermelon Seeds/Kallangadi Bija,GrainCo Vijayawada,,,2027-07-04
BB-197,BN-BB-197-01,303.0,2026-06-13,2027-03-30,active,2026-06-18,Momo Hot Sauce,SweetSource Regional,,,2027-03-30
BB-19704,BN-BB-19704-01,4584.0,2026-06-11,,active,2026-06-19,"Stainless Steel Lunch Box/Tiffin Box - Hydra Insulated, Steel Grey",GrainCo Vijayawada,,,
BB-19715,BN-BB-19715-01,499.0,2026-06-10,2027-07-06,active,2026-06-19,Organic Bajra/Pearl Millet Rava,GrainCo Vijayawada,,,2027-07-06
BB-19716,BN-BB-19716-01,301.0,2026-06-08,2028-07-16,active,2026-06-17,Gold Creme Bleach,CareWell Distributors,,,2028-07-16
BB-19734,BN-BB-19734-01,4391.0,2026-06-06,2028-06-20,active,2026-06-19,Kama Diffuser Oil,CareWell Distributors,,,2028-06-20
BB-19743,BN-BB-19743-01,1543.0,2026-06-07,2027-06-30,active,2026-06-17,Cleaning Acid,CleanHome Supplies,,,2027-06-30
BB-19768,BN-BB-19768-01,2535.0,2026-06-06,2028-07-01,active,2026-06-16,WoodenShampoo Comb - W03,CareWell Distributors,,,2028-07-01
BB-1980,BN-BB-1980-01,2375.0,2026-06-06,2027-02-04,active,2026-06-19,Pasta - Linguine,SweetSource Regional,,,2027-02-04
BB-19812,BN-BB-19812-01,0.0,2024-06-04,2026-06-24,disposed,2024-06-17,"Dry Dog Food - Chicken & Rice, For Senior Dogs, 7 Years+",BevCorp India,2026-06-28 16:08:59,USR002,2026-06-24
BB-19813,BN-BB-19813-01,845.0,2026-06-12,,active,2026-06-18,Dog Treats - Chicken & Calcium Bone,GrainCo Vijayawada,,,
BB-19826,BN-BB-19826-01,175.0,2026-05-19,2027-03-07,active,2026-06-05,Ice Brews Five Flavours Mix Tea & Infusion With Free Sipper,SweetSource Regional,,,2027-03-07
BB-19836,BN-BB-19836-01,981.0,2026-06-07,2027-03-20,active,2026-06-19,Classic Instant Coffee,BevCorp India,,,2027-03-20
BB-19842,BN-BB-19842-01,275.0,2026-06-06,2026-11-15,active,2026-06-19,Premium Wafer Bites - Dark Choco,SweetSource Regional,,,2026-11-15
BB-19849,BN-BB-19849-01,1953.0,2026-06-11,,active,2026-06-20,"Pet Toy Shoe - Assorted Colour, BB1517",DairyBest Krishna,,,
BB-19878,BN-BB-19878-01,289.0,2026-06-04,2027-05-26,active,2026-06-15,"Shoe Shiner Sponge - Black, Handy Shine",CleanHome Supplies,,,2027-05-26
BB-19900,BN-BB-19900-01,851.0,2026-06-14,2027-02-13,active,2026-06-18,Coffee - Freshly Roasted Filter (80:20),MedLife Wholesale,,,2027-02-13
BB-19909,BN-BB-19909-01,2709.0,2026-06-10,2026-11-26,active,2026-06-20,Cup Noodles - Mazedar Masala,SweetSource Regional,,,2026-11-26
BB-19917,BN-BB-19917-01,1907.0,2026-06-08,2027-02-14,active,2026-06-20,"Snack - Pumpkin, Honey Clusters",FreshFarm Veg Market,,,2027-02-14
BB-1992,BN-BB-1992-01,307.0,2026-06-06,2028-04-21,active,2026-06-15,Karpooradi Shower Cream,CareWell Distributors,,,2028-04-21
BB-19923,BN-BB-19923-01,1856.0,2026-06-06,2028-04-12,active,2026-06-18,Regenerist Whip - UV SPF 30,CareWell Distributors,,,2028-04-12
BB-19930,BN-BB-19930-01,220.0,2026-06-07,2026-12-02,active,2026-06-18,Mix - Rice Idli,SweetSource Regional,,,2026-12-02
BB-19939,BN-BB-19939-01,86.0,2026-06-11,2027-02-20,active,2026-06-20,Silver Skin Onion In Vinegar,BakeMaster Artisans,,,2027-02-20
BB-19952,BN-BB-19952-01,146.0,2026-06-07,2028-05-15,active,2026-06-17,Daily Pore Minimizing Toner,CareWell Distributors,,,2028-05-15
BB-19953,BN-BB-19953-01,857.0,2026-06-08,2026-12-18,active,2026-06-16,FunFoods Soya Sauce,SweetSource Regional,,,2026-12-18
BB-19961,BN-BB-19961-01,3225.0,2026-06-05,,active,2026-06-17,Marvel Avengers Small 304 Stainless Steel Lunch Box/Tiffin Box - HMHTLB 73357-AV,CleanHome Supplies,,,
BB-19968,BN-BB-19968-01,0.0,2024-06-21,2026-06-15,disposed,2024-06-24,Banana Deeply Nourishing Shampoo,CareWell Distributors,2026-06-28 16:10:01,USR002,2026-06-15
BB-19978,BN-BB-19978-01,133.0,2026-06-10,2028-08-06,active,2026-06-17,Defence Theory Sweat & Odour Control Lotion For Men,CareWell Distributors,,,2028-08-06
BB-19998,BN-BB-19998-01,2192.0,2026-06-02,2027-06-20,active,2026-06-15,Fields Of Gold Organic Quinoa,GrainCo Vijayawada,,,2027-06-20
BB-200,BN-BB-200-01,2843.0,2026-06-04,2027-02-16,active,2026-06-15,Premium Raw Organic Holy Basil Seeds,BakeMaster Artisans,,,2027-02-16
BB-20008,BN-BB-20008-01,3065.0,2026-06-09,,active,2026-06-18,"Opalware Dinner Set - Dazzle, Blue Swirl",FruitKing South,,,
BB-20031,BN-BB-20031-01,0.0,2024-06-22,2026-06-12,disposed,2024-06-30,Under The Ocean Lotion,CareWell Distributors,2026-06-28 15:49:10,USR002,2026-06-12
BB-20050,BN-BB-20050-01,1485.0,2026-06-07,2028-07-02,active,2026-06-15,Premium Perfume - Magnifico,CareWell Distributors,,,2028-07-02
BB-20054,BN-BB-20054-01,270.0,2026-06-02,2028-07-22,active,2026-06-15,Fairness Face Wash,CareWell Distributors,,,2028-07-22
BB-20085,BN-BB-20085-01,52.0,2026-06-03,2026-08-25,active,2026-06-20,Frozen Basa Chunks,MedLife Wholesale,,,2026-07-09
BB-20088,BN-BB-20088-01,716.0,2026-06-10,2027-07-12,active,2026-06-17,Sooji Ordinary/Bombay Rava,GrainCo Vijayawada,,,2027-07-12
BB-20104,BN-BB-20104-01,1025.0,2026-06-03,2028-03-25,active,2026-06-17,Tusli Plus Ras,CareWell Distributors,,,2028-03-25
BB-20108,BN-BB-20108-01,4814.0,2026-05-30,2028-07-12,active,2026-06-15,2 Ply Reusable Cotton Face Mask For Kids,CareWell Distributors,,,2028-07-12
BB-2012,BN-BB-2012-01,36.0,2025-06-23,2026-08-26,active,2025-06-26,Pre-Wash Stain Remover,CleanHome Supplies,,,2026-08-26
BB-20138,BN-BB-20138-01,94.0,2025-06-14,2026-08-24,active,2025-06-21,Hi-Techpoint V-7 Grip Pen - Black,CleanHome Supplies,,,2026-08-24
BB-20171,BN-BB-20171-01,5697.0,2026-06-08,2028-04-19,active,2026-06-15,Clary Sage Moisturising Lotion,CareWell Distributors,,,2028-04-19
BB-20174,BN-BB-20174-01,1541.0,2026-06-11,2026-07-22,active,2026-06-19,Brandy Snap Cookies - Flavoured,DairyBest Krishna,,,2026-07-22
BB-20177,BN-BB-20177-01,1958.0,2026-06-06,,active,2026-06-17,Barking Up the Tea Tree Anti-Itch Dog Shampoo,BevCorp India,,,
BB-20183,BN-BB-20183-01,609.0,2026-06-11,2026-12-11,active,2026-06-20,NutriChoice Sugar Free Cream Cracker,SweetSource Regional,,,2026-12-11
BB-20190,BN-BB-20190-01,217.0,2026-06-05,2027-05-30,active,2026-06-16,Baby Soap - Gentle  4X75 Gm,BabyBase Supplies,,,2027-05-30
BB-20194,BN-BB-20194-01,701.0,2026-06-15,2028-07-07,active,2026-06-20,Biolage Advanced Fiber Strong Masque,CareWell Distributors,,,2028-07-07
BB-20196,BN-BB-20196-01,87.0,2025-06-21,2026-10-02,active,2025-06-24,Organic - Jowar Flour/Jolada Hittu,GrainCo Vijayawada,,,2026-10-02
BB-20200,BN-BB-20200-01,241.0,2026-06-02,2027-03-16,active,2026-06-17,Health & Nutrition Drink - Classic Malt,BevCorp India,,,2027-03-16
BB-20202,BN-BB-20202-01,176.0,2026-06-06,2027-03-20,active,2026-06-19,Coffee Creamer - Coffee-Mate,MedLife Wholesale,,,2027-03-20
BB-20205,BN-BB-20205-01,527.0,2026-06-05,,active,2026-06-15,"Tumbler - Transparent, BB1072",SweetSource Regional,,,
BB-20235,BN-BB-20235-01,582.0,2026-06-03,2028-07-28,active,2026-06-16,Bhimsaini Ubtan - Kesar Blended Scrub,CareWell Distributors,,,2028-07-28
BB-20275,BN-BB-20275-01,2108.0,2026-06-09,2027-03-10,active,2026-06-20,"Candy Swirl Lollipop 2.5"" - Happy Birthday",GrainCo Vijayawada,,,2027-03-10
BB-20283,BN-BB-20283-01,620.0,2026-06-08,2027-02-22,active,2026-06-18,Red Grape & Rooibos,CareWell Distributors,,,2027-02-22
BB-20327,BN-BB-20327-01,358.0,2026-06-10,2028-04-04,active,2026-06-16,"Anti Viral & Anti Pollution N95 Face Mask - Tesu, Large, Assorted",CareWell Distributors,,,2028-04-04
BB-2033,BN-BB-2033-01,691.0,2026-06-14,2027-03-30,active,2026-06-20,"Silver Needles Tulsi White Tea Bags - Rich In Antioxidants, Pure Tea Buds",FestiveWorld Supplies,,,2027-03-30
BB-20333,BN-BB-20333-01,1011.0,2026-06-05,2027-02-15,active,2026-06-16,Dawn Organic English Breakfast Black Tea,BevCorp India,,,2027-02-15
BB-20346,BN-BB-20346-01,1225.0,2026-06-13,,active,2026-06-18,Ice Cube Tray - Assorted Color,BevCorp India,,,
BB-20347,BN-BB-20347-01,644.0,2026-06-09,2028-07-29,active,2026-06-19,Climate Protection Shampoo,CareWell Distributors,,,2028-07-29
BB-20362,BN-BB-20362-01,461.0,2026-06-08,,active,2026-06-19,"Polka White - Railing Metal Pot Planter, Pink, Medium",FreshFarm Veg Market,,,
BB-20384,BN-BB-20384-01,711.0,2026-06-06,2027-06-03,active,2026-06-19,Maharaja Plastic Soap Case - Lily Garden Brown,CleanHome Supplies,,,2027-06-03
BB-20393,BN-BB-20393-01,719.0,2026-06-05,2027-02-13,active,2026-06-17,Aam Panna Mango Drink,BevCorp India,,,2027-02-13
BB-20399,BN-BB-20399-01,160.0,2026-06-05,2026-10-10,active,2026-06-19,Sweet Corn Kernels - Achari Masti,FruitKing South,,,2026-07-10
BB-20404,BN-BB-20404-01,797.0,2026-06-06,2027-07-12,active,2026-06-15,Plastic Dustbin / Garbage Bin without Lid - Blue Colour,CleanHome Supplies,,,2027-07-12
BB-20420,BN-BB-20420-01,1874.0,2026-06-10,2028-08-08,active,2026-06-19,Raindrops Concentrated Perfume Free From Alcohol For Women,CareWell Distributors,,,2028-08-08
BB-20452,BN-BB-20452-01,286.0,2026-06-05,2028-07-19,active,2026-06-19,"Toothpaste - Herbal, Natural",CareWell Distributors,,,2028-07-19
BB-20458,BN-BB-20458-01,191.0,2025-06-20,2026-08-26,active,2025-06-27,Dal Tadka Masala With Natural Oils,GrainCo Vijayawada,,,2026-08-26
BB-2046,BN-BB-2046-01,47.0,2026-06-04,2026-10-02,active,2026-06-17,Cabbage - Organically Grown,FruitKing South,,,2026-07-10
BB-20461,BN-BB-20461-01,0.0,2025-06-19,2026-06-18,disposed,2025-06-24,Intense Gel Mountain Fresh,CleanHome Supplies,2026-06-28 16:09:37,USR002,2026-06-18
BB-20462,BN-BB-20462-01,244.0,2026-06-10,,active,2026-06-19,Barrel Whisky/Juice Glass,CleanHome Supplies,,,
BB-20463,BN-BB-20463-01,130.0,2026-06-10,2027-06-12,active,2026-06-20,"Mosquito Repellent, Pleasant Fragrance - 10 Hr  | 100% Protection from Dengue Mosquitoes",CleanHome Supplies,,,2027-06-12
BB-20469,BN-BB-20469-01,5406.0,2026-06-04,2028-08-15,active,2026-06-19,Neem Anti Dandruff Shampoo,CareWell Distributors,,,2028-08-15
BB-20472,BN-BB-20472-01,489.0,2026-06-07,,active,2026-06-20,100% Melamine Veg Bowl Set - Yellow,SweetSource Regional,,,
BB-20492,BN-BB-20492-01,624.0,2026-06-08,2028-07-22,active,2026-06-17,Not Out Condoms - With 1500+ Raised Dots,CareWell Distributors,,,2028-07-22
BB-20494,BN-BB-20494-01,0.0,2024-06-18,2026-06-12,disposed,2024-06-27,Soap - Neem & Turmeric,CareWell Distributors,2026-06-28 16:09:48,USR002,2026-06-12
BB-20500,BN-BB-20500-01,293.0,2026-06-03,2026-12-16,active,2026-06-17,Peanut Butter - Creamy,SweetSource Regional,,,2026-12-16
BB-20527,BN-BB-20527-01,3118.0,2026-06-10,2026-12-10,active,2026-06-19,Jalapeno Pasta Sauce 385 g + Sriracha Chilli Sauce 185 g + Hot Sauce 75 ml,SweetSource Regional,,,2026-12-10
BB-20548,BN-BB-20548-01,831.0,2026-06-08,2027-05-08,active,2026-06-20,Chana Sattu Refreshing Drink Powder,GrainCo Vijayawada,,,2027-05-08
BB-20549,BN-BB-20549-01,287.0,2026-06-07,2027-07-11,active,2026-06-16,Organic - Multigrain Flour,GrainCo Vijayawada,,,2027-07-11
BB-2057,BN-BB-2057-01,947.0,2026-06-10,2027-06-03,active,2026-06-19,Wheat Sharbati,GrainCo Vijayawada,,,2027-06-03
BB-20618,BN-BB-20618-01,35.0,2025-06-15,2026-10-02,active,2025-06-26,"Select - Chai Masala, Cinnamon",GrainCo Vijayawada,,,2026-10-02
BB-2062,BN-BB-2062-01,1328.0,2026-06-02,,active,2026-06-16,"Induction Base Non Stick Cookware Set With Glass Lid - Bling, Blue",FestiveWorld Supplies,,,
BB-20623,BN-BB-20623-01,459.0,2026-06-06,2026-10-16,active,2026-06-20,Mango Raspuri - Organically Grown,FruitKing South,,,2026-07-10
BB-20625,BN-BB-20625-01,458.0,2026-06-03,2027-06-13,active,2026-06-18,Royal Green Mukhwas,GrainCo Vijayawada,,,2027-06-13
BB-20626,BN-BB-20626-01,618.0,2026-06-09,2027-06-30,active,2026-06-15,Herbal Fabric Roll On With Citronella & Lemongrass Oil,CleanHome Supplies,,,2027-06-30
BB-20635,BN-BB-20635-01,492.0,2026-06-12,2028-04-27,active,2026-06-20,Shea Butter Soap,CareWell Distributors,,,2028-04-27
BB-20639,BN-BB-20639-01,169.0,2026-06-10,2026-09-29,active,2026-06-17,"Mutton - Boneless, 2-3 pcs, Antibiotic Residue-Free, Growth Hormone-Free",ChillZone Logistics,,,2026-07-09
BB-20641,BN-BB-20641-01,207.0,2026-06-09,2028-06-09,active,2026-06-17,Brush & Pumice - Foot (with Handle),CareWell Distributors,,,2028-06-09
BB-20651,BN-BB-20651-01,1245.0,2026-06-16,2027-06-08,active,2026-06-19,Basmati Rice/Basmati Akki - Rozana Super 90,GrainCo Vijayawada,,,2027-06-08
BB-20668,BN-BB-20668-01,793.0,2026-06-03,2027-02-27,active,2026-06-16,Indian Tonic Water,BevCorp India,,,2027-02-27
BB-2067,BN-BB-2067-01,896.0,2026-06-02,2027-06-27,active,2026-06-15,Natura Low Calorie Sweetener,GrainCo Vijayawada,,,2027-06-27
BB-2069,BN-BB-2069-01,187.0,2026-05-31,2028-07-09,active,2026-06-15,Bio Neem Purifying Face Wash,CareWell Distributors,,,2028-07-09
BB-2071,BN-BB-2071-01,247.0,2026-06-03,2026-09-19,active,2026-06-17,"Roopchand Fish - Slice, Preservative Free, 10-14 pcs",CleanHome Supplies,,,2026-07-09
BB-20714,BN-BB-20714-01,346.0,2026-06-10,2027-06-02,active,2026-06-18,Ultra Mosquito Repellant Refill,CleanHome Supplies,,,2027-06-02
BB-20728,BN-BB-20728-01,194.0,2026-06-13,2028-06-29,active,2026-06-18,Hair Removal Waxing Strips Kit - Sensitive Skin,CareWell Distributors,,,2028-06-29
BB-20730,BN-BB-20730-01,1772.0,2026-06-10,2028-05-08,active,2026-06-18,"Talc - Golden Beauty, Moon Drop",CareWell Distributors,,,2028-05-08
BB-20733,BN-BB-20733-01,1998.0,2026-06-12,2028-05-08,active,2026-06-18,Lip Balm - Raspberry,CareWell Distributors,,,2028-05-08
BB-20734,BN-BB-20734-01,1582.0,2026-06-11,2028-05-20,active,2026-06-18,Appetite Yogue Appetite Booster For Kids - Hunger Tonic,CareWell Distributors,,,2028-05-20
BB-20763,BN-BB-20763-01,20.0,2026-05-26,2027-02-16,active,2026-06-02,"Juice - Apple with No Added Sugar, 1 l + Orange, 1 l",BevCorp India,,,2027-02-16
BB-20783,BN-BB-20783-01,945.0,2026-06-08,2027-03-12,active,2026-06-17,Processed Cheese - Herbs N Spices,DairyBest Krishna,,,2027-03-12
BB-2079,BN-BB-2079-01,1385.0,2026-06-10,,active,2026-06-17,Marvel Avengers Insulated Hot Case Square Shaped Kids Plastic Lunch Box,BevCorp India,,,
BB-208,BN-BB-208-01,3504.0,2026-06-04,2028-06-05,active,2026-06-16,Germ Protection Hand Wash Pump,CareWell Distributors,,,2028-06-05
BB-20800,BN-BB-20800-01,1361.0,2026-06-09,2027-07-14,active,2026-06-18,Chicken Tikka,GrainCo Vijayawada,,,2027-07-14
BB-20803,BN-BB-20803-01,941.0,2026-06-11,2028-07-29,active,2026-06-17,NHP 8104 Silky Shine Hot & Cold Foldable Hair Dryer - 1400 Watt,CareWell Distributors,,,2028-07-29
BB-20810,BN-BB-20810-01,1225.0,2026-06-03,2027-05-11,active,2026-06-19,Organic - Saunf/Sompu,GrainCo Vijayawada,,,2027-05-11
BB-20828,BN-BB-20828-01,170.0,2026-06-10,2027-03-17,active,2026-06-20,Cooking Spray - Butter Flavour,FruitKing South,,,2027-03-17
BB-20844,BN-BB-20844-01,250.0,2026-06-14,2027-02-17,active,2026-06-18,Nutrition & Health Drink - Creamy Classic,BevCorp India,,,2027-02-17
BB-20851,BN-BB-20851-01,210.0,2026-06-08,2026-12-19,active,2026-06-17,Delizioso Pasta Italiano - Macaroni,SweetSource Regional,,,2026-12-19
BB-20863,BN-BB-20863-01,881.0,2026-06-03,2027-03-11,active,2026-06-17,Espresso Bold - Roasted Whole Bean Coffee,FreshFarm Veg Market,,,2027-03-11
BB-2087,BN-BB-2087-01,0.0,2025-12-23,2026-06-15,disposed,2025-12-31,Dark Soya Sauce,SweetSource Regional,2026-06-28 16:10:07,USR002,2026-06-15
BB-20875,BN-BB-20875-01,1749.0,2026-06-10,,active,2026-06-20,Bamboo Wood Flat Stirrer - 4.5 Inch,FruitKing South,,,
BB-20882,BN-BB-20882-01,297.0,2026-06-02,2027-06-01,active,2026-06-15,Scrub Sponge - Large,CleanHome Supplies,,,2027-06-01
BB-20885,BN-BB-20885-01,286.0,2026-06-03,2026-11-17,active,2026-06-19,Muesli Fruit & Nuts - Whole Grain Cereal For Breakfast,SweetSource Regional,,,2026-11-17
BB-20888,BN-BB-20888-01,8.0,2026-04-29,2026-10-02,active,2026-05-07,Cake - Banana Walnut,DairyBest Krishna,,,2026-10-02
BB-20912,BN-BB-20912-01,102.0,2026-06-06,2026-11-27,active,2026-06-15,Multigrain Cookies,SweetSource Regional,,,2026-11-27
BB-20914,BN-BB-20914-01,2980.0,2026-06-09,2026-12-23,active,2026-06-19,Diet Chivda,SweetSource Regional,,,2026-12-23
BB-20932,BN-BB-20932-01,888.0,2026-06-07,,active,2026-06-18,Bio Farm Organic Fertiliser,FreshFarm Veg Market,,,
BB-20938,BN-BB-20938-01,2137.0,2026-06-13,2026-11-22,active,2026-06-17,Chutney Powder - Spicy Tangy,SweetSource Regional,,,2026-11-22
BB-20939,BN-BB-20939-01,655.0,2026-06-06,2028-05-25,active,2026-06-17,Shea Butter Moisturising Bath Soap With Extra Virgin Coconut Oil & Honey For Dry Skin,CareWell Distributors,,,2028-05-25
BB-20942,BN-BB-20942-01,436.0,2026-06-03,2028-07-22,active,2026-06-16,Anti-Dandruff Shampoo,CareWell Distributors,,,2028-07-22
BB-20949,BN-BB-20949-01,85.0,2025-12-13,2026-08-23,active,2025-12-22,Chia Energy Bar,SweetSource Regional,,,2026-08-23
BB-20957,BN-BB-20957-01,42.0,2025-09-15,2026-08-23,active,2025-09-27,Super Muesli - No Added Sugar,OilTrade AP,,,2026-08-23
BB-20969,BN-BB-20969-01,183.0,2026-06-12,2026-11-24,active,2026-06-19,Chocolate - White Compound,SweetSource Regional,,,2026-11-24
BB-2097,BN-BB-2097-01,1203.0,2026-06-07,2026-12-18,active,2026-06-16,"Gift Box : Dryfruit Chocolate Nutty Cookies With Almonds, Cashew & Peanuts",SweetSource Regional,,,2026-12-18
BB-20971,BN-BB-20971-01,1136.0,2026-06-06,2028-06-09,active,2026-06-16,Oil Control Face Pack,CareWell Distributors,,,2028-06-09
BB-20990,BN-BB-20990-01,478.0,2026-06-14,2028-08-11,active,2026-06-19,Gliss Hair Repair Total Repair Anti-Hair Breakage Treatment,CareWell Distributors,,,2028-08-11
BB-20993,BN-BB-20993-01,1758.0,2026-06-14,2026-12-25,active,2026-06-20,Instant Popcorn Value Pack - Golden Sizzle,SweetSource Regional,,,2026-12-25
BB-21005,BN-BB-21005-01,1205.0,2026-06-16,2026-08-10,active,2026-06-20,Rusk - Garlic,DairyBest Krishna,,,2026-08-10
BB-21006,BN-BB-21006-01,2156.0,2026-06-10,2027-05-07,active,2026-06-18,Palakkadan Matta Unda Rice - Short Grain,GrainCo Vijayawada,,,2027-05-07
BB-2101,BN-BB-2101-01,66.0,2026-05-14,2028-04-28,active,2026-05-24,Pure Herbs - Skin Kasturi Turmeric,CareWell Distributors,,,2028-04-28
BB-21024,BN-BB-21024-01,61.0,2024-06-16,2026-08-23,active,2024-06-25,Medical Face Shield - Break Resistant,CareWell Distributors,,,2026-08-23
BB-21048,BN-BB-21048-01,132.0,2026-06-17,2026-10-23,active,2026-06-20,Snake gourd - Diced,FruitKing South,,,2026-07-10
BB-21055,BN-BB-21055-01,830.0,2026-06-15,2028-04-10,active,2026-06-20,Chyawanprash Special - All Round Immunity & Protection,CareWell Distributors,,,2028-04-10
BB-21057,BN-BB-21057-01,143.0,2025-06-15,2026-08-26,active,2025-06-22,Eco Bake Cooking & Parchment Paper,CleanHome Supplies,,,2026-08-26
BB-21067,BN-BB-21067-01,1278.0,2026-06-10,2028-05-18,active,2026-06-20,Charcoal Face Scrub For Exfoliation & Tan Removal - Tea Tree & Peppermint,CareWell Distributors,,,2028-05-18
BB-2109,BN-BB-2109-01,441.0,2026-06-06,2027-05-20,active,2026-06-16,Jaggery/Bella Granules,GrainCo Vijayawada,,,2027-05-20
BB-21122,BN-BB-21122-01,1439.0,2026-06-05,2026-08-20,active,2026-06-15,Khatai - Two In One,DairyBest Krishna,,,2026-08-20
BB-21123,BN-BB-21123-01,5222.0,2026-06-13,2028-08-13,active,2026-06-20,Original Acid Green Eau De Toilette,CareWell Distributors,,,2028-08-13
BB-21150,BN-BB-21150-01,177.0,2026-06-11,2026-12-03,active,2026-06-20,Whole Wheat Marie,SweetSource Regional,,,2026-12-03
BB-21160,BN-BB-21160-01,3772.0,2026-06-04,2027-05-21,active,2026-06-15,Air Freshener Spray Bottle - Himalayan Moutain Mist,CleanHome Supplies,,,2027-05-21
BB-21198,BN-BB-21198-01,4988.0,2026-06-11,,active,2026-06-20,"Kitchen Tools Set With Holder Made Of Bamboo Wood - Spatula, Ladle, Turner",FruitKing South,,,
BB-21208,BN-BB-21208-01,245.0,2026-06-06,2028-04-21,active,2026-06-16,After Waxing Oil - Lavender,CareWell Distributors,,,2028-04-21
BB-21212,BN-BB-21212-01,85.0,2024-06-17,,active,2024-06-26,Dough Maker,PaperEdge Stationery,,,
BB-21244,BN-BB-21244-01,1621.0,2026-06-11,2028-06-20,active,2026-06-15,"Kids Toothpaste - 2-5 Years, Anticavity, Bubble Fruit Flavour",CareWell Distributors,,,2028-06-20
BB-21246,BN-BB-21246-01,664.0,2026-06-05,2027-03-13,active,2026-06-17,Premium International Exotic Dried Goji Berries,ChillZone Logistics,,,2027-03-13
BB-21259,BN-BB-21259-01,153.0,2026-06-06,2027-03-11,active,2026-06-15,4700BC Instant Popcorn - Natural 90 g + Radler - Mint Lime 300 ml Can,BabyBase Supplies,,,2027-03-11
BB-21262,BN-BB-21262-01,3006.0,2026-06-12,2027-07-05,active,2026-06-17,Dal Makhani Masala,GrainCo Vijayawada,,,2027-07-05
BB-21281,BN-BB-21281-01,340.0,2026-06-14,2027-03-27,active,2026-06-18,"Chocolate - 52% Cocoa, Dark Chocolate Couverture, Premium, From-The-Bean Chocolate Slab",BevCorp India,,,2027-03-27
BB-21286,BN-BB-21286-01,128.0,2026-06-07,2027-03-10,active,2026-06-20,"Trail Mix- Gluten-free, Keto, High Protein",SeasonProof Gear,,,2027-03-10
BB-21292,BN-BB-21292-01,513.0,2026-06-15,2027-06-28,active,2026-06-20,BB Popular Sugar 5 kg + BB Royal Honey 500 gm,GrainCo Vijayawada,,,2027-06-28
BB-2131,BN-BB-2131-01,131.0,2026-06-11,2027-02-13,active,2026-06-16,Gluten-Free White Quinoa - Premium,OilTrade AP,,,2027-02-13
BB-21312,BN-BB-21312-01,2195.0,2026-06-11,2026-08-27,active,2026-06-19,Layer Cake - Orange,DairyBest Krishna,,,2026-08-27
BB-21315,BN-BB-21315-01,784.0,2026-06-11,2027-06-28,active,2026-06-17,Desiccated Coconut Powder,GrainCo Vijayawada,,,2027-06-28
BB-21343,BN-BB-21343-01,444.0,2026-06-01,2027-03-08,active,2026-06-18,"Pork - Cocktail Skinless 
Sausages",CareWell Distributors,,,2027-03-08
BB-2135,BN-BB-2135-01,172.0,2026-06-06,2027-02-13,active,2026-06-17,American Sour Cream and Onion Spice Mix,PaperEdge Stationery,,,2027-02-13
BB-21357,BN-BB-21357-01,70.0,2026-05-15,2027-05-07,active,2026-05-28,Organic - Barley Flour/Jave Godhi,GrainCo Vijayawada,,,2027-05-07
BB-21388,BN-BB-21388-01,417.0,2026-06-11,2027-05-17,active,2026-06-15,Bottle Jar Brush,CleanHome Supplies,,,2027-05-17
BB-21397,BN-BB-21397-01,489.0,2026-06-14,,active,2026-06-20,"Chopping-Cutting Board - Bamboo Wood, Steel Handle, BH 044",CleanHome Supplies,,,
BB-21403,BN-BB-21403-01,1025.0,2026-06-08,,active,2026-06-15,4-Sided - Universal Grater (18cm),CareWell Distributors,,,
BB-21406,BN-BB-21406-01,2804.0,2026-06-09,2027-03-28,active,2026-06-20,Dark Roast Brew Coffee 135 g (Set of 3) + Dark Roast Brew Packs 255 g (Set of 5),BakeMaster Artisans,,,2027-03-28
BB-21418,BN-BB-21418-01,188.0,2026-05-04,2028-06-24,active,2026-05-19,"Deltoid Turbo Face Masks In Grey Mesh With Green Binding - 1S1007, Small",CareWell Distributors,,,2028-06-24
BB-21489,BN-BB-21489-01,310.0,2026-06-03,2028-06-16,active,2026-06-16,Sahacharadi Thailam,CareWell Distributors,,,2028-06-16
BB-2149,BN-BB-2149-01,1978.0,2026-06-09,2028-04-04,active,2026-06-16,Perfume Spray - Alter Ego,CareWell Distributors,,,2028-04-04
BB-21490,BN-BB-21490-01,176.0,2025-09-10,2026-10-02,active,2025-09-23,Plum Sauce,CareWell Distributors,,,2026-10-02
BB-21499,BN-BB-21499-01,105.0,2026-06-07,2026-11-24,active,2026-06-19,Oats - Homestyle Masala,SweetSource Regional,,,2026-11-24
BB-21508,BN-BB-21508-01,515.0,2026-06-04,2027-06-29,active,2026-06-18,Fly & Mosquito Killer Spray,CleanHome Supplies,,,2027-06-29
BB-21517,BN-BB-21517-01,955.0,2026-06-01,,active,2026-06-16,Hard Anodised Ezee-Pour Saucepan Without Lid - L87,ChillZone Logistics,,,
BB-21519,BN-BB-21519-01,1481.0,2026-06-03,2028-08-11,active,2026-06-16,"Vitamin C 10% Brightening Under Eye Serum With Vitamin E, B3, Hyaluronic Acid, Caffeine & Green Tea",CareWell Distributors,,,2028-08-11
BB-21520,BN-BB-21520-01,785.0,2026-06-07,2028-05-31,active,2026-06-16,Gentle Daily Care Protein Shampoo,CareWell Distributors,,,2028-05-31
BB-21531,BN-BB-21531-01,577.0,2026-06-05,,active,2026-06-17,Stainless Steel Gas Light,MedLife Wholesale,,,
BB-21532,BN-BB-21532-01,2277.0,2026-06-01,2027-01-31,active,2026-06-18,Drink - Fresh 'N' Juicy Mango,BevCorp India,,,2027-01-31
BB-21567,BN-BB-21567-01,1914.0,2026-06-04,2028-04-15,active,2026-06-15,Strong & Extra Thick Shampoo,CareWell Distributors,,,2028-04-15
BB-21578,BN-BB-21578-01,959.0,2026-06-07,2028-04-08,active,2026-06-18,Luxury Bathing Bar - Indian Khus,CareWell Distributors,,,2028-04-08
BB-21594,BN-BB-21594-01,2400.0,2026-06-11,2027-03-18,active,2026-06-19,Assam Tea - Unbleached & Staple-Free Teabags,FestiveWorld Supplies,,,2027-03-18
BB-21615,BN-BB-21615-01,681.0,2026-06-08,2026-11-19,active,2026-06-20,"Dlite The Dark Collection - Assorted Chocolate, Gift Pack",SweetSource Regional,,,2026-11-19
BB-21623,BN-BB-21623-01,47.0,2025-06-17,2026-08-24,active,2025-06-22,Shahi Sabji Masala,GrainCo Vijayawada,,,2026-08-24
BB-21627,BN-BB-21627-01,150.0,2025-06-09,2026-08-26,active,2025-06-24,Chilli Flakes - Red,GrainCo Vijayawada,,,2026-08-26
BB-21628,BN-BB-21628-01,2014.0,2026-06-04,2027-02-23,active,2026-06-15,Elephant Apple Pickle,DairyBest Krishna,,,2027-02-23
BB-21635,BN-BB-21635-01,1354.0,2026-06-08,2028-06-10,active,2026-06-15,Neem & Turmeric Clear Skin Soap Combo,CareWell Distributors,,,2028-06-10
BB-21651,BN-BB-21651-01,4046.0,2026-06-06,,active,2026-06-17,Plastic Tea/Coffee/Sugar Container - Brown,CareWell Distributors,,,
BB-21670,BN-BB-21670-01,1330.0,2026-06-08,2027-06-04,active,2026-06-16,Natural Mosquito Repellent Roll On,CleanHome Supplies,,,2027-06-04
BB-21701,BN-BB-21701-01,0.0,2025-06-22,2026-06-16,disposed,2025-06-28,HMT Kolam Rice/Akki,GrainCo Vijayawada,2026-06-28 16:08:35,USR002,2026-06-16
BB-21715,BN-BB-21715-01,384.0,2026-06-08,2028-08-02,active,2026-06-20,Bathing Soap - Centennial,CareWell Distributors,,,2028-08-02
BB-21721,BN-BB-21721-01,1181.0,2026-06-01,2026-10-05,active,2026-06-17,"Sausage - Chicken, Cocktail",BakeMaster Artisans,,,2026-07-09
BB-21750,BN-BB-21750-01,304.0,2026-06-08,2027-05-25,active,2026-06-19,Cycle Yagna Natural Incense,CleanHome Supplies,,,2027-05-25
BB-21751,BN-BB-21751-01,983.0,2026-06-04,2026-11-30,active,2026-06-19,Oats,SweetSource Regional,,,2026-11-30
BB-21753,BN-BB-21753-01,1870.0,2026-06-03,2026-12-18,active,2026-06-16,Hide & Seek Caffe Mocha Cookies,SweetSource Regional,,,2026-12-18
BB-21778,BN-BB-21778-01,784.0,2026-06-10,2027-06-19,active,2026-06-20,Pure Cow Ghee/Tuppa,GrainCo Vijayawada,,,2027-06-19
BB-21803,BN-BB-21803-01,20.0,2025-09-08,2026-10-02,active,2025-09-19,Japanese Matcha  Bitters,CleanHome Supplies,,,2026-10-02
BB-21804,BN-BB-21804-01,176.0,2026-06-09,2026-12-06,active,2026-06-19,South African Style Peri Peri Flavour,SweetSource Regional,,,2026-12-06
BB-21820,BN-BB-21820-01,405.0,2026-06-01,2028-05-18,active,2026-06-18,De-Toxification Health Care Pack,CareWell Distributors,,,2028-05-18
BB-21835,BN-BB-21835-01,1367.0,2026-06-13,2028-04-07,active,2026-06-20,Purple Body Spray,CareWell Distributors,,,2028-04-07
BB-21839,BN-BB-21839-01,619.0,2026-06-09,2027-02-17,active,2026-06-15,Stevia Liquid 100% Natural Sweetener - Sugarfree,FestiveWorld Supplies,,,2027-02-17
BB-21843,BN-BB-21843-01,1191.0,2026-06-05,2027-05-01,active,2026-06-20,Soya Chunks,GrainCo Vijayawada,,,2027-05-01
BB-21858,BN-BB-21858-01,1998.0,2026-06-09,2028-07-06,active,2026-06-18,Hydro Toner,CareWell Distributors,,,2028-07-06
BB-21863,BN-BB-21863-01,0.0,2025-12-13,2026-06-22,disposed,2025-12-28,Namkeen - Corn Flakes Mixture,SweetSource Regional,2026-06-28 16:09:25,USR002,2026-06-22
BB-21867,BN-BB-21867-01,599.0,2026-06-11,2026-12-05,active,2026-06-18,Bharwa Lal Mirch Achar,SweetSource Regional,,,2026-12-05
BB-2187,BN-BB-2187-01,779.0,2026-06-04,,active,2026-06-18,"Classic Lead Fully Adjustable, Nylon, 4-6 ft./15 mm, XS-S, Black",BakeMaster Artisans,,,
BB-21875,BN-BB-21875-01,867.0,2026-06-05,2027-05-26,active,2026-06-15,"Plastic Bucket With Handle - Off Ivory, New Nova, 15400",CleanHome Supplies,,,2027-05-26
BB-21886,BN-BB-21886-01,1831.0,2026-06-06,,active,2026-06-16,"Glass Storage Jar - Amaze, Blue, Small",MedLife Wholesale,,,
BB-21901,BN-BB-21901-01,399.0,2026-06-07,2026-12-13,active,2026-06-20,Zingo - Sweet Chilli Sauce,SweetSource Regional,,,2026-12-13
BB-21960,BN-BB-21960-01,1029.0,2026-06-12,2027-06-21,active,2026-06-19,Organic - White Pepper,GrainCo Vijayawada,,,2027-06-21
BB-21970,BN-BB-21970-01,3298.0,2026-06-13,,active,2026-06-18,"Led Batten - 20 Watt CDL Laser Ray, Cool Day Light White",SweetSource Regional,,,
BB-21982,BN-BB-21982-01,637.0,2026-06-09,,active,2026-06-15,"Plastic Bottle - Narrow Neck, Blue, Apollo, 20371BL",PaperEdge Stationery,,,
BB-22001,BN-BB-22001-01,80.0,2026-06-05,2027-03-26,active,2026-06-18,Pizza Seasoning,FestiveWorld Supplies,,,2027-03-26
BB-22008,BN-BB-22008-01,3210.0,2026-06-04,2028-05-21,active,2026-06-15,Anti Tan Srcub,CareWell Distributors,,,2028-05-21
BB-22012,BN-BB-22012-01,488.0,2026-06-08,2028-05-30,active,2026-06-17,Oxy-Infusion Replenishing Face Mask,CareWell Distributors,,,2028-05-30
BB-22031,BN-BB-22031-01,1823.0,2026-06-04,2026-08-23,active,2026-06-17,Pineapple Flavoured Tooti Frooti,DairyBest Krishna,,,2026-08-23
BB-22048,BN-BB-22048-01,292.0,2026-06-08,2027-03-08,active,2026-06-18,Noodles - Spinach,CleanHome Supplies,,,2027-03-08
BB-22050,BN-BB-22050-01,429.0,2026-06-04,2026-11-19,active,2026-06-18,Cheesy Potato Pockets,SweetSource Regional,,,2026-11-19
BB-22055,BN-BB-22055-01,1225.0,2026-06-02,2027-05-04,active,2026-06-15,Baby Sun lotion SPF50+,BabyBase Supplies,,,2027-05-04
BB-22061,BN-BB-22061-01,423.0,2026-05-31,2027-06-04,active,2026-06-16,Organic Seeds - Cumin,GrainCo Vijayawada,,,2027-06-04
BB-22066,BN-BB-22066-01,272.0,2026-06-15,2026-12-22,active,2026-06-20,Karare-Munchy Masala 75g + Karare-Noodle Masala 75g + Karare-Chilli Achari 75g,SweetSource Regional,,,2026-12-22
BB-2207,BN-BB-2207-01,1523.0,2026-06-10,2028-05-18,active,2026-06-19,Kesh Perfect Tablet,CareWell Distributors,,,2028-05-18
BB-22078,BN-BB-22078-01,130.0,2026-06-10,2027-02-15,active,2026-06-18,Almonds - Roasted & Salted,FestiveWorld Supplies,,,2027-02-15
BB-22082,BN-BB-22082-01,23.0,2026-06-05,2027-05-16,active,2026-06-18,"Dark blue Printed Pencil Pouch - Fabric &  PU, BB1255DE",CleanHome Supplies,,,2027-05-16
BB-22084,BN-BB-22084-01,4000.0,2026-06-05,2028-06-14,active,2026-06-18,Creme Care Soap - For Hands & Body,CareWell Distributors,,,2028-06-14
BB-22091,BN-BB-22091-01,247.0,2026-06-10,,active,2026-06-19,Exclusive Scoopable Smart Bentonite Cat Litter,MedLife Wholesale,,,
BB-22107,BN-BB-22107-01,199.0,2026-05-30,2026-07-12,expired,2026-06-16,Soy Milk - Unsweetened,DairyBest Krishna,,,2026-07-12
BB-22111,BN-BB-22111-01,687.0,2026-06-09,2027-03-23,active,2026-06-17,Raw Pumpkin Seeds + Chia Seeds + Sunflower Seeds + Flax Seeds (250 g each),FreshFarm Veg Market,,,2027-03-23
BB-22114,BN-BB-22114-01,313.0,2026-06-05,2026-12-11,active,2026-06-20,Peanut Butter With Dark chocolate,SweetSource Regional,,,2026-12-11
BB-22126,BN-BB-22126-01,795.0,2026-06-11,2027-02-19,active,2026-06-19,Hazelnut Coffee - Ready To Drink,BevCorp India,,,2027-02-19
BB-22128,BN-BB-22128-01,34.0,2025-06-06,2026-10-02,active,2025-06-19,Cow Ghee/Tuppa - A2 Badri,GrainCo Vijayawada,,,2026-10-02
BB-22139,BN-BB-22139-01,4211.0,2026-06-03,2027-06-14,active,2026-06-18,Wipes - E- Tronic,CleanHome Supplies,,,2027-06-14
BB-22153,BN-BB-22153-01,329.0,2026-06-04,2028-07-07,active,2026-06-15,Green Tea Mattifying Moisturizer,CareWell Distributors,,,2028-07-07
BB-22178,BN-BB-22178-01,299.0,2026-06-05,2027-02-18,active,2026-06-19,Green Tea - Organic Tulsi Ginger Long Leaf,BevCorp India,,,2027-02-18
BB-22191,BN-BB-22191-01,572.0,2026-05-31,2026-09-02,active,2026-06-15,"Pumpkin - Disco, Organically Grown",FruitKing South,,,2026-07-10
BB-22192,BN-BB-22192-01,989.0,2026-06-05,2028-07-09,active,2026-06-15,Slim & Detox - Natural Weight Loss Formula,CareWell Distributors,,,2028-07-09
BB-22194,BN-BB-22194-01,591.0,2026-06-14,2028-08-21,active,2026-06-18,Super Greens Powder,CareWell Distributors,,,2028-08-21
BB-22203,BN-BB-22203-01,202.0,2026-05-30,2027-04-28,active,2026-06-16,Surf Excel Matic Top Load Detergent Powder 2kg + Vim Dishwash Gel - Lemon 500ml,CleanHome Supplies,,,2027-04-28
BB-22206,BN-BB-22206-01,25.0,2026-06-02,2027-02-16,active,2026-06-11,"Roasted Pumpkin, Sunflower & Flax",SweetSource Regional,,,2027-02-16
BB-22218,BN-BB-22218-01,154.0,2026-06-05,2027-06-11,active,2026-06-19,Biryani Basmati Rice - Extra Long,GrainCo Vijayawada,,,2027-06-11
BB-22230,BN-BB-22230-01,691.0,2026-06-12,2026-08-24,active,2026-06-17,Tofu Supreme - Regular,DairyBest Krishna,,,2026-08-24
BB-22239,BN-BB-22239-01,2750.0,2026-06-09,2026-11-25,active,2026-06-17,Jam - Orange Marmalade,SweetSource Regional,,,2026-11-25
BB-22242,BN-BB-22242-01,476.0,2026-06-04,2026-09-04,active,2026-06-15,Chicken Nuremberg,CleanHome Supplies,,,2026-07-09
BB-22255,BN-BB-22255-01,69.0,2026-06-07,2026-08-22,active,2026-06-18,Organic Chilli Cheese,DairyBest Krishna,,,2026-08-22
BB-22271,BN-BB-22271-01,2263.0,2026-06-10,2027-06-13,active,2026-06-18,Organic - Whole Wheat Multi Grain Atta/Godihittu,GrainCo Vijayawada,,,2027-06-13
BB-22272,BN-BB-22272-01,67.0,2025-09-15,2026-08-24,active,2025-09-29,"Assorted Instant Coffee Box - Strong, Vanilla, Hazelnut, Caramel",ChillZone Logistics,,,2026-08-24
BB-22274,BN-BB-22274-01,168.0,2026-06-10,2026-08-24,active,2026-06-17,Organic High Protein Paneer,DairyBest Krishna,,,2026-08-24
BB-22285,BN-BB-22285-01,1009.0,2026-06-07,2027-06-15,active,2026-06-17,Excel Plastic Laundry Basket - Medium,CleanHome Supplies,,,2027-06-15
BB-22293,BN-BB-22293-01,2076.0,2026-06-03,2026-12-13,active,2026-06-16,Malabar Parota - Frozen,SweetSource Regional,,,2026-12-13
BB-2231,BN-BB-2231-01,764.0,2026-06-12,2027-05-27,active,2026-06-19,Certified Organic - Watermelon Seeds/Kallangadi Bija,GrainCo Vijayawada,,,2027-05-27
BB-22316,BN-BB-22316-01,911.0,2026-06-02,2027-05-23,active,2026-06-18,Fields Of Gold Organic Cashew/Godambi nuts,GrainCo Vijayawada,,,2027-05-23
BB-22321,BN-BB-22321-01,366.0,2026-06-04,2027-05-21,active,2026-06-20,Lime Fresh 500 ml + Laundry San- Fresh Linen 480 ml,CleanHome Supplies,,,2027-05-21
BB-22325,BN-BB-22325-01,290.0,2026-06-09,2028-04-20,active,2026-06-20,Absorbent Cotton Wool,CareWell Distributors,,,2028-04-20
BB-22337,BN-BB-22337-01,0.0,2025-06-09,2026-06-21,disposed,2025-06-18,Napkin Tissue - Eco,CleanHome Supplies,2026-06-28 16:06:27,USR002,2026-06-21
BB-2234,BN-BB-2234-01,396.0,2026-06-14,2027-05-18,active,2026-06-18,Mystic Rose - Toilet Air Freshener,CleanHome Supplies,,,2027-05-18
BB-22356,BN-BB-22356-01,510.0,2026-05-31,2027-06-21,active,2026-06-15,Kabuli Chana/Kabuli Kadale,GrainCo Vijayawada,,,2027-06-21
BB-22357,BN-BB-22357-01,133.0,2026-06-11,2026-12-11,active,2026-06-18,Potato Chips - Spanish Tomato Tango,SweetSource Regional,,,2026-12-11
BB-22363,BN-BB-22363-01,613.0,2026-06-01,2028-06-10,active,2026-06-15,L-Carnitine 2000mg Double Strength Formula - For Athletes & Bodybuilders,CareWell Distributors,,,2028-06-10
BB-22372,BN-BB-22372-01,339.0,2026-06-06,2027-02-17,active,2026-06-15,Eggless Mayonnaise Dip,BakeMaster Artisans,,,2027-02-17
BB-22387,BN-BB-22387-01,474.0,2026-06-05,,active,2026-06-15,"Steel Storage/Lunch Container - No.12, Grey, Klip It",OilTrade AP,,,
BB-22393,BN-BB-22393-01,3135.0,2026-06-03,2027-05-08,active,2026-06-16,Cosmos Premium Plastic Soap Dish - Assorted Colour,CleanHome Supplies,,,2027-05-08
BB-22395,BN-BB-22395-01,420.0,2026-06-09,2027-02-12,active,2026-06-19,Vanilla Milkshake With Real Vanilla Extracts,BevCorp India,,,2027-02-12
BB-22398,BN-BB-22398-01,2998.0,2026-06-10,2027-06-11,active,2026-06-15,Oil - Lamp,CleanHome Supplies,,,2027-06-11
BB-22407,BN-BB-22407-01,1516.0,2026-06-05,2027-05-15,active,2026-06-17,Happy Universal Tissues For Children - Cement Mixer,CleanHome Supplies,,,2027-05-15
BB-22417,BN-BB-22417-01,934.0,2026-06-07,2027-05-26,active,2026-06-20,Organic - Amchur/Amchoor Powder,GrainCo Vijayawada,,,2027-05-26
BB-22441,BN-BB-22441-01,130.0,2026-06-07,2026-08-17,active,2026-06-17,Pork - Garlic Sausage,FruitKing South,,,2026-07-09
BB-22442,BN-BB-22442-01,1576.0,2026-06-08,2028-04-05,active,2026-06-15,Divine-Issme Set - Eau De Parfum + Deodorant,CareWell Distributors,,,2028-04-05
BB-22452,BN-BB-22452-01,1717.0,2026-06-06,2027-05-19,active,2026-06-17,Pooja Oil,GrainCo Vijayawada,,,2027-05-19
BB-22461,BN-BB-22461-01,622.0,2026-05-31,2026-10-09,active,2026-06-16,Snake Gourd - Organically Grown,FruitKing South,,,2026-07-10
BB-22467,BN-BB-22467-01,1054.0,2026-06-07,2028-08-05,active,2026-06-15,Deodorant Spray - Skye For Women,CareWell Distributors,,,2028-08-05
BB-22479,BN-BB-22479-01,325.0,2026-06-05,2027-02-07,active,2026-06-16,"Oat Flour - Whole Grain, Keto-Friendly",OilTrade AP,,,2027-02-07
BB-22485,BN-BB-22485-01,1194.0,2026-06-05,2027-06-22,active,2026-06-16,"Soapy Stories Finger Puppet Bath Book - Space, 6 m+",BabyBase Supplies,,,2027-06-22
BB-22489,BN-BB-22489-01,238.0,2026-05-31,2028-05-21,active,2026-06-17,Gliss Hair Repair Ultimate Oil Elixir Structure Build Up Treatment,CareWell Distributors,,,2028-05-21
BB-22492,BN-BB-22492-01,1237.0,2026-06-05,2028-03-27,active,2026-06-16,"Dog Food - Super Premium, Focus, Puppy, Limited Offer Stock",SeasonProof Gear,,,2028-03-27
BB-225,BN-BB-225-01,4067.0,2026-06-10,2028-06-16,active,2026-06-20,Ambehaldi Powder - Promotes Joint Pain & Swelling Reducing Response,CareWell Distributors,,,2028-06-16
BB-22506,BN-BB-22506-01,1098.0,2026-06-02,2026-11-27,active,2026-06-17,Veg Seekh Kebab,SweetSource Regional,,,2026-11-27
BB-22511,BN-BB-22511-01,917.0,2026-06-04,2026-11-19,active,2026-06-15,Dark Chocolate - Himalayan Pink Salt,SweetSource Regional,,,2026-11-19
BB-22536,BN-BB-22536-01,2078.0,2026-06-11,,active,2026-06-20,Stainless Steel Airtight Storage Container - SL-1303,FruitKing South,,,
BB-22563,BN-BB-22563-01,1594.0,2026-06-04,2028-07-01,active,2026-06-16,"Shot Body Spray - Maxx, Trend",CareWell Distributors,,,2028-07-01
BB-22570,BN-BB-22570-01,155.0,2026-06-14,2026-08-21,active,2026-06-20,Low Gi (Palm Sugar),DairyBest Krishna,,,2026-08-21
BB-22574,BN-BB-22574-01,997.0,2026-06-07,2027-03-18,active,2026-06-17,Maaza Juice - Mango 1.5 L + Coca Cola Soft Drink 1.75 L Bottle,BevCorp India,,,2027-03-18
BB-22581,BN-BB-22581-01,2367.0,2026-06-07,2027-02-06,active,2026-06-19,Chocolate - Lindor White,FreshFarm Veg Market,,,2027-02-06
BB-22584,BN-BB-22584-01,674.0,2026-06-07,2028-05-15,active,2026-06-17,Bio Morning Nectar Whitening Scrub Wash,CareWell Distributors,,,2028-05-15
BB-226,BN-BB-226-01,2796.0,2026-06-06,2027-03-02,active,2026-06-20,Steel Cut Oats - Gluten Free,CleanHome Supplies,,,2027-03-02
BB-2260,BN-BB-2260-01,2305.0,2026-05-30,2028-08-05,active,2026-06-15,Activated Bamboo Charcoal Shampoo,CareWell Distributors,,,2028-08-05
BB-22607,BN-BB-22607-01,157.0,2026-06-08,2026-08-22,active,2026-06-20,Cookies - Rich Chocolate,DairyBest Krishna,,,2026-08-22
BB-2263,BN-BB-2263-01,1162.0,2026-06-01,2027-02-13,active,2026-06-15,Organic Spaghetti Pasta,SweetSource Regional,,,2027-02-13
BB-22646,BN-BB-22646-01,2132.0,2026-06-07,2028-06-13,active,2026-06-16,Honitus Ginger - Cough Drops,CareWell Distributors,,,2028-06-13
BB-22647,BN-BB-22647-01,604.0,2026-06-04,2027-03-04,active,2026-06-18,Moroccan Mint Dark Chocolate,SweetSource Regional,,,2027-03-04
BB-22653,BN-BB-22653-01,1114.0,2026-06-12,2028-05-18,active,2026-06-20,"Antibacterial Germ Kill Spray (No Gas) – Safe On Skin, Safe On Surfaces",CareWell Distributors,,,2028-05-18
BB-22665,BN-BB-22665-01,3531.0,2026-06-05,2027-05-27,active,2026-06-17,Seasoning - All Purpose,GrainCo Vijayawada,,,2027-05-27
BB-22669,BN-BB-22669-01,505.0,2026-06-01,2028-07-16,active,2026-06-15,Biolage Advanced Scalppure Conditioner,CareWell Distributors,,,2028-07-16
BB-22689,BN-BB-22689-01,277.0,2026-06-04,2028-05-14,active,2026-06-17,Color Naturals Creme Riche Ultra Hair Color - Plum Red,CareWell Distributors,,,2028-05-14
BB-22700,BN-BB-22700-01,5274.0,2026-06-05,2028-04-17,active,2026-06-19,Wheatopower Tablet,CareWell Distributors,,,2028-04-17
BB-2271,BN-BB-2271-01,56.0,2026-05-13,2027-05-02,active,2026-05-21,"Blue Printed Pencil Pouch - Fabric & PU, BB1255DB",CleanHome Supplies,,,2027-05-02
BB-22717,BN-BB-22717-01,535.0,2026-06-13,,active,2026-06-16,Galata Dof Juice/ Water Glass,FestiveWorld Supplies,,,
BB-22750,BN-BB-22750-01,258.0,2026-06-08,2028-05-09,active,2026-06-18,Breeze - Razor Blades,CareWell Distributors,,,2028-05-09
BB-22756,BN-BB-22756-01,1971.0,2026-06-12,,active,2026-06-16,Dome & Service Bowl - Midi Patisserie,GrainCo Vijayawada,,,
BB-22767,BN-BB-22767-01,296.0,2026-06-11,2026-12-25,active,2026-06-16,Roasted Makhana - Indian Masala,SweetSource Regional,,,2026-12-25
BB-22768,BN-BB-22768-01,548.0,2026-06-09,,active,2026-06-16,Bistro Stemware Martini Glass,ChillZone Logistics,,,
BB-22770,BN-BB-22770-01,212.0,2026-06-12,,active,2026-06-20,Stainless Steel Atta & Maida Strainer/Channi - 20 cm,FruitKing South,,,
BB-22771,BN-BB-22771-01,149.0,2026-06-08,2027-03-17,active,2026-06-20,Sugar Free Mints - Cinnamon,MedLife Wholesale,,,2027-03-17
BB-22772,BN-BB-22772-01,529.0,2026-06-13,2027-03-15,active,2026-06-20,Salted Sunflower Seeds,GrainCo Vijayawada,,,2027-03-15
BB-22778,BN-BB-22778-01,1773.0,2026-06-03,,active,2026-06-15,"2 Fold Umbrella - Auto-Open & Manual Close, Sky Blue",FestiveWorld Supplies,,,
BB-22784,BN-BB-22784-01,226.0,2026-06-11,2027-03-02,active,2026-06-20,Barley Flour,GrainCo Vijayawada,,,2027-03-02
BB-22800,BN-BB-22800-01,322.0,2026-06-09,2027-03-05,active,2026-06-20,Mint Candy,BakeMaster Artisans,,,2027-03-05
BB-22811,BN-BB-22811-01,1278.0,2026-06-09,2028-06-22,active,2026-06-20,Cold Pressed Bhringraj Cooling Oil For Hair Fall & Damage Control,CareWell Distributors,,,2028-06-22
BB-22813,BN-BB-22813-01,2492.0,2026-06-07,2028-05-02,active,2026-06-18,Hair Naturals - Scalp Detoxifying Tonic,CareWell Distributors,,,2028-05-02
BB-22817,BN-BB-22817-01,697.0,2026-06-07,2028-04-29,active,2026-06-16,Agent Jack Eau De Toilette For Men,CareWell Distributors,,,2028-04-29
BB-22825,BN-BB-22825-01,541.0,2026-06-04,2027-07-03,active,2026-06-17,Black Salt/Uppu,GrainCo Vijayawada,,,2027-07-03
BB-2283,BN-BB-2283-01,4658.0,2026-06-08,2028-05-02,active,2026-06-18,360 Visible White Toothbrush,CareWell Distributors,,,2028-05-02
BB-22836,BN-BB-22836-01,668.0,2026-06-07,2028-04-15,active,2026-06-15,Mach Turbo 3 Shaving Blades,CareWell Distributors,,,2028-04-15
BB-22840,BN-BB-22840-01,799.0,2026-06-10,2027-03-16,active,2026-06-20,Sauce - Sweet & Sour,CleanHome Supplies,,,2027-03-16
BB-22844,BN-BB-22844-01,141.0,2026-06-05,2026-10-06,active,2026-06-18,Lemon,FruitKing South,,,2026-07-10
BB-22864,BN-BB-22864-01,470.0,2026-06-03,,active,2026-06-15,Plastic Twisty Storage Printed Containers - Blue,MedLife Wholesale,,,
BB-22867,BN-BB-22867-01,0.0,2025-09-30,2026-06-13,disposed,2025-10-06,"Natura Rice & Walnut Drink, Vegan",OilTrade AP,2026-06-28 16:02:26,USR002,2026-06-13
BB-22868,BN-BB-22868-01,430.0,2026-06-05,2027-07-04,active,2026-06-15,Water Balloons With Tap - Assorted,CleanHome Supplies,,,2027-07-04
BB-22870,BN-BB-22870-01,354.0,2026-06-13,2027-07-11,active,2026-06-18,"Sabudana -White, Small",GrainCo Vijayawada,,,2027-07-11
BB-22875,BN-BB-22875-01,1358.0,2026-06-09,2027-05-05,active,2026-06-16,Powder - Dhaniya,GrainCo Vijayawada,,,2027-05-05
BB-22884,BN-BB-22884-01,590.0,2026-06-09,2028-04-11,active,2026-06-17,Memorica Tablet - Relieves Stress & Enhances Memory,CareWell Distributors,,,2028-04-11
BB-22900,BN-BB-22900-01,1605.0,2026-06-02,,active,2026-06-18,"Steel Glass/Tumbler- No. 7, Amrapali",FruitKing South,,,
BB-22905,BN-BB-22905-01,594.0,2026-06-09,2026-09-15,active,2026-06-17,"Prawns - Jumbo, Peeled & Deveined",BevCorp India,,,2026-07-09
BB-22925,BN-BB-22925-01,3081.0,2026-06-01,2027-03-14,active,2026-06-18,Chilli Garlic Dip,CleanHome Supplies,,,2027-03-14
BB-22926,BN-BB-22926-01,37.0,2026-05-25,2027-02-01,active,2026-06-01,Premium Kasundi,PaperEdge Stationery,,,2027-02-01
BB-22961,BN-BB-22961-01,577.0,2026-06-03,,active,2026-06-15,"Chota Bheem Large Plastic Lunch Box - With Removeable Inner Container, Fork & Spoon, Assorted Character, Assorted Colour",OilTrade AP,,,
BB-2299,BN-BB-2299-01,184.0,2026-06-02,2026-12-06,active,2026-06-18,Peanut - Salted,SweetSource Regional,,,2026-12-06
BB-22996,BN-BB-22996-01,1214.0,2026-06-06,2027-07-02,active,2026-06-16,Dry Pants Diapers - Large,BabyBase Supplies,,,2027-07-02
BB-23011,BN-BB-23011-01,1416.0,2026-06-02,2026-12-07,active,2026-06-17,Bourbon Delight,SweetSource Regional,,,2026-12-07
BB-23019,BN-BB-23019-01,2108.0,2026-06-10,2028-07-30,active,2026-06-19,"7X Beard Oil - Musk, 7 Premium Oils Supports Beard Growth & Nourishment",CareWell Distributors,,,2028-07-30
BB-23022,BN-BB-23022-01,3836.0,2026-06-03,2028-08-03,active,2026-06-19,Biolage Ultra Hydrasource Aloe Hydrating Masque,CareWell Distributors,,,2028-08-03
BB-23045,BN-BB-23045-01,355.0,2026-06-10,2027-03-18,active,2026-06-16,Cocoa Powder - Non-Alkalised,FreshFarm Veg Market,,,2027-03-18
BB-23047,BN-BB-23047-01,1250.0,2026-06-12,2028-08-23,active,2026-06-20,Neemwash Neem & Clove Ultra-Purifying Face Wash With Active Neem Slices,CareWell Distributors,,,2028-08-23
BB-23052,BN-BB-23052-01,556.0,2026-06-06,2028-03-31,active,2026-06-18,Premium Eau De Toilette,CareWell Distributors,,,2028-03-31
BB-23059,BN-BB-23059-01,430.0,2024-06-13,2026-08-23,active,2024-06-20,Honey Facial Massage Gel,CareWell Distributors,,,2026-08-23
BB-23079,BN-BB-23079-01,169.0,2026-06-08,2026-11-17,active,2026-06-19,Vitamin Enriched Khakhro - Peri Peri Africana,SweetSource Regional,,,2026-11-17
BB-2309,BN-BB-2309-01,567.0,2026-06-06,2027-03-06,active,2026-06-17,Gluten Free Instant Spaghetti - Beetroot,ChillZone Logistics,,,2027-03-06
BB-23092,BN-BB-23092-01,0.0,2024-06-20,,active,2024-07-04,"LED Bulb - 3-Watt, Base B22 1pc + LED Bulb - 5-Watt, Base B22 1pc",ChillZone Logistics,,,
BB-23094,BN-BB-23094-01,87.0,2024-06-15,2026-10-02,active,2024-06-24,Deodorant Body Spray - Te Amo Pearl,CareWell Distributors,,,2026-10-02
BB-23115,BN-BB-23115-01,230.0,2026-06-11,2027-03-23,active,2026-06-18,Malt Based Beverage Powder - Chocolate Flavour,BevCorp India,,,2027-03-23
BB-2312,BN-BB-2312-01,366.0,2026-06-09,2026-11-28,active,2026-06-15,Tandoori Mayonnaise,SweetSource Regional,,,2026-11-28
BB-23142,BN-BB-23142-01,1364.0,2026-06-04,2027-03-09,active,2026-06-16,"Organic Cumin Whole, USDA Certified",GrainCo Vijayawada,,,2027-03-09
BB-23145,BN-BB-23145-01,834.0,2026-06-07,2027-02-17,active,2026-06-15,Jelly Beans - Doypack,BabyBase Supplies,,,2027-02-17
BB-23147,BN-BB-23147-01,108.0,2026-06-09,2027-07-14,active,2026-06-16,Modern Square Plastic Pedal Dustbin / Garbage Bin - Assorted Colour,CleanHome Supplies,,,2027-07-14
BB-23180,BN-BB-23180-01,4051.0,2026-06-05,,active,2026-06-16,Svachh Stainless Steel Clip On Pressure Cooker (20230),PaperEdge Stationery,,,
BB-23186,BN-BB-23186-01,377.0,2026-06-04,2027-02-13,active,2026-06-20,Vegan Cheese Sauce Mix - All Natural,PaperEdge Stationery,,,2027-02-13
BB-23198,BN-BB-23198-01,473.0,2026-06-11,2028-07-20,active,2026-06-18,Ayush Men Shaving Cream,CareWell Distributors,,,2028-07-20
BB-23213,BN-BB-23213-01,3256.0,2026-06-09,2027-06-27,active,2026-06-17,Barnyard Millet Rice - Pesticide Free,GrainCo Vijayawada,,,2027-06-27
BB-23215,BN-BB-23215-01,1194.0,2026-06-09,2027-02-17,active,2026-06-20,"Cheela Mix - Green Moong Daal, Gluten Free",OilTrade AP,,,2027-02-17
BB-23229,BN-BB-23229-01,201.0,2026-06-07,2027-06-11,active,2026-06-19,Organic - Whole Wheat Atta/Godihittu,GrainCo Vijayawada,,,2027-06-11
BB-23248,BN-BB-23248-01,1135.0,2026-06-08,2028-05-31,active,2026-06-19,Solution Bestseller Masksheet (Pack of 6),CareWell Distributors,,,2028-05-31
BB-23252,BN-BB-23252-01,228.0,2026-06-14,2027-06-07,active,2026-06-20,"Almond/Badam - Californian, Giri",GrainCo Vijayawada,,,2027-06-07
BB-2328,BN-BB-2328-01,273.0,2026-06-05,2027-07-03,active,2026-06-16,Green Moong//Hesaru Kaalu - Split,GrainCo Vijayawada,,,2027-07-03
BB-23293,BN-BB-23293-01,945.0,2026-06-10,2028-04-12,active,2026-06-17,Himalayan Rose Collection Gift Set,CareWell Distributors,,,2028-04-12
BB-23294,BN-BB-23294-01,267.0,2026-06-12,2028-08-18,active,2026-06-19,Hair Fall Control Shampoo For Men,CareWell Distributors,,,2028-08-18
BB-23299,BN-BB-23299-01,259.0,2026-06-09,2027-03-27,active,2026-06-15,Earl Grey Tea,SeasonProof Gear,,,2027-03-27
BB-23311,BN-BB-23311-01,1151.0,2026-06-05,2027-03-01,active,2026-06-19,"Apple Cider Vinegar With Mother - 100% Natural, Raw & Unfiltered",CleanHome Supplies,,,2027-03-01
BB-23320,BN-BB-23320-01,1685.0,2026-06-05,2026-08-28,active,2026-06-15,Canned Sardine - in Brine,CleanHome Supplies,,,2026-07-09
BB-23326,BN-BB-23326-01,1689.0,2026-06-07,2027-03-04,active,2026-06-19,Nutrition & Health Drink - Kesar Badam,BevCorp India,,,2027-03-04
BB-23338,BN-BB-23338-01,1190.0,2026-06-10,2026-11-19,active,2026-06-16,"Makhana - Roasted, Plain Salted",SweetSource Regional,,,2026-11-19
BB-23347,BN-BB-23347-01,1059.0,2026-06-09,2027-05-03,active,2026-06-16,Masala - Pav Bhaji,GrainCo Vijayawada,,,2027-05-03
BB-23353,BN-BB-23353-01,5373.0,2026-06-02,2028-07-28,active,2026-06-15,"Roller Comb For Girls - Plastic, Golden, Bb-1196",CareWell Distributors,,,2028-07-28
BB-2336,BN-BB-2336-01,723.0,2026-06-10,2027-03-26,active,2026-06-15,Crunchy Granola Bars - Oats 'n Honey,GrainCo Vijayawada,,,2027-03-26
BB-23370,BN-BB-23370-01,1408.0,2026-06-09,2027-03-18,active,2026-06-18,Fiesta Sparkling Blue Drink,SeasonProof Gear,,,2027-03-18
BB-23375,BN-BB-23375-01,1134.0,2026-06-05,2026-10-14,active,2026-06-18,Coccinia - Organically Grown,FruitKing South,,,2026-07-10
BB-23377,BN-BB-23377-01,402.0,2026-06-07,2027-03-15,active,2026-06-18,Immunity Booster Natural Remedial Drink,BabyBase Supplies,,,2027-03-15
BB-23384,BN-BB-23384-01,256.0,2026-06-10,2028-03-30,active,2026-06-16,Sports EDT 2,CareWell Distributors,,,2028-03-30
BB-23391,BN-BB-23391-01,211.0,2026-06-03,2027-03-21,active,2026-06-17,Chia Quinoa Cookies,BakeMaster Artisans,,,2027-03-21
BB-23405,BN-BB-23405-01,994.0,2026-06-11,2026-12-24,active,2026-06-20,Choclairs Gold Coffee,SweetSource Regional,,,2026-12-24
BB-23422,BN-BB-23422-01,147.0,2026-06-05,2027-06-17,active,2026-06-17,Before & After Toilet Spray - Deodorizer & Disinfectant,CleanHome Supplies,,,2027-06-17
BB-23423,BN-BB-23423-01,1270.0,2026-06-11,2028-04-29,active,2026-06-19,"Yashtimadhu Tablet - Ulcers, 500 mg",CareWell Distributors,,,2028-04-29
BB-23424,BN-BB-23424-01,4224.0,2026-06-13,2028-05-26,active,2026-06-19,Premium Digital Tampon - Heavy Flow,CareWell Distributors,,,2028-05-26
BB-23436,BN-BB-23436-01,560.0,2026-06-05,2026-11-26,active,2026-06-18,"Choco Almond Nutty Cookies - Box of 2, 25 g + Choco Almond Butter Spread, 175 g",SweetSource Regional,,,2026-11-26
BB-23445,BN-BB-23445-01,2146.0,2026-06-08,2027-05-06,active,2026-06-19,Synthetic Paint Brush - Round,CleanHome Supplies,,,2027-05-06
BB-23459,BN-BB-23459-01,920.0,2024-06-08,2026-08-23,active,2024-06-20,"Peppermint Exfol Gel - Treats Blackheads, Refreshes & Brightens",CareWell Distributors,,,2026-08-23
BB-2346,BN-BB-2346-01,36.0,2026-05-13,2027-04-22,active,2026-05-18,Plant Based Laundry Detergent 1 L + Plant Based Laundry Detergent 200 ml,BabyBase Supplies,,,2027-04-22
BB-23472,BN-BB-23472-01,21.0,2024-06-19,,active,2024-06-30,"Utensils-Dish Drainer/Basket/Drying Rack - Round, Large, Stainless Steel, VR10246",BakeMaster Artisans,,,
BB-23474,BN-BB-23474-01,362.0,2026-06-03,2027-06-24,active,2026-06-16,Red Puttu Powder,GrainCo Vijayawada,,,2027-06-24
BB-23480,BN-BB-23480-01,2027.0,2026-06-07,2028-04-25,active,2026-06-17,Shave Brush,CareWell Distributors,,,2028-04-25
BB-23481,BN-BB-23481-01,3959.0,2026-06-06,,active,2026-06-17,4mm Aluminium Kadai With Handle - Silver,GrainCo Vijayawada,,,
BB-23487,BN-BB-23487-01,1120.0,2026-06-11,2026-12-07,active,2026-06-15,Namkeen - Tasty Nuts,SweetSource Regional,,,2026-12-07
BB-23496,BN-BB-23496-01,5408.0,2026-06-05,2028-03-24,active,2026-06-16,Olive Vegetable Oil,CareWell Distributors,,,2028-03-24
BB-23508,BN-BB-23508-01,3027.0,2026-06-06,2026-11-16,active,2026-06-18,Organic Puttu - Millet,SweetSource Regional,,,2026-11-16
BB-2351,BN-BB-2351-01,414.0,2026-06-05,,active,2026-06-19,Lunch Box/Tiffin Set - Green BB 570 2,BakeMaster Artisans,,,
BB-23514,BN-BB-23514-01,1790.0,2026-06-10,2027-06-12,active,2026-06-19,Baby Bubble Bath,BabyBase Supplies,,,2027-06-12
BB-2354,BN-BB-2354-01,686.0,2026-06-03,,active,2026-06-16,Silicon Chocolate Baking Mould - Toy Shape,DairyBest Krishna,,,
BB-23540,BN-BB-23540-01,753.0,2026-06-11,2027-03-30,active,2026-06-16,Lex Cream Sandwich Biscuits - Cheese Flavour,BevCorp India,,,2027-03-30
BB-23542,BN-BB-23542-01,325.0,2026-06-07,2027-03-14,active,2026-06-17,Cold Pressed Safflower Oil,FruitKing South,,,2027-03-14
BB-23560,BN-BB-23560-01,4727.0,2026-06-09,,active,2026-06-19,"Store Fresh Microwaveable Plastic Container Set - Transparent, Blue, L5682C9-10",BakeMaster Artisans,,,
BB-2358,BN-BB-2358-01,1580.0,2026-06-09,,active,2026-06-20,"Glass Set - Long Drink, Camilo",PaperEdge Stationery,,,
BB-23583,BN-BB-23583-01,245.0,2026-06-04,,active,2026-06-17,Plain Container Jumbo Combo Set - Orange,MedLife Wholesale,,,
BB-23586,BN-BB-23586-01,149.0,2026-06-08,2026-08-29,active,2026-06-16,Nuremberger - Chicken,BakeMaster Artisans,,,2026-07-09
BB-23591,BN-BB-23591-01,598.0,2026-06-08,2028-04-22,active,2026-06-18,Hydrafresh Anti-Ox Grapeseed Hydrating Mask-In Eye Gel,CareWell Distributors,,,2028-04-22
BB-23592,BN-BB-23592-01,13.0,2024-06-16,,active,2024-06-26,Large Bowl - Violet,FestiveWorld Supplies,,,
BB-2360,BN-BB-2360-01,1434.0,2026-06-13,2026-11-24,active,2026-06-19,Papad & Fryum - 3D Cereal Triangle,SweetSource Regional,,,2026-11-24
BB-23601,BN-BB-23601-01,359.0,2026-06-03,2027-03-22,active,2026-06-18,Food Colour - Red,MedLife Wholesale,,,2027-03-22
BB-23606,BN-BB-23606-01,1397.0,2026-06-07,2028-04-08,active,2026-06-16,Shea & Cocoa Butter Body Lotion For Pigmentation & Dry Skin,CareWell Distributors,,,2028-04-08
BB-23611,BN-BB-23611-01,1437.0,2026-06-10,2027-06-16,active,2026-06-15,Peacock Brass Samay Diwali Puja Diya Oil Spll Samai S8,CleanHome Supplies,,,2027-06-16
BB-23632,BN-BB-23632-01,636.0,2026-06-04,,active,2026-06-16,Round Glass Carafe /Coffee/Tea Pot With Strainer,BabyBase Supplies,,,
BB-23640,BN-BB-23640-01,149.0,2026-06-09,2028-04-06,active,2026-06-19,Pure Hands Purifying Tulsi Hand Wash,CareWell Distributors,,,2028-04-06
BB-23651,BN-BB-23651-01,1102.0,2026-06-13,2026-12-06,active,2026-06-17,Bourbon Chocolate Cream Biscuits,SweetSource Regional,,,2026-12-06
BB-23659,BN-BB-23659-01,482.0,2026-06-07,2026-08-30,active,2026-06-17,Fish Fillet - Breaded,BevCorp India,,,2026-07-09
BB-2366,BN-BB-2366-01,200.0,2026-06-04,2026-11-26,active,2026-06-18,Pulp - Totapuri Mango,SweetSource Regional,,,2026-11-26
BB-23660,BN-BB-23660-01,189.0,2026-06-15,2027-02-17,active,2026-06-20,Keto Crackers,BabyBase Supplies,,,2027-02-17
BB-23665,BN-BB-23665-01,97.0,2026-06-11,2026-09-21,active,2026-06-16,Lemon - Organically Grown,FruitKing South,,,2026-07-10
BB-23674,BN-BB-23674-01,445.0,2026-06-03,2027-02-03,active,2026-06-15,Apple Cider Vinegar With Garlic & Honey,CareWell Distributors,,,2027-02-03
BB-23715,BN-BB-23715-01,1840.0,2026-06-11,2027-05-27,active,2026-06-19,Tasty Pro Fitness Conscious Edible Oil,GrainCo Vijayawada,,,2027-05-27
BB-23718,BN-BB-23718-01,5241.0,2026-06-12,2028-04-04,active,2026-06-19,Panty Liners - Soft Classic,CareWell Distributors,,,2028-04-04
BB-23722,BN-BB-23722-01,789.0,2026-06-07,2027-05-27,active,2026-06-15,"Plastic Basket Fruit & Vegetable Colander/Strainer - Small, Blue, Deluxe, 13220 OI",CleanHome Supplies,,,2027-05-27
BB-23757,BN-BB-23757-01,695.0,2026-06-09,2028-04-26,active,2026-06-16,Two Blades Pack,CareWell Distributors,,,2028-04-26
BB-23760,BN-BB-23760-01,305.0,2026-06-04,2027-03-01,active,2026-06-18,Organic - Red Kidney Beans in Water,CleanHome Supplies,,,2027-03-01
BB-23763,BN-BB-23763-01,2098.0,2026-06-07,2028-05-12,active,2026-06-19,Amla Hair Repair Hot Oil Treatment,CareWell Distributors,,,2028-05-12
BB-23782,BN-BB-23782-01,624.0,2026-06-09,2028-05-29,active,2026-06-18,Vitamin C Skin Brightening Gel,CareWell Distributors,,,2028-05-29
BB-23783,BN-BB-23783-01,392.0,2026-06-10,2028-07-26,active,2026-06-19,Blush & Glow Pomegranate Sheet Mask,CareWell Distributors,,,2028-07-26
BB-23791,BN-BB-23791-01,1982.0,2026-06-11,2028-08-06,active,2026-06-16,"Body Wash - Mint & Cucumber, Shower Creme",CareWell Distributors,,,2028-08-06
BB-23804,BN-BB-23804-01,3668.0,2026-06-03,2027-06-29,active,2026-06-15,Dishwashing Liquid - Citrus,CleanHome Supplies,,,2027-06-29
BB-2382,BN-BB-2382-01,654.0,2026-06-09,2026-09-09,active,2026-06-19,Beetroot - Diced,FruitKing South,,,2026-07-10
BB-23826,BN-BB-23826-01,1275.0,2026-06-02,2027-05-30,active,2026-06-15,"Ball Hanging Rice Paper Decorative Lantern - Kandal White, 14 Inch",CleanHome Supplies,,,2027-05-30
BB-23846,BN-BB-23846-01,531.0,2026-06-08,2027-05-28,active,2026-06-15,Organic - Mustard Oil,GrainCo Vijayawada,,,2027-05-28
BB-23852,BN-BB-23852-01,215.0,2026-06-02,2027-02-10,active,2026-06-17,Fig & Orange Conserve,MedLife Wholesale,,,2027-02-10
BB-23855,BN-BB-23855-01,1858.0,2026-06-05,,active,2026-06-18,"Hard Anodised Saucepan With Stainless Steel Lid - L95, 16 Cm",FruitKing South,,,
BB-2386,BN-BB-2386-01,1893.0,2026-06-06,2028-06-18,active,2026-06-20,Nail Filer - No 20,CareWell Distributors,,,2028-06-18
BB-23860,BN-BB-23860-01,178.0,2026-06-05,2027-06-15,active,2026-06-17,Baby Skincare Wipes - Super Saver Pack,BabyBase Supplies,,,2027-06-15
BB-23882,BN-BB-23882-01,1033.0,2026-06-07,2027-02-06,active,2026-06-18,"Hibiscus Tea Syrup, makes 8 - 10 drinks, 100% Natural",DairyBest Krishna,,,2027-02-06
BB-2389,BN-BB-2389-01,374.0,2024-06-20,2026-08-26,active,2024-06-28,Skin Lightening Natural Fruit Bleach,CareWell Distributors,,,2026-08-26
BB-23891,BN-BB-23891-01,350.0,2026-06-09,2026-10-11,active,2026-06-18,Pineapple and Pomegranate Cut,FruitKing South,,,2026-07-10
BB-23907,BN-BB-23907-01,293.0,2026-05-30,2027-02-13,active,2026-06-15,Gin Cocktail Mixers - 100% Natural,CleanHome Supplies,,,2027-02-13
BB-23909,BN-BB-23909-01,719.0,2026-06-08,2027-07-01,active,2026-06-16,Baby Bath - Daily Moisturising,BabyBase Supplies,,,2027-07-01
BB-23932,BN-BB-23932-01,950.0,2026-06-10,2027-02-22,active,2026-06-19,6 Seconds Filter Coffee Decoction,DairyBest Krishna,,,2027-02-22
BB-23946,BN-BB-23946-01,2370.0,2026-06-10,2027-07-09,active,2026-06-19,Oil - Heart,GrainCo Vijayawada,,,2027-07-09
BB-23947,BN-BB-23947-01,1359.0,2026-06-03,2028-06-16,active,2026-06-16,"Ticket Perfume, Champion",CareWell Distributors,,,2028-06-16
BB-23974,BN-BB-23974-01,1861.0,2026-06-08,2028-07-10,active,2026-06-18,Sanitary Pads - Ultra-Dry (With Wings),CareWell Distributors,,,2028-07-10
BB-23976,BN-BB-23976-01,390.0,2026-06-10,2026-12-20,active,2026-06-18,Hakka Noodles - Egg,SweetSource Regional,,,2026-12-20
BB-240,BN-BB-240-01,270.0,2026-06-10,2028-07-13,active,2026-06-18,My Story For Him - Perfumed Deodorant Natural Spray,CareWell Distributors,,,2028-07-13
BB-24058,BN-BB-24058-01,502.0,2026-06-01,2028-06-03,active,2026-06-17,XX1 Cologne - For Men,CareWell Distributors,,,2028-06-03
BB-2408,BN-BB-2408-01,448.0,2026-06-02,2028-08-13,active,2026-06-18,Chic-Issme Set - Eau De Parfum + Deodorant,CareWell Distributors,,,2028-08-13
BB-24080,BN-BB-24080-01,1716.0,2026-06-07,2028-04-10,active,2026-06-17,Romantic Eau De Toilette For Women,CareWell Distributors,,,2028-04-10
BB-24084,BN-BB-24084-01,933.0,2026-06-12,2028-06-22,active,2026-06-19,Regenerist Advanced Anti-Ageing Revitalizing Skin Serum,CareWell Distributors,,,2028-06-22
BB-2411,BN-BB-2411-01,477.0,2026-06-05,2028-04-15,active,2026-06-17,Vatika - Enriched Coconut with Hibiscus Hair Oil,CareWell Distributors,,,2028-04-15
BB-24112,BN-BB-24112-01,529.0,2024-06-12,2026-08-23,active,2024-06-20,Organic Tulsi,CareWell Distributors,,,2026-08-23
BB-24118,BN-BB-24118-01,730.0,2026-06-07,2027-02-05,active,2026-06-20,"Milo Active Go, Imported",FestiveWorld Supplies,,,2027-02-05
BB-24122,BN-BB-24122-01,985.0,2026-06-03,2027-03-20,active,2026-06-16,Olive Oil - Pure,FestiveWorld Supplies,,,2027-03-20
BB-24124,BN-BB-24124-01,2967.0,2026-06-05,2027-05-19,active,2026-06-18,Powder - Rasam,GrainCo Vijayawada,,,2027-05-19
BB-24128,BN-BB-24128-01,1743.0,2026-06-08,2028-08-01,active,2026-06-18,Reviving Oxy Pack,CareWell Distributors,,,2028-08-01
BB-24147,BN-BB-24147-01,511.0,2026-06-09,2027-02-07,active,2026-06-17,Juice - Wellnezz Jamun,BevCorp India,,,2027-02-07
BB-2417,BN-BB-2417-01,1874.0,2026-06-08,2028-05-28,active,2026-06-17,"Natural Vetiver Bath Scrubber, Colour May Vary",CareWell Distributors,,,2028-05-28
BB-24171,BN-BB-24171-01,36.0,2024-06-17,,active,2024-06-24,SS Delite Container No.3,CleanHome Supplies,,,
BB-24194,BN-BB-24194-01,202.0,2026-06-03,2027-06-16,active,2026-06-15,Mixed Herbs,GrainCo Vijayawada,,,2027-06-16
BB-24196,BN-BB-24196-01,2112.0,2026-06-10,,active,2026-06-19,"Non-Stick Flat Dosa Tawa - 260 mm, Aluminium, Assorted Colour",SweetSource Regional,,,
BB-24208,BN-BB-24208-01,5416.0,2026-06-02,2028-06-26,active,2026-06-15,Daily Calamine Talc - Renew,CareWell Distributors,,,2028-06-26
BB-24210,BN-BB-24210-01,789.0,2026-06-02,2027-02-06,active,2026-06-19,Jelly - Guava Jelly,CleanHome Supplies,,,2027-02-06
BB-24212,BN-BB-24212-01,2727.0,2026-06-14,2027-03-01,active,2026-06-20,Durum Wheat Pasta - Fusilli,GrainCo Vijayawada,,,2027-03-01
BB-24228,BN-BB-24228-01,446.0,2026-06-10,,active,2026-06-16,S.S. Insulated Tea Pot/Flask,SweetSource Regional,,,
BB-24233,BN-BB-24233-01,180.0,2026-06-09,2028-06-29,active,2026-06-17,Aloe Cucumber Gel,CareWell Distributors,,,2028-06-29
BB-24241,BN-BB-24241-01,101.0,2025-09-10,2026-10-02,active,2025-09-23,Herbal Tea - Organic Vedic Kadha,BevCorp India,,,2026-10-02
BB-24249,BN-BB-24249-01,660.0,2026-06-05,2028-06-28,active,2026-06-20,Dreamflower Fragrant Talc,CareWell Distributors,,,2028-06-28
BB-24264,BN-BB-24264-01,64.0,2026-06-13,2026-08-25,active,2026-06-18,Milkmaid Sweetened Condensed Milk,DairyBest Krishna,,,2026-08-25
BB-24274,BN-BB-24274-01,3883.0,2026-05-31,2028-07-20,active,2026-06-15,Face Wash - Bio Morning Nectar Flawless Prevents Dark Spots,CareWell Distributors,,,2028-07-20
BB-24288,BN-BB-24288-01,1732.0,2026-06-10,2028-07-18,active,2026-06-20,Naturals Moroccan Argan Hair Oil,CareWell Distributors,,,2028-07-18
BB-24292,BN-BB-24292-01,224.0,2026-06-11,2027-06-11,active,2026-06-16,Masala - Chicken Biryani,GrainCo Vijayawada,,,2027-06-11
BB-24293,BN-BB-24293-01,568.0,2026-06-08,2026-12-15,active,2026-06-15,Choco Deck - Milk Chocolate,SweetSource Regional,,,2026-12-15
BB-24294,BN-BB-24294-01,3969.0,2026-06-11,2028-08-12,active,2026-06-19,Tongue Cleaner - Copper 004,CareWell Distributors,,,2028-08-12
BB-24295,BN-BB-24295-01,2011.0,2026-06-05,2028-03-24,active,2026-06-17,Clear Complexion Brightening Body Lotion,CareWell Distributors,,,2028-03-24
BB-24314,BN-BB-24314-01,1929.0,2026-06-16,2028-07-19,active,2026-06-19,Neem Plus Ras,CareWell Distributors,,,2028-07-19
BB-24319,BN-BB-24319-01,959.0,2026-06-14,2028-05-13,active,2026-06-19,Shaving Foam Lemon,CareWell Distributors,,,2028-05-13
BB-24340,BN-BB-24340-01,98.0,2026-06-04,2026-12-08,active,2026-06-16,Veg Sticks,SweetSource Regional,,,2026-12-08
BB-24343,BN-BB-24343-01,954.0,2026-06-11,2026-10-07,active,2026-06-17,Chicken Seekh Kabab Nawabi,DairyBest Krishna,,,2026-07-09
BB-24357,BN-BB-24357-01,545.0,2026-06-11,2027-03-10,active,2026-06-20,Green Coffee,DairyBest Krishna,,,2027-03-10
BB-2437,BN-BB-2437-01,377.0,2026-06-14,2027-06-29,active,2026-06-20,Brass Ghanti/Bell - No.2,CleanHome Supplies,,,2027-06-29
BB-24397,BN-BB-24397-01,380.0,2026-06-06,2027-02-24,active,2026-06-18,Signature Blend Drip Coffee - 100% Arabica,ChillZone Logistics,,,2027-02-24
BB-24408,BN-BB-24408-01,159.0,2026-06-07,2027-06-12,active,2026-06-15,Organic - Rice Basmati,GrainCo Vijayawada,,,2027-06-12
BB-24420,BN-BB-24420-01,333.0,2026-06-06,2028-07-25,active,2026-06-19,Hair Fall Defense Conditioner,CareWell Distributors,,,2028-07-25
BB-24434,BN-BB-24434-01,906.0,2026-06-09,2027-02-21,active,2026-06-16,Lemon Green Tea - Unbleached & Staple-Free Teabags,CareWell Distributors,,,2027-02-21
BB-24436,BN-BB-24436-01,0.0,2025-06-27,2026-06-16,disposed,2025-07-02,Organic Coriander Whole/Dhania Whole/Coriander Seeds/Kottambari Beeja,GrainCo Vijayawada,2026-06-28 16:08:46,USR002,2026-06-16
BB-24438,BN-BB-24438-01,1557.0,2026-06-10,2027-03-21,active,2026-06-19,Organic Pitta Tea Masala Spice Blend,SweetSource Regional,,,2027-03-21
BB-2445,BN-BB-2445-01,1613.0,2026-06-09,2028-04-06,active,2026-06-19,Aloe Cucumber Gel,CareWell Distributors,,,2028-04-06
BB-24450,BN-BB-24450-01,2364.0,2026-06-05,2028-03-29,active,2026-06-17,Honey & Almonds - Ultimate Nourishing Body Milk Lotion,CareWell Distributors,,,2028-03-29
BB-24484,BN-BB-24484-01,247.0,2026-06-08,2028-07-01,active,2026-06-15,Brahmi Pearls,CareWell Distributors,,,2028-07-01
BB-24502,BN-BB-24502-01,510.0,2026-06-13,2028-04-16,active,2026-06-19,Damsel Essential For Women,CareWell Distributors,,,2028-04-16
BB-24550,BN-BB-24550-01,576.0,2026-06-16,2028-05-09,active,2026-06-20,Ayurvedic Ayush Kwath,CareWell Distributors,,,2028-05-09
BB-24591,BN-BB-24591-01,712.0,2026-06-14,,active,2026-06-19,Regel Tritan Plastic Sports Water Bottle - Red,BabyBase Supplies,,,
BB-24600,BN-BB-24600-01,4494.0,2026-06-07,2028-04-14,active,2026-06-19,Tea Tree Face Wash,CareWell Distributors,,,2028-04-14
BB-24623,BN-BB-24623-01,775.0,2026-06-10,2027-05-29,active,2026-06-17,Masala - Chicken,GrainCo Vijayawada,,,2027-05-29
BB-24647,BN-BB-24647-01,1051.0,2026-06-07,2027-03-27,active,2026-06-15,Pure Stevia Extract,OilTrade AP,,,2027-03-27
BB-24648,BN-BB-24648-01,1341.0,2026-06-06,2026-11-25,active,2026-06-18,Hazelnut Spread,SweetSource Regional,,,2026-11-25
BB-2465,BN-BB-2465-01,1937.0,2026-06-01,,active,2026-06-17,Svachh DLX Alpha Steel Outer Lid Pressure Cooker (20248),DairyBest Krishna,,,
BB-24653,BN-BB-24653-01,2650.0,2026-06-08,2028-07-13,active,2026-06-17,Debut Eau De Parfum,CareWell Distributors,,,2028-07-13
BB-24659,BN-BB-24659-01,246.0,2026-06-03,2026-08-23,active,2026-06-18,Choc Chunk Cookies,DairyBest Krishna,,,2026-08-23
BB-24692,BN-BB-24692-01,1841.0,2026-06-08,,active,2026-06-19,Exclusive Scoopable Natural Activated Carbon Cat Litter,OilTrade AP,,,
BB-24699,BN-BB-24699-01,404.0,2026-06-06,2028-05-02,active,2026-06-15,Ayurvedic Karela Powder,CareWell Distributors,,,2028-05-02
BB-24738,BN-BB-24738-01,1484.0,2026-06-09,,active,2026-06-20,Silicone Round Muffin Mould - Assorted Colour,OilTrade AP,,,
BB-24749,BN-BB-24749-01,130.0,2026-06-06,2026-10-15,active,2026-06-17,Buffalo Mince,MedLife Wholesale,,,2026-07-09
BB-24751,BN-BB-24751-01,4395.0,2026-06-07,2028-07-07,active,2026-06-15,Oxy-Infusion Day Cream with SPF 15,CareWell Distributors,,,2028-07-07
BB-24761,BN-BB-24761-01,3242.0,2026-06-05,2027-05-19,active,2026-06-20,Tap Cleaner,CleanHome Supplies,,,2027-05-19
BB-24771,BN-BB-24771-01,206.0,2026-06-01,2027-03-11,active,2026-06-16,Apricot - Pure Belgian Dark Chocolate,CleanHome Supplies,,,2027-03-11
BB-24780,BN-BB-24780-01,589.0,2026-06-06,2028-07-10,active,2026-06-15,Radiance Boost Orange Aroma Mask,CareWell Distributors,,,2028-07-10
BB-24784,BN-BB-24784-01,1385.0,2026-06-13,2027-06-22,active,2026-06-19,Organic Raw Sugar/Sakkare,GrainCo Vijayawada,,,2027-06-22
BB-24786,BN-BB-24786-01,2337.0,2026-06-10,2028-06-02,active,2026-06-15,Deodorant Body Spray - Private Affairs EDT,CareWell Distributors,,,2028-06-02
BB-2479,BN-BB-2479-01,242.0,2026-06-07,2027-02-20,active,2026-06-15,"Walnut - Inshell, California",BakeMaster Artisans,,,2027-02-20
BB-24802,BN-BB-24802-01,467.0,2026-06-11,2027-02-16,active,2026-06-15,Peppermint Tisane - Finest Tea Collection,BevCorp India,,,2027-02-16
BB-24803,BN-BB-24803-01,146.0,2026-06-01,2027-06-14,active,2026-06-15,"Kohinoor Ready Masalas - Amritsari Tandoori Chicken Masala, 15 gm - Pack of 2",GrainCo Vijayawada,,,2027-06-14
BB-24804,BN-BB-24804-01,275.0,2025-06-19,2026-10-02,active,2025-06-29,Masala - Pav Bhaji,GrainCo Vijayawada,,,2026-10-02
BB-24813,BN-BB-24813-01,186.0,2026-06-09,2027-03-23,active,2026-06-19,Almond Flour,GrainCo Vijayawada,,,2027-03-23
BB-24822,BN-BB-24822-01,36.0,2026-06-11,2026-09-22,active,2026-06-15,"Fish - Katla, Head",OilTrade AP,,,2026-07-09
BB-24823,BN-BB-24823-01,430.0,2026-06-11,,active,2026-06-19,Stainless Steel Refreshment Flora Storage Containers - Canister Set,BabyBase Supplies,,,
BB-24824,BN-BB-24824-01,0.0,2025-09-18,2026-06-23,disposed,2025-09-22,100 % Pure Honey - Lemon,FruitKing South,2026-06-28 16:09:05,USR002,2026-06-23
BB-24832,BN-BB-24832-01,1716.0,2026-06-05,,active,2026-06-17,Calcium Syrup for Dogs & Puppies,CleanHome Supplies,,,
BB-24840,BN-BB-24840-01,1025.0,2026-06-06,2027-03-12,active,2026-06-16,Cold Brew Coffee Packs (Original),MedLife Wholesale,,,2027-03-12
BB-24846,BN-BB-24846-01,466.0,2026-06-15,2028-05-18,active,2026-06-19,Green Tea Collagen Essence Mask,CareWell Distributors,,,2028-05-18
BB-24851,BN-BB-24851-01,314.0,2026-06-08,2028-07-16,active,2026-06-19,"Soap - Geranium, Hand Made",CareWell Distributors,,,2028-07-16
BB-24863,BN-BB-24863-01,261.0,2026-06-11,,active,2026-06-16,Copper Glass Tumbler - Hammered,ChillZone Logistics,,,
BB-24897,BN-BB-24897-01,623.0,2026-06-06,2027-05-12,active,2026-06-19,Naturals Mosquito spray,CleanHome Supplies,,,2027-05-12
BB-2491,BN-BB-2491-01,318.0,2026-06-12,2028-07-04,active,2026-06-19,Hand Sanitizer Gel,CareWell Distributors,,,2028-07-04
BB-24915,BN-BB-24915-01,212.0,2026-06-05,2027-06-11,active,2026-06-18,"Twist Gel - Car Air Freshener, Petal Crush Pink",CleanHome Supplies,,,2027-06-11
BB-24941,BN-BB-24941-01,26.0,2025-09-12,2026-10-02,active,2025-09-22,Jasmine Blossom Loose Green Tea,CleanHome Supplies,,,2026-10-02
BB-24955,BN-BB-24955-01,1884.0,2026-06-08,,active,2026-06-16,Stainless Steel Easy Chopping Knife With Yellow Handle,FruitKing South,,,
BB-24957,BN-BB-24957-01,51.0,2025-09-12,2026-10-02,active,2025-09-22,From The Roots - Moringa Honey,BakeMaster Artisans,,,2026-10-02
BB-24958,BN-BB-24958-01,1017.0,2026-06-03,2027-03-05,active,2026-06-17,Jelly Crystal - Mango,PaperEdge Stationery,,,2027-03-05
BB-24964,BN-BB-24964-01,162.0,2026-06-11,2028-04-02,active,2026-06-19,Panty Liners - Mini Classic,CareWell Distributors,,,2028-04-02
BB-2498,BN-BB-2498-01,2125.0,2026-06-10,2026-10-12,active,2026-06-15,Fried Strips - Chicken,GrainCo Vijayawada,,,2026-07-09
BB-2499,BN-BB-2499-01,498.0,2026-06-05,2028-07-03,active,2026-06-19,Antiseptic- Disinfectant Liquid 550 ml + Clinical Strength Hand Sanitizer 500 ml,CareWell Distributors,,,2028-07-03
BB-24993,BN-BB-24993-01,712.0,2026-06-09,2026-08-17,active,2026-06-20,Guava - Organically Grown,FruitKing South,,,2026-07-10
BB-2500,BN-BB-2500-01,2928.0,2026-06-06,2027-06-06,active,2026-06-15,Air Effects Room Freshener - Anti Tobacco,CleanHome Supplies,,,2027-06-06
BB-25009,BN-BB-25009-01,742.0,2026-06-03,2026-12-18,active,2026-06-15,Kitkat Dessert Delight Tempting Truffle Wafer Coated With Milk Chocolate Tablets,SweetSource Regional,,,2026-12-18
BB-25027,BN-BB-25027-01,98.0,2026-06-08,2027-02-14,active,2026-06-15,"Almond Butter- All Natural 125G+Sweet N Salty, with Crunchy Flax Seeds 125G Jar",BakeMaster Artisans,,,2027-02-14
BB-25041,BN-BB-25041-01,1533.0,2026-06-10,2027-07-13,active,2026-06-17,Cow Ghee/Tuppa - A2 Gir Bilona,GrainCo Vijayawada,,,2027-07-13
BB-25048,BN-BB-25048-01,672.0,2026-06-06,2028-04-22,active,2026-06-17,Maharasnadi Kwath,CareWell Distributors,,,2028-04-22
BB-25067,BN-BB-25067-01,98.0,2026-06-11,2026-08-26,active,2026-06-16,Ginger - Chopped,FruitKing South,,,2026-08-26
BB-25071,BN-BB-25071-01,769.0,2024-06-13,2026-08-24,active,2024-06-25,Shampoo - for Normal Hair,CareWell Distributors,,,2026-08-24
BB-25079,BN-BB-25079-01,596.0,2026-06-10,2027-03-14,active,2026-06-15,Berries & Seeds,DairyBest Krishna,,,2027-03-14
BB-2508,BN-BB-2508-01,1014.0,2026-06-09,2026-12-02,active,2026-06-17,Fruit N Fibre Muesli - Strawberry,SweetSource Regional,,,2026-12-02
BB-25084,BN-BB-25084-01,739.0,2026-06-08,2026-12-11,active,2026-06-16,Farmlite Biscuit - Oats & Almonds,SweetSource Regional,,,2026-12-11
BB-25088,BN-BB-25088-01,1377.0,2026-06-01,2027-07-05,active,2026-06-15,Baby Lotion - Milk & Rice,BabyBase Supplies,,,2027-07-05
BB-2509,BN-BB-2509-01,344.0,2026-06-10,2026-12-05,active,2026-06-17,Payasam Mix - Rice Palada,SweetSource Regional,,,2026-12-05
BB-25092,BN-BB-25092-01,2403.0,2026-06-03,2027-06-13,active,2026-06-15,Silver Aluminium Foil 14 Micron,CleanHome Supplies,,,2027-06-13
BB-25094,BN-BB-25094-01,1362.0,2026-06-06,2027-07-07,active,2026-06-18,"Spray - Premium Air Freshener, Relax",CleanHome Supplies,,,2027-07-07
BB-25096,BN-BB-25096-01,175.0,2026-06-03,2027-03-15,active,2026-06-15,Instant Noodles - Black Pepper Fried,BakeMaster Artisans,,,2027-03-15
BB-25101,BN-BB-25101-01,1618.0,2026-06-10,,active,2026-06-19,Wooden Block Knife Set,OilTrade AP,,,
BB-25116,BN-BB-25116-01,558.0,2026-06-10,,active,2026-06-17,"Glass Water Bottle With Round Base - Transparent, B1367",FruitKing South,,,
BB-25122,BN-BB-25122-01,1986.0,2026-06-02,2028-04-26,active,2026-06-17,Chocolate Rejuvenating Mask,CareWell Distributors,,,2028-04-26
BB-2514,BN-BB-2514-01,261.0,2024-06-14,2026-08-23,active,2024-06-26,Fragrance Body Spray - Cool Blue,CareWell Distributors,,,2026-08-23
BB-25186,BN-BB-25186-01,148.0,2026-06-06,2026-08-26,active,2026-06-17,Catla Fish Large Curry Cut 1kg+Chicken Breast Boneless 500G+Chicken Mince 500G,DairyBest Krishna,,,2026-07-09
BB-25206,BN-BB-25206-01,1638.0,2026-06-08,2027-05-30,active,2026-06-19,Organic Raisins,GrainCo Vijayawada,,,2027-05-30
BB-25236,BN-BB-25236-01,289.0,2026-06-09,,active,2026-06-20,Classic Storage Glass Jar Set - Assorted,CareWell Distributors,,,
BB-25250,BN-BB-25250-01,1191.0,2026-06-06,2027-03-19,active,2026-06-17,"Super Moist Cake Mix - Devil's Food, Imported",BevCorp India,,,2027-03-19
BB-2526,BN-BB-2526-01,4092.0,2026-06-06,,active,2026-06-18,Spiral VS Medium Plate Set,SweetSource Regional,,,
BB-25287,BN-BB-25287-01,865.0,2026-06-10,,active,2026-06-18,Chai/Tea Cup Bonechina & Saucer - White With Blue & Orange Floral Print Border,GrainCo Vijayawada,,,
BB-25300,BN-BB-25300-01,77.0,2026-06-05,2027-03-26,active,2026-06-19,Pasta - Le Elichi Tricolore,FreshFarm Veg Market,,,2027-03-26
BB-2531,BN-BB-2531-01,173.0,2026-06-08,2026-08-22,active,2026-06-20,Danish Butter Cookies,DairyBest Krishna,,,2026-08-22
BB-25347,BN-BB-25347-01,364.0,2026-06-05,2028-07-24,active,2026-06-16,Ojas Capsules - Boosts Immunity,CareWell Distributors,,,2028-07-24
BB-2537,BN-BB-2537-01,267.0,2026-06-07,2027-02-28,active,2026-06-15,Chip N Dip - Jalapeno Pita Chips With Sweet Chilli Garlic Dip,MedLife Wholesale,,,2027-02-28
BB-25373,BN-BB-25373-01,1860.0,2026-06-11,2026-08-24,active,2026-06-16,Cream,DairyBest Krishna,,,2026-08-24
BB-25382,BN-BB-25382-01,1483.0,2026-06-07,2028-04-08,active,2026-06-17,Hypnotic Rose Soap Bar,CareWell Distributors,,,2028-04-08
BB-25383,BN-BB-25383-01,51.0,2026-06-01,2026-08-22,active,2026-06-15,Mild Cheddar Block,DairyBest Krishna,,,2026-08-22
BB-25402,BN-BB-25402-01,97.0,2026-06-05,2027-02-18,active,2026-06-19,Organic Pure Cashew Butter - Unsweetened,FestiveWorld Supplies,,,2027-02-18
BB-25408,BN-BB-25408-01,1072.0,2026-06-14,2026-12-18,active,2026-06-20,Honey Crunch Corn Flakes,SweetSource Regional,,,2026-12-18
BB-25435,BN-BB-25435-01,619.0,2026-06-06,2027-06-17,active,2026-06-15,"Spiral Notebook - Single Line, 6 Subjects, 300 Pages",CleanHome Supplies,,,2027-06-17
BB-2545,BN-BB-2545-01,308.0,2026-06-06,2026-08-20,active,2026-06-15,Kool Cafe - Hazelnut,DairyBest Krishna,,,2026-08-20
BB-25455,BN-BB-25455-01,419.0,2026-06-05,2026-07-22,active,2026-06-15,Artisanal Cookies - Seasons Greetings,DairyBest Krishna,,,2026-07-22
BB-25460,BN-BB-25460-01,635.0,2026-06-16,2027-05-25,active,2026-06-20,Microfiber Scrubby Kitchen Wipe,CleanHome Supplies,,,2027-05-25
BB-25466,BN-BB-25466-01,566.0,2026-06-05,2027-02-04,active,2026-06-15,Mix - Chatpata,SeasonProof Gear,,,2027-02-04
BB-25471,BN-BB-25471-01,1372.0,2026-06-06,2027-05-12,active,2026-06-16,Organic - Sunflower Oil,GrainCo Vijayawada,,,2027-05-12
BB-25472,BN-BB-25472-01,85.0,2024-06-06,2026-08-23,active,2024-06-20,Peppa Pig Flashhh Kids Toothbrush With Rinsing Cup - Blue,CareWell Distributors,,,2026-08-23
BB-25477,BN-BB-25477-01,209.0,2026-06-09,2027-06-22,active,2026-06-17,Organic - Toor Daal,GrainCo Vijayawada,,,2027-06-22
BB-25483,BN-BB-25483-01,116.0,2026-04-19,2028-02-21,active,2026-05-03,Hair Protect Serum,CareWell Distributors,,,2028-02-21
BB-2550,BN-BB-2550-01,1368.0,2026-06-01,2027-05-10,active,2026-06-16,Coffee Sprinkles - Silky Hazelnut,GrainCo Vijayawada,,,2027-05-10
BB-25518,BN-BB-25518-01,1752.0,2026-06-10,2028-05-13,active,2026-06-19,Calcium + Vitamin D Gummies For Kids,CareWell Distributors,,,2028-05-13
BB-25526,BN-BB-25526-01,461.0,2026-06-11,2027-07-15,active,2026-06-15,Colour Pencils,CleanHome Supplies,,,2027-07-15
BB-25527,BN-BB-25527-01,652.0,2026-06-15,2027-05-25,active,2026-06-18,Pomace Olive Oil - For All Types Of Cooking,GrainCo Vijayawada,,,2027-05-25
BB-25535,BN-BB-25535-01,165.0,2026-06-10,2026-12-24,active,2026-06-15,Premium - Idli Instant Mix,SweetSource Regional,,,2026-12-24
BB-25543,BN-BB-25543-01,425.0,2026-06-05,2027-05-20,active,2026-06-18,Mosquito Repellent Machine + Liquid,CleanHome Supplies,,,2027-05-20
BB-25546,BN-BB-25546-01,766.0,2026-06-09,2026-12-07,active,2026-06-15,Mini Samosa,SweetSource Regional,,,2026-12-07
BB-25553,BN-BB-25553-01,151.0,2026-06-05,2028-06-11,active,2026-06-19,Neem Tulsi & Aloe Vera Handwash,CareWell Distributors,,,2028-06-11
BB-25555,BN-BB-25555-01,1955.0,2026-06-02,2028-08-04,active,2026-06-16,Power 10 Formula VB Effector,CareWell Distributors,,,2028-08-04
BB-25562,BN-BB-25562-01,1698.0,2026-06-12,,active,2026-06-15,100% melamine Dinner Plate - Blossom,CleanHome Supplies,,,
BB-25569,BN-BB-25569-01,561.0,2026-06-07,2027-06-05,active,2026-06-19,Stainless Steel Dustbin / Garbage Bin Pedal - Perforated,CleanHome Supplies,,,2027-06-05
BB-25571,BN-BB-25571-01,50.0,2026-06-07,2026-10-08,active,2026-06-17,Bitter Gourd - Diced,FruitKing South,,,2026-07-10
BB-25585,BN-BB-25585-01,241.0,2026-06-10,2028-07-14,active,2026-06-17,Body Deodorant - Red,CareWell Distributors,,,2028-07-14
BB-25605,BN-BB-25605-01,983.0,2026-06-09,2027-02-11,active,2026-06-19,Milk Chocolate With Almonds,SweetSource Regional,,,2027-02-11
BB-25607,BN-BB-25607-01,421.0,2026-06-07,2027-03-22,active,2026-06-18,Assam Tea Bag,BevCorp India,,,2027-03-22
BB-25617,BN-BB-25617-01,1432.0,2026-05-30,2026-11-18,active,2026-06-15,Noodles - Medium Egg,SweetSource Regional,,,2026-11-18
BB-25618,BN-BB-25618-01,424.0,2026-06-08,2027-06-19,active,2026-06-19,Pencil Smart Kit,CleanHome Supplies,,,2027-06-19
BB-25621,BN-BB-25621-01,1369.0,2026-06-04,,active,2026-06-20,"Stainless Steel Vanna Chetty -  Copper Bottom, No.12",FreshFarm Veg Market,,,
BB-25638,BN-BB-25638-01,312.0,2026-06-11,2028-03-31,active,2026-06-19,Pennant Eau De Toilette For Men,CareWell Distributors,,,2028-03-31
BB-25639,BN-BB-25639-01,3305.0,2026-06-08,2028-06-12,active,2026-06-20,Hair Cleanser Shampoo - Neem Sat,CareWell Distributors,,,2028-06-12
BB-25642,BN-BB-25642-01,1134.0,2026-06-06,2028-06-21,active,2026-06-17,Condoms - Extra Dots,CareWell Distributors,,,2028-06-21
BB-25651,BN-BB-25651-01,634.0,2026-06-07,,active,2026-06-18,"Water Bottle - A5 Note Book, Assorted Colour",PaperEdge Stationery,,,
BB-25663,BN-BB-25663-01,792.0,2026-06-08,2027-02-17,active,2026-06-19,True Cinnamon - Alba Variety,FestiveWorld Supplies,,,2027-02-17
BB-25667,BN-BB-25667-01,547.0,2026-06-07,,active,2026-06-18,"Slotted Turner - Nylon, Silicon Handle, Green",BevCorp India,,,
BB-25675,BN-BB-25675-01,197.0,2026-06-04,2027-03-21,active,2026-06-19,"Multigrain Variety Energy Bar - Chocolate, Vanilla Almonds, Cashew Orange & Nuts & Seeds",FruitKing South,,,2027-03-21
BB-25687,BN-BB-25687-01,1902.0,2026-06-02,,active,2026-06-15,Tragacanth Gum Crystals,DairyBest Krishna,,,
BB-25691,BN-BB-25691-01,1289.0,2026-06-07,,active,2026-06-17,USB String Fairy Lights 3M 30 LED Heart Bead Gold Chain For Decoration,SweetSource Regional,,,
BB-25702,BN-BB-25702-01,1155.0,2026-06-09,2027-06-12,active,2026-06-20,"Twist Gel - Car Air Freshener, Fresh Lush Green",CleanHome Supplies,,,2027-06-12
BB-25703,BN-BB-25703-01,154.0,2026-06-11,2027-03-27,active,2026-06-15,Dulce De Leche With Vanilla,MedLife Wholesale,,,2027-03-27
BB-25704,BN-BB-25704-01,935.0,2026-06-10,2027-03-07,active,2026-06-16,Sports Drink - Lemon Flavour,BevCorp India,,,2027-03-07
BB-25711,BN-BB-25711-01,350.0,2026-06-04,2027-03-05,active,2026-06-15,Thandai,BevCorp India,,,2027-03-05
BB-25728,BN-BB-25728-01,381.0,2024-06-23,2026-10-02,active,2024-06-29,Honey Fariness Facial Sheet Mask EX,CareWell Distributors,,,2026-10-02
BB-25743,BN-BB-25743-01,1903.0,2026-06-06,,active,2026-06-15,Xpress Handy Juicer 2-In-1 - Multicolour,OilTrade AP,,,
BB-25756,BN-BB-25756-01,774.0,2026-06-03,2028-03-31,active,2026-06-19,6 Oil Nourish Shampoo,CareWell Distributors,,,2028-03-31
BB-25758,BN-BB-25758-01,244.0,2026-06-03,2027-02-15,active,2026-06-19,Barbeque Mayo,BabyBase Supplies,,,2027-02-15
BB-25760,BN-BB-25760-01,135.0,2024-06-15,2026-08-24,active,2024-06-23,Ice Cool Gas Free Deodorant - Daylong Odour Control,CareWell Distributors,,,2026-08-24
BB-25766,BN-BB-25766-01,154.0,2026-06-11,2026-12-08,active,2026-06-19,"7 Grain Breakfast Cookie - Choco Chips, Soft & Chewy",SweetSource Regional,,,2026-12-08
BB-25767,BN-BB-25767-01,367.0,2024-06-11,,active,2024-06-26,"Lunch Box - Stainless Steel, Midday Maxx Fresh, Red",CleanHome Supplies,,,
BB-25774,BN-BB-25774-01,310.0,2026-06-15,2026-12-23,active,2026-06-20,"Spring Roll Sheets - 6""x6""",SweetSource Regional,,,2026-12-23
BB-25784,BN-BB-25784-01,3065.0,2026-06-12,2027-05-18,active,2026-06-17,"Dustbin/Basket - Plastic, Green, Gr BB 617 1",CleanHome Supplies,,,2027-05-18
BB-25790,BN-BB-25790-01,81.0,2026-06-08,2027-03-10,active,2026-06-19,Flavour Instant Coffee - Mint Chocolate,MedLife Wholesale,,,2027-03-10
BB-25793,BN-BB-25793-01,417.0,2026-06-12,2027-03-13,active,2026-06-19,Rolled Oats - Gluten-Free,BabyBase Supplies,,,2027-03-13
BB-25800,BN-BB-25800-01,637.0,2026-06-08,,active,2026-06-18,Yummy Tummy Lunch Pack,FestiveWorld Supplies,,,
BB-25802,BN-BB-25802-01,1823.0,2026-06-10,2028-07-18,active,2026-06-16,Power 10 Formula WH Effector,CareWell Distributors,,,2028-07-18
BB-25804,BN-BB-25804-01,27.0,2025-09-12,2026-08-24,active,2025-09-26,Baby Corn - Sweet & Sour,CareWell Distributors,,,2026-08-24
BB-25834,BN-BB-25834-01,472.0,2026-06-13,2026-12-17,active,2026-06-18,Paratha - Butter,SweetSource Regional,,,2026-12-17
BB-25838,BN-BB-25838-01,249.0,2026-06-13,2026-08-23,active,2026-06-18,Processed Cheese - Chiplets Cubes,DairyBest Krishna,,,2026-08-23
BB-25839,BN-BB-25839-01,1845.0,2026-06-09,,active,2026-06-15,"Doraemon Single Compartment Plastic Lunch Box - With Container, Assorted Character, Assorted Colour",BakeMaster Artisans,,,
BB-25847,BN-BB-25847-01,434.0,2026-06-07,,active,2026-06-17,"Steel Skimmer - Big, Classic Diana Series, BBKT30",OilTrade AP,,,
BB-25852,BN-BB-25852-01,240.0,2026-06-04,2027-05-14,active,2026-06-17,"Plastic Zig Zag Carrying Basket - Small, Assorted Colour",CleanHome Supplies,,,2027-05-14
BB-25866,BN-BB-25866-01,614.0,2026-06-09,2026-08-21,active,2026-06-20,Vanilla Dew,DairyBest Krishna,,,2026-08-21
BB-25867,BN-BB-25867-01,25.0,2025-06-13,2026-10-02,active,2025-06-21,Stage 2 Formula - After 6 Months,BabyBase Supplies,,,2026-10-02
BB-25874,BN-BB-25874-01,230.0,2026-06-08,,active,2026-06-17,Chai/100% Melamine Smart Coffee Mug Set - Red,CleanHome Supplies,,,
BB-25875,BN-BB-25875-01,316.0,2026-06-06,2028-05-26,active,2026-06-15,Oil Control Face Wash,CareWell Distributors,,,2028-05-26
BB-25881,BN-BB-25881-01,2408.0,2026-06-06,2027-03-06,active,2026-06-15,Wrap Salsa - Hot,CleanHome Supplies,,,2027-03-06
BB-25904,BN-BB-25904-01,470.0,2026-06-04,2028-05-07,active,2026-06-20,"Hair Vital Bioactive Oil With Olive, Castor, Almond, Jojoba, Rosemary, Tea Tree",CareWell Distributors,,,2028-05-07
BB-25906,BN-BB-25906-01,117.0,2026-06-12,2026-11-30,active,2026-06-20,Pickle - Gongura,SweetSource Regional,,,2026-11-30
BB-25914,BN-BB-25914-01,228.0,2026-05-08,2026-08-24,active,2026-05-11,"Thin Cookie - Salted Caramel, Gluten Free",DairyBest Krishna,,,2026-08-24
BB-25919,BN-BB-25919-01,4592.0,2026-06-05,,active,2026-06-18,Steel Copper Bottom Handi - No. 12,ChillZone Logistics,,,
BB-25923,BN-BB-25923-01,412.0,2026-06-08,2026-11-24,active,2026-06-15,"Tomato Makhani & Cashew Onion Ready to Eat All Purpose Gravy, 200 g",SweetSource Regional,,,2026-11-24
BB-25925,BN-BB-25925-01,519.0,2026-06-13,2027-05-12,active,2026-06-18,Oil - Groundnut,GrainCo Vijayawada,,,2027-05-12
BB-25928,BN-BB-25928-01,184.0,2026-06-07,2027-02-16,active,2026-06-16,All In One Pizza Pasta Seasoning,FruitKing South,,,2027-02-16
BB-25934,BN-BB-25934-01,498.0,2026-06-04,2027-03-23,active,2026-06-20,Gluten Free - Marie Biscuits,FreshFarm Veg Market,,,2027-03-23
BB-25957,BN-BB-25957-01,175.0,2026-06-08,2028-08-08,active,2026-06-18,"N95 Washable Face Mask - Blue, Large",CareWell Distributors,,,2028-08-08
BB-25980,BN-BB-25980-01,547.0,2026-06-08,2028-06-04,active,2026-06-16,Rosemary Pure Essential Oil,CareWell Distributors,,,2028-06-04
BB-25996,BN-BB-25996-01,584.0,2026-06-10,2028-05-16,active,2026-06-20,Vitamin C & Hyaluronic Acid Gold Serum,CareWell Distributors,,,2028-05-16
BB-26000,BN-BB-26000-01,4021.0,2026-06-09,2028-06-22,active,2026-06-20,Oudh Golab Middle Eastern Handmade Soap,CareWell Distributors,,,2028-06-22
BB-26006,BN-BB-26006-01,49.0,2026-05-08,2028-04-28,active,2026-05-22,Oud Woman EDT,CareWell Distributors,,,2028-04-28
BB-2601,BN-BB-2601-01,1684.0,2026-06-06,2028-07-16,active,2026-06-16,Essential Oil - Cypress,CareWell Distributors,,,2028-07-16
BB-26017,BN-BB-26017-01,1480.0,2026-06-13,2028-08-01,active,2026-06-20,Eau-De-Mehfil Eau De Parfum,CareWell Distributors,,,2028-08-01
BB-26024,BN-BB-26024-01,227.0,2026-06-11,2026-12-07,active,2026-06-16,Garlic Naan,SweetSource Regional,,,2026-12-07
BB-26025,BN-BB-26025-01,157.0,2026-06-14,2028-08-23,active,2026-06-19,Lavender Patchouli Hair Cleanser,CareWell Distributors,,,2028-08-23
BB-2604,BN-BB-2604-01,1978.0,2026-06-09,2028-07-06,active,2026-06-20,Honey Moisture Mask - For Dry & Damaged Hair,CareWell Distributors,,,2028-07-06
BB-26051,BN-BB-26051-01,2430.0,2026-06-08,2026-11-27,active,2026-06-16,4 Cheese Pizza,SweetSource Regional,,,2026-11-27
BB-26069,BN-BB-26069-01,2099.0,2026-06-02,2028-06-27,active,2026-06-16,Intensive Hair Repair Therapy,CareWell Distributors,,,2028-06-27
BB-26072,BN-BB-26072-01,658.0,2026-06-12,2027-02-10,active,2026-06-18,Dark Chocolate - with Pistachio,SweetSource Regional,,,2027-02-10
BB-26094,BN-BB-26094-01,690.0,2026-05-31,2028-05-23,active,2026-06-16,Soap - Forest Spice,CareWell Distributors,,,2028-05-23
BB-2610,BN-BB-2610-01,986.0,2026-06-08,2027-02-21,active,2026-06-19,"Green Tea - Pure, Whole Leaf",BevCorp India,,,2027-02-21
BB-26117,BN-BB-26117-01,441.0,2026-06-09,2026-12-01,active,2026-06-20,Karare - Munchy Masala,SweetSource Regional,,,2026-12-01
BB-26125,BN-BB-26125-01,1047.0,2026-06-07,2026-12-09,active,2026-06-20,Yippee Noodles - Magic Masala,SweetSource Regional,,,2026-12-09
BB-26133,BN-BB-26133-01,230.0,2026-06-06,2027-05-07,active,2026-06-16,"Incense sticks - Lia, Chandanam",CleanHome Supplies,,,2027-05-07
BB-26135,BN-BB-26135-01,596.0,2026-06-12,2027-06-10,active,2026-06-20,"Silicone Teether - Apple, Orange",BabyBase Supplies,,,2027-06-10
BB-26142,BN-BB-26142-01,3346.0,2026-06-01,2028-08-07,active,2026-06-15,"Adult Dry Cat Food - +1 Year, Ocean Fish",GrainCo Vijayawada,,,2028-08-07
BB-26148,BN-BB-26148-01,205.0,2026-06-10,2026-12-16,active,2026-06-19,Chocolate - 90% Bitter,SweetSource Regional,,,2026-12-16
BB-26150,BN-BB-26150-01,401.0,2026-06-07,2027-05-24,active,2026-06-17,Organic - Biryani Masala,GrainCo Vijayawada,,,2027-05-24
BB-26177,BN-BB-26177-01,628.0,2026-06-06,2028-07-27,active,2026-06-19,Cotton Swabs In Round,CareWell Distributors,,,2028-07-27
BB-26181,BN-BB-26181-01,1280.0,2026-06-07,2027-05-03,active,2026-06-19,Spicy Sambhar Masala,GrainCo Vijayawada,,,2027-05-03
BB-26185,BN-BB-26185-01,2795.0,2026-06-10,2026-12-04,active,2026-06-19,Masala Oats - Classic Masala,SweetSource Regional,,,2026-12-04
BB-26187,BN-BB-26187-01,345.0,2026-06-08,2026-12-20,active,2026-06-15,Honey - Ginger,SweetSource Regional,,,2026-12-20
BB-26190,BN-BB-26190-01,1637.0,2026-06-13,2026-08-20,active,2026-06-17,"Cake - Blueberry, Whole Wheat, Eggless",DairyBest Krishna,,,2026-08-20
BB-26193,BN-BB-26193-01,169.0,2026-06-10,2027-02-23,active,2026-06-15,Basil Pesto,DairyBest Krishna,,,2027-02-23
BB-26196,BN-BB-26196-01,1118.0,2026-06-05,2028-03-26,active,2026-06-18,Hydro Boost Water Gel,CareWell Distributors,,,2028-03-26
BB-26199,BN-BB-26199-01,112.0,2026-06-09,2026-12-09,active,2026-06-20,Nachoz - Sizzling Peri Peri,SweetSource Regional,,,2026-12-09
BB-262,BN-BB-262-01,228.0,2026-06-09,2028-05-01,active,2026-06-15,"Lip Balm - Disney Limited Edition, Watermelon Shine",CareWell Distributors,,,2028-05-01
BB-26227,BN-BB-26227-01,3316.0,2026-06-08,2028-06-12,active,2026-06-16,Peach Milk Moisturiser Body Lotion,CareWell Distributors,,,2028-06-12
BB-26233,BN-BB-26233-01,39.0,2024-06-21,2026-09-01,active,2024-06-25,Prosto-8 Tablet,CareWell Distributors,,,2026-06-24
BB-26242,BN-BB-26242-01,136.0,2026-06-13,2027-02-12,active,2026-06-19,Hyderabadi Dum Biryani Masala,SweetSource Regional,,,2027-02-12
BB-2625,BN-BB-2625-01,29.0,2025-12-27,2026-09-18,active,2026-01-04,Chef Kadhai Gravy,SweetSource Regional,,,2026-06-15
BB-26270,BN-BB-26270-01,937.0,2026-06-06,2028-06-17,active,2026-06-18,Scrubber - Braided Back,CareWell Distributors,,,2028-06-17
BB-26283,BN-BB-26283-01,379.0,2026-06-05,2027-06-10,active,2026-06-19,Zipper Soulful Jasmine,CleanHome Supplies,,,2027-06-10
BB-26298,BN-BB-26298-01,498.0,2026-06-07,2028-06-10,active,2026-06-15,Breathe Easy Everyday Reusable Anti Pollution Mask,CareWell Distributors,,,2028-06-10
BB-26312,BN-BB-26312-01,15.0,2025-09-17,2026-08-23,active,2025-09-29,100% Natural Grapedseed Oil,BabyBase Supplies,,,2026-08-23
BB-26317,BN-BB-26317-01,1432.0,2026-06-09,2028-03-27,active,2026-06-18,Gold Glowing skin Face Scrub,CareWell Distributors,,,2028-03-27
BB-26336,BN-BB-26336-01,393.0,2026-06-09,2028-06-16,active,2026-06-19,"Sapthamruth Lauha - Eye Care, 300mg",CareWell Distributors,,,2028-06-16
BB-26349,BN-BB-26349-01,4377.0,2026-06-06,2028-04-30,active,2026-06-16,"Wet Cat Food - Chicken In Gravy, For Adult Cats, +1 Year",BevCorp India,,,2028-04-30
BB-26350,BN-BB-26350-01,4406.0,2026-06-04,2028-07-05,active,2026-06-17,Golden Glow Peel-Off,CareWell Distributors,,,2028-07-05
BB-26363,BN-BB-26363-01,2412.0,2026-06-08,2026-09-03,active,2026-06-15,Beetroot - Julienne,FruitKing South,,,2026-07-10
BB-26371,BN-BB-26371-01,332.0,2026-06-03,,active,2026-06-17,"Bonechina Milk Mug - Red, Sagittarius Print",MedLife Wholesale,,,
BB-26378,BN-BB-26378-01,1966.0,2026-06-02,,active,2026-06-17,Stainless Steel Induction Base Tope,MedLife Wholesale,,,
BB-2638,BN-BB-2638-01,514.0,2026-06-02,2027-07-02,active,2026-06-16,Organic - Broken Rice/Akki,GrainCo Vijayawada,,,2027-07-02
BB-2639,BN-BB-2639-01,250.0,2026-06-04,2027-03-18,active,2026-06-15,Savoury - Cheese Rings,FreshFarm Veg Market,,,2027-03-18
BB-26415,BN-BB-26415-01,2183.0,2026-06-04,2026-11-21,active,2026-06-18,Mom's Magic Biscuits - Cookies - Nut Biscotti,SweetSource Regional,,,2026-11-21
BB-2643,BN-BB-2643-01,574.0,2026-06-10,2028-05-02,active,2026-06-20,Kumaryasava,CareWell Distributors,,,2028-05-02
BB-26439,BN-BB-26439-01,528.0,2026-06-10,2028-05-03,active,2026-06-15,"Sunscreen - For All Skin, SPF 50",CareWell Distributors,,,2028-05-03
BB-2644,BN-BB-2644-01,389.0,2026-06-06,2028-06-27,active,2026-06-20,Serum Sheet Mask (2 x 21 g),CareWell Distributors,,,2028-06-27
BB-26442,BN-BB-26442-01,4142.0,2026-06-11,2028-05-04,active,2026-06-20,Essential Oil - Palmarosa,CareWell Distributors,,,2028-05-04
BB-26449,BN-BB-26449-01,141.0,2024-06-14,2026-08-15,active,2024-06-26,Advansed Gold Coconut Hair Oil,CareWell Distributors,,,2026-07-03
BB-26466,BN-BB-26466-01,712.0,2026-06-09,2028-06-08,active,2026-06-17,Foot Cream - Camphor Ice,CareWell Distributors,,,2028-06-08
BB-26470,BN-BB-26470-01,3544.0,2026-06-12,,active,2026-06-16,Borosilicate Glass Bake N Grill Bakeware Dish,SeasonProof Gear,,,
BB-2648,BN-BB-2648-01,649.0,2026-06-01,2027-03-16,active,2026-06-15,Dill Baby Gherkins in Vinegar,BevCorp India,,,2027-03-16
BB-26489,BN-BB-26489-01,1318.0,2026-06-05,,active,2026-06-16,Shea Pleasure Sniffing You Anti-Fungal Free Dog Shampoo,FreshFarm Veg Market,,,
BB-26496,BN-BB-26496-01,429.0,2026-06-13,2027-07-12,active,2026-06-19,Coconut Powder - Desiccated,GrainCo Vijayawada,,,2027-07-12
BB-26512,BN-BB-26512-01,641.0,2026-06-08,2028-07-06,active,2026-06-19,Cleansing Bar,CareWell Distributors,,,2028-07-06
BB-26513,BN-BB-26513-01,490.0,2026-06-11,2027-04-02,active,2026-06-19,Stick - Macadamia Nut Brittle,SeasonProof Gear,,,2027-04-02
BB-26516,BN-BB-26516-01,78.0,2024-06-13,2026-08-25,active,2024-06-28,Raspberry Seed Serum,CareWell Distributors,,,2026-08-25
BB-26533,BN-BB-26533-01,182.0,2026-06-11,2026-12-17,active,2026-06-19,Cup Noodles - Mazedaar Masala 70g + Veggi Manchow 70g + Spiced Chicken 70g,SweetSource Regional,,,2026-12-17
BB-26534,BN-BB-26534-01,181.0,2026-06-12,,active,2026-06-20,"Lunch Box/Tiffin Stainless Steel - Small, Brunch",CareWell Distributors,,,
BB-26535,BN-BB-26535-01,314.0,2026-06-12,2028-05-23,active,2026-06-16,Cedarwood Essential Oil - 100% Pure & Natural,CareWell Distributors,,,2028-05-23
BB-26540,BN-BB-26540-01,705.0,2026-06-06,2027-05-25,active,2026-06-18,Fields Of Gold - Basil Seeds,GrainCo Vijayawada,,,2027-05-25
BB-26545,BN-BB-26545-01,933.0,2026-06-12,2026-11-26,active,2026-06-20,Orange Bite Jhatkaa Candy,SweetSource Regional,,,2026-11-26
BB-26552,BN-BB-26552-01,783.0,2026-06-04,2028-07-23,active,2026-06-16,Activated Charcoal Scrub,CareWell Distributors,,,2028-07-23
BB-26561,BN-BB-26561-01,322.0,2026-06-04,2027-02-14,active,2026-06-18,Multigrain Chip - Sweet Chili,CareWell Distributors,,,2027-02-14
BB-26571,BN-BB-26571-01,199.0,2026-06-01,2026-07-12,expired,2026-06-17,Layer Cake - Chocolate,DairyBest Krishna,,,2026-07-12
BB-26579,BN-BB-26579-01,2341.0,2026-06-07,2027-06-18,active,2026-06-19,Baby Diapers - Medium,BabyBase Supplies,,,2027-06-18
BB-26591,BN-BB-26591-01,972.0,2026-06-13,2027-02-20,active,2026-06-20,Prime Organic Apple Cider Vinegar - Raw Unfiltered with EXTRA Mother,FruitKing South,,,2027-02-20
BB-26598,BN-BB-26598-01,793.0,2026-06-11,2026-12-04,active,2026-06-20,Good Day Cashew Cookies,SweetSource Regional,,,2026-12-04
BB-2660,BN-BB-2660-01,1638.0,2026-06-05,,active,2026-06-15,Glass Juice/Water Jug- Moulded Design,PaperEdge Stationery,,,
BB-26609,BN-BB-26609-01,3206.0,2026-05-31,,active,2026-06-16,Tea Spoon Set - Rio,SweetSource Regional,,,
BB-2661,BN-BB-2661-01,579.0,2026-06-10,,active,2026-06-18,Steel Katori/Bowl - No. 10,FestiveWorld Supplies,,,
BB-26612,BN-BB-26612-01,2914.0,2026-06-06,2027-03-14,active,2026-06-19,Pistachios,GrainCo Vijayawada,,,2027-03-14
BB-26620,BN-BB-26620-01,4059.0,2026-06-06,2028-04-15,active,2026-06-19,Pullup Pants Style Adult Diapers - L-XL,CareWell Distributors,,,2028-04-15
BB-2663,BN-BB-2663-01,1161.0,2026-06-10,2028-06-11,active,2026-06-17,Marshmallow Pineapple Fluff Massage Cream,CareWell Distributors,,,2028-06-11
BB-26655,BN-BB-26655-01,327.0,2026-06-04,2027-02-18,active,2026-06-19,"Sauce - Chilli, Hot",SeasonProof Gear,,,2027-02-18
BB-26666,BN-BB-26666-01,1111.0,2026-06-10,2027-05-19,active,2026-06-18,Organic - Foxtail Millet / Italian (Thinai Rice),GrainCo Vijayawada,,,2027-05-19
BB-26679,BN-BB-26679-01,305.0,2026-06-09,2028-06-08,active,2026-06-17,Jamun Seed Powder - Supports Low Sugar Levels,CareWell Distributors,,,2028-06-08
BB-26687,BN-BB-26687-01,213.0,2026-06-06,2026-12-13,active,2026-06-16,"Peanut Butter - Unsweetened, Crunchy",SweetSource Regional,,,2026-12-13
BB-26700,BN-BB-26700-01,1293.0,2026-06-06,,active,2026-06-16,"Steel Bowl/Vati/Katori - No. 7, Prem",CleanHome Supplies,,,
BB-26720,BN-BB-26720-01,2587.0,2026-06-06,2026-11-17,active,2026-06-16,2-Minute Noodles Masala,SweetSource Regional,,,2026-11-17
BB-26731,BN-BB-26731-01,592.0,2026-06-09,2027-03-23,active,2026-06-15,"King Medjoul Dates - Premium, International",SeasonProof Gear,,,2027-03-23
BB-26752,BN-BB-26752-01,968.0,2026-06-15,2027-03-03,active,2026-06-20,Soft Drink - Orange,BevCorp India,,,2027-03-03
BB-26756,BN-BB-26756-01,199.0,2026-06-09,2027-05-31,active,2026-06-16,Organic Cold Pressed Extra Virgin Coconut Oil,GrainCo Vijayawada,,,2027-05-31
BB-26771,BN-BB-26771-01,529.0,2026-06-08,2026-12-09,active,2026-06-17,Jack Fruit Treat,SweetSource Regional,,,2026-12-09
BB-26784,BN-BB-26784-01,2433.0,2026-06-01,2027-02-05,active,2026-06-15,Extra Virgin Multipurpose Avocado Oil Spray,CareWell Distributors,,,2027-02-05
BB-26795,BN-BB-26795-01,811.0,2026-06-10,2027-06-16,active,2026-06-18,Solitaire Multi-Purpose Plastic Basket 334 With Lid - Assorted Colour,CleanHome Supplies,,,2027-06-16
BB-26797,BN-BB-26797-01,505.0,2026-06-06,2028-04-22,active,2026-06-17,Home Use Brush Set 1,CareWell Distributors,,,2028-04-22
BB-26806,BN-BB-26806-01,409.0,2026-06-05,2028-03-31,active,2026-06-19,Base Camp Body Lotion - For Men,CareWell Distributors,,,2028-03-31
BB-26841,BN-BB-26841-01,2111.0,2026-06-09,2028-07-15,active,2026-06-17,To Be Rose Blossom Eau De Parfum,CareWell Distributors,,,2028-07-15
BB-26845,BN-BB-26845-01,209.0,2026-06-13,2028-04-05,active,2026-06-19,Code Copper Body Perfume,CareWell Distributors,,,2028-04-05
BB-26851,BN-BB-26851-01,3438.0,2026-06-05,,active,2026-06-15,"Lunch Box-Tiffin Set - Stainless Steel, Pink - PK BB 578 2",DairyBest Krishna,,,
BB-26867,BN-BB-26867-01,1892.0,2026-06-15,2026-08-16,active,2026-06-20,"Pork - Salami Milano, Sliced",PaperEdge Stationery,,,2026-07-09
BB-26876,BN-BB-26876-01,707.0,2026-06-03,2028-07-06,active,2026-06-18,Facial Serum - Anti-Ageing,CareWell Distributors,,,2028-07-06
BB-26882,BN-BB-26882-01,165.0,2026-06-08,2027-03-31,active,2026-06-15,Gluten-Free Quinoa Flour,CleanHome Supplies,,,2027-03-31
BB-26891,BN-BB-26891-01,1017.0,2026-06-10,2028-07-13,active,2026-06-19,Khaas Bath Soap - Green Gram Curd,CareWell Distributors,,,2028-07-13
BB-26892,BN-BB-26892-01,340.0,2026-06-06,2027-06-24,active,2026-06-16,Center Straw Cup,BabyBase Supplies,,,2027-06-24
BB-26893,BN-BB-26893-01,4695.0,2026-06-02,2028-03-22,active,2026-06-15,Activated Charcoal Cream Conditioner - Charged With Menthol,CareWell Distributors,,,2028-03-22
BB-26898,BN-BB-26898-01,206.0,2026-06-11,2027-03-27,active,2026-06-16,Original - Chips Ahoy Cereal,PaperEdge Stationery,,,2027-03-27
BB-26902,BN-BB-26902-01,1770.0,2026-06-07,2028-06-14,active,2026-06-16,"Bathing Soap - with Neem, Tulsi & Aloe Vera",CareWell Distributors,,,2028-06-14
BB-26911,BN-BB-26911-01,3952.0,2026-06-06,2028-05-30,active,2026-06-20,Brightening Beauty Pack,CareWell Distributors,,,2028-05-30
BB-2694,BN-BB-2694-01,2030.0,2026-06-12,,active,2026-06-20,"Stainless Steel Sipper Cap Bottle - Want To Be A Racer, Single Wall",MedLife Wholesale,,,
BB-26967,BN-BB-26967-01,1909.0,2026-06-13,2028-05-25,active,2026-06-16,Kulinjan Root Powder - Supports Healthy Stomach & Respiratory Functions,CareWell Distributors,,,2028-05-25
BB-26987,BN-BB-26987-01,22.0,2026-06-05,2026-08-22,active,2026-06-19,Cookies - Honey & Corn Flakes,DairyBest Krishna,,,2026-08-22
BB-26988,BN-BB-26988-01,1126.0,2026-06-07,2027-06-14,active,2026-06-16,Chiroti Sooji 1 kg + Ordinary Sooji 1 kg + Bansi Sooji 1 kg,GrainCo Vijayawada,,,2027-06-14
BB-26992,BN-BB-26992-01,117.0,2026-06-11,2027-07-08,active,2026-06-20,Natural Mosquito Repellent,CleanHome Supplies,,,2027-07-08
BB-2700,BN-BB-2700-01,90.0,2026-05-18,2027-06-08,active,2026-06-02,Ghee/Tuppa - Detox Tadka,GrainCo Vijayawada,,,2027-06-08
BB-27016,BN-BB-27016-01,618.0,2026-06-06,2027-02-26,active,2026-06-17,Assorted Chocolates Gift Box - No Added Sugar,GrainCo Vijayawada,,,2027-02-26
BB-27026,BN-BB-27026-01,1048.0,2026-06-05,2026-11-21,active,2026-06-17,LollyPop 4 flavour,SweetSource Regional,,,2026-11-21
BB-27028,BN-BB-27028-01,448.0,2026-06-06,2027-02-15,active,2026-06-17,Lakadong Turmeric For Therapeutic Use & Golden Latte,CareWell Distributors,,,2027-02-15
BB-27045,BN-BB-27045-01,668.0,2026-06-06,2027-06-17,active,2026-06-19,Baby Cream - For Soft Skin With No Harmful Chemicals,BabyBase Supplies,,,2027-06-17
BB-27048,BN-BB-27048-01,2341.0,2026-06-16,2028-04-07,active,2026-06-20,Hand Wash - Anti-Bacterial,CareWell Distributors,,,2028-04-07
BB-27052,BN-BB-27052-01,256.0,2026-06-07,2027-03-24,active,2026-06-17,Vegan Mozzarella Cheese Shreds,DairyBest Krishna,,,2027-03-24
BB-27065,BN-BB-27065-01,1948.0,2026-06-06,,active,2026-06-16,"Disposable Bamboo Wood Skewers/Pickers - For Use With Barbecue, 8 Inch",PaperEdge Stationery,,,
BB-27077,BN-BB-27077-01,4228.0,2026-06-08,2028-07-11,active,2026-06-20,CD 99 Mukhallat Concentrated Oriental Perfume Free From Alcohol For Unisex,CareWell Distributors,,,2028-07-11
BB-27084,BN-BB-27084-01,831.0,2026-06-08,2027-06-23,active,2026-06-20,Cleaning Duster - Multi Purpose Micro Fiber With Handle,CleanHome Supplies,,,2027-06-23
BB-27085,BN-BB-27085-01,330.0,2026-06-01,,active,2026-06-15,Neptune Water/Juice Glass Tumbler,OilTrade AP,,,
BB-27094,BN-BB-27094-01,1171.0,2026-06-08,2027-02-23,active,2026-06-19,Coffee - Classic,BevCorp India,,,2027-02-23
BB-27115,BN-BB-27115-01,709.0,2026-06-07,2027-03-20,active,2026-06-18,Pork - Luncheon Meat,OilTrade AP,,,2027-03-20
BB-27117,BN-BB-27117-01,2748.0,2026-06-06,2028-06-13,active,2026-06-19,Signature Gold Black Musk & Cedar Wood Perfume,CareWell Distributors,,,2028-06-13
BB-2713,BN-BB-2713-01,306.0,2026-06-06,2027-03-29,active,2026-06-19,"Green Tea - Pure, Leaf",BevCorp India,,,2027-03-29
BB-27134,BN-BB-27134-01,3777.0,2026-06-05,2027-06-08,active,2026-06-15,Shining Silks Expert Care Wash Liquid Detergent,CleanHome Supplies,,,2027-06-08
BB-2715,BN-BB-2715-01,2217.0,2026-06-12,2027-05-22,active,2026-06-17,"Dyna Plastic Bathroom Stool/Patla - Printed, Assorted Colour",CleanHome Supplies,,,2027-05-22
BB-27165,BN-BB-27165-01,400.0,2026-06-02,2028-05-25,active,2026-06-15,"Cool, Charm and Swag Avatar Deodorant & Body Spray Perfume For Men",CareWell Distributors,,,2028-05-25
BB-27169,BN-BB-27169-01,734.0,2026-06-11,,active,2026-06-19,Plastic Cool Ice Cube Tray - Red,CleanHome Supplies,,,
BB-27173,BN-BB-27173-01,1448.0,2026-06-10,2028-04-30,active,2026-06-16,Creme Care Soap - For Hands & Body,CareWell Distributors,,,2028-04-30
BB-27176,BN-BB-27176-01,707.0,2026-06-02,2027-02-11,active,2026-06-15,From The Roots - Cinnamon Honey,DairyBest Krishna,,,2027-02-11
BB-27183,BN-BB-27183-01,499.0,2026-06-12,,active,2026-06-17,Steelo Sunpet Water Bottle-Assorted 1L Pack of 6+BB Royal Tea-Masters Blend 500G,ChillZone Logistics,,,
BB-27188,BN-BB-27188-01,117.0,2026-06-05,2026-08-22,active,2026-06-20,Sesame  Bagel - 100% Wholewheat,DairyBest Krishna,,,2026-08-22
BB-27196,BN-BB-27196-01,2819.0,2026-06-12,2027-07-07,active,2026-06-19,Nature's Super Foods Organic Moong Dal/Hesaru Bele,GrainCo Vijayawada,,,2027-07-07
BB-2720,BN-BB-2720-01,189.0,2026-06-07,2027-03-17,active,2026-06-17,Premium Pitted Prunes - Rich In Antioxidant & Vitamin,GrainCo Vijayawada,,,2027-03-17
BB-27214,BN-BB-27214-01,492.0,2026-06-11,2028-03-31,active,2026-06-19,Organic Brahmi,CareWell Distributors,,,2028-03-31
BB-27245,BN-BB-27245-01,398.0,2025-09-25,2026-09-25,active,2025-10-03,Protein Bars - All-In-One,BabyBase Supplies,,,2026-07-03
BB-2729,BN-BB-2729-01,354.0,2026-06-01,2027-03-05,active,2026-06-17,Sour Bites - Mixed Fruit Flavour,DairyBest Krishna,,,2027-03-05
BB-27300,BN-BB-27300-01,816.0,2026-06-05,2027-02-04,active,2026-06-16,Colby Cheddar,SeasonProof Gear,,,2027-02-04
BB-27309,BN-BB-27309-01,383.0,2026-06-10,,active,2026-06-19,"Glass Water Bottle With Square Base - Red, BB 1360",PaperEdge Stationery,,,
BB-27311,BN-BB-27311-01,1391.0,2026-06-13,2027-02-25,active,2026-06-20,Vegan Jujubes Gummy Candy - Assorted Fruit Flavour,SweetSource Regional,,,2027-02-25
BB-27326,BN-BB-27326-01,17.0,2025-09-07,2026-10-20,active,2025-09-23,"Peanut Butter - Creamy, All Natural",DairyBest Krishna,,,2026-06-24
BB-27332,BN-BB-27332-01,2509.0,2026-06-07,2028-05-28,active,2026-06-16,Glymin Tablet,CareWell Distributors,,,2028-05-28
BB-27353,BN-BB-27353-01,297.0,2026-06-05,2028-05-04,active,2026-06-16,Natural Vitamin C + Zinc Effervescent Tablet - Orange Flavour,CareWell Distributors,,,2028-05-04
BB-27360,BN-BB-27360-01,2682.0,2026-06-03,2028-07-13,active,2026-06-15,Lime Bath Soap,CareWell Distributors,,,2028-07-13
BB-27365,BN-BB-27365-01,320.0,2026-06-05,2028-04-19,active,2026-06-15,"Active Salt Toothpaste - Saver Pack 300 g + Mouthwash - Plax, Active Salt 250 ml",CareWell Distributors,,,2028-04-19
BB-27373,BN-BB-27373-01,168.0,2025-06-17,2026-08-24,active,2025-06-23,"100% Organic Powder - Oats, 6-8 Months, No Preservatives, No Artificial Colours",BabyBase Supplies,,,2026-08-24
BB-2738,BN-BB-2738-01,327.0,2025-06-16,2026-08-23,active,2025-06-22,Kitchen Towel Paper Tissue Roll Pack of 2,CleanHome Supplies,,,2026-08-23
BB-27384,BN-BB-27384-01,724.0,2026-06-13,2027-06-23,active,2026-06-19,"Post Natal Maternity Corset Belt - XXLarge, Pink",BabyBase Supplies,,,2027-06-23
BB-27392,BN-BB-27392-01,62.0,2025-06-14,2026-08-23,active,2025-06-22,Industrial Wiper,CleanHome Supplies,,,2026-08-23
BB-27403,BN-BB-27403-01,2145.0,2026-06-04,2027-06-08,active,2026-06-19,"Insta Mosquito Repellent Liquid Refill - 100% Protection from Dengue Mosquitoes, Twin Pack",CleanHome Supplies,,,2027-06-08
BB-27414,BN-BB-27414-01,435.0,2026-06-07,2028-06-05,active,2026-06-16,Cocoa Butter Intensive Body Lotion,CareWell Distributors,,,2028-06-05
BB-27418,BN-BB-27418-01,1367.0,2026-06-11,2028-08-19,active,2026-06-16,Natural Dietary Fibre,CareWell Distributors,,,2028-08-19
BB-2743,BN-BB-2743-01,2649.0,2026-06-04,2026-12-03,active,2026-06-15,"Powder - Bisi Bele Bhath, Karnataka's Iyengar",SweetSource Regional,,,2026-12-03
BB-27443,BN-BB-27443-01,1387.0,2026-06-13,2027-07-03,active,2026-06-17,Canola Oil - For All Types Of Cooking,GrainCo Vijayawada,,,2027-07-03
BB-27445,BN-BB-27445-01,2238.0,2026-06-06,2028-03-25,active,2026-06-18,"24K Gold Face Mask - Skin Brightening, Firming, Anti Ageing Mask",CareWell Distributors,,,2028-03-25
BB-27451,BN-BB-27451-01,608.0,2026-06-08,,active,2026-06-18,"Glass Mixing Bowl - Ornella, 750ml+750ml",ChillZone Logistics,,,
BB-27462,BN-BB-27462-01,3566.0,2026-06-08,2027-05-04,active,2026-06-16,Salt/Uppu - Rock/Saindhava/Himalayan Powder,GrainCo Vijayawada,,,2027-05-04
BB-27465,BN-BB-27465-01,368.0,2026-06-11,2026-12-25,active,2026-06-18,Namkeen - Barik Sev,SweetSource Regional,,,2026-12-25
BB-27473,BN-BB-27473-01,348.0,2026-06-10,2027-03-05,active,2026-06-17,Squash - Kokum,BevCorp India,,,2027-03-05
BB-27480,BN-BB-27480-01,705.0,2026-06-10,2028-04-04,active,2026-06-18,"Body Spray - Basic Purple, Fission, Up or Down",CareWell Distributors,,,2028-04-04
BB-2751,BN-BB-2751-01,2155.0,2026-06-06,2027-02-14,active,2026-06-15,"Juice - Orange, With No Added Sugar",BevCorp India,,,2027-02-14
BB-27515,BN-BB-27515-01,76.0,2026-04-21,2028-04-13,active,2026-04-29,Cucumber Toner Spray,CareWell Distributors,,,2028-04-13
BB-27524,BN-BB-27524-01,318.0,2026-06-17,2027-06-18,active,2026-06-20,Pad Lock - 50 mm,CleanHome Supplies,,,2027-06-18
BB-27532,BN-BB-27532-01,613.0,2026-06-05,2026-11-21,active,2026-06-19,"Water Sticks - Crazy Swirls, Strawberry Flavour",SweetSource Regional,,,2026-11-21
BB-27535,BN-BB-27535-01,904.0,2026-06-06,,active,2026-06-16,"Body Bath Loofah/Sponge/Scrubber - Double Loop Hangable - Grey, BH011GRY",ChillZone Logistics,,,
BB-27538,BN-BB-27538-01,1055.0,2026-06-06,2027-02-18,active,2026-06-18,Naturally Pure Olive Oil,FestiveWorld Supplies,,,2027-02-18
BB-27540,BN-BB-27540-01,556.0,2026-06-04,2026-11-17,active,2026-06-15,Hide & Seek Chocolate,SweetSource Regional,,,2026-11-17
BB-27545,BN-BB-27545-01,1825.0,2026-06-06,2027-05-13,active,2026-06-17,Badam Keshari Milk Masala,GrainCo Vijayawada,,,2027-05-13
BB-27546,BN-BB-27546-01,1378.0,2026-06-07,2027-07-04,active,2026-06-17,Nature's Super Foods Organic Atta,GrainCo Vijayawada,,,2027-07-04
BB-27551,BN-BB-27551-01,97.0,2026-06-06,2027-03-25,active,2026-06-16,Superfood Elixir - Recover Turmeric,BevCorp India,,,2027-03-25
BB-2764,BN-BB-2764-01,158.0,2026-06-12,2027-02-27,active,2026-06-17,Microwave popcorn - Cheese,MedLife Wholesale,,,2027-02-27
BB-2767,BN-BB-2767-01,194.0,2025-06-18,2026-08-19,active,2025-06-29,Plastic Bathroom Mug - Blue,CleanHome Supplies,,,2026-07-03
BB-2771,BN-BB-2771-01,719.0,2026-06-09,2027-02-08,active,2026-06-15,Unsweetened Almond Butter Creamy,PaperEdge Stationery,,,2027-02-08
BB-2790,BN-BB-2790-01,1733.0,2026-06-14,2027-03-14,active,2026-06-19,Peri Peri Garlic Dip,OilTrade AP,,,2027-03-14
BB-2793,BN-BB-2793-01,2392.0,2026-06-08,2027-05-17,active,2026-06-17,OT 400GT Calculator,CleanHome Supplies,,,2027-05-17
BB-2810,BN-BB-2810-01,720.0,2026-06-09,2027-02-20,active,2026-06-20,Masala Chai Gud,DairyBest Krishna,,,2027-02-20
BB-2817,BN-BB-2817-01,203.0,2026-06-15,2028-07-08,active,2026-06-18,"Vitamin C 20%, E & Hyaluronic Acid 24k Gold Night Face Serum - Brightening + Night Skin Repair",CareWell Distributors,,,2028-07-08
BB-2818,BN-BB-2818-01,1556.0,2026-06-06,2028-06-07,active,2026-06-15,Sweet Almond Cold Pressed Oil,CareWell Distributors,,,2028-06-07
BB-2822,BN-BB-2822-01,1972.0,2026-06-09,,active,2026-06-16,Plastic Container Storage Bowl,FestiveWorld Supplies,,,
BB-2832,BN-BB-2832-01,786.0,2026-06-15,2028-04-15,active,2026-06-20,Woman - Urban Musk Eau De Toilette Deodorant,CareWell Distributors,,,2028-04-15
BB-284,BN-BB-284-01,645.0,2026-06-08,2028-04-11,active,2026-06-16,Jasmine Aroma Massage Oil,CareWell Distributors,,,2028-04-11
BB-2848,BN-BB-2848-01,329.0,2026-06-05,2027-06-19,active,2026-06-18,"Detergent Washing Powder - Jasmine & Rose, Extra Power, Tide+",CleanHome Supplies,,,2027-06-19
BB-2879,BN-BB-2879-01,2028.0,2026-06-12,2028-08-03,active,2026-06-20,Energy Essential Oil,CareWell Distributors,,,2028-08-03
BB-293,BN-BB-293-01,4507.0,2026-06-11,2027-05-28,active,2026-06-15,Shoe Polish - Dark Tan Leather,CleanHome Supplies,,,2027-05-28
BB-2938,BN-BB-2938-01,219.0,2026-06-01,2026-11-29,active,2026-06-15,Chia Seeds Cookies,SweetSource Regional,,,2026-11-29
BB-2944,BN-BB-2944-01,2069.0,2026-06-09,2027-06-12,active,2026-06-15,Air Freshener Spray - Floral Perfection,CleanHome Supplies,,,2027-06-12
BB-2949,BN-BB-2949-01,519.0,2026-06-10,2027-07-01,active,2026-06-19,Ace Premium Plastic Hanger /Cloth Hanger - Assorted Colour,CleanHome Supplies,,,2027-07-01
BB-2963,BN-BB-2963-01,1055.0,2026-06-13,2027-02-21,active,2026-06-19,1 To 1  Baking Flour - Gluten Free,FestiveWorld Supplies,,,2027-02-21
BB-2969,BN-BB-2969-01,581.0,2026-06-08,,active,2026-06-20,"Stainless Steel Dish Cover - Mesh, 23 cm",GrainCo Vijayawada,,,
BB-2975,BN-BB-2975-01,841.0,2026-06-06,,active,2026-06-17,Gas Lighter - Flare,SweetSource Regional,,,
BB-2982,BN-BB-2982-01,899.0,2026-06-14,2027-05-20,active,2026-06-19,Aroma Oil,CleanHome Supplies,,,2027-05-20
BB-2989,BN-BB-2989-01,2194.0,2026-06-04,,active,2026-06-16,"Carbon Zinc Battery - Gold Plus, AAA",SeasonProof Gear,,,
BB-3008,BN-BB-3008-01,409.0,2026-06-11,2027-06-16,active,2026-06-20,"Detergent - Liquid, Matic, Front Load",CleanHome Supplies,,,2027-06-16
BB-3024,BN-BB-3024-01,1152.0,2026-06-01,,active,2026-06-15,Stainless Steel Storage Containers With See Through Lid - Assorted,SeasonProof Gear,,,
BB-3025,BN-BB-3025-01,342.0,2026-06-06,2027-03-07,active,2026-06-15,"Chocolate - Bitter, Dark Couverture, 85% Cocoa, Premium, From-The-Bean Chocolate Slab",FreshFarm Veg Market,,,2027-03-07
BB-3029,BN-BB-3029-01,61.0,2026-06-12,2026-09-28,active,2026-06-19,"Sausage - Pork, Super Bacon",BevCorp India,,,2026-07-09
BB-3038,BN-BB-3038-01,1737.0,2026-06-01,2026-12-13,active,2026-06-15,Chips - Banana Salted,SweetSource Regional,,,2026-12-13
BB-304,BN-BB-304-01,4049.0,2026-06-06,2027-06-08,active,2026-06-16,Matic Top Load Detergent Powder,CleanHome Supplies,,,2027-06-08
BB-3049,BN-BB-3049-01,754.0,2026-06-02,2028-06-16,active,2026-06-17,Spray - Just Call Me,CareWell Distributors,,,2028-06-16
BB-3059,BN-BB-3059-01,358.0,2026-06-07,2027-03-10,active,2026-06-17,Salted Caramel Ice Cream,SweetSource Regional,,,2027-03-10
BB-3065,BN-BB-3065-01,671.0,2026-06-07,2028-06-10,active,2026-06-16,Deep Cleansing Activated Charcoal Face Wash,CareWell Distributors,,,2028-06-10
BB-3082,BN-BB-3082-01,2019.0,2026-06-15,,active,2026-06-20,"Silicone Baking Tray - Round, Assorted Colour",BevCorp India,,,
BB-3084,BN-BB-3084-01,177.0,2026-06-09,2027-03-21,active,2026-06-20,Ice Cream - Yoghurt Berry Delight,BevCorp India,,,2027-03-21
BB-3087,BN-BB-3087-01,2355.0,2026-06-13,2027-06-20,active,2026-06-20,Tablet Box - Transparent,CleanHome Supplies,,,2027-06-20
BB-3097,BN-BB-3097-01,3018.0,2026-05-31,2026-11-18,active,2026-06-16,Dream Cream Biscuits - Butterscotch Zing,SweetSource Regional,,,2026-11-18
BB-310,BN-BB-310-01,92.0,2026-05-13,2028-06-18,active,2026-05-24,"Ubtan Body Butter, For Dry Skin, With Turmeric & Honey, For Deep Nourishment",CareWell Distributors,,,2028-06-18
BB-3100,BN-BB-3100-01,3434.0,2026-06-09,2027-05-31,active,2026-06-16,"Massage Oil - Gentle Baby Oil For Face & Body, 0-2 years",BabyBase Supplies,,,2027-05-31
BB-3102,BN-BB-3102-01,355.0,2026-06-10,2027-06-06,active,2026-06-17,Organic - Sugar/Sakkare,GrainCo Vijayawada,,,2027-06-06
BB-3113,BN-BB-3113-01,1082.0,2026-06-09,2026-12-24,active,2026-06-16,Mix - Vermicelli Kheer,SweetSource Regional,,,2026-12-24
BB-3121,BN-BB-3121-01,1783.0,2026-06-09,2028-05-17,active,2026-06-18,"Deodorant Body Spray - Original, For Men",CareWell Distributors,,,2028-05-17
BB-3122,BN-BB-3122-01,1773.0,2026-06-04,2027-03-08,active,2026-06-18,Honey,DairyBest Krishna,,,2027-03-08
BB-3129,BN-BB-3129-01,326.0,2026-06-04,2027-07-01,active,2026-06-17,Organic - Cashew/Godambi Whole Bold,GrainCo Vijayawada,,,2027-07-01
BB-3152,BN-BB-3152-01,39.0,2026-05-11,2027-06-02,active,2026-05-22,"Kohinoor Basmati Rice -Extra Long, Gold 1 Kg & Garam Masala-E-Khaas, 40 g",GrainCo Vijayawada,,,2027-06-02
BB-3171,BN-BB-3171-01,132.0,2026-06-04,2026-07-14,expired,2026-06-17,Paneer - Regular,DairyBest Krishna,,,2026-07-14
BB-3176,BN-BB-3176-01,376.0,2026-06-13,2027-05-24,active,2026-06-20,"Crepe Tissues - Printed (2 Ply, 32 cm x 32 cm)",CleanHome Supplies,,,2027-05-24
BB-3181,BN-BB-3181-01,4024.0,2026-06-05,,active,2026-06-18,Liza Coffee Mugs - MW24,CareWell Distributors,,,
BB-3183,BN-BB-3183-01,1429.0,2026-05-31,2026-08-31,active,2026-06-16,Coconut - Medium,FruitKing South,,,2026-07-10
BB-322,BN-BB-322-01,2978.0,2026-06-03,,active,2026-06-17,Water/Juice Glass,FruitKing South,,,
BB-3220,BN-BB-3220-01,2155.0,2026-06-04,2027-03-18,active,2026-06-18,"Litchi & Aloe Vera Smoothie - 100% Natural, No Added Sugar",BevCorp India,,,2027-03-18
BB-3237,BN-BB-3237-01,5619.0,2026-06-05,,active,2026-06-19,Scent'sationally Yours Free Cologne,CleanHome Supplies,,,
BB-326,BN-BB-326-01,223.0,2026-06-05,2026-11-26,active,2026-06-20,Bisibele Bath Mix,SweetSource Regional,,,2026-11-26
BB-3265,BN-BB-3265-01,920.0,2026-06-14,2026-12-25,active,2026-06-20,Veggie Stix - Sour Cream & Onion,SweetSource Regional,,,2026-12-25
BB-328,BN-BB-328-01,2785.0,2026-06-13,2026-12-17,active,2026-06-20,Sugar Coated Chocolate,SweetSource Regional,,,2026-12-17
BB-3282,BN-BB-3282-01,224.0,2026-06-07,2027-02-21,active,2026-06-19,Pure Instant Coffee - Strong,OilTrade AP,,,2027-02-21
BB-3287,BN-BB-3287-01,3296.0,2026-05-31,,active,2026-06-15,Grow Bags,MedLife Wholesale,,,
BB-3292,BN-BB-3292-01,29.0,2026-06-10,2028-05-03,active,2026-06-15,Osis + Magic Finish 1 Light Control Serum,CareWell Distributors,,,2028-05-03
BB-3304,BN-BB-3304-01,1773.0,2026-06-04,2028-05-04,active,2026-06-15,Canada - Bath N Body Milk & Honey Body Scrub,CareWell Distributors,,,2028-05-04
BB-3307,BN-BB-3307-01,314.0,2026-05-24,2026-11-20,active,2026-06-06,Farmlite Veda Digestive Biscuit,SweetSource Regional,,,2026-11-20
BB-3315,BN-BB-3315-01,317.0,2026-06-09,2027-07-05,active,2026-06-18,Red Lobia/Alasandee Kaalu,GrainCo Vijayawada,,,2027-07-05
BB-3325,BN-BB-3325-01,1175.0,2026-06-06,2027-03-20,active,2026-06-18,Sunflower Seeds - Raw,CareWell Distributors,,,2027-03-20
BB-3348,BN-BB-3348-01,153.0,2026-04-24,,active,2026-05-02,"Chai/Cup & Saucer - Bella, Ornate Black",DairyBest Krishna,,,
BB-3352,BN-BB-3352-01,335.0,2026-06-11,2027-03-17,active,2026-06-18,Cheese - Mozzarella,FreshFarm Veg Market,,,2027-03-17
BB-3367,BN-BB-3367-01,813.0,2026-06-11,2027-06-30,active,2026-06-16,Aluminium Foil - 18 Microns,CleanHome Supplies,,,2027-06-30
BB-3376,BN-BB-3376-01,183.0,2026-06-13,2026-12-14,active,2026-06-18,Namkeen - Mini Samosa,SweetSource Regional,,,2026-12-14
BB-338,BN-BB-338-01,338.0,2026-06-07,2028-08-06,active,2026-06-16,"SMX 3 - 3 Blade Shaving System, Jumbo Pack",CareWell Distributors,,,2028-08-06
BB-3388,BN-BB-3388-01,5227.0,2026-06-14,2028-06-30,active,2026-06-20,"Hair Fall Control Kit - Oil, Shampoo & Serum",CareWell Distributors,,,2028-06-30
BB-3406,BN-BB-3406-01,1602.0,2026-06-04,2028-04-26,active,2026-06-16,Essential Oil - Lavender,CareWell Distributors,,,2028-04-26
BB-3420,BN-BB-3420-01,1168.0,2026-06-03,2027-06-26,active,2026-06-15,Wheat Flour,GrainCo Vijayawada,,,2027-06-26
BB-3426,BN-BB-3426-01,161.0,2026-06-04,2026-07-22,active,2026-06-19,Malai Paneer - Organic,DairyBest Krishna,,,2026-07-22
BB-3433,BN-BB-3433-01,248.0,2026-06-17,2027-04-10,active,2026-06-20,Cheesy Veggie Straws - Kale Tomato Spinach,OilTrade AP,,,2027-04-10
BB-3454,BN-BB-3454-01,1178.0,2026-06-15,2028-08-07,active,2026-06-19,"Nishamlaki Tablet, 500mg",CareWell Distributors,,,2028-08-07
BB-3459,BN-BB-3459-01,324.0,2026-06-09,2027-06-02,active,2026-06-17,Baby Dry Medium (6-11 kg) - 5 Diapers,BabyBase Supplies,,,2027-06-02
BB-346,BN-BB-346-01,886.0,2026-06-08,2027-06-03,active,2026-06-20,Floor Cleaner - Lime,CleanHome Supplies,,,2027-06-03
BB-3462,BN-BB-3462-01,0.0,2025-06-11,2026-06-23,disposed,2025-06-21,"Organic - Mustard/Sasive/Rai, Small",GrainCo Vijayawada,2026-06-28 16:10:12,USR002,2026-06-23
BB-3483,BN-BB-3483-01,398.0,2026-06-11,2026-12-21,active,2026-06-19,Premium Wafer Bites - Orange,SweetSource Regional,,,2026-12-21
BB-3503,BN-BB-3503-01,569.0,2026-06-11,2027-05-25,active,2026-06-18,Organic - Til/Ellu White,GrainCo Vijayawada,,,2027-05-25
BB-3505,BN-BB-3505-01,115.0,2026-06-11,2027-03-18,active,2026-06-16,Organics Premium Green Tea Leaves - Loose,BevCorp India,,,2027-03-18
BB-3513,BN-BB-3513-01,48.0,2026-04-19,2028-03-28,active,2026-04-28,Marigold Mango Lip Contour Balm,CareWell Distributors,,,2028-03-28
BB-3514,BN-BB-3514-01,822.0,2026-06-16,2028-07-04,active,2026-06-20,Kimsukadi Tail,CareWell Distributors,,,2028-07-04
BB-3524,BN-BB-3524-01,338.0,2026-06-08,2027-06-14,active,2026-06-16,"Bathing/Cleaning Bucket - With Plastic Handle, Blue, L1136PH-LT BL",CleanHome Supplies,,,2027-06-14
BB-3544,BN-BB-3544-01,215.0,2026-06-02,2028-06-18,active,2026-06-16,Tea Tree Oil,CareWell Distributors,,,2028-06-18
BB-3551,BN-BB-3551-01,3563.0,2026-06-11,,active,2026-06-16,100% Melamine Serving Spoon - Fantastic BLG,PaperEdge Stationery,,,
BB-3566,BN-BB-3566-01,2019.0,2026-06-05,2028-04-12,active,2026-06-17,Marine After Shave Spray,CareWell Distributors,,,2028-04-12
BB-3567,BN-BB-3567-01,5205.0,2026-06-04,2028-03-27,active,2026-06-16,2 Ply Reusable Reversible Cotton Face Mask,CareWell Distributors,,,2028-03-27
BB-3575,BN-BB-3575-01,456.0,2026-06-13,2028-08-14,active,2026-06-19,24 Carat Gold Facial Kit,CareWell Distributors,,,2028-08-14
BB-3580,BN-BB-3580-01,381.0,2026-06-01,2027-02-18,active,2026-06-16,Bombay Street Food Spice Blend,DairyBest Krishna,,,2027-02-18
BB-3589,BN-BB-3589-01,38.0,2024-06-10,2026-08-28,active,2024-06-24,Premium Cotton Buds,CareWell Distributors,,,2026-08-28
BB-3590,BN-BB-3590-01,623.0,2026-06-10,2027-05-08,active,2026-06-18,Smile Lol Bathroom & Car Freshener - Twin Pack,CleanHome Supplies,,,2027-05-08
BB-3595,BN-BB-3595-01,247.0,2026-06-07,,active,2026-06-19,Borosilicate Glass Rectangular Container With Lid - Green,FruitKing South,,,
BB-3602,BN-BB-3602-01,598.0,2026-05-30,2028-04-06,active,2026-06-16,Rich Cocoa Butter Body Cream,CareWell Distributors,,,2028-04-06
BB-3603,BN-BB-3603-01,2272.0,2026-06-09,2026-11-20,active,2026-06-17,Bounce Biscuits - Orange Creme,SweetSource Regional,,,2026-11-20
BB-3614,BN-BB-3614-01,258.0,2026-06-09,2027-05-05,active,2026-06-17,Floor Wiper,CleanHome Supplies,,,2027-05-05
BB-3618,BN-BB-3618-01,338.0,2026-06-08,2027-03-16,active,2026-06-20,Olive Pomace Oil,SweetSource Regional,,,2027-03-16
BB-3620,BN-BB-3620-01,1302.0,2026-06-07,2027-07-10,active,2026-06-15,Baby Happy Wet Wipes - Silk & Cotton,BabyBase Supplies,,,2027-07-10
BB-3627,BN-BB-3627-01,1062.0,2026-06-09,2027-03-06,active,2026-06-17,Darjeeling Tea Bags,OilTrade AP,,,2027-03-06
BB-3648,BN-BB-3648-01,597.0,2026-06-11,2028-07-19,active,2026-06-16,Ayurvedic Scalp & Hair Oil,CareWell Distributors,,,2028-07-19
BB-3651,BN-BB-3651-01,471.0,2026-06-11,2028-05-27,active,2026-06-17,Natural Vita Rich Face Cream,CareWell Distributors,,,2028-05-27
BB-3652,BN-BB-3652-01,633.0,2026-06-13,2028-06-02,active,2026-06-16,Anti-Ageing Sheet Mask (Pack of 6),CareWell Distributors,,,2028-06-02
BB-3654,BN-BB-3654-01,4012.0,2026-06-15,2028-07-23,active,2026-06-20,Cold Processed Papaya Cucumber Handmade Soap,CareWell Distributors,,,2028-07-23
BB-3661,BN-BB-3661-01,2123.0,2026-06-05,2028-07-02,active,2026-06-18,Fresh Gel Sensitive Toothpaste,CareWell Distributors,,,2028-07-02
BB-3665,BN-BB-3665-01,721.0,2026-06-11,2026-11-24,active,2026-06-20,Instant Breakfast Cereal,SweetSource Regional,,,2026-11-24
BB-3692,BN-BB-3692-01,424.0,2026-06-09,2028-06-28,active,2026-06-19,Incense Man Deodorant,CareWell Distributors,,,2028-06-28
BB-3693,BN-BB-3693-01,394.0,2026-06-07,2028-08-06,active,2026-06-18,Complete Rejuvenation Sheet Mask (Pack of 10),CareWell Distributors,,,2028-08-06
BB-3697,BN-BB-3697-01,261.0,2026-06-02,2028-07-26,active,2026-06-18,Sun Expert Fairnes Sunscren Lotion SPF 30 PA++,CareWell Distributors,,,2028-07-26
BB-371,BN-BB-371-01,47.0,2024-06-15,,active,2024-06-25,Microwave Safe Stainless Steel Bowl Set - Red,BabyBase Supplies,,,
BB-3718,BN-BB-3718-01,621.0,2026-06-11,2028-05-28,active,2026-06-15,"Adult Pull Ups - Active Normal Breathable, Medium",CareWell Distributors,,,2028-05-28
BB-3737,BN-BB-3737-01,1171.0,2026-06-08,2027-02-07,active,2026-06-15,Cold Brew Coffee (Classic) 200 ml + Cold Brew Coffee (Sweet) 200 ml,MedLife Wholesale,,,2027-02-07
BB-3740,BN-BB-3740-01,3969.0,2026-06-11,2027-06-23,active,2026-06-20,Wonder Dry Pants - Double Extra Large Size Diapers,BabyBase Supplies,,,2027-06-23
BB-3741,BN-BB-3741-01,21.0,2026-06-08,2026-12-11,active,2026-06-17,Ready To Eat Lemon Poha,SweetSource Regional,,,2026-12-11
BB-3754,BN-BB-3754-01,223.0,2026-06-11,2027-02-22,active,2026-06-17,Orange - Pure Belgian Dark Chocolate,PaperEdge Stationery,,,2027-02-22
BB-3767,BN-BB-3767-01,186.0,2026-06-01,2026-11-13,active,2026-06-15,Malabar Parota,SweetSource Regional,,,2026-11-13
BB-3775,BN-BB-3775-01,5340.0,2026-06-08,2028-04-01,active,2026-06-20,Hairwell,CareWell Distributors,,,2028-04-01
BB-3793,BN-BB-3793-01,1537.0,2026-06-04,2027-05-25,active,2026-06-18,Touch 'N' Fresh - Lemon,CleanHome Supplies,,,2027-05-25
BB-3802,BN-BB-3802-01,653.0,2026-06-01,2027-02-26,active,2026-06-18,Green Olives Stuffed With Pimiento,SweetSource Regional,,,2027-02-26
BB-3808,BN-BB-3808-01,865.0,2026-06-07,2027-03-28,active,2026-06-15,Hazelnuts Coated In Dairy Milk Chocolate,BakeMaster Artisans,,,2027-03-28
BB-3844,BN-BB-3844-01,1055.0,2026-06-02,,active,2026-06-17,"Sauce Pan - Non Stick, Induction Base",OilTrade AP,,,
BB-3848,BN-BB-3848-01,227.0,2026-06-08,2026-12-16,active,2026-06-18,Vita Marie Gold Biscuits,SweetSource Regional,,,2026-12-16
BB-3850,BN-BB-3850-01,569.0,2026-06-15,2027-03-02,active,2026-06-19,Quinoa Finest Whole Grain - Red,DairyBest Krishna,,,2027-03-02
BB-3865,BN-BB-3865-01,1646.0,2026-06-12,2027-07-14,active,2026-06-18,Organic - Amla Powder,GrainCo Vijayawada,,,2027-07-14
BB-3884,BN-BB-3884-01,3410.0,2026-06-06,2027-05-01,active,2026-06-18,Sorghum/Jowar Flour/Jolada Hittu,GrainCo Vijayawada,,,2027-05-01
BB-3894,BN-BB-3894-01,4698.0,2026-06-07,,active,2026-06-17,Liza Coffee Mugs - MW21,OilTrade AP,,,
BB-3909,BN-BB-3909-01,925.0,2026-06-04,2027-05-25,active,2026-06-18,Masala - Dal Tadka,GrainCo Vijayawada,,,2027-05-25
BB-391,BN-BB-391-01,10.0,2025-09-10,2026-10-13,active,2025-09-22,Karela Juice,FestiveWorld Supplies,,,2026-06-21
BB-3918,BN-BB-3918-01,1486.0,2026-06-06,2027-05-16,active,2026-06-18,Silver Aluminium Foil Container,CleanHome Supplies,,,2027-05-16
BB-392,BN-BB-392-01,529.0,2026-06-01,,active,2026-06-15,Chai / Coffee/ Tea-Milk Mug - Seashore Print,FreshFarm Veg Market,,,
BB-3932,BN-BB-3932-01,107.0,2026-05-15,2028-07-18,active,2026-05-28,Glamor Plus,CareWell Distributors,,,2028-07-18
BB-3950,BN-BB-3950-01,265.0,2025-09-24,2026-10-04,active,2025-09-30,Green Tea - Lemon Soothe,BevCorp India,,,2026-07-03
BB-3971,BN-BB-3971-01,791.0,2026-06-10,2027-03-16,active,2026-06-19,Coffee White Chocolate Crispies,FruitKing South,,,2027-03-16
BB-3974,BN-BB-3974-01,357.0,2024-06-17,2026-08-20,active,2024-06-24,Sandalwood Oil,CareWell Distributors,,,2026-07-03
BB-3976,BN-BB-3976-01,102.0,2026-06-03,2026-08-22,active,2026-06-15,Trixy Cookie Cup,DairyBest Krishna,,,2026-08-22
BB-3996,BN-BB-3996-01,312.0,2026-06-14,2027-03-02,active,2026-06-19,Whole Green Olives,PaperEdge Stationery,,,2027-03-02
BB-4005,BN-BB-4005-01,107.0,2026-05-16,2028-04-26,active,2026-05-28,Gentleman - Urbane Compact Perfume,CareWell Distributors,,,2028-04-26
BB-4022,BN-BB-4022-01,976.0,2026-06-03,2028-06-17,active,2026-06-18,Natural Therapeutic Body Wash For Men & Women,CareWell Distributors,,,2028-06-17
BB-4023,BN-BB-4023-01,104.0,2026-06-10,2026-08-25,active,2026-06-20,Cabbage - Red,FruitKing South,,,2026-08-25
BB-4028,BN-BB-4028-01,179.0,2026-06-11,2026-12-04,active,2026-06-15,Ragi Bites - Choco Poco,SweetSource Regional,,,2026-12-04
BB-4034,BN-BB-4034-01,651.0,2026-05-31,2028-07-03,active,2026-06-16,Dryness Care Conditioner,CareWell Distributors,,,2028-07-03
BB-4041,BN-BB-4041-01,1097.0,2026-06-13,2027-03-21,active,2026-06-20,Premium Raw Organic Melon Seeds,CareWell Distributors,,,2027-03-21
BB-4050,BN-BB-4050-01,1542.0,2026-06-02,,active,2026-06-16,"Microwaveable Round Plastic Lunch Box/Tiffin Box - Fun Meal, Red, Medium",SeasonProof Gear,,,
BB-4053,BN-BB-4053-01,20.0,2024-06-20,2026-08-10,active,2024-07-01,"Deltoid Lite Face Masks In Rose, Pink & Aqua Knit Fabrics With Bindings - Assorted, 3C2001, Medium",CareWell Distributors,,,2026-06-13
BB-4069,BN-BB-4069-01,847.0,2026-06-03,2027-02-24,active,2026-06-17,Potato Chips - Sweet Chilli with Lime & Basil,SweetSource Regional,,,2027-02-24
BB-4074,BN-BB-4074-01,749.0,2024-06-10,2026-08-25,active,2024-06-23,VapoRub - Super Saver Pack,CareWell Distributors,,,2026-08-25
BB-4103,BN-BB-4103-01,967.0,2026-06-09,2027-03-28,active,2026-06-19,Chocolate Health Drink - Bournvita,BevCorp India,,,2027-03-28
BB-4109,BN-BB-4109-01,713.0,2026-06-06,2028-05-29,active,2026-06-15,Chyawan Fit - Natural & Sugarless Immunity Booster,CareWell Distributors,,,2028-05-29
BB-4111,BN-BB-4111-01,932.0,2026-06-12,,active,2026-06-18,"LED Bulb - 0.5-Watt, Orange, Deco Mini Base B22",BakeMaster Artisans,,,
BB-4116,BN-BB-4116-01,1605.0,2026-06-03,2028-07-25,active,2026-06-16,Rosemarry Oil,CareWell Distributors,,,2028-07-25
BB-4119,BN-BB-4119-01,736.0,2026-06-08,2027-05-03,active,2026-06-19,Organic - Mustard/Sasive Big,GrainCo Vijayawada,,,2027-05-03
BB-4127,BN-BB-4127-01,190.0,2026-06-12,,active,2026-06-17,"Copper Bottle - Matt Finish, Tulip, BBCB11",SweetSource Regional,,,
BB-4130,BN-BB-4130-01,1018.0,2026-06-04,2027-06-16,active,2026-06-19,Organic - Ragi Flour/Ragi Hittu,GrainCo Vijayawada,,,2027-06-16
BB-4131,BN-BB-4131-01,209.0,2026-06-08,2028-08-15,active,2026-06-18,Extraordinary Clay Shampoo 640 ml + Extraordinary Clay Conditioner 175 ml,CareWell Distributors,,,2028-08-15
BB-4135,BN-BB-4135-01,992.0,2026-06-07,2028-04-24,active,2026-06-19,Cinnamon Leaf Essential Oil - 100% Pure & Natural,CareWell Distributors,,,2028-04-24
BB-4143,BN-BB-4143-01,2792.0,2026-06-12,2026-12-19,active,2026-06-20,Kids Favourite,SweetSource Regional,,,2026-12-19
BB-4151,BN-BB-4151-01,998.0,2026-06-03,2027-02-19,active,2026-06-15,Quadratini Wafer Cookies - Cappuccino,CareWell Distributors,,,2027-02-19
BB-4157,BN-BB-4157-01,167.0,2026-06-09,2027-07-07,active,2026-06-15,Whiteboard XP Marker Pen - 10/2013,CleanHome Supplies,,,2027-07-07
BB-4166,BN-BB-4166-01,1880.0,2026-06-05,2027-05-21,active,2026-06-17,"Water Shower Flow/Aerator - Blue, 3 LPM",CleanHome Supplies,,,2027-05-21
BB-4168,BN-BB-4168-01,551.0,2026-06-10,2026-12-03,active,2026-06-16,Milk Chocolate- Smooth & Creamy,SweetSource Regional,,,2026-12-03
BB-4172,BN-BB-4172-01,779.0,2026-06-12,2026-11-23,active,2026-06-18,Chips - Onion Rings,SweetSource Regional,,,2026-11-23
BB-4222,BN-BB-4222-01,586.0,2026-06-04,2027-06-22,active,2026-06-15,Gelcrystal,CleanHome Supplies,,,2027-06-22
BB-4262,BN-BB-4262-01,375.0,2026-06-04,2026-10-21,active,2026-06-16,Thai Ginger,FruitKing South,,,2026-07-10
BB-4276,BN-BB-4276-01,1030.0,2026-06-11,2026-09-16,active,2026-06-19,Mushrooms - Button,FruitKing South,,,2026-07-10
BB-4282,BN-BB-4282-01,143.0,2026-06-12,2027-02-19,active,2026-06-20,Vitamin Bars - Fresh Orange,ChillZone Logistics,,,2027-02-19
BB-4284,BN-BB-4284-01,151.0,2026-06-12,2027-07-07,active,2026-06-16,Organic Flour - Rice,GrainCo Vijayawada,,,2027-07-07
BB-429,BN-BB-429-01,1601.0,2026-06-12,2026-10-22,active,2026-06-20,Capsicum - Diced,FruitKing South,,,2026-07-10
BB-4302,BN-BB-4302-01,366.0,2026-06-03,2026-12-15,active,2026-06-16,Fish With Shredded Coconut & Malabar Tamarind,SweetSource Regional,,,2026-12-15
BB-4303,BN-BB-4303-01,491.0,2026-06-04,2028-05-28,active,2026-06-17,Tussnil Syrup,CareWell Distributors,,,2028-05-28
BB-4307,BN-BB-4307-01,49.0,2025-09-18,2026-08-23,active,2025-09-27,Mix - Badam Milk,BevCorp India,,,2026-08-23
BB-4309,BN-BB-4309-01,117.0,2026-05-30,2027-03-12,active,2026-06-15,Hibiscus Cosmo,BabyBase Supplies,,,2027-03-12
BB-4315,BN-BB-4315-01,433.0,2026-06-07,,active,2026-06-20,"Kadhai - Induction Bottom, Aluminium",BakeMaster Artisans,,,
BB-4317,BN-BB-4317-01,73.0,2026-04-21,,active,2026-05-03,Tong - Ice Cubes,PaperEdge Stationery,,,
BB-4337,BN-BB-4337-01,2313.0,2026-06-08,2027-05-03,active,2026-06-16,Kuruva Rice,GrainCo Vijayawada,,,2027-05-03
BB-4345,BN-BB-4345-01,1862.0,2026-06-11,2028-08-03,active,2026-06-19,Hair Wax New - Black,CareWell Distributors,,,2028-08-03
BB-4375,BN-BB-4375-01,2324.0,2026-06-13,2027-07-08,active,2026-06-20,Organic - Jowar Flour/Jolada Hittu,GrainCo Vijayawada,,,2027-07-08
BB-4379,BN-BB-4379-01,182.0,2026-06-09,2028-04-05,active,2026-06-19,Bio Myristica Spot Correcting Anti Acne Face Pack,CareWell Distributors,,,2028-04-05
BB-4384,BN-BB-4384-01,1576.0,2026-06-05,2028-06-28,active,2026-06-17,Forbidden For Men Eau De Toilette,CareWell Distributors,,,2028-06-28
BB-4402,BN-BB-4402-01,3136.0,2026-06-06,2026-12-15,active,2026-06-19,Papad - Punjabi Masala,SweetSource Regional,,,2026-12-15
BB-4438,BN-BB-4438-01,1048.0,2026-06-11,2028-06-11,active,2026-06-19,Purifying Neem Facial Wipes,CareWell Distributors,,,2028-06-11
BB-4443,BN-BB-4443-01,138.0,2026-06-03,2026-10-26,active,2026-06-17,Mango Mallika - Organically Grown,FruitKing South,,,2026-07-10
BB-4446,BN-BB-4446-01,3008.0,2026-06-11,2027-02-23,active,2026-06-17,Ginger Lemon Kombucha,BabyBase Supplies,,,2027-02-23
BB-445,BN-BB-445-01,803.0,2026-06-08,2027-05-16,active,2026-06-18,Cleaning Gloves - BB1508,CleanHome Supplies,,,2027-05-16
BB-4466,BN-BB-4466-01,2079.0,2026-06-06,2028-07-07,active,2026-06-19,"Loofah/Sponge Scrubber/Body Bath - Dual Side, Hangable, Blue, BH-063",CareWell Distributors,,,2028-07-07
BB-448,BN-BB-448-01,1469.0,2026-06-11,2028-08-05,active,2026-06-20,Ultra Protect Spray,CareWell Distributors,,,2028-08-05
BB-4480,BN-BB-4480-01,1117.0,2026-06-05,,active,2026-06-18,"Pedigree (Chicken, Egg & Rice) 3 kg + Cesar Gourmet Meal (Adult) 70 g 16 Packs",FruitKing South,,,
BB-4481,BN-BB-4481-01,79.0,2026-06-05,2026-08-21,active,2026-06-17,Cookies - Oats & Raisin,DairyBest Krishna,,,2026-08-21
BB-4496,BN-BB-4496-01,307.0,2026-06-09,2027-02-28,active,2026-06-18,Fenugreek Pickle,OilTrade AP,,,2027-02-28
BB-4498,BN-BB-4498-01,613.0,2026-06-08,2027-03-04,active,2026-06-20,"Peanut Butter - Creamy, Super",FestiveWorld Supplies,,,2027-03-04
BB-45,BN-BB-45-01,389.0,2026-06-04,,active,2026-06-16,S.S.Lovely Gas Lighter-Patent Design Regd.,PaperEdge Stationery,,,
BB-4503,BN-BB-4503-01,626.0,2026-06-12,2026-12-15,active,2026-06-20,Custard Powder - Vanilla Flavor,SweetSource Regional,,,2026-12-15
BB-4507,BN-BB-4507-01,2323.0,2026-06-12,2026-12-24,active,2026-06-20,Mayonnaise - Chilli,SweetSource Regional,,,2026-12-24
BB-451,BN-BB-451-01,2916.0,2026-06-07,2027-05-21,active,2026-06-15,Sticky Notes Prompt - 4 Colours,CleanHome Supplies,,,2027-05-21
BB-4512,BN-BB-4512-01,659.0,2026-06-09,2027-07-12,active,2026-06-18,Galaxy Clip Mop - Super White,CleanHome Supplies,,,2027-07-12
BB-4515,BN-BB-4515-01,440.0,2026-06-17,2026-12-29,active,2026-06-20,Bar - Choco Slim,SweetSource Regional,,,2026-12-29
BB-4527,BN-BB-4527-01,236.0,2026-06-12,,active,2026-06-18,Plastic Micro-vent Mix Container - Maroon,DairyBest Krishna,,,
BB-4536,BN-BB-4536-01,1519.0,2026-06-09,2027-05-12,active,2026-06-15,Mother's Recipe mix-fish-curry 80 g Pouch,GrainCo Vijayawada,,,2027-05-12
BB-4544,BN-BB-4544-01,220.0,2026-06-11,2026-08-27,active,2026-06-16,Natural Set Curd,DairyBest Krishna,,,2026-08-27
BB-4545,BN-BB-4545-01,196.0,2026-06-08,2027-06-12,active,2026-06-19,All We Know Baby Nappy Cream,BabyBase Supplies,,,2027-06-12
BB-4555,BN-BB-4555-01,922.0,2026-06-08,2027-06-06,active,2026-06-15,Organic Dosa Rice,GrainCo Vijayawada,,,2027-06-06
BB-4570,BN-BB-4570-01,11.0,2024-06-04,,active,2024-06-18,Stainless Steel Water Bottle - Blue BB 505 1,PaperEdge Stationery,,,
BB-4579,BN-BB-4579-01,499.0,2026-06-05,2028-06-02,active,2026-06-19,Pet Food - Chicken Jerky,GrainCo Vijayawada,,,2028-06-02
BB-4592,BN-BB-4592-01,1605.0,2026-05-31,2028-05-19,active,2026-06-15,Signature Gold Italian Bergamot & Amber Wood Perfume,CareWell Distributors,,,2028-05-19
BB-4594,BN-BB-4594-01,253.0,2026-06-03,2027-06-13,active,2026-06-17,M170 Wireless Mouse,CleanHome Supplies,,,2027-06-13
BB-4602,BN-BB-4602-01,395.0,2026-06-05,2027-05-27,active,2026-06-15,Masala - Vangibath Powder,GrainCo Vijayawada,,,2027-05-27
BB-4614,BN-BB-4614-01,862.0,2026-06-11,2027-07-01,active,2026-06-20,Natural Baby Sunscreen,BabyBase Supplies,,,2027-07-01
BB-4622,BN-BB-4622-01,443.0,2026-06-09,2028-06-20,active,2026-06-16,Sandhimitra Arka,CareWell Distributors,,,2028-06-20
BB-4624,BN-BB-4624-01,310.0,2026-06-04,2028-05-24,active,2026-06-19,"Hand Wash - Naturals, Sea Mineral",CareWell Distributors,,,2028-05-24
BB-4633,BN-BB-4633-01,508.0,2026-06-10,2028-07-11,active,2026-06-20,Blush & Glow Kiwi Freshness Gel Face Wash With Kiwi Extracts,CareWell Distributors,,,2028-07-11
BB-464,BN-BB-464-01,0.0,2025-12-13,2026-06-21,disposed,2025-12-27,Crunchy Honey Peanut Butter,SweetSource Regional,2026-06-28 16:09:12,USR002,2026-06-21
BB-4640,BN-BB-4640-01,1469.0,2026-06-02,2028-07-29,active,2026-06-17,Hub Woman Eau De Toilette Deodorant,CareWell Distributors,,,2028-07-29
BB-4641,BN-BB-4641-01,136.0,2026-06-06,2027-02-10,active,2026-06-15,Apple Drink,BevCorp India,,,2027-02-10
BB-4645,BN-BB-4645-01,44.0,2026-06-12,2026-09-05,active,2026-06-20,Broad Beans - Diced,FruitKing South,,,2026-07-10
BB-465,BN-BB-465-01,1311.0,2026-06-11,,active,2026-06-19,Non-Stick 4 Cavities Uttapam Tawa - Black,FreshFarm Veg Market,,,
BB-4655,BN-BB-4655-01,3867.0,2026-06-03,2028-07-23,active,2026-06-19,Argan-Liquid Gold Hair Spa,CareWell Distributors,,,2028-07-23
BB-4665,BN-BB-4665-01,124.0,2026-06-10,2027-03-26,active,2026-06-20,20g Whey Protein Bar - Chocolate Cranberry,MedLife Wholesale,,,2027-03-26
BB-4673,BN-BB-4673-01,137.0,2026-06-02,2027-06-06,active,2026-06-15,Sparkle,CleanHome Supplies,,,2027-06-06
BB-4686,BN-BB-4686-01,1132.0,2026-06-02,2028-05-01,active,2026-06-16,Pure Mint Soap,CareWell Distributors,,,2028-05-01
BB-4700,BN-BB-4700-01,267.0,2026-06-04,2027-03-03,active,2026-06-16,Dark Chocolate Cranberry With Cashews,BabyBase Supplies,,,2027-03-03
BB-4701,BN-BB-4701-01,4050.0,2026-06-09,,active,2026-06-20,Mixing Bowl,BakeMaster Artisans,,,
BB-4707,BN-BB-4707-01,1230.0,2026-06-04,2027-06-25,active,2026-06-15,Organic - Black Rice/Akki,GrainCo Vijayawada,,,2027-06-25
BB-4727,BN-BB-4727-01,5081.0,2026-06-02,2028-05-16,active,2026-06-18,Skin Naturals - BB Cream,CareWell Distributors,,,2028-05-16
BB-4734,BN-BB-4734-01,357.0,2026-06-04,2027-02-25,active,2026-06-16,Orange Drink Powder,BakeMaster Artisans,,,2027-02-25
BB-4760,BN-BB-4760-01,128.0,2026-06-04,2027-07-06,active,2026-06-17,Ajwa Dates/Kharjura,GrainCo Vijayawada,,,2027-07-06
BB-4762,BN-BB-4762-01,172.0,2026-05-10,,active,2026-05-22,Whisky/Juice/Water Glass,OilTrade AP,,,
BB-4778,BN-BB-4778-01,2907.0,2026-06-09,2028-06-06,active,2026-06-20,Herbal Anti Ageing Cream,CareWell Distributors,,,2028-06-06
BB-4797,BN-BB-4797-01,892.0,2026-06-02,,active,2026-06-18,Round Red Wine Glass - Transparent,PaperEdge Stationery,,,
BB-4808,BN-BB-4808-01,146.0,2026-06-01,2027-05-21,active,2026-06-15,Organic Eco-Friendly Kitchen Cleaner,CleanHome Supplies,,,2027-05-21
BB-4812,BN-BB-4812-01,3052.0,2026-06-13,2027-02-24,active,2026-06-19,Santas Christmas Goodies,OilTrade AP,,,2027-02-24
BB-4815,BN-BB-4815-01,108.0,2026-06-14,2026-11-26,active,2026-06-20,Baby Corns,SweetSource Regional,,,2026-11-26
BB-4823,BN-BB-4823-01,1251.0,2026-06-05,2027-06-22,active,2026-06-19,Geometry Box - Asteroid,CleanHome Supplies,,,2027-06-22
BB-4826,BN-BB-4826-01,242.0,2026-06-05,2028-04-22,active,2026-06-18,Beard Oil - Argan & Geranium,CareWell Distributors,,,2028-04-22
BB-4851,BN-BB-4851-01,464.0,2026-06-03,2027-05-07,active,2026-06-16,Chalk Gold - For Cockroaches,CleanHome Supplies,,,2027-05-07
BB-4868,BN-BB-4868-01,1613.0,2026-06-11,2027-05-23,active,2026-06-19,Coriander Powder,GrainCo Vijayawada,,,2027-05-23
BB-4872,BN-BB-4872-01,1080.0,2026-06-03,2027-03-17,active,2026-06-16,English Breakfast Tea,BevCorp India,,,2027-03-17
BB-4877,BN-BB-4877-01,573.0,2026-06-04,2028-07-11,active,2026-06-15,Urban Balance Daily Scrub Cleanser,CareWell Distributors,,,2028-07-11
BB-4884,BN-BB-4884-01,5131.0,2026-06-11,2028-07-26,active,2026-06-19,Mahabhringraj Tel - Hairfall Redution & Dandruff Relief,CareWell Distributors,,,2028-07-26
BB-4888,BN-BB-4888-01,2881.0,2026-06-04,2026-11-26,active,2026-06-18,Namkeen - Chana Plain,SweetSource Regional,,,2026-11-26
BB-4896,BN-BB-4896-01,149.0,2026-06-08,2027-05-24,active,2026-06-19,"Long Notebook-Unruled+Ruled, Single Line (172Pages)+Single Line, Ruled 160Pages",CleanHome Supplies,,,2027-05-24
BB-4899,BN-BB-4899-01,2002.0,2026-06-09,,active,2026-06-15,Dazzle Opalware Noodle Bowl Set - Tropical Lagoon,SweetSource Regional,,,
BB-4903,BN-BB-4903-01,408.0,2026-06-07,2027-02-24,active,2026-06-19,Dry Chilli Garlic Condiment,BakeMaster Artisans,,,2027-02-24
BB-4936,BN-BB-4936-01,1060.0,2026-06-11,2028-06-07,active,2026-06-16,Antiseptic Liquid 550 ml + Laundry Sanitizer- Fresh Linen 480 ml,CareWell Distributors,,,2028-06-07
BB-4943,BN-BB-4943-01,841.0,2026-06-10,2027-02-25,active,2026-06-17,Sriracha Sauce,GrainCo Vijayawada,,,2027-02-25
BB-4958,BN-BB-4958-01,618.0,2026-06-06,2028-07-18,active,2026-06-16,Hydra White Intense Whitening Hydrating Toner,CareWell Distributors,,,2028-07-18
BB-4965,BN-BB-4965-01,2100.0,2026-06-01,,active,2026-06-17,Gas Lighter-Stainless Steel Aristo - Assorted Colour,CleanHome Supplies,,,
BB-4971,BN-BB-4971-01,864.0,2026-06-13,2028-04-14,active,2026-06-20,Toothbrush - Germi Check Flexi (Action Medium),CareWell Distributors,,,2028-04-14
BB-4983,BN-BB-4983-01,25.0,2026-05-22,2027-02-06,active,2026-06-02,Certified Organic Elixir Apple Cider Vinegar,DairyBest Krishna,,,2027-02-06
BB-4990,BN-BB-4990-01,1278.0,2026-06-02,,active,2026-06-19,Excuse Me Fleas! Anti-Tick and Flea Dog Shampoo,FreshFarm Veg Market,,,
BB-5004,BN-BB-5004-01,534.0,2026-06-02,2027-04-27,active,2026-06-15,Toilet Air Freshener - Lavander,CleanHome Supplies,,,2027-04-27
BB-501,BN-BB-501-01,418.0,2026-06-11,2027-05-13,active,2026-06-17,Active Baby Medium (6-11 kg) - 62 Diapers,BabyBase Supplies,,,2027-05-13
BB-5010,BN-BB-5010-01,371.0,2026-06-10,2028-05-17,active,2026-06-17,Deodorant Body Spray - To Be Illusionist,CareWell Distributors,,,2028-05-17
BB-5024,BN-BB-5024-01,2454.0,2026-06-13,2026-12-11,active,2026-06-17,Peanut Butter,SweetSource Regional,,,2026-12-11
BB-5029,BN-BB-5029-01,307.0,2026-06-09,2027-02-14,active,2026-06-16,Grand'Or Milk & Hazelnuts,CareWell Distributors,,,2027-02-14
BB-5050,BN-BB-5050-01,215.0,2026-06-10,2027-02-19,active,2026-06-19,Insta - Nimbupaani,BevCorp India,,,2027-02-19
BB-5065,BN-BB-5065-01,869.0,2026-06-03,2027-02-06,active,2026-06-15,Amla Candy - Sweet,BabyBase Supplies,,,2027-02-06
BB-5066,BN-BB-5066-01,745.0,2026-06-11,2027-05-21,active,2026-06-19,Natural Puja Agarbathi - Jasmine,CleanHome Supplies,,,2027-05-21
BB-5071,BN-BB-5071-01,1285.0,2026-06-05,2027-05-27,active,2026-06-16,Kitchen & Household Cloth,CleanHome Supplies,,,2027-05-27
BB-5085,BN-BB-5085-01,1235.0,2026-06-12,2027-06-12,active,2026-06-18,ScalGo Descaling Powder,CleanHome Supplies,,,2027-06-12
BB-5108,BN-BB-5108-01,618.0,2026-06-02,2028-07-13,active,2026-06-18,Stainless Steel Acne Popper - BB1236,CareWell Distributors,,,2028-07-13
BB-5126,BN-BB-5126-01,489.0,2026-06-11,2027-04-03,active,2026-06-15,Burger - Chips,SweetSource Regional,,,2027-04-03
BB-5131,BN-BB-5131-01,575.0,2026-06-03,,active,2026-06-19,"Carbon Zinc D Size Battery - Heavy Duty, 1050 R20",PaperEdge Stationery,,,
BB-5154,BN-BB-5154-01,407.0,2026-06-08,2027-05-28,active,2026-06-17,Soya Flour,GrainCo Vijayawada,,,2027-05-28
BB-5160,BN-BB-5160-01,1708.0,2026-06-07,2027-06-03,active,2026-06-18,Organic Dal - Urad White (Split),GrainCo Vijayawada,,,2027-06-03
BB-5161,BN-BB-5161-01,1370.0,2026-06-06,2028-08-15,active,2026-06-16,Safe Hair Color - Burgundy,CareWell Distributors,,,2028-08-15
BB-5167,BN-BB-5167-01,307.0,2026-06-08,2027-05-15,active,2026-06-16,Paper Napkins - Bonbons,CleanHome Supplies,,,2027-05-15
BB-5168,BN-BB-5168-01,692.0,2026-06-10,2028-07-27,active,2026-06-20,Charcoal Face Scrub,CareWell Distributors,,,2028-07-27
BB-5179,BN-BB-5179-01,2039.0,2026-06-07,2026-12-20,active,2026-06-18,NutriChoice Essentials - Oats Cookies With No Added Sugar,SweetSource Regional,,,2026-12-20
BB-5205,BN-BB-5205-01,1268.0,2026-06-02,2027-05-27,active,2026-06-15,Decent Storage Container - Assorted Colour,CleanHome Supplies,,,2027-05-27
BB-521,BN-BB-521-01,1138.0,2026-06-12,2028-08-06,active,2026-06-18,Diamond Facial Kit - 6 Steps,CareWell Distributors,,,2028-08-06
BB-5216,BN-BB-5216-01,537.0,2026-06-11,2027-03-13,active,2026-06-16,Ferro Crunch Ice Cream,OilTrade AP,,,2027-03-13
BB-523,BN-BB-523-01,1207.0,2026-06-06,2027-03-26,active,2026-06-19,Basil Drink - Mango Flavored,FruitKing South,,,2027-03-26
BB-524,BN-BB-524-01,7.0,2026-06-13,2026-12-14,active,2026-06-20,Pazzta Cheese Macaroni Family Saver Pack Pouch,SweetSource Regional,,,2026-12-14
BB-5240,BN-BB-5240-01,143.0,2026-05-17,2028-04-10,active,2026-05-23,Fragrance Body Spray - Napoleon,CareWell Distributors,,,2028-04-10
BB-5246,BN-BB-5246-01,0.0,2024-06-16,2026-08-23,disposed,2024-06-22,Cosmo Girl - Eau De Parfum,CareWell Distributors,2026-06-28 16:08:24,USR002,2026-08-23
BB-5265,BN-BB-5265-01,533.0,2026-06-03,2028-03-22,active,2026-06-15,Vitamin E Body Cream,CareWell Distributors,,,2028-03-22
BB-527,BN-BB-527-01,211.0,2026-06-08,2027-03-13,active,2026-06-18,Hot Schezwan Dipping Sauce - Tasty & Nutrient-Rich,DairyBest Krishna,,,2027-03-13
BB-5292,BN-BB-5292-01,1240.0,2026-06-04,2027-06-15,active,2026-06-15,Organic Walnut/Akrodu Kernels,GrainCo Vijayawada,,,2027-06-15
BB-5331,BN-BB-5331-01,146.0,2026-06-10,2027-06-22,active,2026-06-15,Pearl Millet/Bajra Vermicelli,GrainCo Vijayawada,,,2027-06-22
BB-5336,BN-BB-5336-01,342.0,2026-06-12,2026-12-16,active,2026-06-19,"Gift Box : Dryfruit Chocolate Nutty Cookies With Almonds, Cashew & Peanuts",SweetSource Regional,,,2026-12-16
BB-5341,BN-BB-5341-01,239.0,2026-06-04,2027-06-17,active,2026-06-18,Adhesive - Shoe Fix Shoe Repair,CleanHome Supplies,,,2027-06-17
BB-5343,BN-BB-5343-01,377.0,2026-06-03,2027-04-30,active,2026-06-18,Grinder - Rock Salt,GrainCo Vijayawada,,,2027-04-30
BB-5344,BN-BB-5344-01,624.0,2026-06-04,2027-03-22,active,2026-06-20,DIY Kit - Shami Kebab Wrap,DairyBest Krishna,,,2027-03-22
BB-5358,BN-BB-5358-01,666.0,2026-06-09,2028-05-01,active,2026-06-20,Ayush Men Moisturiser,CareWell Distributors,,,2028-05-01
BB-5386,BN-BB-5386-01,1058.0,2026-06-12,2027-03-09,active,2026-06-20,Stevia Tablets Dispenser,ChillZone Logistics,,,2027-03-09
BB-5388,BN-BB-5388-01,100.0,2026-06-05,2026-09-13,active,2026-06-18,"Pork - Mortadella with Pistachios, P.G.I, Sliced",BakeMaster Artisans,,,2026-07-09
BB-5395,BN-BB-5395-01,533.0,2026-06-13,2028-06-27,active,2026-06-20,Face Wash - Bio Neem Purifying for Oily Acne Prone Skin,CareWell Distributors,,,2028-06-27
BB-5421,BN-BB-5421-01,947.0,2026-06-06,2028-03-27,active,2026-06-20,Toothpaste - Fresh Attraction Nature Boost Gel,CareWell Distributors,,,2028-03-27
BB-5427,BN-BB-5427-01,285.0,2026-06-01,,active,2026-06-15,Nutri Lunch Insulated Tiffin - Pink,FreshFarm Veg Market,,,
BB-5432,BN-BB-5432-01,269.0,2026-06-08,2028-04-24,active,2026-06-18,Vitamin C Facewash,CareWell Distributors,,,2028-04-24
BB-5434,BN-BB-5434-01,1594.0,2026-06-05,2028-07-22,active,2026-06-17,Real Nature Shea Butter Face Mask,CareWell Distributors,,,2028-07-22
BB-5446,BN-BB-5446-01,1096.0,2026-06-10,2027-03-30,active,2026-06-16,Sunrise Instant Coffee - Chicory Mixture,BevCorp India,,,2027-03-30
BB-5453,BN-BB-5453-01,4356.0,2026-06-11,2028-06-03,active,2026-06-19,Hand Wash Refill - Original,CareWell Distributors,,,2028-06-03
BB-5463,BN-BB-5463-01,437.0,2026-06-14,2027-07-09,active,2026-06-18,Masala - Karam Powder,GrainCo Vijayawada,,,2027-07-09
BB-5473,BN-BB-5473-01,1226.0,2026-06-08,2027-06-03,active,2026-06-20,Organic Watermellon Seed,GrainCo Vijayawada,,,2027-06-03
BB-5476,BN-BB-5476-01,803.0,2026-06-10,2028-08-13,active,2026-06-15,On Deodorant Spray - Men,CareWell Distributors,,,2028-08-13
BB-5489,BN-BB-5489-01,570.0,2026-06-10,2027-03-18,active,2026-06-18,Nilgiri Green Tea - Yakuso Tulsi,FreshFarm Veg Market,,,2027-03-18
BB-549,BN-BB-549-01,133.0,2024-06-12,,active,2024-06-27,Stainless Steel Deep Fry Strainer - 16 cm,CareWell Distributors,,,
BB-550,BN-BB-550-01,1552.0,2026-05-30,2027-06-20,active,2026-06-15,Gold Low Calorie Sweetner,GrainCo Vijayawada,,,2027-06-20
BB-5512,BN-BB-5512-01,813.0,2026-06-09,2027-02-28,active,2026-06-17,Multigrain Missi Atta - Gluten Free,SweetSource Regional,,,2027-02-28
BB-5545,BN-BB-5545-01,24.0,2025-06-19,2026-09-23,active,2025-06-24,Red Chilli Flakes,GrainCo Vijayawada,,,2026-06-19
BB-5551,BN-BB-5551-01,312.0,2026-06-07,2026-08-23,active,2026-06-20,Cookies - Assorted,DairyBest Krishna,,,2026-08-23
BB-556,BN-BB-556-01,399.0,2026-06-01,2026-09-20,active,2026-06-16,Pork Streaky Bacon,GrainCo Vijayawada,,,2026-07-09
BB-5566,BN-BB-5566-01,406.0,2026-06-06,2027-06-29,active,2026-06-20,Ghee/Tuppa,GrainCo Vijayawada,,,2027-06-29
BB-5569,BN-BB-5569-01,472.0,2026-06-11,2027-03-19,active,2026-06-18,Cleansing Organic Root Remedy Tea,BevCorp India,,,2027-03-19
BB-5571,BN-BB-5571-01,781.0,2026-06-07,2027-02-22,active,2026-06-19,Green Hot Pepper Pickle,GrainCo Vijayawada,,,2027-02-22
BB-558,BN-BB-558-01,3076.0,2026-06-03,2026-12-02,active,2026-06-18,Truffel - Caramel,SweetSource Regional,,,2026-12-02
BB-560,BN-BB-560-01,583.0,2026-05-02,2027-05-18,active,2026-05-17,Stainless Steel Dustbin / Garbage Bin - Perforated,CleanHome Supplies,,,2027-05-18
BB-5613,BN-BB-5613-01,5021.0,2026-06-03,2028-08-06,active,2026-06-15,Small Brush HC-14,CareWell Distributors,,,2028-08-06
BB-5618,BN-BB-5618-01,1291.0,2026-06-08,2028-06-21,active,2026-06-16,Beauty-Full Volume Conditioner,CareWell Distributors,,,2028-06-21
BB-5628,BN-BB-5628-01,4281.0,2026-06-10,,active,2026-06-19,"Double Walled Glass Bottle - Black Cap, BB1238",GrainCo Vijayawada,,,
BB-5630,BN-BB-5630-01,691.0,2026-06-12,2028-08-12,active,2026-06-18,Shower Gel - Warm Vanilla Sugar,CareWell Distributors,,,2028-08-12
BB-5633,BN-BB-5633-01,891.0,2026-06-06,2027-03-19,active,2026-06-18,100% Pure Cashew Butter,CleanHome Supplies,,,2027-03-19
BB-5650,BN-BB-5650-01,3691.0,2026-06-03,,active,2026-06-19,Decorative Party Light Golden Bell String LED Light 7 M - Warm White,CleanHome Supplies,,,
BB-5657,BN-BB-5657-01,1247.0,2026-06-04,2028-03-27,active,2026-06-16,Wrinkle Correcting Serum Mask With Hyaluronic Acid & Avocado Extract,CareWell Distributors,,,2028-03-27
BB-5658,BN-BB-5658-01,2418.0,2026-06-04,2027-05-28,active,2026-06-18,Wheat Lokwan,GrainCo Vijayawada,,,2027-05-28
BB-566,BN-BB-566-01,603.0,2026-06-06,2028-04-24,active,2026-06-16,"Sanitary Napkin - Ultra Thin, Regular",CareWell Distributors,,,2028-04-24
BB-5668,BN-BB-5668-01,251.0,2026-06-01,2027-02-25,active,2026-06-15,Oyster Sauce,BabyBase Supplies,,,2027-02-25
BB-5678,BN-BB-5678-01,240.0,2026-06-04,2028-06-01,active,2026-06-19,Coconut & Tea Tree Oil Nourishing Body Wash,CareWell Distributors,,,2028-06-01
BB-5709,BN-BB-5709-01,262.0,2026-06-01,2027-02-24,active,2026-06-16,Sauce - Light Soya,BabyBase Supplies,,,2027-02-24
BB-5715,BN-BB-5715-01,3180.0,2026-06-09,2026-12-06,active,2026-06-19,Oats,SweetSource Regional,,,2026-12-06
BB-5731,BN-BB-5731-01,1682.0,2026-06-04,2028-07-07,active,2026-06-17,Hand Wash Rose & Geranium - Anti Bacterial,CareWell Distributors,,,2028-07-07
BB-5737,BN-BB-5737-01,187.0,2025-06-14,2026-09-24,active,2025-06-27,Cow Ghee/Tuppa - A2 Gir,GrainCo Vijayawada,,,2026-07-03
BB-5796,BN-BB-5796-01,3594.0,2026-06-04,,active,2026-06-20,Magic Seal Rectangular Plastic Storage Containers - Pink,CleanHome Supplies,,,
BB-58,BN-BB-58-01,314.0,2026-06-08,2027-02-16,active,2026-06-18,Pina Colada,BevCorp India,,,2027-02-16
BB-5809,BN-BB-5809-01,596.0,2026-06-08,2027-03-01,active,2026-06-17,Green Coffee Powder,FruitKing South,,,2027-03-01
BB-5818,BN-BB-5818-01,275.0,2026-05-12,2028-04-29,active,2026-05-23,Pebble Style - Eau De Parfum,CareWell Distributors,,,2028-04-29
BB-5830,BN-BB-5830-01,3934.0,2026-06-10,,active,2026-06-19,Donald Ceramic Milk & Coffee Mug ZS-DB-02,OilTrade AP,,,
BB-5863,BN-BB-5863-01,2895.0,2026-06-04,,active,2026-06-17,Aluminium Large Round Mould - Assorted Colour,FruitKing South,,,
BB-5878,BN-BB-5878-01,312.0,2026-06-05,2026-11-21,active,2026-06-19,Cookies - Oatmeal (Sugar Free),SweetSource Regional,,,2026-11-21
BB-588,BN-BB-588-01,150.0,2026-06-11,,active,2026-06-18,"Pro - Expert Nutrition For Adult Dogs, Weight Management, +2 Years",ChillZone Logistics,,,
BB-5891,BN-BB-5891-01,1461.0,2026-06-12,,active,2026-06-15,"Ice Cube/Freezer Tray - Blue, L5003X2",CareWell Distributors,,,
BB-5896,BN-BB-5896-01,555.0,2026-06-03,2027-06-15,active,2026-06-17,Bib - Car Printed,BabyBase Supplies,,,2027-06-15
BB-5900,BN-BB-5900-01,1567.0,2026-06-03,2027-07-04,active,2026-06-20,Brown Chana,GrainCo Vijayawada,,,2027-07-04
BB-5903,BN-BB-5903-01,247.0,2026-06-11,2026-12-08,active,2026-06-17,Thokku - Vathakozhambu,SweetSource Regional,,,2026-12-08
BB-5925,BN-BB-5925-01,866.0,2026-06-07,2028-07-05,active,2026-06-15,Woman - Urban Musk Body Mist,CareWell Distributors,,,2028-07-05
BB-5948,BN-BB-5948-01,161.0,2026-06-01,2027-02-26,active,2026-06-16,Assorted Energy Bars,CareWell Distributors,,,2027-02-26
BB-5972,BN-BB-5972-01,1071.0,2026-06-12,2026-11-28,active,2026-06-20,Millet Dosa Batter,SweetSource Regional,,,2026-11-28
BB-5976,BN-BB-5976-01,149.0,2026-06-07,2027-05-19,active,2026-06-18,Multigrain Atta - Fortified,GrainCo Vijayawada,,,2027-05-19
BB-5983,BN-BB-5983-01,288.0,2026-06-10,,active,2026-06-19,Stainless Steel Contura Pressure Cooker SSC30,OilTrade AP,,,
BB-5986,BN-BB-5986-01,338.0,2024-06-09,2026-08-23,active,2024-06-21,Neem Churna,CareWell Distributors,,,2026-08-23
BB-5987,BN-BB-5987-01,589.0,2026-06-11,2027-03-29,active,2026-06-18,Caramel,SeasonProof Gear,,,2027-03-29
BB-5998,BN-BB-5998-01,3905.0,2026-06-07,2028-06-11,active,2026-06-16,Sukesha Taila - for Healthy Hair,CareWell Distributors,,,2028-06-11
BB-6000,BN-BB-6000-01,1618.0,2026-06-08,2027-07-01,active,2026-06-19,Select - Kitchen Star Masala,GrainCo Vijayawada,,,2027-07-01
BB-6018,BN-BB-6018-01,23.0,2025-06-11,2026-08-22,active,2025-06-24,"Snack Time - Frankie Roll Masala, Chatpata Flavour",GrainCo Vijayawada,,,2026-06-23
BB-602,BN-BB-602-01,794.0,2026-06-07,2027-06-08,active,2026-06-20,Freshener - Urinal & Toilet,CleanHome Supplies,,,2027-06-08
BB-6022,BN-BB-6022-01,130.0,2024-06-13,,active,2024-06-22,Neem Wood Wide Tooth Comb,CareWell Distributors,,,
BB-6028,BN-BB-6028-01,538.0,2026-06-05,2028-07-25,active,2026-06-16,Sandal Fairness Face Wash,CareWell Distributors,,,2028-07-25
BB-603,BN-BB-603-01,590.0,2026-06-08,2028-07-27,active,2026-06-16,Like Fresh Cut Grass With Morning Dew Room Fragrance Spray,CareWell Distributors,,,2028-07-27
BB-6030,BN-BB-6030-01,1195.0,2026-06-11,2027-03-02,active,2026-06-20,Almond Filled Chocolate Bar,FruitKing South,,,2027-03-02
BB-6050,BN-BB-6050-01,1362.0,2026-06-06,,active,2026-06-15,Plastic Cloth Hangers - Blue,OilTrade AP,,,
BB-6053,BN-BB-6053-01,687.0,2026-06-04,,active,2026-06-15,Director Coffee Mugs - Hilton 355,OilTrade AP,,,
BB-6056,BN-BB-6056-01,175.0,2026-06-10,2028-07-08,active,2026-06-18,Safe Sun 3-In-1 Matte Look Daily Sun Block PA+++ - SPF 40,CareWell Distributors,,,2028-07-08
BB-6058,BN-BB-6058-01,237.0,2026-05-25,2027-02-09,active,2026-06-02,Peri Peri Garlic Dip,CleanHome Supplies,,,2027-02-09
BB-6063,BN-BB-6063-01,396.0,2026-04-25,,active,2026-05-11,Luna Glass Water/Juice Jug - Red,GrainCo Vijayawada,,,
BB-6066,BN-BB-6066-01,416.0,2026-06-05,2028-08-03,active,2026-06-20,Refreshing Menthol Bath Soap,CareWell Distributors,,,2028-08-03
BB-6085,BN-BB-6085-01,214.0,2026-06-04,2027-05-20,active,2026-06-19,Burnt Garlic Cashew/Godambi,GrainCo Vijayawada,,,2027-05-20
BB-611,BN-BB-611-01,0.0,2025-06-13,2026-06-23,disposed,2025-06-18,Organic - Saffron,GrainCo Vijayawada,2026-06-28 16:09:55,USR002,2026-06-23
BB-6110,BN-BB-6110-01,1030.0,2026-06-06,2026-11-18,active,2026-06-17,"Sauce - Pizza & Pasta , Spout",SweetSource Regional,,,2026-11-18
BB-6124,BN-BB-6124-01,525.0,2026-06-12,2028-08-15,active,2026-06-17,Beard Growth Oil - Almond & Thyme Hair Oil,CareWell Distributors,,,2028-08-15
BB-6132,BN-BB-6132-01,1318.0,2026-06-06,,active,2026-06-16,Popular Stainless Steel Outer Lid Pressure Cooker (20652),GrainCo Vijayawada,,,
BB-6136,BN-BB-6136-01,945.0,2026-06-02,2027-06-23,active,2026-06-15,"Organic - Urad Dal/Uddina Bele, Black (Split)",GrainCo Vijayawada,,,2027-06-23
BB-6143,BN-BB-6143-01,352.0,2026-06-03,2026-11-29,active,2026-06-18,Snacks - Tea Time Puri,SweetSource Regional,,,2026-11-29
BB-616,BN-BB-616-01,5366.0,2026-06-06,2028-07-25,active,2026-06-19,Oil Replacement,CareWell Distributors,,,2028-07-25
BB-6179,BN-BB-6179-01,231.0,2026-06-06,2027-07-07,active,2026-06-15,Channa - Brown/Kadale Kaalu,GrainCo Vijayawada,,,2027-07-07
BB-6186,BN-BB-6186-01,2087.0,2026-06-13,2027-06-16,active,2026-06-19,"Decorative Wax Scented Candles & Holder - Red, BB-1263, Strawberry",CleanHome Supplies,,,2027-06-16
BB-6219,BN-BB-6219-01,202.0,2026-06-03,2028-05-01,active,2026-06-16,Liquorice Shea Lip Butter Balm,CareWell Distributors,,,2028-05-01
BB-6224,BN-BB-6224-01,228.0,2026-06-10,2028-06-13,active,2026-06-19,Kabz Over,CareWell Distributors,,,2028-06-13
BB-6249,BN-BB-6249-01,174.0,2026-06-14,2026-12-07,active,2026-06-19,Biscuits - Marie,SweetSource Regional,,,2026-12-07
BB-6284,BN-BB-6284-01,533.0,2026-06-08,2026-08-24,active,2026-06-20,Rusk - Garlic,DairyBest Krishna,,,2026-08-24
BB-629,BN-BB-629-01,2803.0,2026-06-06,2028-05-03,active,2026-06-19,Patchouli Pure Aroma Essential Oil,CareWell Distributors,,,2028-05-03
BB-63,BN-BB-63-01,1716.0,2026-06-07,,active,2026-06-15,Zaire Steel Iron Board/ Iron Table - Black Text Design,FestiveWorld Supplies,,,
BB-6306,BN-BB-6306-01,527.0,2026-06-11,2028-06-15,active,2026-06-18,Hair Styl Wax - Matte,CareWell Distributors,,,2028-06-15
BB-6320,BN-BB-6320-01,143.0,2026-06-04,2026-07-14,expired,2026-06-16,Tricone - Butterscotch Ice Cream,DairyBest Krishna,,,2026-07-14
BB-6326,BN-BB-6326-01,115.0,2026-06-08,2026-08-20,active,2026-06-17,Tofu Supreme - Garlic Pepper,DairyBest Krishna,,,2026-08-20
BB-6329,BN-BB-6329-01,4816.0,2026-06-09,2028-03-31,active,2026-06-19,Strong & Long Health Shampoo,CareWell Distributors,,,2028-03-31
BB-6330,BN-BB-6330-01,2611.0,2026-06-11,2026-12-08,active,2026-06-19,Overnight Oats - Banana Chocolate,SweetSource Regional,,,2026-12-08
BB-6359,BN-BB-6359-01,1107.0,2026-06-09,2026-12-12,active,2026-06-20,Instant - Avalakki Upma Mix,SweetSource Regional,,,2026-12-12
BB-6361,BN-BB-6361-01,444.0,2026-06-11,2028-04-17,active,2026-06-17,"Dog Food - Optimum Performance, Puppy",BabyBase Supplies,,,2028-04-17
BB-6369,BN-BB-6369-01,722.0,2026-06-02,2027-05-27,active,2026-06-15,"Blue Printed Pencil Pouchv - PU, BB1288BLU",CleanHome Supplies,,,2027-05-27
BB-638,BN-BB-638-01,580.0,2026-06-06,,active,2026-06-15,"Chai/Bonechina Coffee Mug - Yellow, Leaf Print",CleanHome Supplies,,,
BB-6384,BN-BB-6384-01,266.0,2026-06-08,2027-05-19,active,2026-06-18,"Multi Utility Plastic Basket - Small, Smokey Grey, Royal",CleanHome Supplies,,,2027-05-19
BB-6397,BN-BB-6397-01,1599.0,2026-06-09,,active,2026-06-20,Chai / Coffee/ Tea-Milk Mug - Red with White Polka Dots Print,OilTrade AP,,,
BB-6416,BN-BB-6416-01,179.0,2026-06-02,2028-05-10,active,2026-06-16,Sandal Radiance Talc,CareWell Distributors,,,2028-05-10
BB-6418,BN-BB-6418-01,166.0,2026-06-06,2026-11-30,active,2026-06-16,"Peru Dark Amazon, Single Origin Dark Chocolate - 55%",SweetSource Regional,,,2026-11-30
BB-6429,BN-BB-6429-01,1780.0,2026-06-10,,active,2026-06-15,"Steel Storage/Lunch Container - No.14, Grey, Klip It",MedLife Wholesale,,,
BB-6442,BN-BB-6442-01,1626.0,2026-06-02,2027-06-11,active,2026-06-15,Powder - Sandal,CleanHome Supplies,,,2027-06-11
BB-647,BN-BB-647-01,178.0,2026-06-06,,active,2026-06-17,Dulhaniya Transparent Plastic Container/ Saree Storage Box - Transparent,SeasonProof Gear,,,
BB-6478,BN-BB-6478-01,1164.0,2026-06-09,2027-06-30,active,2026-06-18,Seasoning - Chinese,GrainCo Vijayawada,,,2027-06-30
BB-6489,BN-BB-6489-01,26.0,2026-05-21,2027-03-07,active,2026-06-04,Hot Chocolate - Mexican Spiced,BakeMaster Artisans,,,2027-03-07
BB-6499,BN-BB-6499-01,1378.0,2026-06-15,,active,2026-06-20,"Heavy Duty Ironing Board Cum Ladder - Grey, BB1437",ChillZone Logistics,,,
BB-6505,BN-BB-6505-01,988.0,2026-06-06,,active,2026-06-17,Peeler Big Pipe Handle-Bristle Pack,ChillZone Logistics,,,
BB-6514,BN-BB-6514-01,3210.0,2026-06-11,2028-08-20,active,2026-06-16,Dance Diamonds Eau De Toilette & Deodorant Spray,CareWell Distributors,,,2028-08-20
BB-6522,BN-BB-6522-01,499.0,2026-06-08,2027-07-09,active,2026-06-20,Nutflix Trail Mix - Powerhouse Of Energy,GrainCo Vijayawada,,,2027-07-09
BB-6531,BN-BB-6531-01,2062.0,2026-06-10,2027-05-13,active,2026-06-16,Surf Excel Matic Top Load Detergent 2kg + Comfort After Wash Morning Fresh 800ml,CleanHome Supplies,,,2027-05-13
BB-6551,BN-BB-6551-01,569.0,2026-06-05,2026-11-24,active,2026-06-16,Tedhe Medhe - Masala Tadka,SweetSource Regional,,,2026-11-24
BB-6556,BN-BB-6556-01,1908.0,2026-06-06,2028-05-11,active,2026-06-20,Dead Sea Bath Salt,CareWell Distributors,,,2028-05-11
BB-6573,BN-BB-6573-01,61.0,2026-06-05,2026-10-24,active,2026-06-15,Sugarcane,FruitKing South,,,2026-07-10
BB-6581,BN-BB-6581-01,1330.0,2026-06-06,2027-05-09,active,2026-06-15,Fevicreate Make Your Own Photo Frame,CleanHome Supplies,,,2027-05-09
BB-6582,BN-BB-6582-01,2010.0,2026-06-06,2028-03-25,active,2026-06-17,Gold Creme Skin Bleach - Golden Glow,CareWell Distributors,,,2028-03-25
BB-66,BN-BB-66-01,350.0,2026-06-14,2028-05-28,active,2026-06-17,After Bath Oil - Chocolate Vanilla,CareWell Distributors,,,2028-05-28
BB-6623,BN-BB-6623-01,1348.0,2026-06-07,2027-07-13,active,2026-06-16,Grinder - Rock Salt,GrainCo Vijayawada,,,2027-07-13
BB-6624,BN-BB-6624-01,130.0,2026-06-06,2026-11-27,active,2026-06-15,Corn Flour,SweetSource Regional,,,2026-11-27
BB-6640,BN-BB-6640-01,772.0,2026-06-12,2027-02-16,active,2026-06-19,Pasta - Spaghetti,CleanHome Supplies,,,2027-02-16
BB-6648,BN-BB-6648-01,1556.0,2026-06-10,2027-06-02,active,2026-06-20,Sanitary Disposal Bag,BabyBase Supplies,,,2027-06-02
BB-6649,BN-BB-6649-01,3239.0,2026-06-12,,active,2026-06-19,"Tea Strainer - Stainless Steel, Medium",BakeMaster Artisans,,,
BB-665,BN-BB-665-01,119.0,2026-06-05,2026-07-22,active,2026-06-10,"Pork - Speck Ham, Meat",PaperEdge Stationery,,,2026-07-22
BB-6665,BN-BB-6665-01,1505.0,2026-06-06,2027-06-17,active,2026-06-17,"On The Go Travel Disinfectant Spray â€“ Kills 99.9% Germs, Alcohol based, Anti-bacterial, Citrus Fragrance",CleanHome Supplies,,,2027-06-17
BB-6666,BN-BB-6666-01,30.0,2026-06-19,2026-08-23,active,2026-06-24,"Beans - Cluster, Organically Grown",FruitKing South,,,2026-08-23
BB-6678,BN-BB-6678-01,1350.0,2026-05-31,,active,2026-06-16,Hygiene Plus Non Clumping 100% Natural Cat Litter,ChillZone Logistics,,,
BB-6695,BN-BB-6695-01,89.0,2026-06-09,2026-12-01,active,2026-06-18,Dream Cream - Choco Vanilla Cream Biscuit - Cookie,SweetSource Regional,,,2026-12-01
BB-6703,BN-BB-6703-01,291.0,2026-06-08,2027-03-08,active,2026-06-20,Stevia 100% Natural Sweetener,GrainCo Vijayawada,,,2027-03-08
BB-6704,BN-BB-6704-01,265.0,2026-05-08,2028-05-26,active,2026-05-16,"Body Lotion For Very Dry Skin - Nourishing Body Milk With 2x Almond Oil, For Men & Women",CareWell Distributors,,,2028-05-26
BB-6706,BN-BB-6706-01,284.0,2026-06-09,2028-06-11,active,2026-06-18,Teatree Essential Oil,CareWell Distributors,,,2028-06-11
BB-6714,BN-BB-6714-01,686.0,2026-06-05,2026-08-11,active,2026-06-18,Beans - Cluster,FruitKing South,,,2026-07-10
BB-6726,BN-BB-6726-01,370.0,2026-06-04,2027-03-22,active,2026-06-19,Marmalade - Orange,CleanHome Supplies,,,2027-03-22
BB-6734,BN-BB-6734-01,4665.0,2026-06-05,,active,2026-06-18,"Chota Bheem Medium Size Plastic Lunch Box - With Inner Container, Fork & Spoon, Assorted Colour",BabyBase Supplies,,,
BB-6739,BN-BB-6739-01,450.0,2026-06-10,2028-05-13,active,2026-06-19,Thalasso Hydro Gel,CareWell Distributors,,,2028-05-13
BB-6755,BN-BB-6755-01,1771.0,2026-06-16,2028-08-08,active,2026-06-20,Green Tea Gentle Detox Set,CareWell Distributors,,,2028-08-08
BB-6764,BN-BB-6764-01,4205.0,2026-06-11,2027-05-08,active,2026-06-16,Casablanca Serving Tray - Small & Medium,CleanHome Supplies,,,2027-05-08
BB-6768,BN-BB-6768-01,103.0,2025-06-18,,active,2025-06-23,"Multi Storage Food Container - Multicolour, 160g",BabyBase Supplies,,,
BB-6775,BN-BB-6775-01,2902.0,2026-06-05,2027-03-29,active,2026-06-17,Jain Italian Spice Mix,OilTrade AP,,,2027-03-29
BB-6782,BN-BB-6782-01,2825.0,2026-06-04,2026-11-13,active,2026-06-17,Namkeen Khatta Meetha,SweetSource Regional,,,2026-11-13
BB-6790,BN-BB-6790-01,1098.0,2026-06-07,2027-07-01,active,2026-06-16,Wonder Dry Pants - Double Extra Large Size Diapers,BabyBase Supplies,,,2027-07-01
BB-6804,BN-BB-6804-01,3253.0,2026-06-10,2027-06-01,active,2026-06-16,Air Freshener - Rose,CleanHome Supplies,,,2027-06-01
BB-6818,BN-BB-6818-01,239.0,2026-06-14,2028-04-25,active,2026-06-19,Neem Oil,CareWell Distributors,,,2028-04-25
BB-6822,BN-BB-6822-01,312.0,2026-06-10,2027-02-23,active,2026-06-18,Almonds - American,BabyBase Supplies,,,2027-02-23
BB-6823,BN-BB-6823-01,189.0,2026-05-31,,active,2026-06-15,Water/Juice Glass - Crystal Cut,PaperEdge Stationery,,,
BB-6826,BN-BB-6826-01,116.0,2026-06-09,2026-12-08,active,2026-06-16,FunFoods Red Chilli Sauce,SweetSource Regional,,,2026-12-08
BB-6827,BN-BB-6827-01,1235.0,2026-06-10,2027-03-17,active,2026-06-17,Italian Dressing - 81% less fat,SeasonProof Gear,,,2027-03-17
BB-683,BN-BB-683-01,1700.0,2026-06-06,2026-11-18,active,2026-06-20,"Sugar Free Cereals - Whole Oatmeal With Rolled Oats, Chia & Real Fruits",SweetSource Regional,,,2026-11-18
BB-6836,BN-BB-6836-01,362.0,2026-06-14,2027-05-12,active,2026-06-19,Multipurpose Alcohol Based Disinfectant Sanitiser Spray - Kills 99.9% Germs,CleanHome Supplies,,,2027-05-12
BB-6840,BN-BB-6840-01,762.0,2026-06-09,2028-06-17,active,2026-06-19,"Wottagirl! Perfume Spray - Heaven, Classic",CareWell Distributors,,,2028-06-17
BB-6855,BN-BB-6855-01,4589.0,2026-06-06,2028-05-30,active,2026-06-17,Replenishing Night Cream,CareWell Distributors,,,2028-05-30
BB-6857,BN-BB-6857-01,3155.0,2026-06-08,2026-12-19,active,2026-06-20,Barley Flakes,SweetSource Regional,,,2026-12-19
BB-6858,BN-BB-6858-01,100.0,2026-06-10,2027-03-01,active,2026-06-18,Mango Drink Powder,SweetSource Regional,,,2027-03-01
BB-6866,BN-BB-6866-01,70.0,2025-12-23,2026-09-13,active,2025-12-30,Assorted Mini Nutrition Energy Bites,SweetSource Regional,,,2026-09-13
BB-6873,BN-BB-6873-01,257.0,2026-06-12,,active,2026-06-18,"Plastic & Stainless Steel Lunch Box - Red, BB1380RED",CleanHome Supplies,,,
BB-6895,BN-BB-6895-01,4409.0,2026-06-04,,active,2026-06-16,Lunch Box/Tiffin Set Stainless Steel with Steel Lid & Bag - Duo,FestiveWorld Supplies,,,
BB-6913,BN-BB-6913-01,321.0,2026-06-06,2027-03-11,active,2026-06-18,Tea - Eternal Jasmine,CareWell Distributors,,,2027-03-11
BB-6933,BN-BB-6933-01,32.0,2025-09-12,2026-09-17,active,2025-09-26,Chocolate O's - Gluten Free,BakeMaster Artisans,,,2026-06-28
BB-6935,BN-BB-6935-01,4529.0,2026-06-02,2028-08-01,active,2026-06-15,"Lunch Pack - Container, Assorted Colour, Food Hub",FestiveWorld Supplies,,,2028-08-01
BB-6947,BN-BB-6947-01,319.0,2026-06-04,2028-08-03,active,2026-06-19,"7X Beard Oil - Love Spell, 7 Premium Oils Blend Supports Beard Growth & Nourishment",CareWell Distributors,,,2028-08-03
BB-6965,BN-BB-6965-01,477.0,2026-06-12,2027-05-18,active,2026-06-19,Baby Moments Soap,BabyBase Supplies,,,2027-05-18
BB-6974,BN-BB-6974-01,154.0,2026-05-29,2027-05-20,active,2026-06-15,Protect Disinfectant Spray For Hard & Soft Surfaces - Lavender Fragrance,CleanHome Supplies,,,2027-05-20
BB-6997,BN-BB-6997-01,1186.0,2026-06-03,2026-07-22,active,2026-06-15,Badam Flavoured Milk,DairyBest Krishna,,,2026-07-22
BB-7006,BN-BB-7006-01,113.0,2026-06-14,2026-08-27,active,2026-06-19,Almond Coconut - Unsweetened Milk,DairyBest Krishna,,,2026-08-27
BB-7008,BN-BB-7008-01,617.0,2026-06-10,2026-09-11,active,2026-06-18,Raw Mango - Diced,FruitKing South,,,2026-07-10
BB-701,BN-BB-701-01,144.0,2026-06-12,2027-02-19,active,2026-06-20,Green Tea - Regular,BevCorp India,,,2027-02-19
BB-7010,BN-BB-7010-01,700.0,2025-09-18,2026-08-23,active,2025-09-26,"Harippa Roasted Seeds - Pumpkin, Cheesy Onion",SweetSource Regional,,,2026-08-23
BB-7017,BN-BB-7017-01,818.0,2026-06-07,2027-02-20,active,2026-06-17,Masala Chai Loose Black Tea,PaperEdge Stationery,,,2027-02-20
BB-7034,BN-BB-7034-01,689.0,2026-06-12,2028-05-04,active,2026-06-20,Intense Hair Treatment Kit,CareWell Distributors,,,2028-05-04
BB-705,BN-BB-705-01,1832.0,2026-06-03,,active,2026-06-20,Vassomax Vasodilation Complex - Lemon Ice Tea Flavour,PaperEdge Stationery,,,
BB-7051,BN-BB-7051-01,296.0,2026-06-09,2028-08-08,active,2026-06-20,Intensive Care Cocoa Glow Body Lotion,CareWell Distributors,,,2028-08-08
BB-7052,BN-BB-7052-01,93.0,2026-06-07,2026-08-23,active,2026-06-18,"Coconut Milk Yogurt - With Coconut Jaggery, Dairy Free",DairyBest Krishna,,,2026-08-23
BB-7076,BN-BB-7076-01,2168.0,2026-06-07,2027-02-22,active,2026-06-20,"Gouda Cheese - Olives & Tomato, Diced",SeasonProof Gear,,,2027-02-22
BB-7083,BN-BB-7083-01,528.0,2026-06-10,,active,2026-06-20,"Stainless Steel Slotted Serving Spoon - No. 13, Silvera",CleanHome Supplies,,,
BB-7089,BN-BB-7089-01,263.0,2026-06-08,2026-12-18,active,2026-06-17,Mayonnaise - Burger,SweetSource Regional,,,2026-12-18
BB-7090,BN-BB-7090-01,1346.0,2026-06-11,2027-02-14,active,2026-06-19,Vegan Parmesan Cheezy Seasoning,MedLife Wholesale,,,2027-02-14
BB-7102,BN-BB-7102-01,1749.0,2026-06-04,,active,2026-06-16,Svachh DLX Alpha Steel Outer Lid Pressure Cooker (20247),FestiveWorld Supplies,,,
BB-711,BN-BB-711-01,175.0,2024-06-18,,active,2024-06-24,"Spoon Stand - Small, Stainless Steel",BabyBase Supplies,,,
BB-7146,BN-BB-7146-01,165.0,2026-06-06,2028-05-27,active,2026-06-18,Ayurvedic Pimple Treatment Kit,CareWell Distributors,,,2028-05-27
BB-7167,BN-BB-7167-01,170.0,2026-06-03,,active,2026-06-15,Aluminium Outer Lid Pressure Cooker - Evok,GrainCo Vijayawada,,,
BB-719,BN-BB-719-01,1523.0,2026-06-05,,active,2026-06-15,Stainless Steel Contura Pressure Cooker SSC50,BabyBase Supplies,,,
BB-7195,BN-BB-7195-01,413.0,2026-06-06,2027-05-13,active,2026-06-16,"Rice/Akki - Raw, Sona Masoori",GrainCo Vijayawada,,,2027-05-13
BB-7198,BN-BB-7198-01,80.0,2025-06-10,2026-08-17,active,2025-06-23,"Wax Diya - Tulsi, Assorted Colour, ED135,",CleanHome Supplies,,,2026-08-17
BB-7216,BN-BB-7216-01,1052.0,2026-06-07,2027-03-13,active,2026-06-16,Masala Tea,BevCorp India,,,2027-03-13
BB-7228,BN-BB-7228-01,793.0,2026-06-09,2028-06-23,active,2026-06-17,Dott Max Condoms,CareWell Distributors,,,2028-06-23
BB-7244,BN-BB-7244-01,1648.0,2026-06-02,2027-07-01,active,2026-06-17,Brass Prasad Plate - 7 Inch,CleanHome Supplies,,,2027-07-01
BB-7263,BN-BB-7263-01,5349.0,2026-06-10,,active,2026-06-19,"Combo - Coloured Non-Stick Flat Tawa & Kadai, Blue",MedLife Wholesale,,,
BB-7274,BN-BB-7274-01,417.0,2026-06-11,,active,2026-06-18,Glass Speckle Bowl - Wine,SeasonProof Gear,,,
BB-7285,BN-BB-7285-01,448.0,2026-06-05,2027-06-13,active,2026-06-15,Printed Fancy Napkin,CleanHome Supplies,,,2027-06-13
BB-7287,BN-BB-7287-01,156.0,2026-06-10,2026-08-21,active,2026-06-18,Frozen Dessert - Crunchy Butterscotch,DairyBest Krishna,,,2026-08-21
BB-729,BN-BB-729-01,1109.0,2026-06-08,2027-03-22,active,2026-06-20,Himalayan Pink Salt 400 g + Chia Seeds 100 g,FreshFarm Veg Market,,,2027-03-22
BB-7294,BN-BB-7294-01,979.0,2026-06-11,2027-03-16,active,2026-06-18,On The Go - Peri Peri Nachos & Salsa Dip,SweetSource Regional,,,2027-03-16
BB-73,BN-BB-73-01,349.0,2026-06-03,2028-07-01,active,2026-06-16,Summer Comb,CareWell Distributors,,,2028-07-01
BB-7300,BN-BB-7300-01,201.0,2026-06-12,,active,2026-06-19,Venezia Large Bowl - Tempered Glass,OilTrade AP,,,
BB-7307,BN-BB-7307-01,286.0,2026-06-03,2026-11-26,active,2026-06-18,Pickle - Fish,SweetSource Regional,,,2026-11-26
BB-7323,BN-BB-7323-01,918.0,2026-06-08,2027-03-26,active,2026-06-16,"Radler - Non Alcoholic Malt Drink, Mint & Lime",BevCorp India,,,2027-03-26
BB-7329,BN-BB-7329-01,0.0,2025-09-23,2026-06-12,disposed,2025-10-03,Vacuum Fried Chickpea - Chilli,BakeMaster Artisans,2026-06-28 16:09:42,USR002,2026-06-12
BB-7339,BN-BB-7339-01,643.0,2026-06-14,2028-05-19,active,2026-06-18,Moisturising Cow's Ghee Soap,CareWell Distributors,,,2028-05-19
BB-7347,BN-BB-7347-01,598.0,2026-05-31,2028-06-01,active,2026-06-16,Glowing Gold Facial Kit,CareWell Distributors,,,2028-06-01
BB-7372,BN-BB-7372-01,5361.0,2026-06-06,2028-04-12,active,2026-06-16,"Visible White Toothpaste - Sparkling Mint, Saver Pack",CareWell Distributors,,,2028-04-12
BB-7373,BN-BB-7373-01,4029.0,2026-06-06,2027-06-19,active,2026-06-18,Buffalo Ghee/Tuppa - Special Grade with Milk Fat,GrainCo Vijayawada,,,2027-06-19
BB-7377,BN-BB-7377-01,474.0,2026-06-07,2027-03-29,active,2026-06-18,Lemon Sauce,BakeMaster Artisans,,,2027-03-29
BB-7385,BN-BB-7385-01,135.0,2024-06-16,,active,2024-06-27,Opalware Classique Dinner Set - Dazzle Purple,SeasonProof Gear,,,
BB-7387,BN-BB-7387-01,26.0,2025-12-20,2026-08-23,active,2025-12-24,Wafers - Waffy (Vanilla Flavor),SweetSource Regional,,,2026-08-23
BB-7406,BN-BB-7406-01,346.0,2026-06-05,2027-03-10,active,2026-06-17,100% Spanish Extra Virgin Olive Oil,PaperEdge Stationery,,,2027-03-10
BB-7407,BN-BB-7407-01,364.0,2026-06-06,2027-02-15,active,2026-06-16,"Non-Alcoholic Beer Can - Malt Beverage, Apple Flavour",BevCorp India,,,2027-02-15
BB-7418,BN-BB-7418-01,368.0,2026-06-01,2027-02-23,active,2026-06-16,"Atta - Sugar Control Release, Low Gi",FruitKing South,,,2027-02-23
BB-7419,BN-BB-7419-01,419.0,2026-06-06,2027-06-24,active,2026-06-15,Afresh Appliance Descaler,CleanHome Supplies,,,2027-06-24
BB-7421,BN-BB-7421-01,468.0,2026-06-06,2028-06-23,active,2026-06-19,Kabaj Churna,CareWell Distributors,,,2028-06-23
BB-7442,BN-BB-7442-01,1274.0,2026-06-07,2027-05-13,active,2026-06-16,K120 USB Keyboard Wired,CleanHome Supplies,,,2027-05-13
BB-7456,BN-BB-7456-01,2491.0,2026-06-01,2027-07-02,active,2026-06-16,"Spray - Home & Office Air Freshener, Violet Valley Bloom",CleanHome Supplies,,,2027-07-02
BB-7477,BN-BB-7477-01,686.0,2026-06-09,2028-04-09,active,2026-06-19,Momentum Men Eau De Toilette,CareWell Distributors,,,2028-04-09
BB-7478,BN-BB-7478-01,188.0,2026-06-02,2026-12-08,active,2026-06-17,Custard Powder Vanilla,SweetSource Regional,,,2026-12-08
BB-7479,BN-BB-7479-01,1051.0,2026-06-07,2026-12-16,active,2026-06-15,Manchow + Tomato Soup,SweetSource Regional,,,2026-12-16
BB-7494,BN-BB-7494-01,46.0,2026-06-11,2026-09-08,active,2026-06-19,Sapota,FruitKing South,,,2026-07-10
BB-7514,BN-BB-7514-01,463.0,2026-06-01,2028-05-22,active,2026-06-15,"Hair Cleanser - Amla & Bhringraj, SLS & Paraben Free",CareWell Distributors,,,2028-05-22
BB-7555,BN-BB-7555-01,839.0,2026-06-03,2027-03-04,active,2026-06-15,Darjeeling Tea - Long Leaf,BevCorp India,,,2027-03-04
BB-7557,BN-BB-7557-01,413.0,2026-06-10,2028-07-21,active,2026-06-19,Clove Pure Essential Oil,CareWell Distributors,,,2028-07-21
BB-7574,BN-BB-7574-01,104.0,2026-06-05,2027-03-18,active,2026-06-17,Peach Tea Flavoured Syrup,BevCorp India,,,2027-03-18
BB-7575,BN-BB-7575-01,335.0,2026-06-11,,active,2026-06-16,Naturally Grown - Italian Basil Seeds,FruitKing South,,,
BB-7599,BN-BB-7599-01,1695.0,2026-06-10,2028-04-15,active,2026-06-18,Juicy Berry Lip Balm,CareWell Distributors,,,2028-04-15
BB-7600,BN-BB-7600-01,933.0,2026-06-08,2026-11-29,active,2026-06-16,Ompudi,SweetSource Regional,,,2026-11-29
BB-7601,BN-BB-7601-01,2217.0,2026-06-08,,active,2026-06-15,Maxx Pet Container - Yellow,FruitKing South,,,
BB-7604,BN-BB-7604-01,1202.0,2026-06-07,2028-06-20,active,2026-06-15,"Lamb & Vegetables Dog Food - Adult, All Breeds",BabyBase Supplies,,,2028-06-20
BB-762,BN-BB-762-01,904.0,2026-06-12,,active,2026-06-17,Peeler Jumbo Assorted Color,GrainCo Vijayawada,,,
BB-7648,BN-BB-7648-01,225.0,2026-06-13,2027-06-19,active,2026-06-19,Powder - Dry Mango,GrainCo Vijayawada,,,2027-06-19
BB-7663,BN-BB-7663-01,153.0,2026-06-09,2028-04-01,active,2026-06-20,"Freedom Reusable Menstrual Cup & Wash - Medium, Pre Childbirth",CareWell Distributors,,,2028-04-01
BB-7678,BN-BB-7678-01,4713.0,2026-06-05,2028-04-07,active,2026-06-16,"Total Effects 7-In-1 - Anti-Ageing Skin Cream Moisturizer, Normal SPF15",CareWell Distributors,,,2028-04-07
BB-7702,BN-BB-7702-01,91.0,2026-06-16,2026-09-06,active,2026-06-20,Beans - Julienne,FruitKing South,,,2026-07-10
BB-7707,BN-BB-7707-01,761.0,2026-06-13,,active,2026-06-20,Hareli Kitchen Jar,BevCorp India,,,
BB-771,BN-BB-771-01,2128.0,2026-06-02,2028-05-04,active,2026-06-16,"Passion, Vanilla Shower Gel With Skin Conditioners",CareWell Distributors,,,2028-05-04
BB-7710,BN-BB-7710-01,141.0,2025-09-22,2026-10-19,active,2025-10-01,Six Cheese Pasta Sauce,SeasonProof Gear,,,2026-07-03
BB-7714,BN-BB-7714-01,479.0,2026-06-05,2027-02-05,active,2026-06-17,Cinnamon Sugar,PaperEdge Stationery,,,2027-02-05
BB-7716,BN-BB-7716-01,1098.0,2026-06-11,2028-04-25,active,2026-06-20,Facial Scrub - Papaya,CareWell Distributors,,,2028-04-25
BB-7717,BN-BB-7717-01,283.0,2026-06-03,2028-06-15,active,2026-06-16,Face Wash - Turmeric & Berberries + Anti Tan Skin Lightening,CareWell Distributors,,,2028-06-15
BB-7723,BN-BB-7723-01,666.0,2026-06-02,2028-07-12,active,2026-06-15,Citrodora & Clary Sage Hair Oil - Mini,CareWell Distributors,,,2028-07-12
BB-7726,BN-BB-7726-01,25.0,2025-06-16,2026-10-25,active,2025-06-25,Mild Baby Shampoo,BabyBase Supplies,,,2026-07-03
BB-7742,BN-BB-7742-01,2477.0,2026-06-08,2027-03-29,active,2026-06-18,Pumpkin Seeds 100 g + Palm Jaggery 250 g Tin,BabyBase Supplies,,,2027-03-29
BB-7754,BN-BB-7754-01,723.0,2026-05-29,,active,2026-06-15,Aluminium Flat Bottom Patila Tope Pot - Silver,MedLife Wholesale,,,
BB-7755,BN-BB-7755-01,421.0,2026-06-07,2027-03-10,active,2026-06-20,Organic Classic Peach Ice Tea,CleanHome Supplies,,,2027-03-10
BB-7792,BN-BB-7792-01,493.0,2026-05-31,2028-06-26,active,2026-06-15,Homme Eau De Toilette,CareWell Distributors,,,2028-06-26
BB-7793,BN-BB-7793-01,1511.0,2026-06-07,2028-06-15,active,2026-06-15,One Man Show Ruby Deodorant Spray,CareWell Distributors,,,2028-06-15
BB-7817,BN-BB-7817-01,62.0,2024-06-14,2026-08-19,active,2024-06-24,Sportivo Hair Styling Pomade Wax,CareWell Distributors,,,2026-08-19
BB-7818,BN-BB-7818-01,183.0,2026-06-04,2026-12-02,active,2026-06-17,Hyderabadi Biryani Masala Paste - Ready to Cook,SweetSource Regional,,,2026-12-02
BB-782,BN-BB-782-01,1403.0,2026-06-10,2028-08-10,active,2026-06-18,Rice Water Bright Light Cleansing Oil,CareWell Distributors,,,2028-08-10
BB-7826,BN-BB-7826-01,844.0,2026-06-12,2027-07-18,active,2026-06-19,A To Z Incense Sticks,CleanHome Supplies,,,2027-07-18
BB-7830,BN-BB-7830-01,1623.0,2026-06-10,2028-08-11,active,2026-06-15,Hinguvachadi Gulika,CareWell Distributors,,,2028-08-11
BB-7831,BN-BB-7831-01,1364.0,2026-06-06,2028-08-01,active,2026-06-20,De-Tan Bodywash For Men,CareWell Distributors,,,2028-08-01
BB-7836,BN-BB-7836-01,778.0,2026-06-07,2027-05-06,active,2026-06-19,Chilli Nut Chaat,GrainCo Vijayawada,,,2027-05-06
BB-7858,BN-BB-7858-01,1638.0,2026-06-12,,active,2026-06-20,Stylo Medium Tray - Pink,PaperEdge Stationery,,,
BB-7859,BN-BB-7859-01,229.0,2026-06-09,2027-03-10,active,2026-06-20,French Vanilla Hot Brew Bags,BakeMaster Artisans,,,2027-03-10
BB-7904,BN-BB-7904-01,82.0,2025-06-20,2026-08-23,active,2025-06-25,Face Mask - Disposable,CleanHome Supplies,,,2026-08-23
BB-7914,BN-BB-7914-01,606.0,2026-06-08,2026-08-21,active,2026-06-15,Atta Bread,DairyBest Krishna,,,2026-08-21
BB-7921,BN-BB-7921-01,435.0,2026-06-12,2027-02-19,active,2026-06-18,Fruit Plus 21 - Mango Power Squash,BevCorp India,,,2027-02-19
BB-7932,BN-BB-7932-01,124.0,2024-06-05,2026-08-22,active,2024-06-17,Cedarwood Luxury Shower Gel,CareWell Distributors,,,2026-08-22
BB-7942,BN-BB-7942-01,442.0,2026-06-07,2027-05-25,active,2026-06-17,"Almond/Badam - Californian, Giri 200gm + Cashew Whole 200gm+Raisins Indian 200gm",GrainCo Vijayawada,,,2027-05-25
BB-7945,BN-BB-7945-01,1811.0,2026-06-03,,active,2026-06-17,Ultra Alkaline C Battery,GrainCo Vijayawada,,,
BB-7958,BN-BB-7958-01,461.0,2026-06-07,2027-02-13,active,2026-06-17,Organic Idly Podi - MM Special,MedLife Wholesale,,,2027-02-13
BB-798,BN-BB-798-01,1717.0,2026-06-15,,active,2026-06-19,Smart Stackable Cont Set,PaperEdge Stationery,,,
BB-7989,BN-BB-7989-01,873.0,2026-06-04,2028-06-02,active,2026-06-15,Stand & Pee Reusable Portable Urination Funnel For Women,CareWell Distributors,,,2028-06-02
BB-7996,BN-BB-7996-01,2678.0,2026-06-07,2027-02-11,active,2026-06-18,"Green Tea - Mint, Whole Leaf",BevCorp India,,,2027-02-11
BB-800,BN-BB-800-01,1979.0,2026-06-12,,active,2026-06-17,Swiss Milk Mug - Ebony E603,CareWell Distributors,,,
BB-8002,BN-BB-8002-01,88.0,2026-06-07,2027-02-07,active,2026-06-19,Dark Chocolate 75%,BabyBase Supplies,,,2027-02-07
BB-8022,BN-BB-8022-01,35.0,2024-06-24,2026-08-14,active,2024-06-30,Body Wash - Bitter Orange & Mandarin,CareWell Distributors,,,2026-06-18
BB-8030,BN-BB-8030-01,1101.0,2026-06-04,2027-02-25,active,2026-06-19,Chia Seeds - White,FestiveWorld Supplies,,,2027-02-25
BB-8042,BN-BB-8042-01,799.0,2026-06-04,2028-04-01,active,2026-06-19,Perfume Body Spray - Black Outdoor Sport Estiara,CareWell Distributors,,,2028-04-01
BB-8048,BN-BB-8048-01,741.0,2026-06-09,2028-06-16,active,2026-06-16,"Proactive Health Dry Dog Food - Smart Puppy Small & Medium Breed, Up To 1 Year",CleanHome Supplies,,,2028-06-16
BB-8066,BN-BB-8066-01,815.0,2026-06-07,2026-11-28,active,2026-06-19,Burger Party,SweetSource Regional,,,2026-11-28
BB-8087,BN-BB-8087-01,281.0,2025-09-13,2026-08-28,active,2025-09-26,"Instant Tea Premix - Masala, Regular Sugar",BabyBase Supplies,,,2026-08-28
BB-8094,BN-BB-8094-01,43.0,2024-06-17,2026-10-03,active,2024-06-23,Herbal Hair Oil,CareWell Distributors,,,2026-07-03
BB-8108,BN-BB-8108-01,1809.0,2026-06-09,2026-11-27,active,2026-06-18,"Original - Ready To Fry Mini Rice Papad, Cumin",SweetSource Regional,,,2026-11-27
BB-8110,BN-BB-8110-01,2339.0,2026-06-14,2027-03-27,active,2026-06-18,Cheese Cubes,GrainCo Vijayawada,,,2027-03-27
BB-8123,BN-BB-8123-01,1196.0,2026-06-05,2026-11-16,active,2026-06-15,GMS - Glyceryl Mono Stearate,SweetSource Regional,,,2026-11-16
BB-8131,BN-BB-8131-01,1044.0,2026-06-05,2027-05-14,active,2026-06-20,Camphor Tablets,CleanHome Supplies,,,2027-05-14
BB-8132,BN-BB-8132-01,1791.0,2026-06-03,2028-08-07,active,2026-06-15,Flash Deodorant - Body Spray,CareWell Distributors,,,2028-08-07
BB-8156,BN-BB-8156-01,1209.0,2026-06-01,2028-06-26,active,2026-06-18,"Specialist Skin Care Oil - Scars, Stretch Mark, Ageing, Uneven Skin Tone",CareWell Distributors,,,2028-06-26
BB-816,BN-BB-816-01,1574.0,2026-06-04,2028-05-25,active,2026-06-15,Age Miracle Wrinkle Corrector SPF 18 PA++ Day Cream,CareWell Distributors,,,2028-05-25
BB-8168,BN-BB-8168-01,507.0,2026-06-05,2027-02-17,active,2026-06-17,Classic Instant Coffee,BevCorp India,,,2027-02-17
BB-8173,BN-BB-8173-01,426.0,2026-06-14,2027-07-02,active,2026-06-19,"Disinfectant Surface & Floor Cleaner Liquid - Neem, Kills 99.9% Germs",CleanHome Supplies,,,2027-07-02
BB-8175,BN-BB-8175-01,1543.0,2026-06-09,2028-07-10,active,2026-06-19,Brahmi Oil,CareWell Distributors,,,2028-07-10
BB-818,BN-BB-818-01,67.0,2026-06-06,2026-08-21,active,2026-06-16,Pork - Cumberland,PaperEdge Stationery,,,2026-07-09
BB-8188,BN-BB-8188-01,150.0,2026-06-08,2026-10-18,active,2026-06-18,"Ham - Champagine Chicken, Smoked",CleanHome Supplies,,,2026-07-09
BB-8190,BN-BB-8190-01,1088.0,2026-06-02,2026-12-09,active,2026-06-17,Pickle - Mango Sliced,SweetSource Regional,,,2026-12-09
BB-8205,BN-BB-8205-01,34.0,2025-06-13,2026-08-23,active,2025-06-24,Powder - Black Pepper,GrainCo Vijayawada,,,2026-06-20
BB-8209,BN-BB-8209-01,378.0,2026-06-12,2027-03-18,active,2026-06-19,Roasted Coconut Chips - Slightly Salted,FruitKing South,,,2027-03-18
BB-8212,BN-BB-8212-01,102.0,2026-06-08,2026-11-30,active,2026-06-17,Ginger Paste,SweetSource Regional,,,2026-11-30
BB-8233,BN-BB-8233-01,4804.0,2026-06-06,2028-04-20,active,2026-06-17,Khaas Lip Balm,CareWell Distributors,,,2028-04-20
BB-8240,BN-BB-8240-01,2188.0,2026-06-03,2027-02-27,active,2026-06-17,Cereal - Blueberry Morning,PaperEdge Stationery,,,2027-02-27
BB-8241,BN-BB-8241-01,1564.0,2026-06-06,2028-03-30,active,2026-06-17,Illuminating Dewy Face Mist,CareWell Distributors,,,2028-03-30
BB-8258,BN-BB-8258-01,509.0,2026-06-08,2027-06-05,active,2026-06-17,"Toilet Roll - 2 Ply -100% Virgin Pulp/Paper, Pack of 4",CleanHome Supplies,,,2027-06-05
BB-8260,BN-BB-8260-01,1991.0,2026-06-06,2027-03-17,active,2026-06-15,Darjeeling Black Tea,FestiveWorld Supplies,,,2027-03-17
BB-8270,BN-BB-8270-01,110.0,2026-06-09,2027-02-27,active,2026-06-19,Cardamom Seed Powder,GrainCo Vijayawada,,,2027-02-27
BB-8271,BN-BB-8271-01,65.0,2025-09-17,2026-08-22,active,2025-09-28,Holy Moly Mango Ice Cream,OilTrade AP,,,2026-08-22
BB-8275,BN-BB-8275-01,25.0,2024-06-19,2026-08-27,active,2024-06-25,Vanilla Lip Balm,CareWell Distributors,,,2026-06-28
BB-8278,BN-BB-8278-01,124.0,2025-09-25,2026-08-17,active,2025-10-09,Value Pack - Cranberry Almond Crisps + Almond Vanilla Crunch,FreshFarm Veg Market,,,2026-08-17
BB-8286,BN-BB-8286-01,196.0,2026-06-08,2026-12-05,active,2026-06-18,Besan Laddu,SweetSource Regional,,,2026-12-05
BB-8292,BN-BB-8292-01,2320.0,2026-06-12,2027-03-16,active,2026-06-19,Keto Namak Paare,FestiveWorld Supplies,,,2027-03-16
BB-8322,BN-BB-8322-01,1512.0,2026-06-05,2027-07-08,active,2026-06-17,"Clothes-Accessories Hanger - Plastic, Red - RedÂ  BB BB 588 3",CleanHome Supplies,,,2027-07-08
BB-8337,BN-BB-8337-01,422.0,2026-06-07,2028-04-23,active,2026-06-15,Verge & Sheer Perfume For Pair,CareWell Distributors,,,2028-04-23
BB-834,BN-BB-834-01,3736.0,2026-06-12,2028-04-09,active,2026-06-19,Powder - Neem,CareWell Distributors,,,2028-04-09
BB-8357,BN-BB-8357-01,4753.0,2026-06-03,2028-08-14,active,2026-06-15,Deodorant Spray - Gold,CareWell Distributors,,,2028-08-14
BB-8371,BN-BB-8371-01,1836.0,2026-06-10,2026-11-23,active,2026-06-18,Yumitos Masala - Potato Chips,SweetSource Regional,,,2026-11-23
BB-8373,BN-BB-8373-01,1120.0,2026-06-06,2026-12-03,active,2026-06-15,Roasted Peanuts - Nimboo Pudina,SweetSource Regional,,,2026-12-03
BB-8376,BN-BB-8376-01,4909.0,2026-06-06,2028-07-28,active,2026-06-20,Wet Cat Food Tuna In Jelly For Cats +1 Year + Kittens 2-12 Months (6x85 g each),DairyBest Krishna,,,2028-07-28
BB-8394,BN-BB-8394-01,4969.0,2026-06-06,,active,2026-06-18,Aluminium Hammered Finish Tope Patila - Silver,FruitKing South,,,
BB-8395,BN-BB-8395-01,1692.0,2026-06-09,2027-05-24,active,2026-06-20,Shahi Paneer Masala,GrainCo Vijayawada,,,2027-05-24
BB-8405,BN-BB-8405-01,230.0,2026-06-11,2027-03-28,active,2026-06-18,Marshmallow - Bicolour,CareWell Distributors,,,2027-03-28
BB-8418,BN-BB-8418-01,2378.0,2026-06-08,2027-02-27,active,2026-06-15,"Diwali Gift - Cane Delight, Small",OilTrade AP,,,2027-02-27
BB-8435,BN-BB-8435-01,258.0,2026-06-12,2027-07-18,active,2026-06-19,Agarbathi - Variety Combi Pcke Pure,CleanHome Supplies,,,2027-07-18
BB-8443,BN-BB-8443-01,498.0,2026-06-03,2027-06-14,active,2026-06-15,Chakra Stainless Steel Scrub,CleanHome Supplies,,,2027-06-14
BB-8450,BN-BB-8450-01,225.0,2026-06-10,,active,2026-06-19,"Pet Plastic Water Bottle - Violet, Victoria",BakeMaster Artisans,,,
BB-846,BN-BB-846-01,440.0,2026-06-02,2027-05-10,active,2026-06-15,Ranipal- Fabric Whitener,CleanHome Supplies,,,2027-05-10
BB-8469,BN-BB-8469-01,73.0,2026-06-07,2026-09-07,active,2026-06-20,Leeks,FruitKing South,,,2026-07-10
BB-847,BN-BB-847-01,453.0,2026-06-17,2027-04-03,active,2026-06-20,Candy - Crazy Sours,FreshFarm Veg Market,,,2027-04-03
BB-8500,BN-BB-8500-01,231.0,2026-06-11,2027-03-18,active,2026-06-16,Green Tea With Moringa,BevCorp India,,,2027-03-18
BB-8506,BN-BB-8506-01,1636.0,2026-06-04,,active,2026-06-17,"Aluminium Hammered Finish Tope Patila - With Lid, Silver",FestiveWorld Supplies,,,
BB-8507,BN-BB-8507-01,2431.0,2026-06-10,2026-12-01,active,2026-06-20,Milk Chocolate - Salted Peanut Praline,SweetSource Regional,,,2026-12-01
BB-851,BN-BB-851-01,4484.0,2026-06-15,,active,2026-06-20,Swiss Milk Mug - White,SeasonProof Gear,,,
BB-8511,BN-BB-8511-01,92.0,2026-06-02,2027-02-12,active,2026-06-18,Hot Chicken Flavour Ramen,CleanHome Supplies,,,2027-02-12
BB-8512,BN-BB-8512-01,1374.0,2026-06-06,2028-05-10,active,2026-06-17,Sunrise Brightening Facial Cleanser,CareWell Distributors,,,2028-05-10
BB-8520,BN-BB-8520-01,325.0,2026-05-29,2028-03-31,active,2026-06-15,Hair Fall Control Shampoo - Paraben & SLS Free,CareWell Distributors,,,2028-03-31
BB-8529,BN-BB-8529-01,864.0,2026-06-12,2027-02-21,active,2026-06-16,Crunchy Granola Bars - Dark Chocolate & Espresso,FestiveWorld Supplies,,,2027-02-21
BB-853,BN-BB-853-01,613.0,2026-06-06,2026-09-10,active,2026-06-18,Fresh Catch Basa Fish Portions,FruitKing South,,,2026-07-09
BB-8540,BN-BB-8540-01,797.0,2026-06-09,2028-05-13,active,2026-06-15,Natural Styling & Hold Hair Cream,CareWell Distributors,,,2028-05-13
BB-8548,BN-BB-8548-01,585.0,2026-06-09,,active,2026-06-19,Glass Fame Coffee Cup & Saucer Set - Blue,BakeMaster Artisans,,,
BB-8564,BN-BB-8564-01,916.0,2026-06-04,,active,2026-06-16,HimCal - Pet,SeasonProof Gear,,,
BB-8587,BN-BB-8587-01,372.0,2026-06-07,2027-03-10,active,2026-06-18,Kalamata Olives,BevCorp India,,,2027-03-10
BB-859,BN-BB-859-01,772.0,2026-06-16,2028-08-07,active,2026-06-20,Gold Massage Cream,CareWell Distributors,,,2028-08-07
BB-8598,BN-BB-8598-01,932.0,2026-06-11,2027-03-01,active,2026-06-20,Peri Peri Sauce,BevCorp India,,,2027-03-01
BB-8624,BN-BB-8624-01,485.0,2026-06-01,2027-03-14,active,2026-06-18,Papaya Lemon Dia Jam,FreshFarm Veg Market,,,2027-03-14
BB-8625,BN-BB-8625-01,2103.0,2026-06-06,2027-03-04,active,2026-06-16,Nougatelli Cookies,ChillZone Logistics,,,2027-03-04
BB-8630,BN-BB-8630-01,1370.0,2026-06-05,,active,2026-06-17,"Glass Bottle With Plastic Outer  - Blue, BB1315",DairyBest Krishna,,,
BB-8649,BN-BB-8649-01,400.0,2026-06-08,2027-02-20,active,2026-06-18,Darjeeling Black Tea - Bodh Second Flush,BevCorp India,,,2027-02-20
BB-8656,BN-BB-8656-01,601.0,2026-06-07,2026-08-20,active,2026-06-20,Probiotic Curd,DairyBest Krishna,,,2026-08-20
BB-8658,BN-BB-8658-01,566.0,2025-06-09,2026-08-24,active,2025-06-22,Baby Happy Two-Layer Universal Tissues,BabyBase Supplies,,,2026-08-24
BB-8668,BN-BB-8668-01,658.0,2026-06-08,2027-03-18,active,2026-06-19,Cream Wafers - Orange Flavored,SeasonProof Gear,,,2027-03-18
BB-8675,BN-BB-8675-01,337.0,2026-06-10,,active,2026-06-19,Glass Cup & Saucer Set,BevCorp India,,,
BB-8681,BN-BB-8681-01,0.0,2024-06-17,2026-06-18,disposed,2024-06-25,"Shankhapushpi Syrup - Memory & Concentration Booster, For All Ages",CareWell Distributors,2026-06-28 15:49:29,USR002,2026-06-18
BB-8691,BN-BB-8691-01,1530.0,2026-06-01,2027-06-19,active,2026-06-16,"Christmas-Xmas Paper Hangable Santa Snowman Decoration - Multicolour, BB1126-5",CleanHome Supplies,,,2027-06-19
BB-8697,BN-BB-8697-01,494.0,2026-06-13,2027-06-21,active,2026-06-19,Fevicryl - Pearl Kit,CleanHome Supplies,,,2027-06-21
BB-8698,BN-BB-8698-01,565.0,2026-06-08,2027-03-16,active,2026-06-20,Sour Cream & Onion,CareWell Distributors,,,2027-03-16
BB-87,BN-BB-87-01,4228.0,2026-06-10,,active,2026-06-17,"Chai/Stainless Steel Coffee Mug - Drown Your All Troubles, Double Walled",SeasonProof Gear,,,
BB-8701,BN-BB-8701-01,215.0,2026-06-06,2028-06-27,active,2026-06-16,Deodorant Spray For Men - Urge,CareWell Distributors,,,2028-06-27
BB-8709,BN-BB-8709-01,968.0,2026-06-05,2027-06-28,active,2026-06-19,Dhara  Oil - Groundnut 5L + Madhur Sugar - Refined 1Kg,GrainCo Vijayawada,,,2027-06-28
BB-8713,BN-BB-8713-01,4954.0,2026-06-06,2028-07-23,active,2026-06-15,Blu Perfume Deodorant For Men,CareWell Distributors,,,2028-07-23
BB-8722,BN-BB-8722-01,623.0,2026-06-02,2028-06-12,active,2026-06-16,Neem Shampoo - Anti-Dandruff Formula,CareWell Distributors,,,2028-06-12
BB-8727,BN-BB-8727-01,4230.0,2026-06-05,,active,2026-06-19,Coco Peat,MedLife Wholesale,,,
BB-8766,BN-BB-8766-01,235.0,2026-06-09,2027-03-10,active,2026-06-16,Amla Flakes,CareWell Distributors,,,2027-03-10
BB-8767,BN-BB-8767-01,4787.0,2026-06-07,2028-04-18,active,2026-06-20,Wipeout Germ Killing Hand Cream,CareWell Distributors,,,2028-04-18
BB-8772,BN-BB-8772-01,2015.0,2026-06-07,2027-02-10,active,2026-06-19,Original Tonic Water - All Natural,SweetSource Regional,,,2027-02-10
BB-878,BN-BB-878-01,191.0,2026-06-06,2027-02-08,active,2026-06-17,Amla Plus,BevCorp India,,,2027-02-08
BB-8784,BN-BB-8784-01,290.0,2026-06-12,2027-06-21,active,2026-06-19,Total Care Medium - 54 Diaper Pants,BabyBase Supplies,,,2027-06-21
BB-8791,BN-BB-8791-01,130.0,2026-06-11,2027-06-02,active,2026-06-20,Silicone Pacifier Step 3 - Cherry,BabyBase Supplies,,,2027-06-02
BB-8798,BN-BB-8798-01,472.0,2026-06-07,2028-06-24,active,2026-06-15,Advansed Aloe Vera Enriched Coconut Hair Oil,CareWell Distributors,,,2028-06-24
BB-8801,BN-BB-8801-01,95.0,2024-06-20,2026-08-17,active,2024-06-30,Soap,CareWell Distributors,,,2026-08-17
BB-8803,BN-BB-8803-01,340.0,2026-06-08,2027-05-17,active,2026-06-19,"Laundry Basket With Handle - Printed Non-Woven Cloth, Majenta",CleanHome Supplies,,,2027-05-17
BB-8808,BN-BB-8808-01,185.0,2026-05-25,2027-02-11,active,2026-05-31,Chocopie,ChillZone Logistics,,,2027-02-11
BB-8813,BN-BB-8813-01,652.0,2026-06-12,2027-02-28,active,2026-06-18,Herbal Tea - Organic Turmeric Chamomile,BevCorp India,,,2027-02-28
BB-8827,BN-BB-8827-01,233.0,2026-06-07,2027-03-12,active,2026-06-19,"Santra, Orange Juice",BevCorp India,,,2027-03-12
BB-8843,BN-BB-8843-01,1099.0,2026-06-09,,active,2026-06-17,"Plastic Twister Container - Big, Brown",FreshFarm Veg Market,,,
BB-8857,BN-BB-8857-01,62.0,2025-09-14,2026-09-14,active,2025-09-21,Chilli Sauce,BakeMaster Artisans,,,2026-06-28
BB-8862,BN-BB-8862-01,234.0,2026-06-04,2028-07-01,active,2026-06-15,Papaya Leaves Powder - Helpful As An Immunity Booster & Supports Blood Platelets Health,CareWell Distributors,,,2028-07-01
BB-8871,BN-BB-8871-01,3442.0,2026-06-09,2027-07-07,active,2026-06-16,Tini Mini Mouth Freshener,GrainCo Vijayawada,,,2027-07-07
BB-8874,BN-BB-8874-01,840.0,2026-06-14,2027-03-17,active,2026-06-19,Vanilla Ice Cream,OilTrade AP,,,2027-03-17
BB-8886,BN-BB-8886-01,147.0,2025-09-15,2026-08-23,active,2025-09-25,Kashmiri Kawah Tea,BevCorp India,,,2026-08-23
BB-8887,BN-BB-8887-01,106.0,2026-06-11,2026-08-21,active,2026-06-19,Cheese Crunchy Layered Crackers,DairyBest Krishna,,,2026-08-21
BB-8897,BN-BB-8897-01,465.0,2026-06-12,2027-06-05,active,2026-06-20,50% Less Calories Sugar,GrainCo Vijayawada,,,2027-06-05
BB-8898,BN-BB-8898-01,932.0,2026-06-14,2027-02-26,active,2026-06-17,Cookies - Butter & Chocolate Chip,BevCorp India,,,2027-02-26
BB-8905,BN-BB-8905-01,1474.0,2026-06-07,2027-02-25,active,2026-06-19,Snacks - Roasted Sprouted Mixture Plain,FestiveWorld Supplies,,,2027-02-25
BB-891,BN-BB-891-01,979.0,2026-06-08,2027-03-13,active,2026-06-17,"Jaggery Powder - Pure, Natural & Chemical Free",FestiveWorld Supplies,,,2027-03-13
BB-8918,BN-BB-8918-01,81.0,2026-04-24,,active,2026-05-06,Premium Plastic Jar With Lid - Green,SeasonProof Gear,,,
BB-8951,BN-BB-8951-01,176.0,2026-06-06,2027-05-27,active,2026-06-16,Whiteboard Marker Pen - Green,CleanHome Supplies,,,2027-05-27
BB-896,BN-BB-896-01,1191.0,2026-06-08,2028-05-16,active,2026-06-16,"Deltoid Lite Face Masks In Royal Blue, Grey & Sky Blue Knit Fabrics With Bindings - Assorted, 3C2002, Large",CareWell Distributors,,,2028-05-16
BB-8968,BN-BB-8968-01,211.0,2026-06-10,2027-02-28,active,2026-06-18,Toasted Sesame Oil,FreshFarm Veg Market,,,2027-02-28
BB-8987,BN-BB-8987-01,532.0,2026-06-10,2027-06-30,active,2026-06-17,Everyday Storage Container With Lid - Assorted Colour,CleanHome Supplies,,,2027-06-30
BB-8994,BN-BB-8994-01,325.0,2026-06-13,2026-12-05,active,2026-06-20,Healthy Khakhra - Pearl Millet Methi / Bajra Methi,SweetSource Regional,,,2026-12-05
BB-8998,BN-BB-8998-01,108.0,2026-05-15,2027-04-14,active,2026-05-27,Kohlapuri Masala,GrainCo Vijayawada,,,2027-04-14
BB-9005,BN-BB-9005-01,542.0,2026-06-04,,active,2026-06-15,Glass Glow Mug Set - Blue,SeasonProof Gear,,,
BB-9014,BN-BB-9014-01,3719.0,2026-06-06,,active,2026-06-18,"Multipurpose Airtight Transparent Plastic Container Combo - Keep Fresh, Blue",BevCorp India,,,
BB-9017,BN-BB-9017-01,500.0,2026-06-04,2028-07-17,active,2026-06-15,Ayurvedic Tea Tree Hair Repair Serum,CareWell Distributors,,,2028-07-17
BB-9031,BN-BB-9031-01,376.0,2026-06-05,2027-06-29,active,2026-06-16,"Klick Lead - 10HB, 10 Leads",CleanHome Supplies,,,2027-06-29
BB-9032,BN-BB-9032-01,1086.0,2026-06-07,2028-04-13,active,2026-06-18,Herbal Peach Lip Balm,CareWell Distributors,,,2028-04-13
BB-9041,BN-BB-9041-01,991.0,2026-06-08,2028-04-07,active,2026-06-20,Chyawanprash Special - All Round Immunity & Protection,CareWell Distributors,,,2028-04-07
BB-9044,BN-BB-9044-01,360.0,2025-06-11,2026-08-23,active,2025-06-23,Car Air Freshener - Aqua Starter Kit,CleanHome Supplies,,,2026-08-23
BB-9056,BN-BB-9056-01,920.0,2026-06-16,2027-06-26,active,2026-06-19,Cone - Jasmine & Camphor,CleanHome Supplies,,,2027-06-26
BB-9066,BN-BB-9066-01,632.0,2026-06-09,,active,2026-06-20,Suzzan Glass Bottle With Blue Cap,FreshFarm Veg Market,,,
BB-9079,BN-BB-9079-01,722.0,2026-06-16,2027-07-09,active,2026-06-19,Organic - Ponni Raw Rice/Akki,GrainCo Vijayawada,,,2027-07-09
BB-9093,BN-BB-9093-01,763.0,2026-06-13,2027-03-27,active,2026-06-18,Schezwan Dip,OilTrade AP,,,2027-03-27
BB-9109,BN-BB-9109-01,151.0,2025-06-18,2026-08-28,active,2024-06-23,"Kasahara Vati - Cough, 250mg",CareWell Distributors,,,2026-08-28
BB-9113,BN-BB-9113-01,510.0,2026-06-05,2028-05-06,active,2026-06-17,Biolage Smoothproof Smoothing Masque,CareWell Distributors,,,2028-05-06
BB-9114,BN-BB-9114-01,226.0,2026-06-12,2026-12-08,active,2026-06-16,Pickle - Mangalore Fish 270  Bottle,SweetSource Regional,,,2026-12-08
BB-9119,BN-BB-9119-01,655.0,2026-06-06,2027-06-03,active,2026-06-15,Premium Care XXL - 30 Diaper Pants,BabyBase Supplies,,,2027-06-03
BB-9121,BN-BB-9121-01,1581.0,2026-06-12,2028-08-21,active,2026-06-20,Bhringraj & Amla Oil For Hair,CareWell Distributors,,,2028-08-21
BB-9124,BN-BB-9124-01,1738.0,2026-06-03,2027-05-26,active,2026-06-17,Extra Light Olive Oil,GrainCo Vijayawada,,,2027-05-26
BB-9134,BN-BB-9134-01,220.0,2026-06-08,2027-03-01,active,2026-06-15,Plain Green Olives,BevCorp India,,,2027-03-01
BB-9137,BN-BB-9137-01,718.0,2026-06-02,2027-03-06,active,2026-06-15,Sugar Free Mints - Black Currant,PaperEdge Stationery,,,2027-03-06
BB-9145,BN-BB-9145-01,1588.0,2026-06-07,2028-06-07,active,2026-06-18,Germ Protection Soap,CareWell Distributors,,,2028-06-07
BB-9171,BN-BB-9171-01,1913.0,2026-06-11,2028-06-01,active,2026-06-18,Jojoba Oil - Cold Pressed,CareWell Distributors,,,2028-06-01
BB-9187,BN-BB-9187-01,684.0,2026-06-06,2026-08-20,active,2026-06-18,Cookies - Coconut,DairyBest Krishna,,,2026-08-20
BB-921,BN-BB-921-01,279.0,2026-06-11,2028-06-24,active,2026-06-15,Party Glow Facial Kit,CareWell Distributors,,,2028-06-24
BB-9231,BN-BB-9231-01,202.0,2026-06-02,2027-02-21,active,2026-06-15,Finely Ground Almond Meal / Flour,FestiveWorld Supplies,,,2027-02-21
BB-9253,BN-BB-9253-01,1294.0,2026-06-02,2027-02-08,active,2026-06-15,Green Tea,BakeMaster Artisans,,,2027-02-08
BB-9262,BN-BB-9262-01,336.0,2026-06-05,2028-04-12,active,2026-06-19,Bathing Soap - Ayurvedic Classic 18 Herbs,CareWell Distributors,,,2028-04-12
BB-9264,BN-BB-9264-01,1077.0,2026-06-05,2027-05-04,active,2026-06-20,Karahi Paneer Masala,GrainCo Vijayawada,,,2027-05-04
BB-9274,BN-BB-9274-01,61.0,2026-06-09,2027-07-12,active,2026-06-16,Idli Rice,GrainCo Vijayawada,,,2027-07-12
BB-9304,BN-BB-9304-01,351.0,2026-06-08,2027-03-21,active,2026-06-15,Pasta Sauce - Arrabbiata,CareWell Distributors,,,2027-03-21
BB-9315,BN-BB-9315-01,5058.0,2026-06-11,2028-06-20,active,2026-06-18,Scent - Impressio For Men,CareWell Distributors,,,2028-06-20
BB-9323,BN-BB-9323-01,3323.0,2026-06-05,2028-08-03,active,2026-06-18,"Jantughna Vati - Anti Infection, 500mg",CareWell Distributors,,,2028-08-03
BB-9336,BN-BB-9336-01,2980.0,2026-06-04,2027-06-11,active,2026-06-17,Fresh Mint,GrainCo Vijayawada,,,2027-06-11
BB-935,BN-BB-935-01,1043.0,2026-06-09,2028-07-21,active,2026-06-15,"Age Defying Multi-Vitamin Moisturiser With Vitamin A, E & C",CareWell Distributors,,,2028-07-21
BB-9368,BN-BB-9368-01,258.0,2025-06-12,2026-08-23,active,2025-06-24,Baby Oil,BabyBase Supplies,,,2026-08-23
BB-9373,BN-BB-9373-01,233.0,2026-06-09,2026-08-21,active,2026-06-15,Cheese - Cheddar,DairyBest Krishna,,,2026-08-21
BB-9374,BN-BB-9374-01,635.0,2024-06-15,2026-08-23,active,2024-06-26,"Pain-X Body Pain Relief Gel For Muscle, Joints, Knee, Neck & Back Pain",CareWell Distributors,,,2026-08-23
BB-9379,BN-BB-9379-01,1580.0,2026-06-03,2027-06-04,active,2026-06-20,Complete Detergent Washing Powder,CleanHome Supplies,,,2027-06-04
BB-9391,BN-BB-9391-01,605.0,2026-05-30,2028-03-27,active,2026-06-15,Whiteglow Active Skin Whitening + Oil Control Facewash,CareWell Distributors,,,2028-03-27
BB-9416,BN-BB-9416-01,0.0,2024-06-21,2026-06-18,disposed,2024-06-26,"Energy - Deostick For Men, Cream Based Deodorant",CareWell Distributors,2026-06-28 16:06:06,USR002,2026-06-18
BB-9419,BN-BB-9419-01,687.0,2026-06-07,2027-03-21,active,2026-06-16,Pistachio - Roasted & Salted,GrainCo Vijayawada,,,2027-03-21
BB-9421,BN-BB-9421-01,5276.0,2026-06-03,,active,2026-06-18,Secret Garden Soup Bowl Set,BabyBase Supplies,,,
BB-9431,BN-BB-9431-01,5148.0,2026-06-07,2028-05-28,active,2026-06-17,HP8100/46 Hair Dryer - Purple,CareWell Distributors,,,2028-05-28
BB-9436,BN-BB-9436-01,762.0,2026-06-15,2028-07-27,active,2026-06-20,"Hair Dryer - Blue & White, HDR5001, Colour May Vary",CareWell Distributors,,,2028-07-27
BB-9440,BN-BB-9440-01,516.0,2026-06-05,2028-07-21,active,2026-06-18,Herbal Anti Blemish Cream,CareWell Distributors,,,2028-07-21
BB-9443,BN-BB-9443-01,32.0,2026-05-02,2027-03-29,active,2026-05-15,Black Pepper Powder,GrainCo Vijayawada,,,2027-03-29
BB-9446,BN-BB-9446-01,1653.0,2026-06-09,,active,2026-06-16,"Puro Stainless Steel Bottle With Steel Cap - Dark Red Colour, PXP 1008 CV",OilTrade AP,,,
BB-9483,BN-BB-9483-01,615.0,2026-06-07,,active,2026-06-15,"Printed Glass Water Bottle With Silicon Cover At Bottom - Pink, BB1303",FreshFarm Veg Market,,,
BB-9494,BN-BB-9494-01,3935.0,2026-06-01,2027-05-17,active,2026-06-15,Natura Low Calorie Sweetner,GrainCo Vijayawada,,,2027-05-17
BB-9516,BN-BB-9516-01,3058.0,2026-06-14,2027-06-14,active,2026-06-18,Cleaner & Polish - Stainless Steel,CleanHome Supplies,,,2027-06-14
BB-9529,BN-BB-9529-01,1010.0,2026-06-12,2026-11-25,active,2026-06-17,Secret Manchurian Instant Noodles,SweetSource Regional,,,2026-11-25
BB-9540,BN-BB-9540-01,197.0,2026-06-10,2027-05-27,active,2026-06-17,Sprouted - Ragi Flour/Ragi Hittu,GrainCo Vijayawada,,,2027-05-27
BB-9570,BN-BB-9570-01,577.0,2026-06-11,2028-05-10,active,2026-06-15,Dahnul Oudh Bakhakh EDP Perfume For Unisex,CareWell Distributors,,,2028-05-10
BB-9573,BN-BB-9573-01,4888.0,2026-06-09,2028-08-08,active,2026-06-15,Pure Neem Skin Purifying Face Wash,CareWell Distributors,,,2028-08-08
BB-9576,BN-BB-9576-01,363.0,2026-06-02,2027-02-06,active,2026-06-18,English Breakfast - Black Tea,SweetSource Regional,,,2027-02-06
BB-958,BN-BB-958-01,839.0,2026-06-09,,active,2026-06-20,Dog Treats - Diced Chicken,OilTrade AP,,,
BB-9582,BN-BB-9582-01,3025.0,2026-06-16,2026-12-11,active,2026-06-20,"Nutrition Energy Bar - Gojiberry, Blackcurrant & Cashews",SweetSource Regional,,,2026-12-11
BB-9598,BN-BB-9598-01,99.0,2026-06-03,2026-12-07,active,2026-06-15,Cocoa Powder Mix,SweetSource Regional,,,2026-12-07
BB-9601,BN-BB-9601-01,374.0,2026-06-10,2027-02-15,active,2026-06-16,Tea Bags - Pure Green Tea,ChillZone Logistics,,,2027-02-15
BB-9619,BN-BB-9619-01,659.0,2024-06-18,,active,2024-06-25,"Steel Milk/Sauce/Tea Pan - No. 10, Regular",BakeMaster Artisans,,,
BB-9646,BN-BB-9646-01,258.0,2026-06-02,2027-06-17,active,2026-06-15,Cashew/Godambi - Broken,GrainCo Vijayawada,,,2027-06-17
BB-965,BN-BB-965-01,653.0,2026-06-01,2026-07-11,expired,2026-06-15,Bar Cake - Chocolate,DairyBest Krishna,,,2026-07-11
BB-9657,BN-BB-9657-01,859.0,2026-06-12,2027-07-12,active,2026-06-16,Plastic Dustbin / Garbage Bin swing with Lid - Grey Colour,CleanHome Supplies,,,2027-07-12
BB-9677,BN-BB-9677-01,614.0,2026-06-09,2027-06-10,active,2026-06-16,After Wash Anti Bacterial Fabric Conditioner,CleanHome Supplies,,,2027-06-10
BB-9682,BN-BB-9682-01,2464.0,2026-06-11,2027-07-05,active,2026-06-19,Detergent Bar - Stain Care,CleanHome Supplies,,,2027-07-05
BB-9696,BN-BB-9696-01,642.0,2026-06-04,2028-07-22,active,2026-06-19,"Loofah/Sponge Scrubber/Body Bath - Dual Side, Cream, BH-070 CRM",CareWell Distributors,,,2028-07-22
BB-9701,BN-BB-9701-01,19.0,2025-12-20,2026-08-13,active,2025-12-26,Custard Powder Butterscotch,SweetSource Regional,,,2026-06-09
BB-9704,BN-BB-9704-01,128.0,2026-06-09,2027-03-11,active,2026-06-19,45% Roasted Hazelnuts Dark Chocolate,SeasonProof Gear,,,2027-03-11
BB-9725,BN-BB-9725-01,107.0,2026-06-11,2026-08-24,active,2026-06-20,Coriander Leaves - Chopped,FruitKing South,,,2026-07-10
BB-9738,BN-BB-9738-01,516.0,2026-05-24,2027-02-17,active,2026-06-01,Garlic Mix Olives,DairyBest Krishna,,,2027-02-17
BB-9740,BN-BB-9740-01,315.0,2026-06-14,2027-06-18,active,2026-06-20,Classic Basmati Rice/Basmati Akki - Biryani,GrainCo Vijayawada,,,2027-06-18
BB-975,BN-BB-975-01,316.0,2026-06-11,2026-12-15,active,2026-06-20,Creams - Hide & Seek Creme Chocolate,SweetSource Regional,,,2026-12-15
BB-9758,BN-BB-9758-01,225.0,2026-06-09,2026-08-23,active,2026-06-19,Premium Butter - UnSalted,DairyBest Krishna,,,2026-08-23
BB-9760,BN-BB-9760-01,3618.0,2026-06-08,2027-06-01,active,2026-06-16,Solitaire Multipurpose Rectangular Plastic Basket 335 Without Lid - Assorted Colour,CleanHome Supplies,,,2027-06-01
BB-9769,BN-BB-9769-01,623.0,2026-06-11,2027-03-08,active,2026-06-18,Green Tea - Chamomile Lavender Long Leaf,BevCorp India,,,2027-03-08
BB-977,BN-BB-977-01,1148.0,2026-06-06,2027-02-09,active,2026-06-17,Potato Crisp Chips - Sour Cream & Onion,FruitKing South,,,2027-02-09
BB-9773,BN-BB-9773-01,27.0,2026-06-11,2027-03-04,active,2026-06-19,"Cranberry Orange Biscotti – Gluten-free, Egg-free, Dairy-free",BevCorp India,,,2027-03-04
BB-9785,BN-BB-9785-01,512.0,2026-06-08,2027-06-30,active,2026-06-18,Grace Multipurpose Plastic Carry Basket - Assorted Colour,CleanHome Supplies,,,2027-06-30
BB-9831,BN-BB-9831-01,125.0,2026-06-05,2027-03-13,active,2026-06-18,Beach Chaat Delight,DairyBest Krishna,,,2027-03-13
BB-9843,BN-BB-9843-01,264.0,2026-05-31,2028-08-11,active,2026-06-15,Natural Vita Rich Face Wash,CareWell Distributors,,,2028-08-11
BB-9852,BN-BB-9852-01,448.0,2026-06-08,2028-05-29,active,2026-06-16,Hair Fall Rescue Shampoo,CareWell Distributors,,,2028-05-29
BB-9854,BN-BB-9854-01,516.0,2026-06-04,2028-07-31,active,2026-06-18,Haridrarasa,CareWell Distributors,,,2028-07-31
BB-9866,BN-BB-9866-01,147.0,2026-06-10,2028-06-21,active,2026-06-18,Coffee Cranberry Skin Polishing Set,CareWell Distributors,,,2028-06-21
BB-9886,BN-BB-9886-01,5392.0,2026-06-02,,active,2026-06-16,Alkaline Battery Max AAA (4+2 Free),CleanHome Supplies,,,
BB-9912,BN-BB-9912-01,495.0,2026-06-07,2026-07-22,active,2026-06-15,Premium Butter - Unsalted,DairyBest Krishna,,,2026-07-22
BB-9914,BN-BB-9914-01,1032.0,2026-06-08,2027-03-29,active,2026-06-16,"Pasta - Fussilli Greenpeas, Gluten free",ChillZone Logistics,,,2027-03-29
BB-9918,BN-BB-9918-01,1664.0,2026-06-11,2028-06-11,active,2026-06-16,"Loofah/Sponge Scrubber/Body Bath  - Hangable, Dual Side, Brown, BH-063 BRN",CareWell Distributors,,,2028-06-11
BB-9928,BN-BB-9928-01,201.0,2026-06-07,2027-05-24,active,2026-06-19,"Pants Extra Absorb Diaper For New Born - Up to 5 Kg, NB-1",BabyBase Supplies,,,2027-05-24
BB-9930,BN-BB-9930-01,295.0,2026-06-09,2027-03-04,active,2026-06-17,Ginger Black Tea Bags,FruitKing South,,,2027-03-04
BB-9938,BN-BB-9938-01,542.0,2024-06-08,2026-08-23,active,2024-06-20,Serie Expert Lipidium Absolut Repair Shampoo,CareWell Distributors,,,2026-08-23
BB-9940,BN-BB-9940-01,373.0,2026-06-04,2027-04-28,active,2026-06-17,Ceramic Ware Cleaning Acid,CleanHome Supplies,,,2027-04-28
BB-9941,BN-BB-9941-01,712.0,2026-06-03,2027-03-09,active,2026-06-16,Pineapple 100% Fruit Juice - No Added Sugar,BevCorp India,,,2027-03-09
BB-9943,BN-BB-9943-01,1720.0,2026-06-09,,active,2026-06-18,Stainless Steel Airtight Storage Container - SL-1601,FruitKing South,,,
BB-9954,BN-BB-9954-01,683.0,2026-06-05,2026-12-04,active,2026-06-17,Sliced Green Olives,SweetSource Regional,,,2026-12-04
BB-9956,BN-BB-9956-01,1310.0,2026-06-13,,active,2026-06-20,"Steel Deep Dabba/Storage Container - No. 11, Ubha Russian",OilTrade AP,,,
BB-9958,BN-BB-9958-01,968.0,2026-06-13,2028-07-17,active,2026-06-18,Casting Creme Gloss Hair Color,CareWell Distributors,,,2028-07-17
BB-9962,BN-BB-9962-01,1090.0,2026-06-04,2026-12-01,active,2026-06-16,Protein Rich Nutrition Bar - Chocolate,SweetSource Regional,,,2026-12-01
BB-9976,BN-BB-9976-01,4450.0,2026-06-06,2027-07-12,active,2026-06-19,Toilet Cleaning Brush - Round With Holder (Big),CleanHome Supplies,,,2027-07-12
BB-9985,BN-BB-9985-01,1001.0,2026-06-08,2027-05-21,active,2026-06-16,Classic Sulphurless Sugar/Sakkare,GrainCo Vijayawada,,,2027-05-21
SKU-W-01,BN-SKU-W-01-01,270.0,2026-06-03,2027-04-29,active,2026-06-19,Premium Umbrella,OilTrade AP,,,2027-04-29
SKU-W-02,BN-SKU-W-02-01,1208.0,2026-06-04,2027-06-01,active,2026-06-20,Raincoat Adult,CleanHome Supplies,,,2027-06-01
SKU-W-03,BN-SKU-W-03-01,536.0,2026-06-14,2026-08-22,active,2026-06-20,Vanilla Ice Cream 1L,BevCorp India,,,2026-08-22
SKU-W-04,BN-SKU-W-04-01,1783.0,2026-06-04,2027-02-12,active,2026-06-19,Soft Drink - Cola 2L,MedLife Wholesale,,,2027-02-12
SKU-W-05,BN-SKU-W-05-01,233.0,2026-06-13,2026-11-22,active,2026-06-19,Hot Tea Powder 500g,OilTrade AP,,,2026-11-22
BB-20031,BN-BB-20031-02,128.0,2026-06-28,2026-08-30,active,2026-06-28,Under The Ocean Lotion,Unknown,,,2026-08-30
BB-8681,BN-BB-8681-02,130.0,2026-06-28,2027-12-31,active,2026-06-28,"Shankhapushpi Syrup - Memory & Concentration Booster, For All Ages",Unknown,,,2027-12-31
BB-17269,BN-BB-17269-02,116.0,2026-06-28,2028-07-28,active,2026-06-28,Palette Intensive Colour Cream Long Lasting Intensity 7-0 Medium Blonde,Unknown,,,2028-07-28
BB-15593,BN-BB-15593-02,55.0,2026-06-28,2027-11-26,active,2026-06-28,Ylang Ylang Essential Oil,Unknown,,,2027-11-26
BB-22867,BN-BB-22867-02,249.0,2026-06-28,2029-01-18,active,2026-06-28,"Natura Rice & Walnut Drink, Vegan",Unknown,,,2029-01-18
BB-9416,BN-BB-9416-02,52.0,2026-06-28,2026-11-26,active,2026-06-28,"Energy - Deostick For Men, Cream Based Deodorant",Unknown,,,2026-11-26
BB-22337,BN-BB-22337-02,47.0,2026-06-28,2026-12-11,active,2026-06-28,Napkin Tissue - Eco,Unknown,,,2026-12-11
BB-14905,BN-BB-14905-02,185.0,2026-06-28,2026-10-30,active,2026-06-28,"After Lunch With Green Tea, Ginger, Tulsi, Rock Salt",Unknown,,,2026-10-30
BB-10102,BN-BB-10102-02,182.0,2026-06-28,2027-06-09,active,2026-06-28,Spanish Olives Sliced Green,Unknown,,,2027-06-09
BB-18674,BN-BB-18674-02,109.0,2026-06-28,2027-03-10,active,2026-06-28,Caffeine Series - De Tan Coffee Face Scrub,Unknown,,,2027-03-10
BB-1393,BN-BB-1393-02,142.0,2026-06-28,2026-11-30,active,2026-06-28,Baking Powder - Double Acting,Unknown,,,2026-11-30
BB-2087,BN-BB-2087-02,145.0,2026-06-28,2026-11-20,active,2026-06-28,Dark Soya Sauce,Unknown,,,2026-11-20
BB-17797,BN-BB-17797-02,55.0,2026-06-28,2027-06-28,active,2026-06-28,Face Scrub - Enriched With Kiwi Extract & Natural Exfoilant,Unknown,,,2027-06-28
BB-21701,BN-BB-21701-02,90.0,2026-06-28,2026-12-23,active,2026-06-28,HMT Kolam Rice/Akki,Unknown,,,2026-12-23
BB-24824,BN-BB-24824-02,184.0,2026-06-28,2027-11-03,active,2026-06-28,100 % Pure Honey - Lemon,Unknown,,,2027-11-03
BB-10077,BN-BB-10077-02,184.0,2026-06-28,2027-03-11,active,2026-06-28,Sausage - Pork,Unknown,,,2027-03-11
BB-23092,BN-BB-23092-02,158.0,2026-06-28,,active,2026-06-28,"LED Bulb - 3-Watt, Base B22 1pc + LED Bulb - 5-Watt, Base B22 1pc",Unknown,,,
BB-524,BN-BB-524-02,153.0,2026-06-28,2027-01-24,active,2026-06-28,Pazzta Cheese Macaroni Family Saver Pack Pouch,Unknown,,,2027-01-24
BB-24436,BN-BB-24436-02,166.0,2026-06-28,2026-12-25,active,2026-06-28,Organic Coriander Whole/Dhania Whole/Coriander Seeds/Kottambari Beeja,Unknown,,,2026-12-25
BB-19968,BN-BB-19968-02,18.0,2026-06-28,2027-06-28,active,2026-06-28,Banana Deeply Nourishing Shampoo,Unknown,,,2027-06-28
BB-464,BN-BB-464-02,155.0,2026-06-28,2026-12-31,active,2026-06-28,Crunchy Honey Peanut Butter,Unknown,,,2026-12-31
BB-19812,BN-BB-19812-02,82.0,2026-06-28,2026-12-24,active,2026-06-28,"Dry Dog Food - Chicken & Rice, For Senior Dogs, 7 Years+",Unknown,,,2026-12-24
BB-13267,BN-BB-13267-02,185.0,2026-06-28,2027-06-28,active,2026-06-28,Swag Avatar Deodorant & Body Spray Perfume For Men,Unknown,,,2027-06-28
BB-21863,BN-BB-21863-02,134.0,2026-06-28,2026-12-09,active,2026-06-28,Namkeen - Corn Flakes Mixture,Unknown,,,2026-12-09
BB-1565,BN-BB-1565-02,385.0,2026-06-28,2026-11-11,active,2026-06-28,Salsa Stir-fry Sauce,Unknown,,,2026-11-11
BB-20461,BN-BB-20461-02,123.0,2026-06-28,2027-11-04,active,2026-06-28,Intense Gel Mountain Fresh,Unknown,,,2027-11-04
BB-7329,BN-BB-7329-02,368.0,2026-06-28,2026-12-11,active,2026-06-28,Vacuum Fried Chickpea - Chilli,Unknown,,,2026-12-11
BB-20494,BN-BB-20494-02,65.0,2026-06-28,2027-06-11,active,2026-06-28,Soap - Neem & Turmeric,Unknown,,,2027-06-11
BB-611,BN-BB-611-02,124.0,2026-06-28,2027-02-19,active,2026-06-28,Organic - Saffron,Unknown,,,2027-02-19
BB-3462,BN-BB-3462-02,127.0,2026-06-28,2027-02-18,active,2026-06-28,"Organic - Mustard/Sasive/Rai, Small",Unknown,,,2027-02-18
BB-17000,BN-BB-17000-02,56.0,2026-06-28,2028-08-28,active,2026-06-28,"Envelope - Brown, 10.5 x 4.5 inches",Unknown,,,2028-08-28
BB-1679,BN-BB-1679-02,70.0,2026-06-28,2027-02-28,active,2026-06-28,Fortified Rice Bran Oil,Unknown,,,2027-02-28
BB-16765,BN-BB-16765-02,111.0,2026-06-28,2026-12-28,active,2026-06-28,Baby Corn - Unpeeled,Unknown,,,2026-12-28
BB-15165,BN-BB-15165-02,57.0,2026-06-28,,active,2026-06-28,Disney Minnie Mouse Plastic Kids Sipper Bottle,Unknown,,,
BB-15079,BN-BB-15079-02,57.0,2026-06-28,2027-06-10,active,2026-06-28,"Dietary Supplement - Deep Sea Salmon Fish Oil, Premium",Unknown,,,2027-06-10
BB-15061,BN-BB-15061-02,136.0,2026-06-28,2027-06-17,active,2026-06-28,"Gel Pen - Black, Octane",Unknown,,,2027-06-17
BB-14912,BN-BB-14912-02,63.0,2026-06-28,2027-06-19,active,2026-06-28,Ragi Flour/Ragi Hittu,Unknown,,,2027-06-19
BB-14853,BN-BB-14853-02,156.0,2026-06-28,2027-06-02,active,2026-06-28,Nilgiri Oolong Tea - Wa,Unknown,,,2027-06-02
BB-10059,BN-BB-10059-02,57.0,2026-06-28,2027-12-17,active,2026-06-28,Green Chilli Rice Papad,Unknown,,,2027-12-17
BB-13149,BN-BB-13149-02,56.0,2026-06-28,2026-11-05,active,2026-06-28,Sour Cream,Unknown,,,2026-11-05
BB-10800,BN-BB-10800-02,58.0,2026-06-28,2027-06-28,active,2026-06-28,"Wet Mop - Floor Cleaning Cotton With Steel Stick, Medium",Unknown,,,2027-06-28
BB-12728,BN-BB-12728-02,60.0,2026-06-28,2027-05-19,active,2026-06-28,Grated Mango Pickle,Unknown,,,2027-05-19
BB-13121,BN-BB-13121-02,140.0,2026-06-28,2026-08-27,active,2026-06-28,Alphanso Mango Ice Cream,Unknown,,,2026-08-27
BB-12671,BN-BB-12671-02,60.0,2026-06-28,2026-11-20,active,2026-06-28,Banana Jaggery Chips,Unknown,,,2026-11-20
BB-10958,BN-BB-10958-02,180.0,2026-06-28,2027-06-28,active,2026-06-28,Pain Relief Spray - For Quick Action & Lasting Relief From Swelling,Unknown,,,2027-06-28
BB-10884,BN-BB-10884-02,61.0,2026-06-28,2027-06-28,active,2026-06-28,"De-Tangling Comb - 1 Row, 1266",Unknown,,,2027-06-28
BB-10306,BN-BB-10306-02,152.0,2026-06-28,2027-06-18,active,2026-06-28,All Natural Probiotics Shampoo Bar - For Normal Hair,Unknown,,,2027-06-18
BB-18874,BN-BB-18874-02,59.0,2026-06-30,2027-02-21,active,2026-06-30,"Kidney Detox With Varun, Punerneva & Ganoderma",Unknown,,,2027-02-21
BB-15442,BN-BB-15442-02,103.0,2026-07-05,2026-11-26,active,2026-07-05,Cold Glaze Neutral,Unknown,,,2026-11-26
BB-25867,BN-BB-25867-02,181.0,2026-07-05,2026-10-30,active,2026-07-05,Stage 2 Formula - After 6 Months,Unknown,,,2026-10-30
BB-10257,BN-BB-10257-02,10.0,2026-07-01,2027-07-01,active,2026-07-11,Test Product,LittleOnes Care,,,2027-07-01
BB-10512,BN-BB-10512-02,169.0,2026-07-11,2026-11-05,active,2026-07-11,Chicken - Seek Kabab,FreshCatch Meats,,,
BB-22926,BN-BB-22926-02,10.0,2026-07-14,2026-12-31,active,2026-07-14,Premium Kasundi,Chef's Basket Supplies,,,
BB-7494,BN-BB-7494-02,10.0,2026-07-14,2026-12-14,active,2026-07-14,Sapota,FreshFarm Veg Market,,,
