po_id,po_number,supplier_id,supplier_name,sku,product_name,ordered_qty,received_qty,order_date,expected_delivery_date,actual_delivery_date,status,quality_rating,notes,created_by,supplier_history
10c3526f-9ec4-442a-a004-35155f408a07,PO-2000,SUP052,LittleOnes Care,BB-19375,Baby Milk Soap - Mildness,925.0,925.0,2025-04-20,2025-04-24,2025-04-24,received,4.0,,,
7a5472a0-bfc4-4a88-9dad-c48017ca556d,PO-2001,SUP052,LittleOnes Care,BB-3620,Baby Happy Wet Wipes - Silk & Cotton,246.0,246.0,2025-01-18,2025-01-22,2025-01-20,received,4.0,,,
51923368-aa8b-4136-8f74-69aff7f11a47,PO-2002,SUP052,LittleOnes Care,BB-23909,Baby Bath - Daily Moisturising,119.0,119.0,2026-02-18,2026-02-22,2026-02-22,received,4.0,,,
36afaf43-bbda-4ce0-ad71-51efde4570d3,PO-2003,SUP052,LittleOnes Care,BB-19474,Baby Powder -  No added Talc & Asbestos,86.0,86.0,2025-08-31,2025-09-04,2025-09-06,received,5.0,,,
eb998328-fdc9-4326-8342-31dac5451da1,PO-2004,SUP052,LittleOnes Care,BB-110,"Baby Cereal - Ragi Almond & Banana, 6-8 Months, No Preservatives, No Artificial Colours",206.0,206.0,2026-06-25,2026-06-29,2026-06-28,received,4.0,,,
6ae17e05-6487-4c24-bd89-f8afa2929d1e,PO-2006,SUP052,LittleOnes Care,BB-11323,Baby Care Collection - with Organic Cotton Bib & Baby Comb,175.0,175.0,2026-02-10,2026-02-14,2026-02-13,received,4.0,,,
9fa25b37-2219-4714-9c8c-1844272321c2,PO-2007,SUP052,LittleOnes Care,BB-1301,Baby Wash 200ml+Baby Massage Oil 500ml(No Harmful Chemicals & Tear Free Formula),128.0,128.0,2025-09-23,2025-09-27,2025-09-25,received,4.0,,,
7f86e83c-ddd7-4030-a3b0-1fb21e459b1b,PO-2009,SUP052,LittleOnes Care,BB-6790,Wonder Dry Pants - Double Extra Large Size Diapers,65.0,65.0,2025-12-05,2025-12-09,2025-12-07,received,4.0,,,
3d8a2418-9115-4588-a2c5-28705fe23002,PO-2010,SUP052,LittleOnes Care,BB-16284,Dry Pants Diapers - Small,678.0,678.0,2025-06-03,2025-06-07,2025-06-05,received,5.0,,,
eff31617-c3bf-4f4b-b321-3c1a66d1113d,PO-2011,SUP052,LittleOnes Care,BB-10257,Baby Cottontouch Newborn Lotion,545.0,545.0,2025-08-13,2025-08-17,2025-08-22,received,4.0,,,
0d3fa67f-f77f-4d57-b589-b8522f0b62a2,PO-2012,SUP052,LittleOnes Care,BB-13647,Happy Baby Gift Pack,84.0,84.0,2026-04-20,2026-04-24,2026-04-23,received,5.0,,,
a822a59b-9d3a-41de-a622-1c8e4e4397e5,PO-2013,SUP052,LittleOnes Care,BB-23514,Baby Bubble Bath,193.0,193.0,2025-09-13,2025-09-17,2025-09-16,received,4.0,,,
7d684616-8ac1-47dd-822e-92a87d711b9f,PO-2014,SUP052,LittleOnes Care,BB-501,Active Baby Medium (6-11 kg) - 62 Diapers,91.0,89.0,2026-01-28,2026-02-01,2026-01-30,received,4.0,,,
fbb887ec-43dd-4b27-a6b1-ee73faa8fcc7,PO-2015,SUP051,BabyBase Supplies,BB-20190,Baby Soap - Gentle  4X75 Gm,365.0,365.0,2026-04-27,2026-05-02,2026-05-02,received,4.0,,,
63a78bec-b8c8-4e19-9e44-3fd420677765,PO-2016,SUP051,BabyBase Supplies,BB-23909,Baby Bath - Daily Moisturising,45.0,45.0,2025-03-26,2025-03-31,2025-03-29,received,5.0,,,
6db94609-ac11-4596-b558-523ba496c965,PO-2017,SUP051,BabyBase Supplies,BB-12220,"Santoor Baby Soap, 75g",646.0,646.0,2026-02-13,2026-02-18,2026-02-17,received,5.0,,,
943b215f-262f-44ec-9a12-cdd7010c960b,PO-2018,SUP051,BabyBase Supplies,BB-8784,Total Care Medium - 54 Diaper Pants,68.0,68.0,2026-01-14,2026-01-19,2026-01-18,received,4.0,,,
2820a8dd-41ed-4107-9da8-71bc3276357b,PO-2019,SUP051,BabyBase Supplies,BB-10369,Active Baby Small (3-8 kg) - 46 Diapers,74.0,70.0,2025-04-20,2025-04-25,2025-04-23,received,4.0,,,
3f31ca51-83d0-426b-8fee-f52ae1614880,PO-2020,SUP051,BabyBase Supplies,BB-27045,Baby Cream - For Soft Skin With No Harmful Chemicals,320.0,320.0,2026-05-08,2026-05-13,2026-05-12,received,5.0,,,
39c7e865-a6d0-45a3-9a46-9ac93027bffb,PO-2021,SUP051,BabyBase Supplies,BB-3620,Baby Happy Wet Wipes - Silk & Cotton,476.0,428.0,2026-03-07,2026-03-12,2026-03-12,received,3.0,,,
3a94d409-2c09-40e1-85ea-ff0bc4d3044e,PO-2022,SUP051,BabyBase Supplies,BB-22996,Dry Pants Diapers - Large,332.0,332.0,2026-01-31,2026-02-05,2026-02-06,received,5.0,,,
edf329d0-2892-4911-823d-8bd661f53751,PO-2023,SUP051,BabyBase Supplies,BB-8791,Silicone Pacifier Step 3 - Cherry,314.0,314.0,2025-11-16,2025-11-21,2025-11-19,received,5.0,,,
18580db0-0887-40d9-9ed5-32a58edd7391,PO-2024,SUP051,BabyBase Supplies,BB-3620,Baby Happy Wet Wipes - Silk & Cotton,321.0,321.0,2026-03-03,2026-03-08,2026-03-10,received,4.0,,,
b4da55b3-9e15-43fc-904b-49a4438391c4,PO-2026,SUP051,BabyBase Supplies,BB-17812,Manicure Set In Case,538.0,538.0,2025-08-19,2025-08-24,2025-08-24,received,4.0,,,
bd962829-1e61-4f55-abd1-14632d8b8891,PO-2027,SUP051,BabyBase Supplies,BB-19375,Baby Milk Soap - Mildness,1721.0,1669.0,2025-10-28,2025-11-02,2025-11-01,received,5.0,,,
119e93ac-05e2-4c68-a24a-e26438f1ad89,PO-2028,SUP051,BabyBase Supplies,BB-27384,"Post Natal Maternity Corset Belt - XXLarge, Pink",132.0,132.0,2025-10-25,2025-10-30,2025-10-31,received,4.0,,,
b6586367-8cde-4d06-9af3-c3b91f52ac01,PO-2029,SUP051,BabyBase Supplies,BB-7726,Mild Baby Shampoo,150.0,150.0,2025-07-25,2025-07-30,2025-07-28,received,4.0,,,
b6a8860a-99d2-4d1f-ae33-a67dd758d769,PO-2030,SUP053,TinyTots Essentials,BB-27373,"100% Organic Powder - Oats, 6-8 Months, No Preservatives, No Artificial Colours",143.0,143.0,2025-04-30,2025-05-05,2025-05-05,received,4.0,,,
930b45c8-2f52-4507-83cf-27269691dbac,PO-2031,SUP053,TinyTots Essentials,BB-16284,Dry Pants Diapers - Small,594.0,594.0,2025-06-17,2025-06-22,2025-06-20,received,4.0,,,
d7e1710f-0de8-48d9-b1ae-6211ff733de8,PO-2032,SUP053,TinyTots Essentials,BB-23860,Baby Skincare Wipes - Super Saver Pack,79.0,79.0,2026-05-01,2026-05-06,2026-05-08,received,5.0,,,
9908b2d5-6e45-4c6a-a158-1132ca910436,PO-2033,SUP053,TinyTots Essentials,BB-23860,Baby Skincare Wipes - Super Saver Pack,239.0,218.0,2025-08-03,2025-08-08,2025-08-08,received,5.0,,,
9cb4a47b-b053-4d5c-ade3-463e3edfd368,PO-2034,SUP053,TinyTots Essentials,BB-12288,Disposable Maternity & Nursing Breast Pads For Women,239.0,239.0,2026-03-17,2026-03-22,2026-03-21,received,4.0,,,
3497e1a1-b1c2-4ce0-b729-56a169c2e0d2,PO-2035,SUP053,TinyTots Essentials,BB-16050,"Glass Feeding Bottle - With Added Nipple, Pink, M Size",98.0,98.0,2025-08-22,2025-08-27,2025-08-28,received,5.0,,,
40979e5b-c9a0-4ba8-bf71-3ff7efdbb7ae,PO-2037,SUP053,TinyTots Essentials,BB-22055,Baby Sun lotion SPF50+,26.0,26.0,2026-04-01,2026-04-06,2026-04-10,received,5.0,,,
c8d3f79d-7b31-451c-a9ce-503cf73ae763,PO-2038,SUP053,TinyTots Essentials,BB-17232,Natural Baby Lotion,199.0,0.0,2026-06-02,2026-06-07,,cancelled,,,,
d7050ea8-7834-47c2-9540-e629f103c2dd,PO-2039,SUP053,TinyTots Essentials,BB-25867,Stage 2 Formula - After 6 Months,211.0,211.0,2025-10-21,2025-10-26,2025-10-26,received,4.0,,,
2317caa8-547c-4c58-880f-8c6b051310a0,PO-2041,SUP053,TinyTots Essentials,BB-2346,Plant Based Laundry Detergent 1 L + 200 ml,118.0,118.0,2026-04-08,2026-04-13,2026-04-13,received,4.0,,,
454c2a51-33c1-4d2a-b87c-e129014ec456,PO-2042,SUP053,TinyTots Essentials,BB-6768,"Multi Storage Food Container - Multicolour, 160g",327.0,327.0,2026-02-22,2026-02-27,2026-03-02,received,5.0,,,
02082e25-2a54-422f-8a66-6f0cda36d661,PO-2044,SUP053,TinyTots Essentials,BB-23860,Baby Skincare Wipes - Super Saver Pack,187.0,187.0,2026-06-03,2026-06-08,2026-06-07,received,4.0,,,
4db03bf3-8567-46c1-99fe-d6600ecc2bee,PO-2045,SUP047,BakeMaster Artisans,BB-18677,Punjabi Paneer,720.0,720.0,2026-02-01,2026-02-02,2026-02-02,received,4.0,,,
f4384c3f-c942-4635-b7bd-790ae1bc5f38,PO-2046,SUP047,BakeMaster Artisans,BB-25914,"Thin Cookie - Salted Caramel, Gluten Free",717.0,717.0,2026-05-02,2026-05-03,2026-05-02,received,5.0,,,
e85b877a-dbe4-44d2-93dd-61efb33c37e5,PO-2047,SUP047,BakeMaster Artisans,BB-25838,Processed Cheese - Chiplets Cubes,495.0,0.0,2026-06-14,2026-06-15,,cancelled,,,,
de47b5ba-6383-4ec8-bb04-a7a412a393d9,PO-2048,SUP047,BakeMaster Artisans,BB-9373,Cheese - Cheddar,526.0,497.0,2025-07-01,2025-07-02,2025-07-05,received,4.0,,,
d4236629-5761-4fd1-af6e-fb3028160ee2,PO-2049,SUP047,BakeMaster Artisans,BB-15077,Tea Cake - Caramel,155.0,155.0,2025-08-11,2025-08-12,2025-08-11,received,5.0,,,
975e953a-ef39-46ec-9fd0-7313cd0d8ef8,PO-2050,SUP047,BakeMaster Artisans,BB-25838,Processed Cheese - Chiplets Cubes,606.0,0.0,2025-11-07,2025-11-08,,cancelled,,,,
e87a81ce-8d8c-4fff-8b40-df71a1d37fa8,PO-2051,SUP047,BakeMaster Artisans,BB-13288,Atta Kulcha,1709.0,1709.0,2025-10-30,2025-10-31,2025-11-01,received,5.0,,,
b98762fd-5c55-43f9-96dd-a7d9842dd1d1,PO-2052,SUP047,BakeMaster Artisans,BB-26190,"Cake - Blueberry, Whole Wheat, Eggless",599.0,599.0,2025-06-01,2025-06-02,2025-06-04,received,4.0,,,
4ea05866-8080-4727-a9a4-5337a4a6fbff,PO-2053,SUP047,BakeMaster Artisans,BB-965,Bar Cake - Chocolate,2275.0,2275.0,2026-06-05,2026-06-06,2026-06-05,received,4.0,,,
ba8298bb-2db0-40d8-b340-b26f8ffe3170,PO-2054,SUP047,BakeMaster Artisans,BB-16242,Cookies - Chocochip,2315.0,2315.0,2025-02-14,2025-02-15,2025-02-15,received,4.0,,,
35ddd694-76eb-4795-8f97-485cb6017429,PO-2055,SUP047,BakeMaster Artisans,BB-16746,"Pizza Cheese - Mozzarella, Diced",60.0,60.0,2025-03-01,2025-03-02,2025-03-04,received,4.0,,,
cce1725d-4157-4ba4-991f-97e91ee5c7c4,PO-2056,SUP047,BakeMaster Artisans,BB-15077,Tea Cake - Caramel,552.0,535.0,2025-08-06,2025-08-07,2025-08-06,received,5.0,,,
9b62730a-56df-4f84-91b1-cf639ee132aa,PO-2057,SUP047,BakeMaster Artisans,BB-22031,Pineapple Flavoured Tooti Frooti,1258.0,1258.0,2025-06-16,2025-06-17,2025-06-16,received,4.0,,,
ba5b41b6-ee24-4da1-8e12-6692b1266368,PO-2058,SUP047,BakeMaster Artisans,BB-14766,Biscuits - Osmania,335.0,335.0,2025-04-12,2025-04-13,2025-04-16,received,5.0,,,
3196d7f3-e5d9-4a2e-aabb-7e5f35da2171,PO-2059,SUP047,BakeMaster Artisans,BB-6997,Badam Flavoured Milk,3474.0,3474.0,2025-07-03,2025-07-04,2025-07-04,received,5.0,,,
762a1a2e-aad7-4124-8a6f-553aaf1e9d88,PO-2060,SUP048,DairyBest Krishna,BB-19048,Cheese Spreadz - Roasted Garlic Flavour,334.0,334.0,2026-01-03,2026-01-05,2026-01-10,received,5.0,,,
402da186-4edb-4df6-a535-d7c411d72041,PO-2061,SUP048,DairyBest Krishna,BB-26571,Layer Cake - Chocolate,4696.0,4696.0,2025-12-29,2025-12-31,2026-01-05,received,4.0,,,
31c46723-978a-4965-8f2c-cdcbe1bdf7d7,PO-2062,SUP048,DairyBest Krishna,BB-25383,Mild Cheddar Block,329.0,329.0,2025-07-29,2025-07-31,2025-07-30,received,5.0,,,
cbc4e01e-896c-4e70-8fb8-5cf3028743ea,PO-2063,SUP048,DairyBest Krishna,BB-12818,Bar Cake - Pineapple,2181.0,2181.0,2025-04-02,2025-04-04,2025-04-02,received,4.0,,,
69caa981-3954-4472-a857-681a339b92af,PO-2064,SUP048,DairyBest Krishna,BB-13297,Drink - Original,118.0,111.0,2026-05-15,2026-05-17,2026-05-17,received,4.0,,,
23b91ce3-5e50-4c11-a152-7f87c73d35b0,PO-2066,SUP048,DairyBest Krishna,BB-9373,Cheese - Cheddar,603.0,603.0,2025-11-15,2025-11-17,2025-11-17,received,4.0,,,
4a144025-c7aa-4a97-af68-694ea34f6b27,PO-2067,SUP048,DairyBest Krishna,BB-13297,Drink - Original,155.0,155.0,2025-07-18,2025-07-20,2025-07-18,received,5.0,,,
83f0d466-5bc7-442e-8884-5135ee842ee2,PO-2068,SUP048,DairyBest Krishna,BB-12818,Bar Cake - Pineapple,2190.0,2190.0,2025-02-24,2025-02-26,2025-02-24,received,5.0,,,
7c6ecab0-dc6b-49a5-b217-fe1212446e27,PO-2069,SUP048,DairyBest Krishna,BB-15013,Sour Cream,518.0,518.0,2026-03-22,2026-03-24,2026-03-28,received,5.0,,,
e4ecb955-1756-475c-ac98-31d74c115289,PO-2070,SUP048,DairyBest Krishna,BB-7287,Frozen Dessert - Crunchy Butterscotch,748.0,748.0,2025-10-05,2025-10-07,2025-10-07,received,4.0,,,
4aae2d4e-7096-417b-bd8a-41194e8a566e,PO-2071,SUP048,DairyBest Krishna,BB-25383,Mild Cheddar Block,342.0,342.0,2026-05-09,2026-05-11,2026-05-10,received,4.0,,,
c86be879-25f5-460d-8a08-36bb99e71ed6,PO-2072,SUP048,DairyBest Krishna,BB-25373,Cream,908.0,855.0,2026-03-26,2026-03-28,2026-03-27,received,4.0,,,
bb371281-a82e-4c62-a7ea-0c44cf7ca0df,PO-2073,SUP048,DairyBest Krishna,BB-9373,Cheese - Cheddar,364.0,364.0,2025-03-08,2025-03-10,2025-03-10,received,4.0,,,
2942b33e-baff-4541-96fe-0c49b7d52325,PO-2074,SUP048,DairyBest Krishna,BB-21312,Layer Cake - Orange,10415.0,10415.0,2025-06-20,2025-06-22,2025-06-21,received,4.0,,,
5a09c87c-8786-4444-b6e4-38753de24747,PO-2075,SUP049,Cream Valley Foods,BB-17849,Carrot Walnut Cake - 100% Wholewheat,119.0,119.0,2026-01-30,2026-02-01,2026-02-01,received,5.0,,,
2ec3861c-6ea5-4c49-8ce3-6452f6d53d71,PO-2076,SUP049,Cream Valley Foods,BB-22274,Organic High Protein Paneer,1042.0,1042.0,2025-11-13,2025-11-15,2025-11-20,received,4.0,,,
3bdc2ef9-fd7e-4148-a5f6-1b8b134abfb0,PO-2077,SUP049,Cream Valley Foods,BB-25373,Cream,1672.0,1672.0,2025-11-04,2025-11-06,2025-11-04,received,4.0,,,
b608419f-f082-4434-9946-7bb399fdc191,PO-2078,SUP049,Cream Valley Foods,BB-25866,Vanilla Dew,3146.0,2878.0,2026-02-03,2026-02-05,2026-02-07,received,4.0,,,
2c69325c-70a2-440c-baa7-6fa75668be6f,PO-2079,SUP049,Cream Valley Foods,BB-16242,Cookies - Chocochip,860.0,860.0,2026-05-21,2026-05-23,2026-05-27,received,5.0,,,
e9b128e7-ba6c-4417-b340-f50968209610,PO-2080,SUP049,Cream Valley Foods,BB-14907,Soya Milk - Kesar Pista,876.0,876.0,2025-10-12,2025-10-14,2025-10-14,received,4.0,,,
394d20e1-73ec-4149-8876-ca04600c16dd,PO-2081,SUP049,Cream Valley Foods,BB-26571,Layer Cake - Chocolate,9509.0,9509.0,2025-09-24,2025-09-26,2025-09-27,received,4.0,,,
aefb0465-ba99-4775-9a19-a5b484d34e1c,PO-2082,SUP049,Cream Valley Foods,BB-25866,Vanilla Dew,2524.0,2524.0,2026-03-10,2026-03-12,2026-03-10,received,5.0,,,
4cc2f055-4576-40f8-a3ee-ed9e117a0ac2,PO-2083,SUP049,Cream Valley Foods,BB-13297,Drink - Original,172.0,158.0,2026-03-22,2026-03-24,2026-03-27,received,5.0,,,
1fe9cbac-7904-4873-b047-8bb0ae67f531,PO-2084,SUP049,Cream Valley Foods,BB-26987,Cookies - Honey & Corn Flakes,477.0,477.0,2025-03-06,2025-03-08,2025-03-08,received,5.0,,,
9128dbb9-963d-40a8-af0a-edc96ff0f188,PO-2086,SUP049,Cream Valley Foods,BB-21005,Rusk - Garlic,1914.0,1726.0,2025-11-02,2025-11-04,2025-11-03,received,5.0,,,
64239b9a-46e4-4396-95a3-1269da565b86,PO-2088,SUP049,Cream Valley Foods,BB-6326,Tofu Supreme - Garlic Pepper,296.0,296.0,2025-11-12,2025-11-14,2025-11-18,received,4.0,,,
1372c221-ae48-421c-9c8d-7488e72bd79c,PO-2089,SUP049,Cream Valley Foods,BB-7052,"Coconut Milk Yogurt - With Coconut Jaggery, Dairy Free",360.0,360.0,2026-04-03,2026-04-05,2026-04-04,received,5.0,,,
6f7140f5-1468-4ba2-ad1e-d143c23d648b,PO-2090,SUP050,Golden Loaf Bakers,BB-22031,Pineapple Flavoured Tooti Frooti,1191.0,1191.0,2025-01-22,2025-01-25,2025-01-23,received,4.0,,,
f70327f9-037d-4968-be98-f0686471df00,PO-2091,SUP050,Golden Loaf Bakers,BB-25838,Processed Cheese - Chiplets Cubes,822.0,822.0,2026-06-04,2026-06-07,2026-06-09,received,4.0,,,
85146d9a-509b-49a2-aff1-d3d927b47228,PO-2092,SUP050,Golden Loaf Bakers,BB-25373,Cream,603.0,603.0,2025-06-29,2025-07-02,2025-07-01,received,4.0,,,
6050e364-90c1-400c-82a5-bb16dd4d492d,PO-2093,SUP050,Golden Loaf Bakers,BB-13297,Drink - Original,466.0,466.0,2026-06-02,2026-06-05,2026-06-04,received,5.0,,,
9f191493-5dda-4b0e-bf29-2b912d84e001,PO-2094,SUP050,Golden Loaf Bakers,BB-26987,Cookies - Honey & Corn Flakes,448.0,448.0,2025-07-10,2025-07-13,2025-07-16,received,5.0,,,
647d13a6-57ce-48bf-b4a0-1fa3e06aeec6,PO-2095,SUP050,Golden Loaf Bakers,BB-19048,Cheese Spreadz - Roasted Garlic Flavour,232.0,222.0,2025-06-03,2025-06-06,2025-06-08,received,5.0,,,
3da80582-ee82-4ac3-a85a-61d21d6edfcb,PO-2096,SUP050,Golden Loaf Bakers,BB-17849,Carrot Walnut Cake - 100% Wholewheat,297.0,297.0,2025-01-24,2025-01-27,2025-01-28,received,4.0,,,
f47ad848-e01a-44e8-94af-e36b7b298dda,PO-2097,SUP050,Golden Loaf Bakers,BB-15077,Tea Cake - Caramel,449.0,449.0,2026-06-25,2026-06-28,2026-06-27,received,5.0,,,
511f4964-2e7d-4463-a174-b8fc4779e91b,PO-2099,SUP050,Golden Loaf Bakers,BB-25373,Cream,1016.0,1016.0,2025-11-22,2025-11-25,2025-11-23,received,4.0,,,
813220bd-b036-415c-aa7b-3feb48ed7ff7,PO-2100,SUP050,Golden Loaf Bakers,BB-25455,Artisanal Cookies - Seasons Greetings,253.0,253.0,2025-06-15,2025-06-18,2025-06-17,received,4.0,,,
4020916b-ddee-49fb-b04c-507ba2134c1e,PO-2101,SUP050,Golden Loaf Bakers,BB-1232,Smoothie - Mango,2269.0,2269.0,2025-09-23,2025-09-26,2025-09-29,received,5.0,,,
dd4a6478-9ccb-416b-a161-54b64583aacc,PO-2102,SUP050,Golden Loaf Bakers,BB-5551,Cookies - Assorted,482.0,482.0,2025-12-23,2025-12-26,2025-12-27,received,5.0,,,
c09a3ef8-9e7b-4377-ab1f-a14f3425a177,PO-2103,SUP050,Golden Loaf Bakers,BB-3426,Malai Paneer - Organic,651.0,651.0,2025-08-10,2025-08-13,2025-08-11,received,4.0,,,
6b54f7fb-c4ac-42d3-a552-b51a517cd5bd,PO-2104,SUP050,Golden Loaf Bakers,BB-22274,Organic High Protein Paneer,682.0,682.0,2025-06-01,2025-06-04,2025-06-02,received,4.0,,,
05d71613-9b6d-41c9-a180-ffc6090528a5,PO-2106,SUP006,HerbalGlow India,BB-782,Rice Water Bright Light Cleansing Oil,74.0,67.0,2025-01-30,2025-02-05,2025-02-03,received,4.0,,,
d0e9518a-41c1-426f-91a7-e18166d65e18,PO-2107,SUP006,HerbalGlow India,BB-15007,Immunity Booster,127.0,124.0,2025-10-12,2025-10-18,2025-10-18,received,5.0,,,
93087c08-4ad0-441f-b357-eb39acad6e3c,PO-2108,SUP006,HerbalGlow India,BB-1765,Enriched Coconut Hair Oil - With 7 Ayurvedic Herbs,338.0,338.0,2025-11-17,2025-11-23,2025-11-22,received,4.0,,,
1de87dd1-e20d-46a6-9b56-46e56e1b6b92,PO-2109,SUP006,HerbalGlow India,BB-25638,Pennant Eau De Toilette For Men,89.0,80.0,2025-03-09,2025-03-15,2025-03-13,received,5.0,,,
d9364052-ee78-423c-9322-be6185c1f359,PO-2110,SUP006,HerbalGlow India,BB-26516,Raspberry Seed Serum,39.0,39.0,2025-06-08,2025-06-14,2025-06-14,received,4.0,,,
9c1c9262-b82c-4cc3-be9d-9d324b2c1c45,PO-2111,SUP006,HerbalGlow India,BB-23757,Two Blades Pack,228.0,228.0,2025-03-22,2025-03-28,2025-03-30,received,4.0,,,
117ec1b8-f8ef-4944-94bd-544387384fa0,PO-2112,SUP006,HerbalGlow India,BB-6224,Kabz Over,752.0,752.0,2025-08-17,2025-08-23,2025-08-22,received,5.0,,,
38e682d6-171e-4280-b8e6-e894783128d1,PO-2113,SUP006,HerbalGlow India,BB-4345,Hair Wax New - Black,184.0,184.0,2025-02-17,2025-02-23,2025-02-25,received,4.0,,,
a3daad8e-3c3d-4b81-9bfc-7ae0cae464ef,PO-2114,SUP006,HerbalGlow India,BB-23718,Panty Liners - Soft Classic,381.0,381.0,2025-03-02,2025-03-08,2025-03-08,received,5.0,,,
d991593c-b098-4352-be16-c2e3ff0f2376,PO-2115,SUP006,HerbalGlow India,BB-20635,Shea Butter Soap,261.0,261.0,2025-12-20,2025-12-26,2025-12-24,received,5.0,,,
e5c6f383-6734-4d49-9f5f-0ce16e5e54b3,PO-2116,SUP006,HerbalGlow India,BB-21519,"Vitamin C 10% Brightening Under Eye Serum With Vitamin E, B3, Hyaluronic Acid, Caffeine & Green Tea",70.0,70.0,2026-02-21,2026-02-27,2026-02-26,received,5.0,,,
133acdae-7ec6-48c1-8dd5-bf0b7667b749,PO-2117,SUP006,HerbalGlow India,BB-19734,Kama Diffuser Oil,40.0,40.0,2025-09-09,2025-09-15,2025-09-13,received,5.0,,,
12e091a5-1065-45d2-86bf-f559d3bed399,PO-2118,SUP006,HerbalGlow India,BB-15262,Biolage Colorlast Orchid Colour Protecting Conditioner,321.0,321.0,2025-02-17,2025-02-23,2025-02-22,received,4.0,,,
b00132db-7d08-4290-a7ee-4325d4e7f388,PO-2119,SUP006,HerbalGlow India,BB-15228,Neemraj Oil,114.0,114.0,2026-06-11,2026-06-17,2026-06-16,received,5.0,,,
1466825e-e4b5-4a95-9f6b-fd658e9ee90a,PO-2120,SUP003,Naturals Beauty Supply,BB-22653,"Antibacterial Germ Kill Spray (No Gas) – Safe On Skin, Safe On Surfaces",452.0,433.0,2025-10-15,2025-10-21,2025-10-19,received,5.0,,,
71c1f45b-39df-4382-a0bc-43c68a64c9f3,PO-2121,SUP003,Naturals Beauty Supply,BB-10600,Battery Operator Lady Shaver,8.0,8.0,2026-03-07,2026-03-13,2026-03-11,received,5.0,,,
9535005c-7d6b-469b-8593-f945e35ee264,PO-2122,SUP003,Naturals Beauty Supply,BB-17176,Shatavari Capsules,476.0,476.0,2026-06-24,2026-06-30,2026-06-28,received,4.0,,,
39801cee-ddd5-4e8e-91fe-f62a14a14b86,PO-2124,SUP003,Naturals Beauty Supply,BB-13826,"Toothbrush - Sensitive Expert, Soft",1443.0,1443.0,2026-03-05,2026-03-11,2026-03-15,received,4.0,,,
ecea2122-b316-4094-b5c4-a7ad620ce00a,PO-2125,SUP003,Naturals Beauty Supply,BB-18674,Caffeine Series - De Tan Coffee Face Scrub,283.0,283.0,2025-12-09,2025-12-15,2025-12-15,received,4.0,,,
1fdc2887-f930-4270-9f10-7acfe0cdf456,PO-2126,SUP003,Naturals Beauty Supply,BB-17269,Palette Intensive Colour Cream,252.0,252.0,2025-02-26,2025-03-04,2025-03-02,received,4.0,,,
80fdb9d6-9c34-41ac-ab41-2f283ac38ae9,PO-2127,SUP003,Naturals Beauty Supply,BB-4116,Rosemarry Oil,247.0,247.0,2025-02-13,2025-02-19,2025-02-17,received,5.0,,,
d3779906-7422-4538-a250-4b556affadd5,PO-2128,SUP003,Naturals Beauty Supply,BB-18518,Kanchanara Guggulu - 500 mg,967.0,967.0,2025-11-09,2025-11-15,2025-11-18,received,4.0,,,
6e9e1388-7361-460f-bfb1-328e055d551d,PO-2129,SUP003,Naturals Beauty Supply,BB-16245,Vitamin E Night Cream,39.0,39.0,2025-09-09,2025-09-15,2025-09-14,received,4.0,,,
04b6ec3d-b5a0-4583-9896-0dacfb7b1be6,PO-2130,SUP003,Naturals Beauty Supply,BB-115,Black Eau De Toilette,6.0,5.0,2026-02-12,2026-02-18,2026-02-17,received,4.0,,,
5076ea52-d6a0-4a0b-8655-fed2ff0bca5a,PO-2132,SUP003,Naturals Beauty Supply,BB-16469,Bringha Hair Cleanser,299.0,299.0,2025-05-19,2025-05-25,2025-05-24,received,4.0,,,
f11ac600-9765-47de-9467-3817342cdfed,PO-2133,SUP003,Naturals Beauty Supply,BB-23974,Sanitary Pads - Ultra-Dry (With Wings),1937.0,1890.0,2026-01-14,2026-01-20,2026-01-20,received,4.0,,,
abb3cfd2-70a9-4dde-9b92-f4976e901100,PO-2134,SUP003,Naturals Beauty Supply,BB-4778,Herbal Anti Ageing Cream,181.0,181.0,2025-04-11,2025-04-17,2025-04-16,received,5.0,,,
2cf84d35-f751-443b-b758-db43432285f8,PO-2136,SUP004,CareWell Distributors,BB-14113,Yeppen Anti Gravity Lifting Facial Mask,320.0,320.0,2025-04-08,2025-04-12,2025-04-11,received,5.0,,,
54b388c4-1f36-48ab-a6b0-638f0f9cc404,PO-2137,SUP004,CareWell Distributors,BB-27214,Organic Brahmi,538.0,0.0,2025-11-16,2025-11-20,,cancelled,,,,
a62757ad-0169-4398-81ca-dea8de1e43ae,PO-2138,SUP004,CareWell Distributors,BB-7817,Sportivo Hair Styling Pomade Wax,274.0,274.0,2025-01-18,2025-01-22,2025-01-22,received,5.0,,,
d13be2b6-43b9-444e-925a-f8dd3365e707,PO-2139,SUP004,CareWell Distributors,BB-2604,Honey Moisture Mask - For Dry & Damaged Hair,276.0,276.0,2025-06-04,2025-06-08,2025-06-13,received,4.0,,,
7639f969-3971-4983-9567-9901aea5e7c1,PO-2141,SUP004,CareWell Distributors,BB-16101,Natural Fairness Natural Ayurvedic Saffron Face Cream,274.0,274.0,2025-02-15,2025-02-19,2025-02-18,received,4.0,,,
7d3503ba-e623-48d0-830d-969c74956500,PO-2144,SUP004,CareWell Distributors,BB-24699,Ayurvedic Karela Powder,589.0,589.0,2025-02-08,2025-02-12,2025-02-11,received,3.0,,,
9487fda6-350f-4e48-900a-804afc7e1b14,PO-2145,SUP004,CareWell Distributors,BB-23480,Shave Brush,1230.0,1230.0,2026-05-28,2026-06-01,2026-06-01,received,5.0,,,
97a0b59a-502d-4b01-8aca-848076dda1b4,PO-2146,SUP004,CareWell Distributors,BB-6556,Dead Sea Bath Salt,139.0,129.0,2025-01-29,2025-02-02,2025-02-01,received,4.0,,,
204e71cc-4771-4d29-a5c7-f2f1870532ec,PO-2147,SUP004,CareWell Distributors,BB-1762,Natural Moisturizing Lip Butter,671.0,671.0,2025-07-29,2025-08-02,2025-08-01,received,4.0,,,
d7c882bc-757d-4bad-8193-9889af2cd978,PO-2148,SUP004,CareWell Distributors,BB-24851,"Soap - Geranium, Hand Made",341.0,341.0,2026-03-26,2026-03-30,2026-03-29,received,4.0,,,
9e93ac88-2301-40de-a0ec-76bfe8e093df,PO-2149,SUP004,CareWell Distributors,BB-19334,"Mach3 - Start Mens Razor Blades, Cartridge",205.0,205.0,2025-06-16,2025-06-20,2025-06-20,received,5.0,,,
25ff01e1-3d33-48a2-a664-5e9d9fccadd5,PO-2150,SUP001,Glamour Care Distributors,BB-9431,HP8100/46 Hair Dryer - Purple,81.0,75.0,2026-03-16,2026-03-21,2026-03-21,received,4.0,,,
4730b2c8-0a61-44b8-a854-623176e15db2,PO-2151,SUP001,Glamour Care Distributors,BB-16539,Morning Dew Compact Perfume,1095.0,1095.0,2026-03-15,2026-03-20,2026-03-18,received,4.0,,,
c097ea41-b478-4604-9a48-4fab8bd01017,PO-2152,SUP001,Glamour Care Distributors,BB-24851,"Soap - Geranium, Hand Made",693.0,693.0,2025-02-02,2025-02-07,2025-02-05,received,4.0,,,
5ccce4e2-0f3b-46d8-8d72-4f44f4d71e52,PO-2154,SUP001,Glamour Care Distributors,BB-1634,Green Tea Watery Cream,103.0,103.0,2026-01-07,2026-01-12,2026-01-11,received,4.0,,,
30671b31-2301-4cd9-963d-cdf2b1a14d50,PO-2155,SUP001,Glamour Care Distributors,BB-20494,Soap - Neem & Turmeric,371.0,371.0,2025-06-05,2025-06-10,2025-06-08,received,4.0,,,
4a7bb66f-86b7-446c-982b-2e59492e7e7e,PO-2157,SUP001,Glamour Care Distributors,BB-15349,Glitter Glow Mask,165.0,165.0,2025-01-25,2025-01-30,2025-01-29,received,5.0,,,
4ae390ab-4956-40e3-8051-86daff033a74,PO-2158,SUP001,Glamour Care Distributors,BB-6124,Beard Growth Oil - Almond & Thyme Hair Oil,212.0,212.0,2025-12-10,2025-12-15,2025-12-13,received,5.0,,,
4ca5f561-a663-4bdb-b246-576f47a02531,PO-2159,SUP001,Glamour Care Distributors,BB-9121,Bhringraj & Amla Oil For Hair,47.0,47.0,2025-02-03,2025-02-08,2025-02-06,received,4.0,,,
60f4a211-cf32-45ae-abb1-5e22cab6741b,PO-2161,SUP001,Glamour Care Distributors,BB-24084,Regenerist Advanced Anti-Ageing Revitalizing Skin Serum,22.0,22.0,2026-03-16,2026-03-21,2026-03-19,received,4.0,,,
942acccf-d9c8-4b14-ba73-c30649fef1cf,PO-2162,SUP001,Glamour Care Distributors,BB-16049,Fresh Active Roll On,274.0,274.0,2025-10-20,2025-10-25,2025-10-24,received,4.0,,,
8178c389-8c97-4ae8-bfc5-ed1c06dda287,PO-2163,SUP001,Glamour Care Distributors,BB-22008,Anti Tan Srcub,164.0,158.0,2026-03-21,2026-03-26,2026-03-24,received,4.0,,,
f820f5dd-be3a-4274-8397-893dbbbdb577,PO-2164,SUP001,Glamour Care Distributors,BB-18009,Phalkalyan Ghrita - For Women's Health,349.0,349.0,2025-09-12,2025-09-17,2025-09-16,received,5.0,,,
5e4b7993-f30a-4b60-829d-3eaaa405fe03,PO-2165,SUP005,Personal Care Plus,BB-8241,Illuminating Dewy Face Mist,292.0,285.0,2026-05-09,2026-05-14,2026-05-12,received,4.0,,,
6baa312e-c628-400e-bd1e-a9c596c92d64,PO-2166,SUP005,Personal Care Plus,BB-17654,Perfecta Ultra Extra Soft Sanitary Napkins,631.0,631.0,2025-06-22,2025-06-27,2025-06-25,received,5.0,,,
9fa0fe70-a096-461b-ab24-c7f402029177,PO-2167,SUP005,Personal Care Plus,BB-16784,Eau De Toilette For Men,14.0,13.0,2025-03-31,2025-04-05,2025-04-05,received,4.0,,,
1389ed03-2c4a-4f34-8a98-0e7ae995fedf,PO-2168,SUP005,Personal Care Plus,BB-1133,Diamond - Shine & Glow Facial Kit,318.0,318.0,2025-09-21,2025-09-26,2025-09-24,received,3.0,,,
255abdec-a035-495e-8b18-4785672f836f,PO-2169,SUP005,Personal Care Plus,BB-25638,Pennant Eau De Toilette For Men,98.0,98.0,2026-05-24,2026-05-29,2026-05-29,received,4.0,,,
b4a38122-8526-4186-98d5-e4aad5f6316b,PO-2170,SUP005,Personal Care Plus,BB-771,"Passion, Vanilla Shower Gel With Skin Conditioners",160.0,160.0,2025-02-16,2025-02-21,2025-02-21,received,4.0,,,
753f8292-428f-46a9-90a6-778cb877f9c8,PO-2171,SUP005,Personal Care Plus,BB-17604,For Men Set - Eau De Toilette + Deodorant,50.0,50.0,2025-01-16,2025-01-21,2025-01-20,received,4.0,,,
af860673-70e1-4cf6-85c0-5068a0715f70,PO-2172,SUP005,Personal Care Plus,BB-21635,Neem & Turmeric Clear Skin Soap Combo,215.0,215.0,2025-11-27,2025-12-02,2025-12-01,received,5.0,,,
6ae15910-9f53-43ed-b049-37490e9fb476,PO-2173,SUP005,Personal Care Plus,BB-27418,Natural Dietary Fibre,46.0,43.0,2026-06-24,2026-06-29,2026-06-29,received,4.0,,,
879976f3-d288-46be-8726-6127eabdfa01,PO-2175,SUP005,Personal Care Plus,BB-14554,Sensitive Everyday Protection Anticavity Toothpaste.,601.0,601.0,2025-10-14,2025-10-19,2025-10-17,received,4.0,,,
67efd628-bae8-4142-b5a4-f770c42f73ed,PO-2176,SUP005,Personal Care Plus,BB-26806,Base Camp Body Lotion - For Men,197.0,197.0,2025-02-20,2025-02-25,2025-02-27,received,4.0,,,
34819ed0-ec0d-4368-a678-a373cd6784cc,PO-2177,SUP005,Personal Care Plus,BB-13572,"Retinol Advanced Anti Aging Day Cream - SPF 30, UVA/UVB PA+++",48.0,48.0,2026-06-26,2026-07-01,2026-06-29,received,5.0,,,
6baa1fef-a8c4-43c8-9e40-e1729cc42135,PO-2178,SUP005,Personal Care Plus,BB-24128,Reviving Oxy Pack,78.0,78.0,2025-12-05,2025-12-10,2025-12-08,received,4.0,,,
9b048904-410c-477b-afaf-8ece2abe187f,PO-2179,SUP005,Personal Care Plus,BB-1246,Spunky Avatar Perfume Spray,344.0,344.0,2026-06-09,2026-06-14,2026-06-14,received,4.0,,,
f7dd3a66-39be-4c46-a27f-6d0bc3762590,PO-2180,SUP010,Aura Personal Care,BB-18498,Tea Tree Essential Oil,104.0,104.0,2026-04-22,2026-04-27,2026-04-26,received,4.0,,,
938e80a7-ee0c-4d60-8616-b5bb02dff4b5,PO-2181,SUP010,Aura Personal Care,BB-23763,Amla Hair Repair Hot Oil Treatment,166.0,166.0,2025-08-14,2025-08-19,2025-08-17,received,5.0,,,
fa54ca3d-e600-4bea-b775-4787ef0a284b,PO-2182,SUP010,Aura Personal Care,BB-12380,Neem Wood Multi Purpore Comb,420.0,420.0,2026-05-18,2026-05-23,2026-05-21,received,5.0,,,
97946f3e-5951-4bfb-9082-9b0a10080082,PO-2183,SUP010,Aura Personal Care,BB-19952,Daily Pore Minimizing Toner,235.0,235.0,2026-04-06,2026-04-11,2026-04-15,received,5.0,,,
895d44c8-6cbe-4309-8af1-5878f1eedb18,PO-2184,SUP010,Aura Personal Care,BB-26017,Eau-De-Mehfil Eau De Parfum,112.0,112.0,2025-11-20,2025-11-25,2025-11-23,received,4.0,,,
bdc2b7eb-2af6-48ec-9c63-83ba14b42335,PO-2185,SUP010,Aura Personal Care,BB-19923,Regenerist Whip - UV SPF 30,57.0,0.0,2025-06-16,2025-06-21,,cancelled,,,,
a0acf0da-a213-49cd-9bdf-944dc5754d33,PO-2186,SUP010,Aura Personal Care,BB-10392,Pain Relief Cream,6457.0,6457.0,2026-02-09,2026-02-14,2026-02-12,received,4.0,,,
b5ad2b89-88dd-4e33-8026-3fbf647e697d,PO-2187,SUP010,Aura Personal Care,BB-13246,Wheat Grass Powder,141.0,141.0,2025-11-30,2025-12-05,2025-12-08,received,5.0,,,
47505ba3-062d-4d93-b73d-b0a23136cee9,PO-2188,SUP010,Aura Personal Care,BB-27117,Signature Gold Black Musk & Cedar Wood Perfume,115.0,115.0,2026-01-20,2026-01-25,2026-01-24,received,4.0,,,
0d7a2969-da5b-4ad1-831e-c83681237793,PO-2189,SUP010,Aura Personal Care,BB-4074,VapoRub - Super Saver Pack,238.0,238.0,2025-03-18,2025-03-23,2025-03-21,received,4.0,,,
5cb19557-e78b-4df5-8e73-3db9094d5e65,PO-2190,SUP010,Aura Personal Care,BB-9843,Natural Vita Rich Face Wash,344.0,344.0,2025-07-30,2025-08-04,2025-08-04,received,4.0,,,
2363c300-487f-4cbe-959d-ead8117a1391,PO-2191,SUP010,Aura Personal Care,BB-16978,Orange Peel-Off Mask,508.0,508.0,2025-02-21,2025-02-26,2025-02-25,received,4.0,,,
69bd9a74-fdab-4558-96b7-d15e9ed29a10,PO-2192,SUP010,Aura Personal Care,BB-4074,VapoRub - Super Saver Pack,556.0,0.0,2025-08-14,2025-08-19,,cancelled,,,,
72509ffe-c4e1-433b-9e37-a81f1bec4dcf,PO-2193,SUP010,Aura Personal Care,BB-16255,Bathing Soap - Ayurvedic,159.0,159.0,2025-08-17,2025-08-22,2025-08-20,received,4.0,,,
10304174-feaa-451e-9be5-b80914e6f72a,PO-2195,SUP007,SoftTouch Hygiene,BB-25555,Power 10 Formula VB Effector,86.0,86.0,2025-07-01,2025-07-04,2025-07-04,received,4.0,,,
a763c8e8-509b-46f0-9974-ac3708833982,PO-2197,SUP007,SoftTouch Hygiene,BB-16978,Orange Peel-Off Mask,452.0,452.0,2026-04-16,2026-04-19,2026-04-24,received,5.0,,,
ae7ba30f-9d07-4091-9b17-d08a6f66627f,PO-2199,SUP007,SoftTouch Hygiene,BB-3575,24 Carat Gold Facial Kit,250.0,250.0,2025-03-07,2025-03-10,2025-03-09,received,5.0,,,
b839955f-5159-4140-8b55-f7cb90472958,PO-2200,SUP007,SoftTouch Hygiene,BB-9866,Coffee Cranberry Skin Polishing Set,62.0,62.0,2026-02-16,2026-02-19,2026-02-18,received,3.0,,,
b0583f23-7831-4f9d-82c3-a94d1d1b5c28,PO-2201,SUP007,SoftTouch Hygiene,BB-18133,"Shot Body Spray- Absolute Series, Game",447.0,447.0,2026-01-15,2026-01-18,2026-01-18,received,5.0,,,
3fb635d3-ac80-431e-bd02-b4342ae62bdf,PO-2203,SUP007,SoftTouch Hygiene,BB-1133,Diamond - Shine & Glow Facial Kit,211.0,211.0,2025-02-19,2025-02-22,2025-02-22,received,4.0,,,
b3b183c9-03ca-4264-8aba-aadc2d4facf9,PO-2205,SUP007,SoftTouch Hygiene,BB-115,Black Eau De Toilette,7.0,7.0,2025-08-06,2025-08-09,2025-08-12,received,4.0,,,
031feacc-9508-4115-8563-11c9a2d89045,PO-2206,SUP007,SoftTouch Hygiene,BB-3304,Canada - Bath N Body Milk & Honey Body Scrub,228.0,228.0,2026-01-06,2026-01-09,2026-01-07,received,5.0,,,
e91dac6b-46c9-4186-93f9-8c123e54bdf7,PO-2207,SUP007,SoftTouch Hygiene,BB-26967,Kulinjan Root Powder - Supports Healthy Stomach & Respiratory Functions,148.0,0.0,2025-06-13,2025-06-16,,cancelled,,,,
d41dd03b-bf15-4e43-87ec-dd8a4d9e73f4,PO-2208,SUP007,SoftTouch Hygiene,BB-1765,Enriched Coconut Hair Oil - With 7 Ayurvedic Herbs,421.0,421.0,2025-05-14,2025-05-17,2025-05-21,received,5.0,,,
67b56ce7-df43-402c-9f41-7cfdc3c166e1,PO-2209,SUP007,SoftTouch Hygiene,BB-10185,Beard Kit,26.0,26.0,2026-02-11,2026-02-14,2026-02-12,received,4.0,,,
c4fe1fdb-f1aa-49de-8e4b-c0deac22e464,PO-2210,SUP008,MedLife Wholesale,BB-1653,Flaxseed Oil Capsules,90.0,90.0,2025-06-28,2025-07-03,2025-07-05,received,3.0,,,
6470f81f-9be7-4962-b17c-a0f064f5c5ce,PO-2211,SUP008,MedLife Wholesale,BB-26017,Eau-De-Mehfil Eau De Parfum,125.0,125.0,2026-01-19,2026-01-24,2026-01-24,received,2.0,,,
5e65b24d-b102-42d6-a116-69694efe1295,PO-2212,SUP008,MedLife Wholesale,BB-4116,Rosemarry Oil,113.0,107.0,2026-05-07,2026-05-12,2026-05-17,received,3.0,,,
e7112cc0-defa-4d16-b753-a902cc01915f,PO-2213,SUP008,MedLife Wholesale,BB-13246,Wheat Grass Powder,118.0,118.0,2025-03-31,2025-04-05,2025-04-04,received,5.0,,,
c95031c2-6e58-4e1d-a294-28f79ce0e47e,PO-2214,SUP008,MedLife Wholesale,BB-4592,Signature Gold Italian Bergamot & Amber Wood Perfume,265.0,265.0,2025-12-29,2026-01-03,2026-01-03,received,4.0,,,
be12c46a-dff7-4897-bab7-dacc817bef66,PO-2215,SUP008,MedLife Wholesale,BB-4877,Urban Balance Daily Scrub Cleanser,77.0,77.0,2025-11-10,2025-11-15,2025-11-15,received,5.0,,,
6dda4d60-38af-4176-80df-7646cfca92bf,PO-2216,SUP008,MedLife Wholesale,BB-2408,Chic-Issme Set - Eau De Parfum + Deodorant,46.0,46.0,2026-03-27,2026-04-01,2026-04-06,received,5.0,,,
d99f1504-ed6c-4d17-a608-9318a2547c1a,PO-2217,SUP008,MedLife Wholesale,BB-14672,Sebium Gel Moussant,40.0,40.0,2025-02-25,2025-03-02,2025-03-07,received,5.0,,,
69535dba-f5fc-4fc8-8aeb-b93d2a4e4ecb,PO-2218,SUP008,MedLife Wholesale,BB-7228,Dott Max Condoms,375.0,375.0,2025-04-29,2025-05-04,2025-05-02,received,5.0,,,
2c747af4-8b07-444f-914c-41f8cb446813,PO-2219,SUP008,MedLife Wholesale,BB-22817,Agent Jack Eau De Toilette For Men,148.0,134.0,2026-03-25,2026-03-30,2026-03-30,received,4.0,,,
27be50d7-4109-4399-8d7a-d45fb713d6fd,PO-2220,SUP008,MedLife Wholesale,BB-18498,Tea Tree Essential Oil,57.0,57.0,2026-06-28,2026-07-03,2026-07-08,received,4.0,,,
727fef47-092a-4521-8fb3-caf920c765db,PO-2221,SUP008,MedLife Wholesale,BB-17184,Whitening & UV Protection Body Lotion,483.0,483.0,2025-08-14,2025-08-19,2025-08-18,received,4.0,,,
30f4a926-d002-4a0f-a833-2ca361daa92e,PO-2222,SUP008,MedLife Wholesale,BB-24112,Organic Tulsi,435.0,435.0,2025-06-24,2025-06-29,2025-07-03,received,4.0,,,
0bb2296d-06e3-4f03-82b1-4191bcb9ea8e,PO-2223,SUP008,MedLife Wholesale,BB-26094,Soap - Forest Spice,856.0,856.0,2025-06-19,2025-06-24,2025-06-23,received,5.0,,,
8e088045-8c75-426c-8c63-9a778d2b5f46,PO-2224,SUP008,MedLife Wholesale,BB-15429,Soap Case - Glamour,319.0,319.0,2025-11-10,2025-11-15,2025-11-15,received,4.0,,,
dc48796a-2b75-48c4-84ea-2e1aab7b2579,PO-2225,SUP002,PureSkin Essentials,BB-3566,Marine After Shave Spray,55.0,55.0,2026-05-11,2026-05-15,2026-05-16,received,5.0,,,
0422ec0a-5b4a-42ac-816a-7c994a2a287d,PO-2226,SUP002,PureSkin Essentials,BB-25802,Power 10 Formula WH Effector,105.0,105.0,2025-04-14,2025-04-18,2025-04-17,received,3.0,,,
3ecc55f3-a778-4a03-9f5e-d6f09670d47e,PO-2227,SUP002,PureSkin Essentials,BB-23019,"7X Beard Oil - Musk, 7 Premium Oils Supports Beard Growth & Nourishment",178.0,173.0,2025-01-16,2025-01-20,2025-01-21,received,4.0,,,
c67dd165-ab5b-4adc-9f3e-199a7e80521d,PO-2229,SUP002,PureSkin Essentials,BB-27117,Signature Gold Black Musk & Cedar Wood Perfume,152.0,152.0,2025-12-16,2025-12-20,2025-12-18,received,4.0,,,
0025ea67-0904-4fbf-8d6d-98310d68bd9c,PO-2230,SUP002,PureSkin Essentials,BB-7932,Cedarwood Luxury Shower Gel,149.0,149.0,2025-06-30,2025-07-04,2025-07-04,received,4.0,,,
f1d89b0c-e6ed-4616-9872-1320fdfa44db,PO-2231,SUP002,PureSkin Essentials,BB-23459,"Peppermint Exfol Gel - Treats Blackheads, Refreshes & Brightens",535.0,535.0,2025-05-25,2025-05-29,2025-05-29,received,4.0,,,
86ea96bc-8c0b-43ca-a1ec-a4a9b0d58924,PO-2232,SUP002,PureSkin Essentials,BB-13561,Daily Shine Shampoo,1534.0,1534.0,2025-09-15,2025-09-19,2025-09-17,received,5.0,,,
db760a57-9b12-49e3-98b5-9fe1b3b53d12,PO-2233,SUP002,PureSkin Essentials,BB-19020,"Hand Sanitizer With Mint & Lemon, Non-Sticky",1887.0,1887.0,2025-12-16,2025-12-20,2025-12-20,received,4.0,,,
6ed97833-a8a6-4cff-9c0c-9eaf4e8ca3b6,PO-2234,SUP002,PureSkin Essentials,BB-14064,Cool Wind Eau De Toilette Deodorant,397.0,397.0,2026-04-20,2026-04-24,2026-04-24,received,5.0,,,
572c342f-9c02-4f60-9a24-89ac9448a925,PO-2235,SUP002,PureSkin Essentials,BB-3065,Deep Cleansing Activated Charcoal Face Wash,393.0,393.0,2025-10-20,2025-10-24,2025-10-29,received,4.0,,,
11d78d2f-d664-4bd0-a59e-9bbf146ed6d6,PO-2236,SUP002,PureSkin Essentials,BB-21067,Charcoal Face Scrub For Exfoliation & Tan Removal - Tea Tree & Peppermint,269.0,269.0,2025-03-21,2025-03-25,2025-03-26,received,4.0,,,
d3f788a6-aa07-43f0-99e0-91be3d6d334c,PO-2237,SUP002,PureSkin Essentials,BB-22811,Cold Pressed Bhringraj Cooling Oil For Hair Fall & Damage Control,460.0,460.0,2025-11-20,2025-11-24,2025-11-23,received,4.0,,,
77cd6c49-3df9-4208-9504-5afc5afb46aa,PO-2238,SUP002,PureSkin Essentials,BB-3065,Deep Cleansing Activated Charcoal Face Wash,103.0,103.0,2025-10-07,2025-10-11,2025-10-09,received,4.0,,,
db375d97-9da0-4e93-92c4-68c5cd4e1355,PO-2239,SUP002,PureSkin Essentials,BB-3567,2 Ply Reusable Reversible Cotton Face Mask,201.0,201.0,2025-03-03,2025-03-07,2025-03-05,received,5.0,,,
9b7cc9b3-3815-4d71-9bb3-8f7e52abfa46,PO-2240,SUP009,DermaCare Solutions,BB-8241,Illuminating Dewy Face Mist,229.0,210.0,2025-02-08,2025-02-12,2025-02-12,received,4.0,,,
5099508d-f95b-4ded-84e0-9a62c65aaf05,PO-2241,SUP009,DermaCare Solutions,BB-1833,Perfect Radiance Intense Whitening Serum,109.0,109.0,2025-07-04,2025-07-08,2025-07-08,received,5.0,,,
350385e2-d6e8-4613-b510-9d7c140b477f,PO-2243,SUP009,DermaCare Solutions,BB-22653,"Antibacterial Germ Kill Spray (No Gas) – Safe On Skin, Safe On Surfaces",442.0,417.0,2025-08-15,2025-08-19,2025-08-24,received,5.0,,,
740958fd-10f8-42e2-87d2-9097d82b8afe,PO-2244,SUP009,DermaCare Solutions,BB-26876,Facial Serum - Anti-Ageing,73.0,73.0,2025-05-22,2025-05-26,2025-05-26,received,4.0,,,
79cfbf9d-4b6c-433c-8037-6ddaf88cd143,PO-2245,SUP009,DermaCare Solutions,BB-3304,Canada - Bath N Body Milk & Honey Body Scrub,91.0,91.0,2025-02-04,2025-02-08,2025-02-10,received,4.0,,,
997fe50e-a2fd-4c31-9698-8dce3f7a7bf9,PO-2246,SUP009,DermaCare Solutions,BB-27077,CD 99 Mukhallat Concentrated Oriental Perfume Free From Alcohol For Unisex,49.0,49.0,2025-08-14,2025-08-18,2025-08-18,received,4.0,,,
5e2ec51a-ea0c-4a0a-8373-c319a2988d64,PO-2247,SUP009,DermaCare Solutions,BB-22325,Absorbent Cotton Wool,955.0,955.0,2025-10-11,2025-10-15,2025-10-14,received,4.0,,,
ab706c7c-4dd0-4f9a-8340-19f540e5225c,PO-2248,SUP009,DermaCare Solutions,BB-22363,L-Carnitine 2000mg Double Strength Formula - For Athletes & Bodybuilders,24.0,24.0,2025-02-08,2025-02-12,2025-02-11,received,4.0,,,
15299c82-76c9-4157-bce1-9ed7ac140aa4,PO-2249,SUP009,DermaCare Solutions,BB-2499,Antiseptic- Disinfectant Liquid 550 ml + Clinical Strength Hand Sanitizer 500 ml,112.0,0.0,2026-02-19,2026-02-23,,cancelled,,,,
44390393-6f28-4272-9837-12b5b35bdbb6,PO-2250,SUP009,DermaCare Solutions,BB-8337,Verge & Sheer Perfume For Pair,29.0,29.0,2026-03-23,2026-03-27,2026-04-01,received,4.0,,,
62fb3df2-904e-46be-9003-14a764b943e1,PO-2251,SUP009,DermaCare Solutions,BB-15593,Ylang Ylang Essential Oil,279.0,279.0,2026-01-31,2026-02-04,2026-02-03,received,5.0,,,
b827386c-e13c-4525-97c1-0a50000bfa36,PO-2252,SUP009,DermaCare Solutions,BB-6329,Strong & Long Health Shampoo,395.0,357.0,2025-08-14,2025-08-18,2025-08-16,received,4.0,,,
a2986c31-0b29-418c-b96f-e096849b793b,PO-2254,SUP009,DermaCare Solutions,BB-26000,Oudh Golab Middle Eastern Handmade Soap,76.0,76.0,2025-03-30,2025-04-03,2025-04-02,received,5.0,,,
cbf4bacb-61db-4a34-99aa-bc4d57aea628,PO-2255,SUP044,Refresh Beverages,BB-19537,Celebration Series Darjeeling First Flush Premium Loose Leaf Black Tea,143.0,131.0,2026-06-13,2026-06-17,2026-06-15,received,4.0,,,
3a294ddd-acd5-414e-9a58-71526ce9c52e,PO-2256,SUP044,Refresh Beverages,BB-7216,Masala Tea,879.0,0.0,2026-01-06,2026-01-10,,cancelled,,,,
6309c310-7e15-44b5-9e98-8c674466a5e2,PO-2257,SUP044,Refresh Beverages,BB-19836,Classic Instant Coffee,142.0,142.0,2025-08-05,2025-08-09,2025-08-07,received,4.0,,,
5f50ef21-da9a-4a4b-a617-67b0bbbfe1d9,PO-2258,SUP044,Refresh Beverages,BB-5446,Sunrise Instant Coffee - Chicory Mixture,935.0,935.0,2025-03-16,2025-03-20,2025-03-20,received,5.0,,,
9f252106-ef94-4536-9654-9641da5360f4,PO-2260,SUP044,Refresh Beverages,BB-12940,Organic Chamomile Mint Citrus Long Leaf Green Tea,164.0,164.0,2026-01-19,2026-01-23,2026-01-21,received,4.0,,,
5ad9c02a-b646-49a9-987a-f6930ca6cb92,PO-2262,SUP044,Refresh Beverages,BB-8813,Herbal Tea - Organic Turmeric Chamomile,310.0,0.0,2025-01-16,2025-01-20,,cancelled,,,,
64266415-9533-4905-babf-862ed7f6f649,PO-2264,SUP044,Refresh Beverages,BB-1559,Royale Chocolate 500gm + Health Drink - Kesar badam 200gm,250.0,250.0,2025-11-05,2025-11-09,2025-11-10,received,4.0,,,
7907902c-770a-431e-9cd7-e44d91b9e2fd,PO-2265,SUP044,Refresh Beverages,BB-14382,Tulsi Natura Green Tea Bags,252.0,252.0,2025-03-06,2025-03-10,2025-03-09,received,5.0,,,
682b822c-fb7a-4a34-b68d-8544b90c9959,PO-2266,SUP044,Refresh Beverages,BB-14382,Tulsi Natura Green Tea Bags,455.0,455.0,2026-01-25,2026-01-29,2026-02-02,received,4.0,,,
69aa0284-c1ef-4057-a594-55a5c841efed,PO-2267,SUP044,Refresh Beverages,BB-19836,Classic Instant Coffee,165.0,165.0,2026-02-24,2026-02-28,2026-03-01,received,4.0,,,
215e95ca-c8d6-419b-b683-384e009c4cb9,PO-2268,SUP044,Refresh Beverages,BB-20393,Aam Panna Mango Drink,693.0,0.0,2025-03-12,2025-03-16,,cancelled,,,,
ffc5e6f7-27fd-46ec-97d7-71f2a64da1f4,PO-2269,SUP044,Refresh Beverages,BB-2751,"Juice - Orange, With No Added Sugar",257.0,257.0,2025-04-04,2025-04-08,2025-04-13,received,4.0,,,
880c8729-3eea-4830-9e6a-cc8c63ff863d,PO-2270,SUP043,BevCorp India,BB-5050,Insta - Nimbupaani,775.0,731.0,2025-04-14,2025-04-19,2025-04-18,received,4.0,,,
0b561f9a-b1c2-4c10-9eb8-d7549a2a04ae,PO-2271,SUP043,BevCorp India,BB-12994,"Fruit & Vegetable Juice - Blends, Lean",184.0,184.0,2025-08-22,2025-08-27,2025-08-26,received,4.0,,,
35406222-d2a4-4044-8afa-86fe9b0beea7,PO-2272,SUP043,BevCorp India,BB-8649,Darjeeling Black Tea - Bodh Second Flush,98.0,96.0,2025-07-16,2025-07-21,2025-07-19,received,4.0,,,
0fef79a1-397a-48e0-97ea-8a35cbc8359e,PO-2273,SUP043,BevCorp India,BB-10088,Nilgiri White Tea - Sei,134.0,134.0,2025-04-19,2025-04-24,2025-04-24,received,4.0,,,
c7991bf7-de85-4544-8b6f-14a29d2191a5,PO-2274,SUP043,BevCorp India,BB-2751,"Juice - Orange, With No Added Sugar",341.0,341.0,2025-05-25,2025-05-30,2025-05-28,received,4.0,,,
8727360d-0bc2-4de7-aab3-b005b782f2b6,PO-2275,SUP043,BevCorp India,BB-18947,"Juice - Litchi, Aloevera",771.0,771.0,2025-04-27,2025-05-02,2025-04-30,received,5.0,,,
1cbb9ded-d549-45ba-8e42-15a1599339ce,PO-2276,SUP043,BevCorp India,BB-19604,Syrup - Milk Booster,232.0,232.0,2025-10-01,2025-10-06,2025-10-08,received,4.0,,,
9192a62b-24d9-4caf-adb1-a7fc73bf8b8d,PO-2277,SUP043,BevCorp India,BB-25607,Assam Tea Bag,1696.0,1696.0,2025-03-27,2025-04-01,2025-04-01,received,4.0,,,
cb7fe700-63ca-4781-a207-5314655c5c63,PO-2278,SUP043,BevCorp India,BB-2713,"Green Tea - Pure, Leaf",194.0,0.0,2025-12-25,2025-12-30,,cancelled,,,,
bd45785e-f440-432a-8f88-78910e25625e,PO-2279,SUP043,BevCorp India,BB-19604,Syrup - Milk Booster,134.0,134.0,2026-02-25,2026-03-02,2026-03-02,received,3.0,,,
88d8c282-e39c-445d-bf56-9f8ac5d30231,PO-2280,SUP043,BevCorp India,BB-178,Water-based Electrolyte Drink,2094.0,2094.0,2025-04-29,2025-05-04,2025-05-07,received,5.0,,,
220c0f5f-38d7-407a-9a8d-e0981d414573,PO-2281,SUP043,BevCorp India,BB-20668,Indian Tonic Water,654.0,654.0,2026-02-04,2026-02-09,2026-02-10,received,4.0,,,
3792bef0-1fcf-4bf0-bc38-79aef8119459,PO-2283,SUP043,BevCorp India,BB-14339,Malgudi Filter Coffee Pouch -  80:20,978.0,978.0,2025-10-22,2025-10-27,2025-10-29,received,3.0,,,
a235a29d-c557-43bc-9408-ee50b2cdc45e,PO-2284,SUP043,BevCorp India,BB-25607,Assam Tea Bag,623.0,623.0,2025-01-16,2025-01-21,2025-01-20,received,4.0,,,
20573516-e772-4e92-b48f-b276312719c9,PO-2285,SUP046,Hydration Hub,BB-20393,Aam Panna Mango Drink,368.0,368.0,2026-05-21,2026-05-24,2026-05-24,received,4.0,,,
da2d3d75-7039-4785-b6cf-0a2081aa0f40,PO-2287,SUP046,Hydration Hub,BB-18311,Classic Instant Coffee,73.0,73.0,2025-11-04,2025-11-07,2025-11-07,received,4.0,,,
511ed43c-49a8-4b81-b7b7-ec09862ed5f6,PO-2288,SUP046,Hydration Hub,BB-23115,Malt Based Beverage Powder - Chocolate Flavour,225.0,0.0,2026-06-24,2026-06-27,,cancelled,,,,
15bfe585-b9f2-4d15-b8c5-4493be3ab89b,PO-2289,SUP046,Hydration Hub,BB-4103,Chocolate Health Drink - Bournvita,135.0,135.0,2025-03-04,2025-03-07,2025-03-07,received,4.0,,,
37e961c7-87df-4315-babb-ef50af1f19e3,PO-2291,SUP046,Hydration Hub,BB-8649,Darjeeling Black Tea - Bodh Second Flush,224.0,224.0,2026-05-03,2026-05-06,2026-05-04,received,4.0,,,
ff47a7d2-0f66-41b7-abbe-cae011770491,PO-2292,SUP046,Hydration Hub,BB-2610,"Green Tea - Pure, Whole Leaf",136.0,0.0,2025-08-13,2025-08-16,,cancelled,,,,
2225daff-3818-4f5b-8bfa-0199c3e82eab,PO-2294,SUP046,Hydration Hub,BB-24241,Herbal Tea - Organic Vedic Kadha,500.0,500.0,2025-12-18,2025-12-21,2025-12-19,received,5.0,,,
0f82fb64-8512-4d81-92de-23148b84a7fe,PO-2295,SUP046,Hydration Hub,BB-2610,"Green Tea - Pure, Whole Leaf",257.0,257.0,2025-04-11,2025-04-14,2025-04-13,received,4.0,,,
affcfc7b-3f97-4ddf-a6f2-9f6802dd483f,PO-2296,SUP046,Hydration Hub,BB-20844,Nutrition & Health Drink - Creamy Classic,578.0,578.0,2025-03-11,2025-03-14,2025-03-19,received,4.0,,,
6a09b850-b864-40cf-a5d7-921ae977b7e9,PO-2297,SUP046,Hydration Hub,BB-24241,Herbal Tea - Organic Vedic Kadha,276.0,276.0,2025-10-07,2025-10-10,2025-10-08,received,5.0,,,
e5a9b852-b0f2-4121-9dbf-91104d267bd8,PO-2298,SUP046,Hydration Hub,BB-10770,"Giloy Juice - Supports Immunity, Energy & Digestion",220.0,220.0,2025-06-26,2025-06-29,2025-06-27,received,5.0,,,
a3d53c89-bcde-429f-b71f-bfa5cd55bba2,PO-2299,SUP046,Hydration Hub,BB-9941,Pineapple 100% Fruit Juice - No Added Sugar,2648.0,2648.0,2025-12-21,2025-12-24,2025-12-22,received,4.0,,,
f436ae0e-9766-477f-aee9-1d025ed54d6c,PO-2300,SUP045,DrinkWell Distributors,BB-23326,Nutrition & Health Drink - Kesar Badam,527.0,527.0,2026-03-12,2026-03-17,2026-03-17,received,4.0,,,
aa94b29b-9711-4f7d-8768-ec3aade93b83,PO-2301,SUP045,DrinkWell Distributors,BB-11516,Jamun Drink,903.0,903.0,2026-03-16,2026-03-21,2026-03-19,received,4.0,,,
ed9c995c-19ab-4be3-89eb-5bdb3aec64ce,PO-2302,SUP045,DrinkWell Distributors,BB-2610,"Green Tea - Pure, Whole Leaf",211.0,211.0,2025-10-14,2025-10-19,2025-10-17,received,5.0,,,
e9223455-4e31-4a40-8937-f0c0d7698575,PO-2303,SUP045,DrinkWell Distributors,BB-18428,Fruit Power Juice - Pineapple,1348.0,1348.0,2026-04-13,2026-04-18,2026-04-17,received,5.0,,,
4fec7d58-b9e3-4ce3-9479-5e2b76e8e242,PO-2305,SUP045,DrinkWell Distributors,BB-19836,Classic Instant Coffee,187.0,184.0,2026-05-23,2026-05-28,2026-05-29,received,4.0,,,
7cda7a5d-4d76-4983-aeb9-2e3df35e353d,PO-2306,SUP045,DrinkWell Distributors,BB-8168,Classic Instant Coffee,104.0,104.0,2025-06-04,2025-06-09,2025-06-09,received,5.0,,,
5eecfe5b-24a9-4245-8482-afcbbd8b386e,PO-2307,SUP045,DrinkWell Distributors,BB-3220,"Litchi & Aloe Vera Smoothie - 100% Natural, No Added Sugar",1057.0,1057.0,2025-05-04,2025-05-09,2025-05-14,received,4.0,,,
17b74140-581d-4504-8c9b-c7d16c0f261e,PO-2308,SUP045,DrinkWell Distributors,BB-7216,Masala Tea,765.0,765.0,2026-03-19,2026-03-24,2026-03-23,received,5.0,,,
27f6f1d5-02a0-414a-a053-9fab44c345c9,PO-2310,SUP045,DrinkWell Distributors,BB-3220,"Litchi & Aloe Vera Smoothie - 100% Natural, No Added Sugar",622.0,622.0,2025-06-18,2025-06-23,2025-06-21,received,4.0,,,
47b858f9-e213-4d7e-a850-ba2b92b1f530,PO-2311,SUP045,DrinkWell Distributors,BB-27473,Squash - Kokum,396.0,396.0,2025-06-14,2025-06-19,2025-06-22,received,4.0,,,
c9a6bca6-9378-468d-9a18-baa9be7da42a,PO-2312,SUP045,DrinkWell Distributors,BB-22574,Maaza Juice - Mango 1.5 L + Coca Cola Soft Drink 1.75 L Bottle,150.0,0.0,2026-05-29,2026-06-03,,cancelled,,,,
94bb1c1c-76f6-4f48-99f3-43c3a783650f,PO-2313,SUP045,DrinkWell Distributors,BB-5050,Insta - Nimbupaani,214.0,214.0,2025-01-19,2025-01-24,2025-01-25,received,4.0,,,
45e46e46-6105-4f4a-9658-afcecbbe438a,PO-2315,SUP033,HomeCare Solutions,BB-26133,"Incense sticks - Lia, Chandanam",816.0,816.0,2026-01-26,2026-01-31,2026-01-31,received,4.0,,,
307ce672-cbcb-4d94-b96d-beffe9ab3bcd,PO-2316,SUP033,HomeCare Solutions,BB-304,Matic Top Load Detergent Powder,70.0,70.0,2025-11-07,2025-11-12,2025-11-10,received,5.0,,,
37963bc7-e04e-4289-980a-515c74f7acf8,PO-2317,SUP033,HomeCare Solutions,BB-7456,"Spray - Home & Office Air Freshener, Violet Valley Bloom",274.0,274.0,2025-08-05,2025-08-10,2025-08-08,received,5.0,,,
cd583183-c081-41cd-9a70-1d012567ef45,PO-2318,SUP033,HomeCare Solutions,BB-1218,Single Line Spiral Book - 21x29.7 cm,449.0,449.0,2025-08-30,2025-09-04,2025-09-08,received,4.0,,,
64852859-7a8e-4155-80fb-8aaa530a039b,PO-2321,SUP033,HomeCare Solutions,BB-16342,"Detergent Powder - Matic, Top Load",111.0,111.0,2026-06-22,2026-06-27,2026-06-27,received,3.0,,,
d0dc764b-36bb-4871-96da-f6ad20796c39,PO-2322,SUP033,HomeCare Solutions,BB-2738,Kitchen Towel Paper Tissue Roll Pack of 2,198.0,198.0,2026-01-31,2026-02-05,2026-02-05,received,5.0,,,
88ac2335-c358-42e7-955a-297e695600f2,PO-2323,SUP033,HomeCare Solutions,BB-22082,"Dark blue Printed Pencil Pouch - Fabric &  PU, BB1255DE",349.0,349.0,2025-02-02,2025-02-07,2025-02-06,received,4.0,,,
2c5b31cc-303c-45e8-8fa9-bdc1e4ed36d4,PO-2324,SUP033,HomeCare Solutions,BB-2500,Air Effects Room Freshener - Anti Tobacco,229.0,229.0,2026-05-14,2026-05-19,2026-05-18,received,5.0,,,
56020a9a-e048-4ab8-ad49-bfa7208c529c,PO-2325,SUP033,HomeCare Solutions,BB-13586,Choumukha - Size 0,532.0,532.0,2026-02-15,2026-02-20,2026-02-19,received,4.0,,,
50d4c800-e677-4d22-97c4-ddc1b111192c,PO-2326,SUP033,HomeCare Solutions,BB-3793,Touch 'N' Fresh - Lemon,742.0,742.0,2025-10-24,2025-10-29,2025-10-28,received,5.0,,,
51bbbf3a-db8e-4958-85d4-16aa5c0d9b3b,PO-2327,SUP033,HomeCare Solutions,BB-12174,Plastic Broom,222.0,222.0,2025-05-06,2025-05-11,2025-05-10,received,5.0,,,
dfda9d35-84df-4d95-b670-2f251855e4b8,PO-2328,SUP033,HomeCare Solutions,BB-8803,"Laundry Basket With Handle - Printed Non-Woven Cloth, Majenta",64.0,0.0,2026-01-11,2026-01-16,,cancelled,,,,
583ba021-d189-45fe-adbb-644d62d732ff,PO-2329,SUP033,HomeCare Solutions,BB-3793,Touch 'N' Fresh - Lemon,658.0,658.0,2026-02-04,2026-02-09,2026-02-11,received,4.0,,,
66d5b424-22d9-41dd-b061-5f5a7afd2653,PO-2330,SUP031,CleanHome Supplies,BB-8258,"Toilet Roll - 2 Ply -100% Virgin Pulp/Paper, Pack of 4",162.0,158.0,2026-03-10,2026-03-15,2026-03-13,received,5.0,,,
f8ea5094-ff69-4722-beed-e31095ab16d0,PO-2331,SUP031,CleanHome Supplies,BB-10106,Maxx Spin Mop With 2 Refills - Aqua Green,65.0,65.0,2026-03-12,2026-03-17,2026-03-16,received,4.0,,,
8a2a10d1-fdac-4415-982f-23d5207349c7,PO-2332,SUP031,CleanHome Supplies,BB-15553,Stain Remover,222.0,222.0,2025-10-12,2025-10-17,2025-10-17,received,5.0,,,
82247a98-0173-42ca-9195-d40a5e2c73eb,PO-2333,SUP031,CleanHome Supplies,BB-21057,Eco Bake Cooking & Parchment Paper,411.0,411.0,2026-05-20,2026-05-25,2026-05-25,received,4.0,,,
3f9de6f4-b075-476e-9bc6-b4f093874601,PO-2334,SUP031,CleanHome Supplies,BB-10972,"Bathroom Cleaner Liquid - Lemon 1 L + Toilet Cleaner - Bleach, White & Shine - 500 ml",347.0,332.0,2026-06-25,2026-06-30,2026-06-28,received,5.0,,,
9ea1f292-1759-4347-9865-2096dcca9416,PO-2335,SUP031,CleanHome Supplies,BB-1045,Washing Machine Cleaner,287.0,287.0,2025-06-03,2025-06-08,2025-06-06,received,4.0,,,
ab861ad0-ddbb-4840-9395-f66b582d9827,PO-2336,SUP031,CleanHome Supplies,BB-3367,Aluminium Foil - 18 Microns,376.0,376.0,2026-04-04,2026-04-09,2026-04-08,received,5.0,,,
49bf3642-575a-40ff-bdf0-618013edbecf,PO-2337,SUP031,CleanHome Supplies,BB-10938,Scrub Pad,870.0,870.0,2025-08-25,2025-08-30,2025-08-30,received,5.0,,,
e9c499e9-9286-45e9-a7fd-bd5012cd7a32,PO-2338,SUP031,CleanHome Supplies,BB-20384,Maharaja Plastic Soap Case - Lily Garden Brown,2071.0,0.0,2025-11-04,2025-11-09,,cancelled,,,,
8bc6fadf-bcb2-4b71-9564-584eac4eb005,PO-2339,SUP031,CleanHome Supplies,BB-25618,Pencil Smart Kit,120.0,118.0,2026-05-01,2026-05-06,2026-05-07,received,4.0,,,
bff8dd53-f3a7-4ff4-83dd-2f77a7a2a18e,PO-2340,SUP031,CleanHome Supplies,BB-19878,"Shoe Shiner Sponge - Black, Handy Shine",1171.0,1171.0,2026-02-13,2026-02-18,2026-02-16,received,4.0,,,
7de5acf5-2f49-4386-bdeb-52a4571a5c31,PO-2341,SUP031,CleanHome Supplies,BB-16165,Sapphire Storage Container - Assorted Colour,313.0,290.0,2025-10-30,2025-11-04,2025-11-03,received,4.0,,,
83638055-bb78-49c5-b186-a94aa1fd8cc8,PO-2342,SUP031,CleanHome Supplies,BB-15553,Stain Remover,250.0,231.0,2026-02-12,2026-02-17,2026-02-17,received,5.0,,,
f27c416f-4d9e-4c7b-a400-7d03d47402ef,PO-2343,SUP031,CleanHome Supplies,BB-26992,Natural Mosquito Repellent,315.0,0.0,2025-04-19,2025-04-24,,cancelled,,,,
1a15d3b4-7dd1-4306-a299-18febde5b18e,PO-2344,SUP031,CleanHome Supplies,BB-8691,"Christmas-Xmas Paper Hangable Santa Snowman Decoration - Multicolour, BB1126-5",797.0,797.0,2026-01-23,2026-01-28,2026-01-26,received,4.0,,,
7acb22fd-5619-4f10-a612-668882d21ba6,PO-2345,SUP032,SparkleClean Distributors,BB-14045,So Soft 3 Ply - Toilet Tissue Rolls,266.0,246.0,2026-06-03,2026-06-07,2026-06-11,received,5.0,,,
5e3d23cd-3dc7-4794-b401-c8960d0a0469,PO-2346,SUP032,SparkleClean Distributors,SKU-W-01,Premium Umbrella,622.0,622.0,2025-09-26,2025-09-30,2025-09-30,received,5.0,,,
d7fc75a2-beda-477b-b4ee-34e205f58d5c,PO-2347,SUP032,SparkleClean Distributors,BB-3793,Touch 'N' Fresh - Lemon,479.0,479.0,2025-11-09,2025-11-13,2025-11-13,received,5.0,,,
cf0bb706-ce7d-4c51-8a5f-7b9ff5d19b20,PO-2350,SUP032,SparkleClean Distributors,BB-25435,"Spiral Notebook - Single Line, 6 Subjects, 300 Pages",658.0,658.0,2026-02-13,2026-02-17,2026-02-16,received,3.0,,,
ed27b779-b347-43fc-959a-82da69eaf5ed,PO-2351,SUP032,SparkleClean Distributors,BB-17574,Incense Sticks - Dasara,1335.0,1335.0,2025-11-18,2025-11-22,2025-11-24,received,5.0,,,
971f6179-1360-496f-941a-a2c9710673d1,PO-2353,SUP032,SparkleClean Distributors,BB-16892,Octane Colour Fest Blue Ball Pen,1406.0,1406.0,2025-05-15,2025-05-19,2025-05-18,received,4.0,,,
794bc7c7-1f77-4fa6-99e9-9bd5f993d3e5,PO-2354,SUP032,SparkleClean Distributors,BB-8131,Camphor Tablets,3148.0,2902.0,2026-05-25,2026-05-29,2026-05-29,received,4.0,,,
c7bf97d1-98c7-4d79-96b3-98599c490a5a,PO-2355,SUP032,SparkleClean Distributors,BB-7442,K120 USB Keyboard Wired,44.0,44.0,2025-06-02,2025-06-06,2025-06-06,received,4.0,,,
3f9fd9aa-ccb7-4cda-a6e4-ccdf379fee7b,PO-2356,SUP032,SparkleClean Distributors,BB-18639,Fabric Conditioner - Ocean Breeze,531.0,510.0,2025-09-14,2025-09-18,2025-09-16,received,5.0,,,
510a13b4-1073-4732-aa5c-9ea278f61e88,PO-2357,SUP032,SparkleClean Distributors,BB-24761,Tap Cleaner,234.0,234.0,2025-03-28,2025-04-01,2025-04-01,received,5.0,,,
b8801421-e8c2-40b0-a8fd-3bc57e29f747,PO-2358,SUP032,SparkleClean Distributors,BB-6384,"Multi Utility Plastic Basket - Small, Smokey Grey, Royal",751.0,751.0,2026-02-15,2026-02-19,2026-02-19,received,4.0,,,
a0d7e10e-47a6-4952-b078-5621cf1ea349,PO-2359,SUP032,SparkleClean Distributors,BB-6764,Casablanca Serving Tray - Small & Medium,203.0,197.0,2025-03-25,2025-03-29,2025-03-27,received,5.0,,,
de98a972-116f-4489-a7ba-105266ee89d1,PO-2360,SUP034,FreshHome Wholesale,BB-13394,Dustpack & Brush - Mini,301.0,301.0,2026-03-09,2026-03-15,2026-03-15,received,4.0,,,
ff130585-0d49-43bb-aa80-1f8d3c27f61c,PO-2361,SUP034,FreshHome Wholesale,BB-9379,Complete Detergent Washing Powder,706.0,671.0,2026-01-21,2026-01-27,2026-01-27,received,5.0,,,
d3b43105-dd18-4533-9462-a6f68469aa66,PO-2362,SUP034,FreshHome Wholesale,BB-14632,Soild Gel Air Freshener - After The Rain Inspiration,208.0,208.0,2026-02-05,2026-02-11,2026-02-10,received,5.0,,,
94040d46-a3a4-4b26-9404-d194e49f4a82,PO-2363,SUP034,FreshHome Wholesale,BB-23722,"Plastic Basket Fruit & Vegetable Colander/Strainer - Small, Blue, Deluxe, 13220 OI",1091.0,1091.0,2025-12-30,2026-01-05,2026-01-05,received,5.0,,,
c2dbd05e-5bf6-4254-ad07-50aac4542880,PO-2365,SUP034,FreshHome Wholesale,BB-27392,Industrial Wiper,64.0,64.0,2025-02-13,2025-02-19,2025-02-18,received,4.0,,,
3066cca7-4630-4653-bd31-2b13c1870937,PO-2367,SUP034,FreshHome Wholesale,BB-17887,"Imported Toilet Tissue Paper - Perfumed, Powder Scented 3Ply",118.0,118.0,2025-12-03,2025-12-09,2025-12-07,received,4.0,,,
9a7e3dab-36c3-45aa-a38a-98e7df331358,PO-2368,SUP034,FreshHome Wholesale,BB-10928,Mug 178 Frosty Deluxe Mug - Blue,1846.0,1846.0,2025-09-01,2025-09-07,2025-09-07,received,4.0,,,
ad12d7c4-f4f1-4e13-8ff9-ff1b501dee27,PO-2369,SUP034,FreshHome Wholesale,BB-5341,Adhesive - Shoe Fix Shoe Repair,615.0,0.0,2026-01-03,2026-01-09,,cancelled,,,,
92a71603-f807-4b5f-9dc1-615acada1757,PO-2371,SUP034,FreshHome Wholesale,BB-12174,Plastic Broom,558.0,558.0,2025-08-31,2025-09-06,2025-09-07,received,5.0,,,
21d11c62-609c-4b8a-8ab1-810785224fba,PO-2372,SUP034,FreshHome Wholesale,BB-11357,"Brass Deepa Matki - Round, No.2",236.0,236.0,2025-03-08,2025-03-14,2025-03-13,received,4.0,,,
d19be965-5d05-4f29-ae45-7f25cdf24c30,PO-2373,SUP034,FreshHome Wholesale,BB-1564,Bathroom Tile Scrubber Brush,412.0,412.0,2026-05-05,2026-05-11,2026-05-09,received,4.0,,,
ecd0a06c-4651-4a09-998a-017d10881e3c,PO-2374,SUP034,FreshHome Wholesale,BB-7244,Brass Prasad Plate - 7 Inch,471.0,471.0,2025-09-12,2025-09-18,2025-09-21,received,5.0,,,
d36e066e-d572-43a7-9b0e-be635da837ec,PO-2375,SUP036,EcoClean India,BB-20461,Intense Gel Mountain Fresh,208.0,208.0,2025-02-10,2025-02-15,2025-02-14,received,5.0,,,
d1b1eff5-23e7-4e00-8ed9-88fb860e23b5,PO-2376,SUP036,EcoClean India,BB-16496,"Decorative Wax Candles Scented - Pink, BB-1263- Rose",489.0,0.0,2025-09-09,2025-09-14,,cancelled,,,,
def3a042-d707-4a99-aaff-4545548e88a3,PO-2377,SUP036,EcoClean India,BB-10106,Maxx Spin Mop With 2 Refills - Aqua Green,37.0,37.0,2026-06-09,2026-06-14,2026-06-16,received,5.0,,,
65ea36be-ef7d-4f5e-8488-cb7b75a5f5c3,PO-2378,SUP036,EcoClean India,BB-2234,Mystic Rose - Toilet Air Freshener,445.0,445.0,2025-07-27,2025-08-01,2025-08-03,received,4.0,,,
a76ec9fb-9671-42c0-b382-1b73caff650f,PO-2379,SUP036,EcoClean India,BB-18580,Steel Mop,134.0,134.0,2026-04-25,2026-04-30,2026-04-29,received,4.0,,,
d3208daf-9a1a-470e-850f-aad619d80668,PO-2380,SUP036,EcoClean India,BB-19743,Cleaning Acid,1122.0,1122.0,2025-05-24,2025-05-29,2025-05-29,received,4.0,,,
80ba0254-808a-471c-925b-8b26e2d61f53,PO-2382,SUP036,EcoClean India,BB-9657,Plastic Dustbin / Garbage Bin swing with Lid - Grey Colour,92.0,86.0,2026-02-14,2026-02-19,2026-02-17,received,5.0,,,
7704b40b-e21b-4ae0-b507-ace3af9af98b,PO-2383,SUP036,EcoClean India,BB-8435,Agarbathi - Variety Combi Pcke Pure,476.0,476.0,2025-01-16,2025-01-21,2025-01-20,received,3.0,,,
0c441764-2ae9-4d2b-9b96-4d3560fdf10c,PO-2384,SUP036,EcoClean India,BB-304,Matic Top Load Detergent Powder,126.0,126.0,2025-07-29,2025-08-03,2025-08-06,received,4.0,,,
584dc9dc-f874-49ac-89eb-e6a303540f6d,PO-2385,SUP036,EcoClean India,BB-10800,"Wet Mop - Floor Cleaning Cotton With Steel Stick, Medium",262.0,262.0,2025-06-14,2025-06-19,2025-06-24,received,4.0,,,
b2c7ea6a-be4c-46c2-b10e-ae840f429650,PO-2386,SUP036,EcoClean India,BB-1307,Lavender Potpourri,256.0,256.0,2025-08-15,2025-08-20,2025-08-20,received,4.0,,,
6b76a701-cec7-47cb-90e3-5be2d625e5a9,PO-2387,SUP036,EcoClean India,BB-23826,"Ball Hanging Rice Paper Decorative Lantern - Kandal White, 14 Inch",517.0,517.0,2025-11-24,2025-11-29,2025-11-28,received,5.0,,,
88e4932a-2f34-4bd0-bc6a-16510582724b,PO-2388,SUP036,EcoClean India,BB-12188,Cereal Flip Lid Container/Storage Jar - Assorted Colour,681.0,681.0,2025-01-31,2025-02-05,2025-02-03,received,4.0,,,
498bd026-d1d6-4ff2-ba9a-896f5b793ca4,PO-2389,SUP036,EcoClean India,BB-25526,Colour Pencils,501.0,501.0,2025-08-20,2025-08-25,2025-08-25,received,5.0,,,
e9571f22-8ed3-48ff-8913-d8d7e28d69d5,PO-2390,SUP035,HygieneFirst Supplies,BB-6186,"Decorative Wax Scented Candles & Holder - Red, BB-1263, Strawberry",223.0,203.0,2025-12-05,2025-12-09,2025-12-07,received,4.0,,,
e68be772-9c30-4992-9c5f-4c579680cdcb,PO-2391,SUP035,HygieneFirst Supplies,BB-11243,Plastic Dustbin - Peach,255.0,255.0,2026-04-05,2026-04-09,2026-04-10,received,5.0,,,
23af3b6f-f790-43de-9090-40dcdd0aa743,PO-2392,SUP035,HygieneFirst Supplies,BB-19206,"Envelope - Cloth Lined, Green, 10 x 8 inches",283.0,283.0,2025-08-18,2025-08-22,2025-08-22,received,4.0,,,
04c369af-3721-424e-bd56-485b96ba8506,PO-2393,SUP035,HygieneFirst Supplies,BB-1948,"Brass Dhoop Aarti With Wooden Handle,No.3",329.0,329.0,2026-03-05,2026-03-09,2026-03-09,received,4.0,,,
b5d1b936-2b02-42cc-b2b9-23e4bb02ea81,PO-2394,SUP035,HygieneFirst Supplies,BB-26795,Solitaire Multi-Purpose Plastic Basket 334 With Lid - Assorted Colour,141.0,141.0,2025-12-04,2025-12-08,2025-12-07,received,5.0,,,
7cd2b98f-15a3-4a52-b5ea-aba91bae6967,PO-2395,SUP035,HygieneFirst Supplies,BB-18599,Single Line Soft Bound Long Book 19x31 Cm,1571.0,1571.0,2025-10-26,2025-10-30,2025-10-29,received,4.0,,,
b53bc255-f713-4487-a61e-e64c12e0b0a5,PO-2396,SUP035,HygieneFirst Supplies,BB-10800,"Wet Mop - Floor Cleaning Cotton With Steel Stick, Medium",330.0,330.0,2026-05-13,2026-05-17,2026-05-16,received,5.0,,,
0ec9445a-cc16-468f-8a0c-3c0af247856e,PO-2397,SUP035,HygieneFirst Supplies,BB-3367,Aluminium Foil - 18 Microns,332.0,332.0,2025-07-04,2025-07-08,2025-07-13,received,5.0,,,
7bcb2d45-8db7-45d5-862e-464bfbcd4905,PO-2398,SUP035,HygieneFirst Supplies,BB-8697,Fevicryl - Pearl Kit,705.0,705.0,2026-02-19,2026-02-23,2026-02-27,received,4.0,,,
67e56dd2-4a28-461d-82fc-f4d68e7ce452,PO-2399,SUP035,HygieneFirst Supplies,BB-4823,Geometry Box - Asteroid,342.0,342.0,2025-03-09,2025-03-13,2025-03-11,received,4.0,,,
9692a289-fcde-49b0-ad8c-4d6bff061846,PO-2400,SUP035,HygieneFirst Supplies,BB-15099,"Decorative Scented Candles - White, BB-1259-3 White",250.0,250.0,2025-07-30,2025-08-03,2025-08-07,received,4.0,,,
ad2c19bd-4ed3-424e-8c28-13417c312cd2,PO-2401,SUP035,HygieneFirst Supplies,BB-13292,Selpak Kitchen Towel Paper Tissue Roll 100pcs + Vim Dishwash Gel - Lemon 500ml,164.0,164.0,2025-02-28,2025-03-04,2025-03-03,received,4.0,,,
100b8693-712b-4eef-95c7-b94b8804c72d,PO-2402,SUP035,HygieneFirst Supplies,BB-1307,Lavender Potpourri,306.0,306.0,2026-03-16,2026-03-20,2026-03-19,received,4.0,,,
f9227ee4-3461-44d9-8ffe-70026d50c638,PO-2403,SUP035,HygieneFirst Supplies,BB-22393,Cosmos Premium Plastic Soap Dish - Assorted Colour,560.0,560.0,2025-10-27,2025-10-31,2025-11-04,received,4.0,,,
82ccc90c-daad-480c-ad07-468ac418f76f,PO-2404,SUP035,HygieneFirst Supplies,BB-6442,Powder - Sandal,2571.0,2571.0,2025-04-14,2025-04-18,2025-04-16,received,5.0,,,
04740422-daad-427e-99dd-0d1566c2cec9,PO-2405,SUP058,ProteinFresh Suppliers,BB-15249,Sausages - Smoked Chicken,543.0,543.0,2025-02-20,2025-02-24,2025-02-23,received,5.0,,,
c3d722b3-3fb7-402d-8e97-3cbdf2291343,PO-2406,SUP058,ProteinFresh Suppliers,BB-19414,Chicken - Salami Plain Slice,322.0,322.0,2025-05-14,2025-05-18,2025-05-16,received,4.0,,,
782f47d1-8ba0-4142-ac7e-1e87e6db1aab,PO-2407,SUP058,ProteinFresh Suppliers,BB-24749,Buffalo Mince,238.0,227.0,2026-05-02,2026-05-06,2026-05-11,received,3.0,,,
7ca9ac1f-f8ec-40c1-ae2a-d073a2846027,PO-2408,SUP058,ProteinFresh Suppliers,BB-17615,Chicken Cheese Sausages,252.0,252.0,2026-02-01,2026-02-05,2026-02-03,received,4.0,,,
3c462eb2-9ec2-4a8f-acd8-0d051e7f680a,PO-2409,SUP058,ProteinFresh Suppliers,BB-5388,"Pork - Mortadella with Pistachios, P.G.I, Sliced",131.0,128.0,2025-08-31,2025-09-04,2025-09-07,received,5.0,,,
82648299-150e-4f7c-a32f-9eb89efa2441,PO-2410,SUP058,ProteinFresh Suppliers,BB-22441,Pork - Garlic Sausage,177.0,160.0,2026-06-25,2026-06-29,2026-06-29,received,5.0,,,
9badc392-cc69-4361-87c6-5c1830bda563,PO-2411,SUP058,ProteinFresh Suppliers,BB-14935,Fresh Catch Prawn Torpedoes,122.0,122.0,2025-07-01,2025-07-05,2025-07-05,received,5.0,,,
5123a12e-6839-46bf-a77c-0cb2eddcc0ad,PO-2412,SUP058,ProteinFresh Suppliers,BB-22905,"Prawns - Jumbo, Peeled & Deveined",237.0,237.0,2025-08-12,2025-08-16,2025-08-15,received,5.0,,,
04357285-d4b4-44f6-a954-c2bdeee12325,PO-2413,SUP058,ProteinFresh Suppliers,BB-24749,Buffalo Mince,108.0,108.0,2025-12-23,2025-12-27,2025-12-30,received,4.0,,,
857d8b20-552d-47ce-8c55-ec6ebee5424b,PO-2414,SUP058,ProteinFresh Suppliers,BB-5388,"Pork - Mortadella with Pistachios, P.G.I, Sliced",82.0,82.0,2026-02-16,2026-02-20,2026-02-20,received,4.0,,,
c32c074e-4f80-44d6-a741-75667797c662,PO-2415,SUP058,ProteinFresh Suppliers,BB-23320,Canned Sardine - in Brine,451.0,434.0,2026-04-08,2026-04-12,2026-04-16,received,5.0,,,
3b124be0-c182-4ee5-88f0-691e70a64d6f,PO-2416,SUP058,ProteinFresh Suppliers,BB-26867,"Pork - Salami Milano, Sliced",184.0,184.0,2025-03-25,2025-03-29,2025-03-28,received,4.0,,,
225d4101-a174-47d2-b96a-faac0315fa63,PO-2417,SUP058,ProteinFresh Suppliers,BB-23320,Canned Sardine - in Brine,931.0,931.0,2026-06-26,2026-06-30,2026-07-02,received,4.0,,,
67701e92-1084-4966-b795-d4f7662fd01f,PO-2418,SUP058,ProteinFresh Suppliers,BB-2498,Fried Strips - Chicken,420.0,420.0,2025-06-23,2025-06-27,2025-06-26,received,4.0,,,
8d548af8-0c43-4b61-8bc7-c1a1d01fc7a9,PO-2419,SUP058,ProteinFresh Suppliers,BB-24749,Buffalo Mince,249.0,249.0,2026-04-13,2026-04-17,2026-04-16,received,4.0,,,
ff01bbd0-58c7-4ba0-830f-6779ef32d334,PO-2420,SUP057,FreshCatch Meats,BB-26867,"Pork - Salami Milano, Sliced",137.0,137.0,2025-10-25,2025-10-28,2025-10-26,received,4.0,,,
550ed3ae-ca3c-4bba-a3ba-79cb13bbbd53,PO-2422,SUP057,FreshCatch Meats,BB-2498,Fried Strips - Chicken,130.0,130.0,2025-03-10,2025-03-13,2025-03-18,received,4.0,,,
6de83e19-de9c-46b0-a071-39b78d6e4a7a,PO-2423,SUP057,FreshCatch Meats,BB-853,Fresh Catch Basa Fish Portions,235.0,235.0,2025-09-10,2025-09-13,2025-09-11,received,5.0,,,
4b9bc68d-1a76-4b8f-a4ce-802127ac49da,PO-2424,SUP057,FreshCatch Meats,BB-25186,Catla Fish Large Curry Cut 1kg+Chicken Breast Boneless 500G+Chicken Mince 500G,65.0,65.0,2026-05-02,2026-05-05,2026-05-03,received,5.0,,,
fc534064-5b8a-4154-989d-cce06cddedc1,PO-2425,SUP057,FreshCatch Meats,BB-853,Fresh Catch Basa Fish Portions,98.0,90.0,2025-09-13,2025-09-16,2025-09-16,received,4.0,,,
95274995-a106-496b-93f9-29d6598ca634,PO-2426,SUP057,FreshCatch Meats,BB-20639,"Mutton - Boneless, 2-3 pcs, Antibiotic Residue-Free, Growth Hormone-Free",74.0,71.0,2025-10-13,2025-10-16,2025-10-16,received,5.0,,,
8ce2244d-d2c9-494d-8283-0eb94c72ac2a,PO-2427,SUP057,FreshCatch Meats,BB-22441,Pork - Garlic Sausage,221.0,221.0,2025-10-09,2025-10-12,2025-10-12,received,5.0,,,
92354672-ca34-4816-837d-341844e43324,PO-2428,SUP057,FreshCatch Meats,BB-22242,Chicken Nuremberg,145.0,145.0,2026-02-05,2026-02-08,2026-02-12,received,4.0,,,
da4db165-e43c-43bd-814a-0f9f11bc62af,PO-2429,SUP057,FreshCatch Meats,BB-22905,"Prawns - Jumbo, Peeled & Deveined",137.0,137.0,2025-04-09,2025-04-12,2025-04-10,received,4.0,,,
8b7bea45-90eb-4959-af8a-3d4a3b5bcc5d,PO-2430,SUP057,FreshCatch Meats,BB-5388,"Pork - Mortadella with Pistachios, P.G.I, Sliced",117.0,117.0,2026-03-07,2026-03-10,2026-03-09,received,5.0,,,
ff602066-3f4a-43ed-a9ee-121205346ae0,PO-2431,SUP057,FreshCatch Meats,BB-8188,"Ham - Champagine Chicken, Smoked",371.0,371.0,2025-11-06,2025-11-09,2025-11-08,received,4.0,,,
bdc7da4d-6d2b-4471-8d72-7bbacde9f9e2,PO-2433,SUP057,FreshCatch Meats,BB-23659,Fish Fillet - Breaded,313.0,0.0,2025-08-14,2025-08-17,,cancelled,,,,
e69bc9c9-f9f8-4a99-812e-226176556d03,PO-2435,SUP059,FarmEggs & Poultry,BB-5388,"Pork - Mortadella with Pistachios, P.G.I, Sliced",140.0,140.0,2025-04-17,2025-04-20,2025-04-19,received,4.0,,,
9c6d701c-d538-4d8c-90a6-0b6739139868,PO-2436,SUP059,FarmEggs & Poultry,BB-15249,Sausages - Smoked Chicken,295.0,295.0,2025-05-29,2025-06-01,2025-06-01,received,4.0,,,
21488369-ab6c-4ecc-9d17-e124e0a32541,PO-2437,SUP059,FarmEggs & Poultry,BB-20085,Frozen Basa Chunks,379.0,379.0,2025-07-23,2025-07-26,2025-07-29,received,5.0,,,
12081146-531e-498d-9187-0a14a6eeda52,PO-2438,SUP059,FarmEggs & Poultry,BB-14935,Fresh Catch Prawn Torpedoes,128.0,128.0,2025-05-08,2025-05-11,2025-05-10,received,5.0,,,
c293944f-b03b-44e3-b2d6-205a6f9ce1be,PO-2439,SUP059,FarmEggs & Poultry,BB-2071,"Roopchand Fish - Slice, Preservative Free, 10-14 pcs",232.0,232.0,2026-05-30,2026-06-02,2026-05-31,received,5.0,,,
7a49e614-2d21-41a9-b9f0-1e75564d38e0,PO-2440,SUP059,FarmEggs & Poultry,BB-3029,"Sausage - Pork, Super Bacon",170.0,170.0,2026-03-03,2026-03-06,2026-03-05,received,5.0,,,
af8d36e6-0a1a-43f0-936e-9c3326687993,PO-2441,SUP059,FarmEggs & Poultry,BB-26867,"Pork - Salami Milano, Sliced",186.0,186.0,2026-03-12,2026-03-15,2026-03-14,received,4.0,,,
dae62361-c10c-4e61-aa4c-147e69ffedc1,PO-2442,SUP059,FarmEggs & Poultry,BB-23659,Fish Fillet - Breaded,259.0,259.0,2025-04-22,2025-04-25,2025-04-24,received,5.0,,,
e05c3bc7-6031-4ce3-84c4-8cb3f3b1ef52,PO-2443,SUP059,FarmEggs & Poultry,BB-2071,"Roopchand Fish - Slice, Preservative Free, 10-14 pcs",531.0,531.0,2026-05-01,2026-05-04,2026-05-04,received,5.0,,,
a8329857-97b2-45e4-917b-afffe0b928e6,PO-2444,SUP059,FarmEggs & Poultry,BB-19414,Chicken - Salami Plain Slice,390.0,390.0,2026-04-23,2026-04-26,2026-05-01,received,4.0,,,
59317558-e66c-4537-9d1e-8af468b26611,PO-2445,SUP059,FarmEggs & Poultry,BB-15249,Sausages - Smoked Chicken,238.0,238.0,2025-04-18,2025-04-21,2025-04-20,received,4.0,,,
61b9ee50-3520-4953-88e3-4d4947b55c94,PO-2446,SUP059,FarmEggs & Poultry,BB-14935,Fresh Catch Prawn Torpedoes,158.0,158.0,2025-10-20,2025-10-23,2025-10-22,received,4.0,,,
4ae2c54f-447d-4832-b157-3c0a29f27435,PO-2447,SUP059,FarmEggs & Poultry,BB-10906,Seer Fish,605.0,605.0,2025-10-04,2025-10-07,2025-10-06,received,4.0,,,
ab309cf2-5f46-4b05-9b93-c8fe5c01ccfc,PO-2448,SUP059,FarmEggs & Poultry,BB-8188,"Ham - Champagine Chicken, Smoked",350.0,350.0,2025-03-01,2025-03-04,2025-03-05,received,3.0,,,
ab7117df-34b4-4555-b4bb-0877f946eb41,PO-2449,SUP059,FarmEggs & Poultry,BB-665,"Pork - Speck Ham, Meat",91.0,91.0,2026-03-01,2026-03-04,2026-03-07,received,4.0,,,
e0dc9373-9098-46e4-aeb5-0fff8d158844,PO-2450,SUP041,Masala King,BB-12282,Organic - Bay Leaf/Lavangada Ele,1935.0,1935.0,2026-04-02,2026-04-05,2026-04-08,received,4.0,,,
d9d4ae29-b8cd-49d1-bb50-be0e1879af8e,PO-2451,SUP041,Masala King,BB-6623,Grinder - Rock Salt,573.0,573.0,2025-12-08,2025-12-11,2025-12-10,received,4.0,,,
776d4459-c201-4691-8837-6351cb5b594c,PO-2452,SUP041,Masala King,BB-20618,"Select - Chai Masala, Cinnamon",1245.0,1169.0,2026-03-16,2026-03-19,2026-03-19,received,4.0,,,
dbf9fb9b-e491-4d18-b7e4-060bdfbafbce,PO-2453,SUP041,Masala King,BB-11451,Roasted Rava,400.0,400.0,2026-06-08,2026-06-11,2026-06-10,received,5.0,,,
ad49f24e-366b-4967-9ce7-14ee546c350d,PO-2454,SUP041,Masala King,BB-3462,"Organic - Mustard/Sasive/Rai, Small",643.0,579.0,2025-02-07,2025-02-10,2025-02-14,received,4.0,,,
9a804a23-4b72-4519-8055-cb2905013e46,PO-2455,SUP041,Masala King,BB-1929,Organic - Rice Rawa,444.0,444.0,2025-05-14,2025-05-17,2025-05-22,received,5.0,,,
33deb998-1571-4c5e-883a-cc4ef7460d73,PO-2457,SUP041,Masala King,BB-11451,Roasted Rava,347.0,347.0,2025-02-18,2025-02-21,2025-02-19,received,5.0,,,
9ed34f35-f349-47ed-a034-52cd7445bb1f,PO-2458,SUP041,Masala King,BB-14032,Saindhava Lavana Crystal Rock Salt,172.0,172.0,2026-01-08,2026-01-11,2026-01-12,received,4.0,,,
b368dc98-f36d-405f-9fb5-4dcbfbff8a68,PO-2459,SUP041,Masala King,BB-26540,Fields Of Gold - Basil Seeds,348.0,348.0,2026-03-17,2026-03-20,2026-03-18,received,5.0,,,
0614c2d8-d6ed-4605-a03b-1c5e7b5cf44c,PO-2460,SUP041,Masala King,BB-21357,Organic - Barley Flour/Jave Godhi,1285.0,1285.0,2025-05-18,2025-05-21,2025-05-26,received,4.0,,,
c6880b8d-7eaf-49d7-80eb-ebb15e00732c,PO-2461,SUP041,Masala King,BB-8709,Dhara  Oil - Groundnut 5L + Madhur Sugar - Refined 1Kg,49.0,49.0,2026-05-18,2026-05-21,2026-05-21,received,5.0,,,
80b8b9dd-4143-431a-85b4-4d5fbee9e538,PO-2462,SUP041,Masala King,BB-14912,Ragi Flour/Ragi Hittu,2035.0,2035.0,2025-06-20,2025-06-23,2025-06-21,received,4.0,,,
cb6502c7-3f48-40d0-8dbd-420301db9601,PO-2463,SUP041,Masala King,BB-3152,"Kohinoor Basmati Rice -Extra Long, Gold 1 Kg & Garam Masala-E-Khaas, 40 g",428.0,428.0,2025-06-13,2025-06-16,2025-06-15,received,3.0,,,
ff53c9cd-5126-491c-90f2-d72cef45b699,PO-2464,SUP041,Masala King,BB-13142,Powder - Stevia White,256.0,256.0,2025-09-16,2025-09-19,2025-09-23,received,4.0,,,
0bb96ddf-2e8f-4c9e-b00a-81bab83c9af2,PO-2465,SUP038,OilTrade AP,BB-3129,Organic - Cashew/Godambi Whole Bold,112.0,112.0,2025-03-29,2025-04-03,2025-04-08,received,4.0,,,
301407da-5a2c-4553-ad7d-8a84104ae3c4,PO-2466,SUP038,OilTrade AP,BB-5331,Pearl Millet/Bajra Vermicelli,1375.0,1375.0,2026-04-04,2026-04-09,2026-04-12,received,4.0,,,
1ce47428-0204-46bd-93da-e63c418cba82,PO-2467,SUP038,OilTrade AP,BB-15051,Kernel - Plain,82.0,82.0,2026-03-28,2026-04-02,2026-04-07,received,4.0,,,
02a76c73-0444-4041-8020-0b6b72f6a9e0,PO-2468,SUP038,OilTrade AP,BB-3102,Organic - Sugar/Sakkare,421.0,421.0,2025-09-23,2025-09-28,2025-09-28,received,5.0,,,
500936ed-e884-4107-bd9d-b9e2dbc47c6c,PO-2469,SUP038,OilTrade AP,BB-2231,Certified Organic - Watermelon Seeds/Kallangadi Bija,759.0,759.0,2026-01-04,2026-01-09,2026-01-10,received,4.0,,,
84b185b6-f8f7-462b-87ff-a4c985ec6360,PO-2470,SUP038,OilTrade AP,BB-21315,Desiccated Coconut Powder,1004.0,1004.0,2025-07-26,2025-07-31,2025-08-04,received,5.0,,,
7bed3aad-80e7-4bbb-a822-08cf21f5404a,PO-2471,SUP038,OilTrade AP,BB-24194,Mixed Herbs,492.0,492.0,2026-01-23,2026-01-28,2026-01-28,received,4.0,,,
341f4579-99a3-4f7e-bfc8-9ed76e22826c,PO-2472,SUP038,OilTrade AP,BB-21623,Shahi Sabji Masala,866.0,866.0,2025-08-04,2025-08-09,2025-08-08,received,4.0,,,
31fd3f6a-9333-49c3-a42c-7f29427048fb,PO-2473,SUP038,OilTrade AP,BB-1679,Fortified Rice Bran Oil,184.0,166.0,2025-11-03,2025-11-08,2025-11-12,received,4.0,,,
9565a7fc-5cd5-48a4-8d70-e305397652ce,PO-2474,SUP038,OilTrade AP,BB-11754,Organic - Moth/Patanga Huruli - Whole,747.0,747.0,2026-02-05,2026-02-10,2026-02-10,received,4.0,,,
7504654a-2f0a-4031-8c02-add02078c9f6,PO-2475,SUP038,OilTrade AP,BB-5473,Organic Watermellon Seed,495.0,0.0,2025-07-01,2025-07-06,,cancelled,,,,
d6a574a2-c3fe-4a21-af54-412b18caeafb,PO-2476,SUP038,OilTrade AP,BB-15271,Fairtrade Malabar Three Peppercorns In Grinder,277.0,277.0,2026-02-23,2026-02-28,2026-02-27,received,5.0,,,
c8b718f5-9d6f-48ee-88b0-e065cfa7f197,PO-2477,SUP038,OilTrade AP,BB-21960,Organic - White Pepper,1208.0,1208.0,2026-01-09,2026-01-14,2026-01-13,received,5.0,,,
d043afb9-7861-4749-b54c-fbc924daf11c,PO-2478,SUP038,OilTrade AP,BB-3129,Organic - Cashew/Godambi Whole Bold,86.0,79.0,2025-11-10,2025-11-15,2025-11-19,received,4.0,,,
bd690caf-b4c5-4037-94fc-5f48f993860b,PO-2479,SUP038,OilTrade AP,BB-22218,Biryani Basmati Rice - Extra Long,251.0,251.0,2026-06-19,2026-06-24,2026-06-24,received,4.0,,,
4762a9c8-ce55-4c97-a39f-eff6e6e90a68,PO-2480,SUP037,GrainCo Vijayawada,BB-16351,Sambar Masala,1391.0,1391.0,2026-06-28,2026-07-03,2026-07-02,received,4.0,,,
8ea82cb8-bdf5-4fd4-8648-4db8c21f4f37,PO-2481,SUP037,GrainCo Vijayawada,BB-21292,BB Popular Sugar 5 kg + BB Royal Honey 500 gm,205.0,205.0,2025-05-26,2025-05-31,2025-06-01,received,4.0,,,
4414c2b0-c4f7-4fbf-8684-8a141b98acfc,PO-2482,SUP037,GrainCo Vijayawada,BB-25206,Organic Raisins,1072.0,1072.0,2026-06-21,2026-06-26,2026-06-26,received,4.0,,,
571ca3a5-1487-4dda-8ea1-38abbba0a336,PO-2483,SUP037,GrainCo Vijayawada,BB-3420,Wheat Flour,47.0,47.0,2026-06-17,2026-06-22,2026-06-20,received,4.0,,,
3545d6b7-6b12-4ac3-9229-c99a1942edf5,PO-2484,SUP037,GrainCo Vijayawada,BB-26150,Organic - Biryani Masala,198.0,198.0,2025-03-25,2025-03-30,2025-03-28,received,5.0,,,
f44d0dbb-9a6e-491e-8a40-649bd1877af6,PO-2486,SUP037,GrainCo Vijayawada,BB-12465,Rice/Akki - Dosa,312.0,312.0,2025-07-28,2025-08-02,2025-08-01,received,4.0,,,
4518bcfe-6238-4b89-bf02-1685fc0f59a0,PO-2487,SUP037,GrainCo Vijayawada,BB-2550,Coffee Sprinkles - Silky Hazelnut,462.0,462.0,2026-04-12,2026-04-17,2026-04-17,received,5.0,,,
cea067aa-cebd-4c16-bcc8-2e7e0b91761c,PO-2488,SUP037,GrainCo Vijayawada,BB-19715,Organic Bajra/Pearl Millet Rava,660.0,660.0,2026-03-12,2026-03-17,2026-03-17,received,4.0,,,
2bb638e6-72ac-48c7-89bf-a0dfcc6241c8,PO-2489,SUP037,GrainCo Vijayawada,BB-25206,Organic Raisins,1022.0,941.0,2026-04-26,2026-05-01,2026-05-03,received,4.0,,,
0468b6e0-3083-40ed-a482-46f1b92ded9f,PO-2490,SUP037,GrainCo Vijayawada,BB-22452,Pooja Oil,538.0,538.0,2025-12-01,2025-12-06,2025-12-09,received,4.0,,,
9abd4839-14a7-4ef6-80ab-4b7be474ada5,PO-2491,SUP037,GrainCo Vijayawada,BB-4555,Organic Dosa Rice,191.0,191.0,2025-09-23,2025-09-28,2025-09-27,received,4.0,,,
f387aaf6-028f-4f24-8e37-8a143176ff14,PO-2492,SUP037,GrainCo Vijayawada,BB-13811,Certified Organic - Flax Seeds,1378.0,1340.0,2025-09-07,2025-09-12,2025-09-10,received,5.0,,,
c85f0de2-0370-46f8-a28d-a6a6c687b0d1,PO-2493,SUP037,GrainCo Vijayawada,BB-12384,Sugar/Sakkare - Castor,928.0,928.0,2025-03-22,2025-03-27,2025-03-27,received,5.0,,,
f4f29105-02fd-47ea-b0f6-19a47b0882df,PO-2494,SUP037,GrainCo Vijayawada,BB-13330,Makhana - Mint,351.0,332.0,2025-09-24,2025-09-29,2025-09-29,received,4.0,,,
83fe14ce-4f4b-4b5b-b63c-53437a9eaa83,PO-2495,SUP039,Spices of India,BB-18375,Organic - Sunflower Oil,180.0,180.0,2026-02-18,2026-02-22,2026-02-20,received,4.0,,,
0b715d25-9752-491f-afee-b33dc38d8491,PO-2497,SUP039,Spices of India,BB-23715,Tasty Pro Fitness Conscious Edible Oil,68.0,68.0,2025-05-08,2025-05-12,2025-05-11,received,5.0,,,
28a1ae0a-7aa9-468d-aeb5-47f0c3911ad8,PO-2498,SUP039,Spices of India,BB-24124,Powder - Rasam,1613.0,1613.0,2025-04-04,2025-04-08,2025-04-07,received,4.0,,,
ce75fea6-d974-400e-8fb4-e3c211fbde53,PO-2499,SUP039,Spices of India,BB-22417,Organic - Amchur/Amchoor Powder,1329.0,1329.0,2025-09-11,2025-09-15,2025-09-14,received,5.0,,,
6d118b20-ef8f-47a7-a625-2ca92fd01b51,PO-2500,SUP039,Spices of India,BB-27462,Salt/Uppu - Rock/Saindhava/Himalayan Powder,1283.0,1283.0,2026-01-20,2026-01-24,2026-01-24,received,5.0,,,
0271ff21-b889-4a82-992b-fc0f7d4e0fde,PO-2501,SUP039,Spices of India,BB-4130,Organic - Ragi Flour/Ragi Hittu,814.0,814.0,2026-01-19,2026-01-23,2026-01-22,received,4.0,,,
4b20739f-44ca-43da-b518-1cca2735ac9b,PO-2502,SUP039,Spices of India,BB-20088,Sooji Ordinary/Bombay Rava,1002.0,915.0,2025-12-05,2025-12-09,2025-12-08,received,4.0,,,
ceda536d-94ba-4901-b98e-dc5c263b70de,PO-2503,SUP039,Spices of India,BB-14481,Curry Coriander Infused Oil,207.0,207.0,2025-08-29,2025-09-02,2025-09-01,received,5.0,,,
b8564809-24ab-421e-a09b-4555377f130f,PO-2504,SUP039,Spices of India,BB-18903,Pink Salt/Uppu Granules,334.0,0.0,2026-06-29,2026-07-03,,cancelled,,,,
af9103cd-1aeb-49fc-871a-17577c8df370,PO-2505,SUP039,Spices of India,BB-24436,Organic Coriander Whole/Dhania Whole/Coriander Seeds/Kottambari Beeja,1462.0,1415.0,2025-07-29,2025-08-02,2025-08-01,received,5.0,,,
ada857ba-8b70-40ca-a7b0-20311863e2fa,PO-2506,SUP039,Spices of India,BB-4130,Organic - Ragi Flour/Ragi Hittu,801.0,730.0,2025-04-07,2025-04-11,2025-04-10,received,4.0,,,
61148baf-e4f1-4f6a-aaee-9405c24f0c66,PO-2507,SUP039,Spices of India,BB-18581,Organic - Green Peas/Ona Batani,208.0,208.0,2025-05-18,2025-05-22,2025-05-21,received,4.0,,,
0565152c-0aeb-4945-8220-c6762bf3a013,PO-2508,SUP039,Spices of India,BB-3420,Wheat Flour,60.0,60.0,2025-11-18,2025-11-22,2025-11-24,received,4.0,,,
1c3168d0-a9c4-4808-9a15-a475a5c40400,PO-2509,SUP039,Spices of India,BB-21843,Soya Chunks,1071.0,1071.0,2025-01-25,2025-01-29,2025-01-27,received,5.0,,,
92cca08c-fb12-4f67-8993-bcee0e22b79b,PO-2510,SUP042,FarmFresh Pulses,BB-4130,Organic - Ragi Flour/Ragi Hittu,1239.0,1239.0,2025-05-22,2025-05-27,2025-05-30,received,3.0,,,
1cc26e0c-ab88-4876-9546-20c19852251a,PO-2511,SUP042,FarmFresh Pulses,BB-19308,Fish Masala,1242.0,0.0,2025-08-22,2025-08-27,,cancelled,,,,
7337c483-c150-4d57-a668-b791d12bde86,PO-2512,SUP042,FarmFresh Pulses,BB-24804,Masala - Pav Bhaji,1053.0,1053.0,2025-11-25,2025-11-30,2025-11-29,received,4.0,,,
d9213b26-99ec-4e80-83aa-7a573718e028,PO-2513,SUP042,FarmFresh Pulses,BB-9079,Organic - Ponni Raw Rice/Akki,260.0,260.0,2025-04-25,2025-04-30,2025-04-28,received,4.0,,,
d37d9311-7b56-410b-9643-cc7a7ef54a2d,PO-2514,SUP042,FarmFresh Pulses,BB-1846,Organic Ginger Sliced,1410.0,1410.0,2025-07-25,2025-07-30,2025-08-03,received,4.0,,,
616f0f0b-7538-44b5-a9da-14a7fa2d8ebf,PO-2515,SUP042,FarmFresh Pulses,BB-17817,Organic Amaranth Seed,674.0,674.0,2026-01-05,2026-01-10,2026-01-10,received,5.0,,,
93089385-3a34-47d6-a308-0dea856c9f93,PO-2516,SUP042,FarmFresh Pulses,BB-18421,Organic Green Moong Dal/Hesaru Bele - Whole,765.0,765.0,2025-02-16,2025-02-21,2025-02-26,received,4.0,,,
24282541-2c84-468a-bbd0-93ec27bf5a63,PO-2517,SUP042,FarmFresh Pulses,BB-22316,Fields Of Gold Organic Cashew/Godambi nuts,246.0,239.0,2026-06-06,2026-06-11,2026-06-10,received,4.0,,,
4170ca6c-7da1-4150-afc2-7326f1af8794,PO-2518,SUP042,FarmFresh Pulses,BB-3865,Organic - Amla Powder,2004.0,2004.0,2025-09-12,2025-09-17,2025-09-15,received,3.0,,,
f429c274-48bf-472b-8ec7-1e6b841e9bca,PO-2519,SUP042,FarmFresh Pulses,BB-611,Organic - Saffron,153.0,0.0,2025-02-14,2025-02-19,,cancelled,,,,
4bc34fae-da34-4471-8960-bd824995d950,PO-2520,SUP042,FarmFresh Pulses,BB-12384,Sugar/Sakkare - Castor,1769.0,1769.0,2025-06-28,2025-07-03,2025-07-02,received,4.0,,,
7f91e65a-327a-42d9-9047-2c727e13931d,PO-2521,SUP042,FarmFresh Pulses,BB-4760,Ajwa Dates/Kharjura,73.0,73.0,2025-06-16,2025-06-21,2025-06-20,received,4.0,,,
e4cd7ff6-3d18-4c4a-9a23-4989bf0bbd3d,PO-2522,SUP042,FarmFresh Pulses,BB-18921,Moth/Patanga Huruli - Whole,776.0,776.0,2026-02-15,2026-02-20,2026-02-19,received,5.0,,,
c1cf6fa4-20d8-4a71-a640-35e942175952,PO-2523,SUP042,FarmFresh Pulses,BB-19696,Watermelon Seeds/Kallangadi Bija,299.0,299.0,2025-09-10,2025-09-15,2025-09-15,received,5.0,,,
bdbbc879-4745-4abe-ab74-c3cf4bc1819d,PO-2524,SUP042,FarmFresh Pulses,BB-15157,"Vegan Premium Ghee/Tuppa - Palm Oil Free, 100% Natural",138.0,134.0,2026-03-29,2026-04-03,2026-04-02,received,5.0,,,
0f0b25ac-8f5e-4666-830f-06a9b70ca8bd,PO-2525,SUP040,OrganicGrains Co.,BB-18750,Organic - Ajwain/Om Kalu,571.0,571.0,2025-06-27,2025-07-03,2025-07-03,received,4.0,,,
8ea59f2b-05bf-4438-abac-09cbb8631fab,PO-2526,SUP040,OrganicGrains Co.,BB-20548,Chana Sattu Refreshing Drink Powder,751.0,751.0,2025-05-08,2025-05-14,2025-05-15,received,4.0,,,
e1148d2b-0fa3-46c9-94f2-14cc3d382971,PO-2527,SUP040,OrganicGrains Co.,BB-9540,Sprouted - Ragi Flour/Ragi Hittu,875.0,875.0,2026-03-09,2026-03-15,2026-03-16,received,5.0,,,
696aaf2d-9e32-4089-9506-8059a5bd19ca,PO-2528,SUP040,OrganicGrains Co.,BB-22665,Seasoning - All Purpose,622.0,593.0,2025-08-18,2025-08-24,2025-08-23,received,5.0,,,
93882a42-740d-4f5f-99c3-0f3ebe2bbfe0,PO-2529,SUP040,OrganicGrains Co.,BB-1929,Organic - Rice Rawa,709.0,709.0,2025-08-26,2025-09-01,2025-09-03,received,5.0,,,
cb9c1142-d03a-4c3d-b8ef-dc9db02bc233,PO-2530,SUP040,OrganicGrains Co.,BB-4868,Coriander Powder,1820.0,1820.0,2025-08-23,2025-08-29,2025-08-29,received,5.0,,,
2e8a2dde-1822-4d3b-9b65-72669f2823b4,PO-2531,SUP040,OrganicGrains Co.,BB-13799,Cumin - Whole,288.0,288.0,2026-06-14,2026-06-20,2026-06-21,received,3.0,,,
71de2727-c644-47c0-a2f7-7942820dbba7,PO-2532,SUP040,OrganicGrains Co.,BB-4130,Organic - Ragi Flour/Ragi Hittu,1551.0,1551.0,2026-05-04,2026-05-10,2026-05-11,received,5.0,,,
6bb1f82f-c12e-47e0-b68b-24f9bae18f80,PO-2534,SUP040,OrganicGrains Co.,BB-15645,"Organic - Mustard/Sasive/Rai, Small",929.0,929.0,2025-12-11,2025-12-17,2025-12-17,received,5.0,,,
17703ff5-4f51-4b9f-a273-960af2cc12a2,PO-2535,SUP040,OrganicGrains Co.,BB-17913,Masala - Kulambu Chilly,1649.0,1649.0,2025-07-12,2025-07-18,2025-07-23,received,4.0,,,
1e240b7e-61d9-4468-a04f-4ded9ce5d137,PO-2536,SUP040,OrganicGrains Co.,BB-13269,Urad Gota - Whole,92.0,87.0,2025-11-23,2025-11-29,2025-12-01,received,5.0,,,
c1d5b425-0649-4957-b009-9a034a1b89eb,PO-2538,SUP040,OrganicGrains Co.,BB-22452,Pooja Oil,348.0,348.0,2025-12-26,2026-01-01,2026-01-03,received,5.0,,,
c95c6863-e321-4aa3-8d80-2898f6c413ae,PO-2539,SUP040,OrganicGrains Co.,BB-21357,Organic - Barley Flour/Jave Godhi,1033.0,1033.0,2025-01-23,2025-01-29,2025-01-28,received,4.0,,,
1e7aeea9-5ac5-49c3-b946-c23c88941d54,PO-2540,SUP056,GreenHarvest Produce,BB-14155,Knol Khol - Organically Grown,3030.0,3030.0,2025-06-29,2025-07-03,2025-07-03,received,4.0,,,
fb6f2510-2b4a-450a-84c3-14806072e014,PO-2541,SUP056,GreenHarvest Produce,BB-23665,Lemon - Organically Grown,1883.0,1883.0,2025-03-23,2025-03-27,2025-03-26,received,4.0,,,
5029eaf0-d00b-44c2-9983-cdc44cc5d06c,PO-2543,SUP056,GreenHarvest Produce,BB-26363,Beetroot - Julienne,2430.0,2430.0,2026-01-01,2026-01-05,2026-01-03,received,4.0,,,
9dcd0b66-1d88-46ce-8ffa-ae30a078a9da,PO-2544,SUP056,GreenHarvest Produce,BB-9725,Coriander Leaves - Chopped,3812.0,3812.0,2026-04-07,2026-04-11,2026-04-09,received,4.0,,,
c0f0614c-24bd-4e76-b06b-5ab9b8fc36e7,PO-2545,SUP056,GreenHarvest Produce,BB-14884,Apple - Shimla,244.0,0.0,2025-06-26,2025-06-30,,cancelled,,,,
7eb1f4b2-e10f-4e3e-bcc8-f7199d588288,PO-2546,SUP056,GreenHarvest Produce,BB-21048,Snake gourd - Diced,2070.0,2070.0,2025-05-16,2025-05-20,2025-05-24,received,5.0,,,
dd0b62f3-fbe2-4d05-8865-2bddad321e30,PO-2547,SUP056,GreenHarvest Produce,BB-6666,"Beans - Cluster, Organically Grown",3621.0,3621.0,2025-09-27,2025-10-01,2025-10-05,received,5.0,,,
beda4303-a716-46da-baab-d551a532c418,PO-2548,SUP056,GreenHarvest Produce,BB-2382,Beetroot - Diced,2909.0,2909.0,2025-01-26,2025-01-30,2025-01-31,received,4.0,,,
d54b2e6b-ade8-4a69-ad9f-a9d9dbd38795,PO-2549,SUP056,GreenHarvest Produce,BB-18589,Kiwi - Sun Gold,172.0,172.0,2026-06-03,2026-06-07,2026-06-07,received,3.0,,,
792eb475-6fe2-4aca-a7b3-bc4e8a4ca4d0,PO-2550,SUP056,GreenHarvest Produce,BB-16470,Carrot Strips and Beans Strip,1440.0,1440.0,2025-08-03,2025-08-07,2025-08-07,received,5.0,,,
2a6c880a-a4dc-4019-9ec7-bd98aad1a04a,PO-2551,SUP056,GreenHarvest Produce,BB-4262,Thai Ginger,2212.0,2212.0,2025-02-14,2025-02-18,2025-02-16,received,4.0,,,
e770fc2f-e306-46bf-b472-f776c16fb347,PO-2552,SUP056,GreenHarvest Produce,BB-4276,Mushrooms - Button,1251.0,0.0,2026-06-15,2026-06-19,,cancelled,,,,
933fa410-4072-4907-bac5-51a92f1cd981,PO-2553,SUP056,GreenHarvest Produce,BB-10843,Banganapalli Mango,1381.0,1381.0,2026-03-04,2026-03-08,2026-03-07,received,3.0,,,
f10d01dd-6399-4a8f-81da-143383b01dde,PO-2555,SUP054,FreshFarm Veg Market,BB-16470,Carrot Strips and Beans Strip,1663.0,1663.0,2025-04-18,2025-04-23,2025-04-22,received,4.0,,,
03d7277e-3c32-4c2e-b215-71a78158f8a1,PO-2556,SUP054,FreshFarm Veg Market,BB-3183,Coconut - Medium,3138.0,3138.0,2025-03-09,2025-03-14,2025-03-19,received,4.0,,,
eb54d13f-e2ae-4548-bd63-a5012f0367e0,PO-2557,SUP054,FreshFarm Veg Market,BB-6666,"Beans - Cluster, Organically Grown",2737.0,2737.0,2025-07-07,2025-07-12,2025-07-12,received,3.0,,,
72b5215b-7f13-4154-8f9a-2751748c8c23,PO-2558,SUP054,FreshFarm Veg Market,BB-23375,Coccinia - Organically Grown,4642.0,4642.0,2026-06-06,2026-06-11,2026-06-10,received,4.0,,,
07598887-13a5-4745-a4df-e0c7af81f2b9,PO-2559,SUP054,FreshFarm Veg Market,BB-22461,Snake Gourd - Organically Grown,4997.0,4997.0,2025-07-09,2025-07-14,2025-07-14,received,4.0,,,
42185503-7c9d-4c16-b9d3-d176282ad1ec,PO-2560,SUP054,FreshFarm Veg Market,BB-12664,Apricots,483.0,483.0,2026-03-08,2026-03-13,2026-03-12,received,5.0,,,
2b70eaac-9d82-4d99-b111-971c8a287a8a,PO-2562,SUP054,FreshFarm Veg Market,BB-19221,Lettuce - Green,1833.0,1833.0,2025-03-10,2025-03-15,2025-03-19,received,4.0,,,
2a7b0f8e-2ac2-449f-961c-817b4ee0772a,PO-2563,SUP054,FreshFarm Veg Market,BB-13843,Coccinia - Julienne,3041.0,3041.0,2026-03-23,2026-03-28,2026-03-27,received,5.0,,,
0bacf662-9797-4052-9571-00466594b326,PO-2564,SUP054,FreshFarm Veg Market,BB-22191,"Pumpkin - Disco, Organically Grown",966.0,966.0,2025-08-31,2025-09-05,2025-09-04,received,5.0,,,
0d821418-828b-4d65-a72a-a8610ad3108b,PO-2565,SUP054,FreshFarm Veg Market,BB-12664,Apricots,390.0,390.0,2025-09-12,2025-09-17,2025-09-15,received,4.0,,,
8d827591-80bc-4272-8622-41bdb371e81c,PO-2566,SUP054,FreshFarm Veg Market,BB-1314,Colocasia - Organically Grown,7962.0,7962.0,2026-03-28,2026-04-02,2026-03-31,received,4.0,,,
ee1a1b76-0d18-4b9e-8db3-e34e247d8c27,PO-2567,SUP054,FreshFarm Veg Market,BB-18589,Kiwi - Sun Gold,281.0,281.0,2026-04-16,2026-04-21,2026-04-20,received,4.0,,,
a75e7ecd-7f94-4a58-a377-d97ea8146f3e,PO-2568,SUP054,FreshFarm Veg Market,BB-17837,Papaya - Raw,1379.0,1379.0,2025-05-18,2025-05-23,2025-05-21,received,4.0,,,
b633e7ad-59d9-4cf5-96fd-a827925d1e7e,PO-2570,SUP055,FruitKing South,BB-6573,Sugarcane,6361.0,6361.0,2025-11-27,2025-12-02,2025-12-06,received,4.0,,,
60503608-dde4-4b86-9523-a50a55b332d6,PO-2571,SUP055,FruitKing South,BB-7494,Sapota,2490.0,2490.0,2026-05-03,2026-05-08,2026-05-08,received,5.0,,,
e8da23a9-9e2b-403e-a965-878aa8ea634d,PO-2572,SUP055,FruitKing South,BB-20623,Mango Raspuri - Organically Grown,1180.0,1180.0,2025-04-14,2025-04-19,2025-04-20,received,5.0,,,
3edef67e-846a-488f-8981-87274dad2375,PO-2573,SUP055,FruitKing South,BB-20399,Sweet Corn Kernels - Achari Masti,1003.0,1003.0,2026-01-20,2026-01-25,2026-01-24,received,4.0,,,
415616b7-4c1d-4534-ba62-89a67cf92262,PO-2574,SUP055,FruitKing South,BB-10843,Banganapalli Mango,1002.0,1002.0,2025-08-20,2025-08-25,2025-08-24,received,5.0,,,
9dbae91e-db58-4371-aebb-099d8a31ca5d,PO-2575,SUP055,FruitKing South,BB-18589,Kiwi - Sun Gold,185.0,185.0,2025-09-27,2025-10-02,2025-10-01,received,4.0,,,
ff0f24e0-a918-448e-b348-42a73b67d717,PO-2576,SUP055,FruitKing South,BB-10905,Kesar Mango,712.0,712.0,2026-06-13,2026-06-18,2026-06-21,received,5.0,,,
541ee200-0230-4a67-b482-a69637d69748,PO-2577,SUP055,FruitKing South,BB-23891,Pineapple and Pomegranate Cut,589.0,589.0,2026-04-02,2026-04-07,2026-04-09,received,4.0,,,
fd4d6557-cac9-402b-b96a-c58170db2d48,PO-2578,SUP055,FruitKing South,BB-4262,Thai Ginger,2551.0,2551.0,2026-03-02,2026-03-07,2026-03-12,received,5.0,,,
80cae87a-49b4-417a-af97-8eccc24d0830,PO-2579,SUP055,FruitKing South,BB-18929,"Avocado - Imported, Medium",157.0,157.0,2025-08-17,2025-08-22,2025-08-21,received,5.0,,,
3ef947eb-4293-43d1-a8a3-3d76a9f4e027,PO-2580,SUP055,FruitKing South,BB-24993,Guava - Organically Grown,1121.0,1121.0,2026-02-06,2026-02-11,2026-02-10,received,4.0,,,
1f1c09f8-dcd0-47c4-8920-14cdd09afb55,PO-2581,SUP055,FruitKing South,BB-6666,"Beans - Cluster, Organically Grown",1419.0,1419.0,2025-02-16,2025-02-21,2025-02-21,received,4.0,,,
c0578979-15ba-4070-ab5a-4ce52c1c1769,PO-2582,SUP055,FruitKing South,BB-18929,"Avocado - Imported, Medium",237.0,237.0,2026-02-05,2026-02-10,2026-02-09,received,5.0,,,
9d6ddc55-a455-4229-bb06-8d5346de7ffa,PO-2583,SUP055,FruitKing South,BB-7008,Raw Mango - Diced,1059.0,1059.0,2026-05-09,2026-05-14,2026-05-16,received,4.0,,,
2ae99431-4de8-4152-a398-9affef23e89f,PO-2590,SUP013,Continental Flavors,BB-3627,Darjeeling Tea Bags,559.0,559.0,2026-05-30,2026-06-06,2026-06-05,received,4.0,,,
3bd2ad9f-85fd-4cb1-ad0a-b1370891781c,PO-2592,SUP013,Continental Flavors,BB-147,Tomato Salsa Dip - Enjoy With Nacho Chips,579.0,579.0,2026-01-20,2026-01-27,2026-01-26,received,5.0,,,
160840b0-83e3-4496-8178-ccd24e48a43c,PO-2593,SUP013,Continental Flavors,BB-9419,Pistachio - Roasted & Salted,506.0,506.0,2025-03-26,2025-04-02,2025-04-04,received,5.0,,,
d7a80d27-e567-454e-97e4-fe1cb36f8419,PO-2594,SUP013,Continental Flavors,BB-15977,Shikanji & Chaat Savoury Taste Makers,84.0,84.0,2025-05-19,2025-05-26,2025-05-24,received,4.0,,,
c06f240e-2830-42c3-a25b-efd7d2ac1895,PO-2595,SUP013,Continental Flavors,BB-8529,Crunchy Granola Bars - Dark Chocolate & Espresso,169.0,154.0,2025-05-09,2025-05-16,2025-05-15,received,4.0,,,
6fa604bd-22f1-4b8f-9081-5d6cd1352496,PO-2596,SUP013,Continental Flavors,BB-25079,Berries & Seeds,1130.0,1130.0,2025-09-18,2025-09-25,2025-09-25,received,4.0,,,
92efbdab-1562-4fc6-b2f1-1ee0ef910c5d,PO-2598,SUP013,Continental Flavors,BB-21281,"Chocolate - 52% Cocoa, Dark Chocolate Couverture, Premium, From-The-Bean Chocolate Slab",97.0,97.0,2025-03-17,2025-03-24,2025-03-24,received,4.0,,,
6152ef74-0ff4-4a92-b52e-8bad2ba0df67,PO-2599,SUP013,Continental Flavors,BB-22647,Moroccan Mint Dark Chocolate,232.0,0.0,2026-04-03,2026-04-10,,cancelled,,,,
598bab66-5047-4a07-9056-ad6d70429ffb,PO-2600,SUP011,GlobalFoods India,BB-17622,Roasted Pumpkin Seeds,200.0,200.0,2026-03-05,2026-03-12,2026-03-11,received,4.0,,,
1415f704-7ae8-4990-a677-b850cd10b61c,PO-2601,SUP011,GlobalFoods India,BB-20828,Cooking Spray - Butter Flavour,252.0,252.0,2025-12-07,2025-12-14,2025-12-17,received,4.0,,,
b1be4cdf-bfea-42f9-97ab-5b333e178d80,PO-2602,SUP011,GlobalFoods India,BB-15662,"Grapefruit Tonic Water - All Natural, Low In Sugar",731.0,731.0,2025-12-04,2025-12-11,2025-12-14,received,4.0,,,
b73905ea-d3b6-4677-97eb-fc1343753690,PO-2603,SUP011,GlobalFoods India,BB-18250,Ice Cream - Blueberries & Cream,85.0,85.0,2026-02-04,2026-02-11,2026-02-13,received,5.0,,,
f427dcd9-7189-4fd2-9635-2245999b09d5,PO-2604,SUP011,GlobalFoods India,BB-26882,Gluten-Free Quinoa Flour,214.0,200.0,2025-03-21,2025-03-28,2025-03-27,received,4.0,,,
f255c1e7-0e6f-4dd0-908d-6e1d11f7c673,PO-2605,SUP011,GlobalFoods India,BB-27538,Naturally Pure Olive Oil,18.0,18.0,2025-10-14,2025-10-21,2025-10-21,received,4.0,,,
f7b4ec71-1bfd-485a-9eeb-e3ea27b5ce39,PO-2606,SUP011,GlobalFoods India,BB-26312,100% Natural Grapedseed Oil,30.0,28.0,2026-06-28,2026-07-05,2026-07-04,received,4.0,,,
a21bc4ed-9f31-4fae-934d-7bbc61785092,PO-2607,SUP011,GlobalFoods India,BB-9831,Beach Chaat Delight,289.0,263.0,2026-01-01,2026-01-08,2026-01-07,received,4.0,,,
d5f2beee-dc0c-409d-b649-c41d143798af,PO-2608,SUP011,GlobalFoods India,BB-8772,Original Tonic Water - All Natural,733.0,733.0,2026-02-08,2026-02-15,2026-02-15,received,5.0,,,
c09997b7-0be7-4dc3-a8e6-cca121d6c2de,PO-2609,SUP011,GlobalFoods India,BB-23215,"Cheela Mix - Green Moong Daal, Gluten Free",561.0,561.0,2025-04-19,2025-04-26,2025-05-01,received,5.0,,,
0d957e5d-523a-4aba-b571-e38f787df390,PO-2611,SUP011,GlobalFoods India,BB-24771,Apricot - Pure Belgian Dark Chocolate,361.0,361.0,2026-01-30,2026-02-06,2026-02-10,received,4.0,,,
ed1a027b-f594-41f9-ab8d-80e6393a8f2d,PO-2612,SUP011,GlobalFoods India,BB-20957,Super Muesli - No Added Sugar,178.0,178.0,2026-05-28,2026-06-04,2026-06-03,received,5.0,,,
b04e3330-1783-4eb7-afa2-ed941a6b159d,PO-2613,SUP011,GlobalFoods India,BB-7710,Six Cheese Pasta Sauce,65.0,65.0,2025-04-07,2025-04-14,2025-04-13,received,4.0,,,
94a91be8-46f1-4898-9b57-dd7bf86a5b5c,PO-2614,SUP011,GlobalFoods India,BB-16563,Durum Wheat Pasta - Mini Fusilli,376.0,376.0,2025-07-11,2025-07-18,2025-07-20,received,5.0,,,
fa57a237-bb71-4e1c-85a2-8df8a751953f,PO-2615,SUP012,Exotic Ingredients Co.,BB-22926,Premium Kasundi,850.0,850.0,2025-11-28,2025-12-04,2025-12-09,received,4.0,,,
23821d94-d407-4719-b50f-624203cf7ee7,PO-2616,SUP012,Exotic Ingredients Co.,BB-13334,Whey Protein Bars - Variety,72.0,72.0,2025-02-08,2025-02-14,2025-02-15,received,5.0,,,
ffe9a25c-2731-462f-a0e0-abda82e1f276,PO-2617,SUP012,Exotic Ingredients Co.,BB-156,100% Pure Honey - Infused With Lemon,177.0,177.0,2025-06-16,2025-06-22,2025-06-25,received,4.0,,,
a8abb78a-d932-4e15-a997-d20392e3d029,PO-2618,SUP012,Exotic Ingredients Co.,BB-6933,Chocolate O's - Gluten Free,339.0,339.0,2025-10-01,2025-10-07,2025-10-07,received,5.0,,,
dd3c421f-21b6-4ae3-bdc2-7b1c70acc48a,PO-2620,SUP012,Exotic Ingredients Co.,BB-23311,"Apple Cider Vinegar With Mother - 100% Natural, Raw & Unfiltered",166.0,166.0,2026-05-08,2026-05-14,2026-05-12,received,4.0,,,
251735f1-bd1e-4f14-9f8f-f5dc88727927,PO-2621,SUP012,Exotic Ingredients Co.,BB-18014,Extra Virgin Olive Oil,240.0,240.0,2025-05-21,2025-05-27,2025-05-29,received,4.0,,,
e2c47fb0-2af3-4f02-8aea-0b358c06a841,PO-2622,SUP012,Exotic Ingredients Co.,BB-17077,Miniatures,43.0,41.0,2025-09-01,2025-09-07,2025-09-06,received,4.0,,,
31eb6830-6a71-43c6-9ba0-2c4255103f69,PO-2623,SUP012,Exotic Ingredients Co.,BB-14486,Instant Noodles - Seafood,319.0,319.0,2025-01-25,2025-01-31,2025-01-30,received,4.0,,,
656259cc-d885-46e8-b710-26ebd6bc9751,PO-2625,SUP012,Exotic Ingredients Co.,BB-18777,Cream - Coconut,387.0,387.0,2025-04-23,2025-04-29,2025-04-28,received,4.0,,,
e30ac936-ca6c-43ba-8300-c6b341ba7d94,PO-2626,SUP012,Exotic Ingredients Co.,BB-17077,Miniatures,91.0,91.0,2026-04-09,2026-04-15,2026-04-14,received,5.0,,,
f19fa6d1-3422-440a-b3d9-fe6922bc116d,PO-2627,SUP012,Exotic Ingredients Co.,BB-23932,6 Seconds Filter Coffee Decoction,999.0,945.0,2025-04-22,2025-04-28,2025-04-28,received,4.0,,,
ed8459e6-6cc5-4e4e-8086-5a4ee9c5a60b,PO-2628,SUP012,Exotic Ingredients Co.,BB-3754,Orange - Pure Belgian Dark Chocolate,304.0,304.0,2025-03-15,2025-03-21,2025-03-20,received,4.0,,,
c87c977d-c327-4aa1-a4ac-abc970e5b9c7,PO-2629,SUP012,Exotic Ingredients Co.,BB-8110,Cheese Cubes,305.0,305.0,2026-03-09,2026-03-15,2026-03-15,received,3.0,,,
5294689e-f86e-4582-af9e-0cc4d33236aa,PO-2630,SUP015,Chef's Basket Supplies,BB-391,Karela Juice,264.0,264.0,2025-08-16,2025-08-21,2025-08-19,received,5.0,,,
3c22efb7-0f01-47b2-b375-4436cd47a2c0,PO-2631,SUP015,Chef's Basket Supplies,BB-25790,Flavour Instant Coffee - Mint Chocolate,97.0,97.0,2025-11-29,2025-12-04,2025-12-02,received,5.0,,,
4db11f06-feeb-4541-a981-bce290c9b803,PO-2632,SUP015,Chef's Basket Supplies,BB-4665,20g Whey Protein Bar - Chocolate Cranberry,208.0,208.0,2026-06-15,2026-06-20,2026-06-20,received,4.0,,,
7235efa6-7c3a-4135-b45f-133e07ecb69d,PO-2633,SUP015,Chef's Basket Supplies,BB-3433,Cheesy Veggie Straws - Kale Tomato Spinach,2799.0,2799.0,2025-08-27,2025-09-01,2025-09-04,received,5.0,,,
577cc052-998e-4426-b7d0-739264f3281e,PO-2634,SUP015,Chef's Basket Supplies,BB-3025,"Chocolate - Bitter, Dark Couverture, 85% Cocoa, Premium, From-The-Bean Chocolate Slab",135.0,135.0,2026-04-05,2026-04-10,2026-04-10,received,5.0,,,
d168ff8c-5046-4dbe-bbf6-ed4ed244bb26,PO-2635,SUP015,Chef's Basket Supplies,BB-18930,Assam Loose Black Tea,55.0,55.0,2025-12-01,2025-12-06,2025-12-06,received,4.0,,,
c6ac39d7-67c7-42d3-aa4e-a911d533e8f1,PO-2636,SUP015,Chef's Basket Supplies,BB-891,"Jaggery Powder - Pure, Natural & Chemical Free",189.0,189.0,2026-04-06,2026-04-11,2026-04-10,received,4.0,,,
1066d576-75c5-40ee-b3c7-6b450980b81c,PO-2637,SUP015,Chef's Basket Supplies,BB-16993,Caramel Flavour Essence,1373.0,1373.0,2025-02-22,2025-02-27,2025-03-04,received,4.0,,,
5bcc07a9-0318-4634-9d3c-690313e9c9d4,PO-2638,SUP015,Chef's Basket Supplies,BB-2963,1 To 1  Baking Flour - Gluten Free,44.0,44.0,2025-07-27,2025-08-01,2025-07-30,received,4.0,,,
98dc8d34-30d9-4fe9-900e-84cd448eb871,PO-2639,SUP015,Chef's Basket Supplies,BB-7714,Cinnamon Sugar,259.0,259.0,2025-09-09,2025-09-14,2025-09-12,received,4.0,,,
9521f1ae-5a38-4d9d-b9cd-467a8190e840,PO-2640,SUP015,Chef's Basket Supplies,BB-7329,Vacuum Fried Chickpea - Chilli,511.0,511.0,2026-05-02,2026-05-07,2026-05-06,received,4.0,,,
abd5dda4-6709-4328-9349-e5ee99dc4622,PO-2641,SUP015,Chef's Basket Supplies,BB-391,Karela Juice,354.0,354.0,2026-03-06,2026-03-11,2026-03-14,received,4.0,,,
9a01595a-32fa-4d23-a8c1-261c759fc309,PO-2642,SUP015,Chef's Basket Supplies,BB-1736,Makhana Tangy,500.0,500.0,2025-12-19,2025-12-24,2025-12-22,received,5.0,,,
eb647d9b-54f8-4156-a79a-485178b89b66,PO-2643,SUP015,Chef's Basket Supplies,BB-25703,Dulce De Leche With Vanilla,212.0,212.0,2025-03-11,2025-03-16,2025-03-14,received,4.0,,,
418fd326-f01b-4aa2-9eda-7b16eabc2b91,PO-2644,SUP015,Chef's Basket Supplies,BB-26591,Prime Organic Apple Cider Vinegar - Raw Unfiltered with EXTRA Mother,175.0,175.0,2026-01-19,2026-01-24,2026-01-22,received,4.0,,,
ff32554c-b95c-4043-969a-a2d69b035090,PO-2645,SUP014,World Pantry,BB-18093,Cinnamon-Infused Honey,446.0,421.0,2026-01-24,2026-02-01,2026-01-31,received,4.0,,,
2dee2c9a-e581-4754-800a-3090fbf46475,PO-2646,SUP014,World Pantry,BB-9930,Ginger Black Tea Bags,190.0,190.0,2026-06-15,2026-06-23,2026-06-21,received,5.0,,,
51b6b562-3fb1-4ad5-96d3-22a29d4c2153,PO-2647,SUP014,World Pantry,BB-8240,Cereal - Blueberry Morning,55.0,55.0,2026-04-29,2026-05-07,2026-05-07,received,4.0,,,
fbc5a1ce-e492-46bf-a395-c983d5b25f67,PO-2648,SUP014,World Pantry,BB-22772,Salted Sunflower Seeds,2199.0,2199.0,2025-07-05,2025-07-13,2025-07-18,received,4.0,,,
fafcd357-eb0e-42dc-8312-43450bbe81f7,PO-2649,SUP014,World Pantry,BB-8511,Hot Chicken Flavour Ramen,833.0,833.0,2026-03-19,2026-03-27,2026-03-31,received,5.0,,,
6f113e5b-18fa-47f7-b104-590dd37f47c3,PO-2651,SUP014,World Pantry,BB-11791,Premium Flavoured Tea Blend - Adrak Tulsi Chai,397.0,362.0,2026-03-18,2026-03-26,2026-03-26,received,4.0,,,
b633af7a-71fc-4dd0-a5ad-b8d3ca790832,PO-2652,SUP014,World Pantry,BB-5216,Ferro Crunch Ice Cream,184.0,184.0,2025-02-08,2025-02-16,2025-02-14,received,5.0,,,
5518bcf5-ee3a-4b2f-b49e-b2d99a2eeece,PO-2653,SUP014,World Pantry,BB-15622,Cheese Spread,233.0,0.0,2025-04-10,2025-04-18,,cancelled,,,,
0fd0002f-248d-4ca1-b4c9-816aa36d7b1e,PO-2654,SUP014,World Pantry,BB-10199,Kiwi Drink,4281.0,4281.0,2025-03-05,2025-03-13,2025-03-13,received,5.0,,,
c5f5b8bb-08b7-4ff6-a5a7-0a452d4abb09,PO-2655,SUP014,World Pantry,BB-3850,Quinoa Finest Whole Grain - Red,143.0,143.0,2025-10-25,2025-11-02,2025-11-06,received,4.0,,,
bf6fd370-8072-4092-a94f-8572947c3aa3,PO-2658,SUP014,World Pantry,BB-5216,Ferro Crunch Ice Cream,92.0,92.0,2026-06-23,2026-07-01,2026-07-01,received,4.0,,,
f3f0596d-2a9b-4998-a774-0371dbbd1ada,PO-2659,SUP014,World Pantry,BB-17622,Roasted Pumpkin Seeds,166.0,166.0,2026-05-02,2026-05-10,2026-05-08,received,4.0,,,
7c4f0050-a241-4f36-9f28-b391098fc3bc,PO-2660,SUP016,FineFoods Distributors,BB-8598,Peri Peri Sauce,998.0,963.0,2025-04-30,2025-05-06,2025-05-04,received,4.0,,,
d40faf5e-6bb7-4dc0-bcec-d7450416d12e,PO-2662,SUP016,FineFoods Distributors,BB-16626,"Cashews - Whole, 100% Natural Premium",240.0,240.0,2025-05-16,2025-05-22,2025-05-20,received,4.0,,,
9bf17699-c535-4392-9de8-76c26cf39c06,PO-2664,SUP016,FineFoods Distributors,BB-3433,Cheesy Veggie Straws - Kale Tomato Spinach,1614.0,1614.0,2025-08-29,2025-09-04,2025-09-03,received,5.0,,,
d8d1b826-b08d-40b6-9f26-d609c8794729,PO-2665,SUP016,FineFoods Distributors,BB-1565,Salsa Stir-fry Sauce,381.0,381.0,2025-09-16,2025-09-22,2025-09-21,received,5.0,,,
462d2c4b-7de2-4290-b7ca-399074a77298,PO-2667,SUP016,FineFoods Distributors,BB-9134,Plain Green Olives,441.0,401.0,2025-10-12,2025-10-18,2025-10-22,received,4.0,,,
8f2e92dd-8b52-4eab-a364-2024c6cbcad9,PO-2668,SUP016,FineFoods Distributors,BB-27052,Vegan Mozzarella Cheese Shreds,149.0,140.0,2025-01-30,2025-02-05,2025-02-03,received,4.0,,,
e40389a0-2afe-4d3a-8d59-b910f541f8e4,PO-2669,SUP016,FineFoods Distributors,BB-10118,Chocolate Hazelnut Spread,187.0,0.0,2025-07-21,2025-07-27,,cancelled,,,,
5c9748e9-0ce1-4ea0-bdb1-fe2b4344531d,PO-2670,SUP016,FineFoods Distributors,BB-8874,Vanilla Ice Cream,414.0,414.0,2025-11-06,2025-11-12,2025-11-10,received,4.0,,,
ff89b880-64e0-4e53-b145-e3c7566fa992,PO-2671,SUP016,FineFoods Distributors,BB-27245,Protein Bars - All-In-One,181.0,181.0,2025-10-23,2025-10-29,2025-10-29,received,4.0,,,
207df2af-dbbe-43ba-8541-a1eae8967903,PO-2673,SUP016,FineFoods Distributors,BB-13568,Tea Bags - Earl Grey,94.0,94.0,2026-05-01,2026-05-07,2026-05-07,received,4.0,,,
7abd8ca5-61f1-44c5-8652-4edb02db737f,PO-2674,SUP016,FineFoods Distributors,BB-8698,Sour Cream & Onion,672.0,672.0,2025-01-18,2025-01-24,2025-01-29,received,4.0,,,
bd5ea769-51e1-41d1-8583-5a17ef8da49e,PO-2676,SUP017,TasteWorld Imports,BB-1656,Ramen Noodles - Hot Chicken Flavour,715.0,715.0,2026-02-23,2026-03-04,2026-03-02,received,4.0,,,
d3561d1b-56d4-41a0-bc90-a461280b696b,PO-2677,SUP017,TasteWorld Imports,BB-19939,Silver Skin Onion In Vinegar,656.0,656.0,2025-03-06,2025-03-15,2025-03-13,received,5.0,,,
ce33eeb9-eda0-4d3e-91a0-c78ba8e0ff2a,PO-2678,SUP017,TasteWorld Imports,BB-3627,Darjeeling Tea Bags,211.0,211.0,2026-03-02,2026-03-11,2026-03-09,received,4.0,,,
443132af-ac04-4e30-9a50-c9235df87324,PO-2679,SUP017,TasteWorld Imports,BB-27115,Pork - Luncheon Meat,153.0,153.0,2025-09-05,2025-09-14,2025-09-16,received,4.0,,,
d43c6f60-4d5a-4659-b1c5-89446595f8b1,PO-2680,SUP017,TasteWorld Imports,BB-24438,Organic Pitta Tea Masala Spice Blend,614.0,614.0,2025-09-16,2025-09-25,2025-09-29,received,4.0,,,
50f32fa0-11a1-4c69-94f2-e6e176c43b18,PO-2681,SUP017,TasteWorld Imports,BB-13177,Arabian Dates,237.0,229.0,2025-05-02,2025-05-11,2025-05-10,received,4.0,,,
4d26eae7-36d1-480c-a90d-0a44908dacf4,PO-2682,SUP017,TasteWorld Imports,BB-15719,Protein Seed Mix,324.0,324.0,2025-02-02,2025-02-11,2025-02-15,received,5.0,,,
436171b8-c3f3-48c0-a73d-c93aab15ffb0,PO-2683,SUP017,TasteWorld Imports,BB-14065,Tikka Mayonnaise Dip,627.0,627.0,2025-06-02,2025-06-11,2025-06-09,received,5.0,,,
fe14f95f-c147-482c-b832-c21d0ac6f410,PO-2684,SUP017,TasteWorld Imports,BB-5065,Amla Candy - Sweet,1081.0,1081.0,2025-09-22,2025-10-01,2025-10-02,received,5.0,,,
0522a5f1-f8cf-4ca2-a5f9-f1ede44e6f5e,PO-2685,SUP017,TasteWorld Imports,BB-24647,Pure Stevia Extract,153.0,153.0,2026-04-07,2026-04-16,2026-04-14,received,5.0,,,
4d5012c5-6037-43a0-92e1-8a9f1ee45548,PO-2686,SUP017,TasteWorld Imports,BB-8624,Papaya Lemon Dia Jam,404.0,370.0,2025-03-03,2025-03-12,2025-03-10,received,3.0,,,
3ff13084-685e-4f1a-93b8-a7e2e906143f,PO-2687,SUP017,TasteWorld Imports,BB-19495,Verimicelli - Whole Grain Rice,225.0,225.0,2025-04-05,2025-04-14,2025-04-13,received,3.0,,,
5b251213-f240-4561-996a-8cf02a1b3a6f,PO-2688,SUP017,TasteWorld Imports,BB-10713,Pizza Seasoning,625.0,625.0,2025-04-12,2025-04-21,2025-04-19,received,4.0,,,
38aae100-58e3-4ef8-ae5f-7c3cb8b6eef4,PO-2689,SUP017,TasteWorld Imports,BB-15079,"Dietary Supplement - Deep Sea Salmon Fish Oil, Premium",22.0,22.0,2026-01-12,2026-01-21,2026-01-21,received,5.0,,,
c32affd0-cd21-463b-b866-95d9720215be,PO-2690,SUP018,FlavorFusion Foods,BB-17885,"Ice Cream - Chocolate Almond, Stick",243.0,243.0,2025-08-04,2025-08-11,2025-08-10,received,4.0,,,
efcb1a5d-df25-4410-a374-89eccb61c39f,PO-2691,SUP018,FlavorFusion Foods,BB-3802,Green Olives Stuffed With Pimiento,275.0,275.0,2025-10-12,2025-10-19,2025-10-20,received,4.0,,,
c2c75646-fbb2-42f4-82ea-b0c263dfe21c,PO-2692,SUP018,FlavorFusion Foods,BB-21594,Assam Tea - Unbleached & Staple-Free Teabags,188.0,188.0,2025-01-29,2025-02-05,2025-02-05,received,4.0,,,
2541b694-5ed7-4bd6-a3c9-1e083c4c0f1e,PO-2693,SUP018,FlavorFusion Foods,BB-9831,Beach Chaat Delight,663.0,597.0,2026-04-27,2026-05-04,2026-05-04,received,4.0,,,
df1382d7-d43e-4281-9def-a5ce9559fba0,PO-2694,SUP018,FlavorFusion Foods,BB-14782,Upper Assam Black Tea - Finest Collection,111.0,111.0,2026-02-25,2026-03-04,2026-03-04,received,4.0,,,
a7c4faac-eafe-4d16-8976-6c5a15a7dcc4,PO-2695,SUP018,FlavorFusion Foods,BB-16626,"Cashews - Whole, 100% Natural Premium",156.0,148.0,2026-01-12,2026-01-19,2026-01-18,received,3.0,,,
31223c76-8aae-475e-9e17-411119c17006,PO-2696,SUP018,FlavorFusion Foods,BB-6030,Almond Filled Chocolate Bar,1781.0,1680.0,2025-09-10,2025-09-17,2025-09-17,received,4.0,,,
6af52a7c-ecdb-44f5-8ea5-eedc6db291e5,PO-2697,SUP018,FlavorFusion Foods,BB-27311,Vegan Jujubes Gummy Candy - Assorted Fruit Flavour,305.0,305.0,2025-11-28,2025-12-05,2025-12-05,received,4.0,,,
3581cfd8-48cf-4a10-9628-533e2965d52e,PO-2698,SUP018,FlavorFusion Foods,BB-13309,Quadratini Wafer Cookies - Double Choc,278.0,278.0,2026-04-03,2026-04-10,2026-04-10,received,5.0,,,
4e22bc0f-a51f-41ff-807c-166439ac431e,PO-2699,SUP018,FlavorFusion Foods,BB-4665,20g Whey Protein Bar - Chocolate Cranberry,125.0,0.0,2025-02-02,2025-02-09,,cancelled,,,,
03d30b8d-3606-4816-a0f8-406055e0e414,PO-2700,SUP018,FlavorFusion Foods,BB-24958,Jelly Crystal - Mango,1998.0,1998.0,2025-07-18,2025-07-25,2025-07-29,received,5.0,,,
375d0f75-f571-475d-8d26-f92682e7e9ee,PO-2701,SUP018,FlavorFusion Foods,BB-25027,"Almond Butter- All Natural 125G+Sweet N Salty, with Crunchy Flax Seeds 125G Jar",134.0,122.0,2025-11-30,2025-12-07,2025-12-07,received,5.0,,,
d56d03ee-2e5a-4d96-b348-ac4f8991c308,PO-2702,SUP018,FlavorFusion Foods,BB-6913,Tea - Eternal Jasmine,33.0,33.0,2026-06-24,2026-07-01,2026-06-29,received,5.0,,,
25bc251d-3148-422f-8848-62d03ecde774,PO-2703,SUP018,FlavorFusion Foods,BB-9093,Schezwan Dip,360.0,360.0,2026-04-15,2026-04-22,2026-04-26,received,4.0,,,
e8297c18-e6a6-43c0-9cf0-6c32d3b0f089,PO-2704,SUP018,FlavorFusion Foods,BB-2729,Sour Bites - Mixed Fruit Flavour,1151.0,1151.0,2025-07-02,2025-07-09,2025-07-10,received,4.0,,,
f46a612c-d057-42a1-afe3-0d3edf48533a,PO-2705,SUP022,PetCare Wholesale,BB-19431,"Super Stretch Silicone Lids Flexible Covers - For Bowls, Cans, Jars & Mugs, BB1502",358.0,358.0,2026-06-24,2026-06-29,2026-06-28,received,5.0,,,
b365136d-5f1d-412b-8b3a-2f14bce9bcb2,PO-2707,SUP022,PetCare Wholesale,BB-2062,"Induction Base Non Stick Cookware Set With Glass Lid - Bling, Blue",31.0,0.0,2025-02-13,2025-02-18,,cancelled,,,,
37094715-d7ae-41d7-8454-358780847e45,PO-2709,SUP022,PetCare Wholesale,BB-20346,Ice Cube Tray - Assorted Color,179.0,0.0,2025-12-15,2025-12-20,,cancelled,,,,
7a2ec8ba-c05d-4ada-8695-f2deec2e52a9,PO-2710,SUP022,PetCare Wholesale,BB-3595,Borosilicate Glass Rectangular Container With Lid - Green,148.0,148.0,2025-09-22,2025-09-27,2025-09-25,received,5.0,,,
5627f95d-0960-4eff-bd34-3983f953405e,PO-2711,SUP022,PetCare Wholesale,BB-18579,Green Tea Mugs With Message,30.0,29.0,2026-02-22,2026-02-27,2026-02-25,received,5.0,,,
5f68b9d4-fd46-45e8-b136-48d5e7e1b03e,PO-2712,SUP022,PetCare Wholesale,BB-2358,"Glass Set - Long Drink, Camilo",132.0,0.0,2026-06-10,2026-06-15,,cancelled,,,,
cd4f70e9-cf4a-425a-b9be-613795dd56e2,PO-2713,SUP022,PetCare Wholesale,BB-8843,"Plastic Twister Container - Big, Brown",422.0,404.0,2025-10-18,2025-10-23,2025-10-24,received,5.0,,,
cd3d055d-5ca3-4dea-b89b-262769dbc49e,PO-2715,SUP022,PetCare Wholesale,BB-4127,"Copper Bottle - Matt Finish, Tulip, BBCB11",120.0,120.0,2026-03-01,2026-03-06,2026-03-05,received,3.0,,,
d54814dd-2fb5-450f-9cf6-2bb6163bad1e,PO-2717,SUP022,PetCare Wholesale,BB-8843,"Plastic Twister Container - Big, Brown",337.0,327.0,2025-08-14,2025-08-19,2025-08-19,received,5.0,,,
46ee68d7-7b2b-4596-ad09-2e630b525da2,PO-2718,SUP022,PetCare Wholesale,BB-21198,"Kitchen Tools Set With Holder Made Of Bamboo Wood - Spatula, Ladle, Turner",247.0,0.0,2025-04-26,2025-05-01,,cancelled,,,,
bbdf9db1-2e41-4ea9-a5bc-c1e1f1ab6008,PO-2719,SUP022,PetCare Wholesale,BB-22492,"Dog Food - Super Premium, Focus, Puppy, Limited Offer Stock",11.0,11.0,2026-01-16,2026-01-21,2026-01-19,received,4.0,,,
755e2004-ff77-4976-8dd2-e5329c0e2e50,PO-2721,SUP019,HomeEssentials India,BB-22091,Exclusive Scoopable Smart Bentonite Cat Litter,72.0,72.0,2025-03-06,2025-03-11,2025-03-11,received,4.0,,,
d3b4a800-141e-4acf-b7e1-e0bc85fe5763,PO-2722,SUP019,HomeEssentials India,BB-21531,Stainless Steel Gas Light,301.0,301.0,2025-04-10,2025-04-15,2025-04-13,received,5.0,,,
75bae76f-4caf-4016-b569-4ae2dc8c74eb,PO-2725,SUP019,HomeEssentials India,BB-5863,Aluminium Large Round Mould - Assorted Colour,79.0,79.0,2025-08-29,2025-09-03,2025-09-03,received,4.0,,,
76f510f8-2fee-4937-beb2-fba5a5c15f89,PO-2726,SUP019,HomeEssentials India,BB-2465,Svachh DLX Alpha Steel Outer Lid Pressure Cooker (20248),34.0,33.0,2025-05-18,2025-05-23,2025-05-25,received,4.0,,,
39d8d350-bc93-4883-9e15-473468118b50,PO-2727,SUP019,HomeEssentials India,BB-6063,Luna Glass Water/Juice Jug - Red,145.0,145.0,2025-03-15,2025-03-20,2025-03-25,received,5.0,,,
e8a73cfe-e5d2-4029-a631-8f0b128618de,PO-2728,SUP019,HomeEssentials India,BB-12164,Glass Bowl Set - Bistro,370.0,370.0,2025-01-20,2025-01-25,2025-01-25,received,5.0,,,
fae333db-9fe3-4140-9720-640fe5dfeec3,PO-2729,SUP019,HomeEssentials India,BB-19204,Click N Seal Rectangular Microwaveable Plastic Container - L5919-VL,412.0,412.0,2026-02-24,2026-03-01,2026-02-28,received,4.0,,,
bca30bc5-86ea-46c9-8149-81bfdf509e7e,PO-2730,SUP019,HomeEssentials India,BB-19000,Valse Juice/water Glass Tumbler,108.0,108.0,2026-02-13,2026-02-18,2026-02-17,received,4.0,,,
aac5e89d-ea58-417e-aebb-52ab1a0aad96,PO-2731,SUP019,HomeEssentials India,BB-26609,Tea Spoon Set - Rio,314.0,314.0,2026-02-04,2026-02-09,2026-02-08,received,5.0,,,
488d76cb-9116-4535-a329-903f7d31253d,PO-2732,SUP019,HomeEssentials India,BB-8394,Aluminium Hammered Finish Tope Patila - Silver,400.0,375.0,2026-02-05,2026-02-10,2026-02-08,received,4.0,,,
8b25d2ca-396c-41b2-8a39-33bd52895e31,PO-2733,SUP019,HomeEssentials India,BB-19812,"Dry Dog Food - Chicken & Rice, For Senior Dogs, 7 Years+",118.0,118.0,2025-12-09,2025-12-14,2025-12-12,received,5.0,,,
bfe85f66-499f-4035-a5d6-00e573a1a232,PO-2735,SUP020,KitchenCraft Supplies,BB-25839,"Doraemon Single Compartment Plastic Lunch Box - With Container, Assorted Character, Assorted Colour",471.0,462.0,2025-08-31,2025-09-04,2025-09-03,received,4.0,,,
ff54f2de-1932-416c-a6a4-5629ffb948a6,PO-2736,SUP020,KitchenCraft Supplies,BB-10192,Magic Seal Round Plastic Oil Containers - Royal Blue,904.0,904.0,2025-11-17,2025-11-21,2025-11-21,received,5.0,,,
9072e098-b471-4327-90c1-bdc50d2d1d7d,PO-2737,SUP020,KitchenCraft Supplies,BB-25691,USB String Fairy Lights 3M 30 LED Heart Bead Gold Chain For Decoration,592.0,592.0,2025-12-05,2025-12-09,2025-12-10,received,4.0,,,
e03cbc99-b208-4e26-bfab-0b674fd91b4a,PO-2738,SUP020,KitchenCraft Supplies,BB-12243,"Executive Storage Lunch Container - Stainless Steel, Medium, Blue",304.0,283.0,2026-02-08,2026-02-12,2026-02-10,received,5.0,,,
9ae26716-eb70-45c8-b512-7d2048ae9225,PO-2739,SUP020,KitchenCraft Supplies,BB-19606,Grinder - Salt & Pepper,113.0,113.0,2025-09-16,2025-09-20,2025-09-22,received,4.0,,,
425ae7b3-85d7-49bc-8566-dd4a22affef1,PO-2740,SUP020,KitchenCraft Supplies,BB-18618,Plastic Pro Lock 4 Side Lock Container - Gray,408.0,408.0,2026-06-11,2026-06-15,2026-06-15,received,5.0,,,
15698816-782a-419c-8c67-e29405978a1f,PO-2741,SUP020,KitchenCraft Supplies,BB-2969,"Stainless Steel Dish Cover - Mesh, 23 cm",242.0,242.0,2026-03-12,2026-03-16,2026-03-15,received,5.0,,,
8f6a65e5-a3d3-4cd0-8469-1872c2f2f88a,PO-2744,SUP020,KitchenCraft Supplies,BB-16178,Pet Selo Container Set - Silver,189.0,189.0,2025-12-19,2025-12-23,2025-12-22,received,5.0,,,
87378eb9-a012-4021-9260-f725545ee70b,PO-2746,SUP020,KitchenCraft Supplies,BB-24591,Regel Tritan Plastic Sports Water Bottle - Red,280.0,273.0,2026-02-01,2026-02-05,2026-02-04,received,5.0,,,
97c6fe83-0966-49a7-8bd1-90bb8e3255c3,PO-2747,SUP020,KitchenCraft Supplies,BB-7167,Aluminium Outer Lid Pressure Cooker - Evok,57.0,57.0,2026-04-11,2026-04-15,2026-04-20,received,4.0,,,
fef5ace1-ed84-41ac-a8bf-e1fd40c42ec3,PO-2748,SUP020,KitchenCraft Supplies,BB-7858,Stylo Medium Tray - Pink,283.0,283.0,2025-02-08,2025-02-12,2025-02-10,received,5.0,,,
4f2d9fef-5702-4fa9-8cbf-2b056ec5ee00,PO-2749,SUP020,KitchenCraft Supplies,BB-7300,Venezia Large Bowl - Tempered Glass,183.0,183.0,2025-10-02,2025-10-06,2025-10-04,received,4.0,,,
e9c3dc5a-2524-44c5-87fb-b589659c148a,PO-2750,SUP021,GardenGreen Distributors,BB-19704,"Stainless Steel Lunch Box/Tiffin Box - Hydra Insulated, Steel Grey",40.0,40.0,2025-11-05,2025-11-11,2025-11-10,received,5.0,,,
70d030c0-c23a-42e0-ae99-57b70270a347,PO-2751,SUP021,GardenGreen Distributors,BB-27309,"Glass Water Bottle With Square Base - Red, BB 1360",249.0,249.0,2026-04-08,2026-04-14,2026-04-13,received,4.0,,,
87ecfd8f-0b5c-4847-a531-b7de2bac71ae,PO-2752,SUP021,GardenGreen Distributors,BB-1290,Plastic Container Storage Beauty & Fresh Containers,703.0,703.0,2025-01-25,2025-01-31,2025-01-30,received,4.0,,,
c3f80543-5de6-44f7-80b5-8e12ecfd6130,PO-2753,SUP021,GardenGreen Distributors,BB-7575,Naturally Grown - Italian Basil Seeds,1058.0,1058.0,2025-09-27,2025-10-03,2025-10-03,received,4.0,,,
5eca6b94-bbc0-4da5-b2c1-79e88af303ee,PO-2754,SUP021,GardenGreen Distributors,BB-14357,Glass Set With Ice Bucket,69.0,62.0,2025-02-05,2025-02-11,2025-02-10,received,4.0,,,
838902dc-0c76-408e-abab-2c7eb5f5c2d5,PO-2755,SUP021,GardenGreen Distributors,BB-1285,"Aluminium Flower Shape Cake Mould - Silver, 6 Inch",417.0,417.0,2025-12-10,2025-12-16,2025-12-15,received,5.0,,,
7b606a7e-f596-4759-ae15-c7eb18034e3b,PO-2756,SUP021,GardenGreen Distributors,BB-23481,4mm Aluminium Kadai With Handle - Silver,110.0,0.0,2026-02-12,2026-02-18,,cancelled,,,,
b32cea5a-1846-4051-a56e-65670c62c14d,PO-2757,SUP021,GardenGreen Distributors,BB-9066,Suzzan Glass Bottle With Blue Cap,218.0,218.0,2026-06-25,2026-07-01,2026-06-30,received,4.0,,,
016e22c6-f381-4933-bdac-6ed7ce56eda5,PO-2758,SUP021,GardenGreen Distributors,BB-3894,Liza Coffee Mugs - MW21,213.0,196.0,2026-06-21,2026-06-27,2026-06-27,received,5.0,,,
f29ca301-2cd3-432e-bc41-fd0e3c5f5f44,PO-2759,SUP021,GardenGreen Distributors,BB-20177,Barking Up the Tea Tree Anti-Itch Dog Shampoo,735.0,735.0,2025-11-06,2025-11-12,2025-11-16,received,4.0,,,
21ed812e-bb0e-4851-840a-b418df5cd6a3,PO-2760,SUP021,GardenGreen Distributors,BB-14357,Glass Set With Ice Bucket,72.0,72.0,2025-12-23,2025-12-29,2026-01-02,received,4.0,,,
f614f443-874a-4a94-aed6-62fa7c57d792,PO-2761,SUP021,GardenGreen Distributors,BB-9943,Stainless Steel Airtight Storage Container - SL-1601,76.0,68.0,2025-06-15,2025-06-21,2025-06-24,received,5.0,,,
3cd51ebd-c12a-46ca-9619-19636ddabc1c,PO-2762,SUP021,GardenGreen Distributors,BB-26534,"Lunch Box/Tiffin Stainless Steel - Small, Brunch",637.0,637.0,2025-11-15,2025-11-21,2025-11-20,received,5.0,,,
eae9bbce-5be9-47a7-840d-6f47869360a2,PO-2763,SUP021,GardenGreen Distributors,BB-24738,Silicone Round Muffin Mould - Assorted Colour,2029.0,2029.0,2026-06-10,2026-06-16,2026-06-16,received,5.0,,,
405bda8c-4ac3-4b0d-a071-1895c42452a8,PO-2764,SUP021,GardenGreen Distributors,BB-25743,Xpress Handy Juicer 2-In-1 - Multicolour,420.0,0.0,2025-05-29,2025-06-04,,cancelled,,,,
b2da7bdd-159b-4bc7-a3ac-d2be54b01f67,PO-2765,SUP023,HandyHome Products,BB-19961,Marvel Avengers Small 304 Stainless Steel Lunch Box/Tiffin Box - HMHTLB 73357-AV,171.0,171.0,2026-04-29,2026-05-04,2026-05-04,received,5.0,,,
4d0b4dce-f42b-481e-b294-444c09b801e8,PO-2766,SUP023,HandyHome Products,BB-24955,Stainless Steel Easy Chopping Knife With Yellow Handle,303.0,303.0,2026-01-09,2026-01-14,2026-01-14,received,4.0,,,
0707ee93-9f27-466e-9e5e-c9dfe6988aa1,PO-2767,SUP023,HandyHome Products,BB-12517,Non-Stick 6 Cavity Muffin Tray - Assorted Colour,195.0,195.0,2025-12-12,2025-12-17,2025-12-20,received,4.0,,,
25cdf123-8bca-4508-9623-3ed72d22e131,PO-2768,SUP023,HandyHome Products,BB-8630,"Glass Bottle With Plastic Outer  - Blue, BB1315",182.0,182.0,2025-03-25,2025-03-30,2025-03-30,received,5.0,,,
7bfd34d1-6c08-4672-a205-3dae6eb88e1f,PO-2769,SUP023,HandyHome Products,BB-3287,Grow Bags,236.0,236.0,2026-03-12,2026-03-17,2026-03-15,received,5.0,,,
bc11bb47-5149-48ad-b91a-775bb2099d46,PO-2770,SUP023,HandyHome Products,BB-19961,Marvel Avengers Small 304 Stainless Steel Lunch Box/Tiffin Box - HMHTLB 73357-AV,104.0,104.0,2025-12-05,2025-12-10,2025-12-14,received,4.0,,,
8702ddcf-941b-47f9-81cd-3cb4c581a06b,PO-2771,SUP023,HandyHome Products,BB-25562,100% melamine Dinner Plate - Blossom,212.0,212.0,2025-12-08,2025-12-13,2025-12-12,received,5.0,,,
48c5b38a-5f38-4636-8742-c7fde4c47612,PO-2772,SUP023,HandyHome Products,BB-6050,Plastic Cloth Hangers - Blue,273.0,267.0,2025-05-21,2025-05-26,2025-05-25,received,4.0,,,
a0d4008c-c18d-468e-98ad-97fb6bbe369e,PO-2773,SUP023,HandyHome Products,BB-12990,Stainless Steel Canister/Container - Hammered,250.0,250.0,2026-04-01,2026-04-06,2026-04-10,received,5.0,,,
83e6bee8-8ce6-480f-a70f-9b02672900c0,PO-2774,SUP023,HandyHome Products,BB-24823,Stainless Steel Refreshment Flora Storage Containers - Canister Set,82.0,82.0,2026-01-05,2026-01-10,2026-01-08,received,4.0,,,
1a6730d3-84d4-4228-90fc-a6e6d1f7750e,PO-2775,SUP023,HandyHome Products,BB-18980,"Printed Lid Jars, Plain Design, Round",965.0,882.0,2026-03-28,2026-04-02,2026-04-04,received,5.0,,,
c69a9f9d-d949-4622-9577-31e1bd8cdd9b,PO-2776,SUP023,HandyHome Products,BB-9014,"Multipurpose Airtight Transparent Plastic Container Combo - Keep Fresh, Blue",127.0,119.0,2026-04-26,2026-05-01,2026-05-01,received,5.0,,,
ac6d81f3-dc17-462b-a663-b382a796c4f7,PO-2777,SUP023,HandyHome Products,BB-16031,"Polpat - Plastic, Medium",296.0,296.0,2026-04-16,2026-04-21,2026-04-20,received,4.0,,,
90d17d2e-1e7e-40f7-b5a9-24dc5e33ee4b,PO-2778,SUP023,HandyHome Products,BB-20205,"Tumbler - Transparent, BB1072",188.0,188.0,2026-05-19,2026-05-24,2026-05-22,received,4.0,,,
08cea1fd-fd67-45a8-864b-d3d04876ea4b,PO-2779,SUP023,HandyHome Products,BB-26142,"Adult Dry Cat Food - +1 Year, Ocean Fish",76.0,76.0,2025-12-16,2025-12-21,2025-12-21,received,4.0,,,
0ebabea0-c002-4c80-9afb-c047755fd6d1,PO-2780,SUP024,Modern Kitchen Co.,BB-6429,"Steel Storage/Lunch Container - No.14, Grey, Klip It",352.0,352.0,2025-03-18,2025-03-22,2025-03-22,received,4.0,,,
78f1f995-075d-415a-8657-96a661315332,PO-2781,SUP024,Modern Kitchen Co.,BB-6734,"Chota Bheem Medium Size Plastic Lunch Box - With Inner Container, Fork & Spoon, Assorted Colour",267.0,267.0,2026-01-19,2026-01-23,2026-01-23,received,4.0,,,
b7c1f588-d9f8-4004-87f2-f2b9ee67e9df,PO-2782,SUP024,Modern Kitchen Co.,BB-3551,100% Melamine Serving Spoon - Fantastic BLG,221.0,221.0,2026-04-15,2026-04-19,2026-04-18,received,4.0,,,
5e817fe1-68a7-4065-a78d-a97c86f1f43b,PO-2784,SUP024,Modern Kitchen Co.,BB-8843,"Plastic Twister Container - Big, Brown",218.0,218.0,2025-04-07,2025-04-11,2025-04-16,received,5.0,,,
ea7bb66d-8350-4f4a-afc0-4a0e97815cfa,PO-2785,SUP024,Modern Kitchen Co.,BB-15480,"LPG Hose Pipe - Rubberised, Steel Wire Reinforced, Orange",359.0,359.0,2025-08-22,2025-08-26,2025-08-26,received,5.0,,,
f7ba8b04-d662-4646-9665-1c3de3a19cf7,PO-2786,SUP024,Modern Kitchen Co.,BB-22536,Stainless Steel Airtight Storage Container - SL-1303,301.0,280.0,2025-11-01,2025-11-05,2025-11-05,received,4.0,,,
40add2ea-81c7-4475-864b-75bcc5376321,PO-2787,SUP024,Modern Kitchen Co.,BB-13771,Gold Laquer Finish Stainless Steel Storage Bowl Set - Hammered Touch,131.0,131.0,2026-03-27,2026-03-31,2026-04-02,received,3.0,,,
55b96dbb-daf3-41e4-b391-f202debc2f41,PO-2788,SUP024,Modern Kitchen Co.,BB-8394,Aluminium Hammered Finish Tope Patila - Silver,155.0,155.0,2025-08-03,2025-08-07,2025-08-05,received,4.0,,,
5af168de-db3b-4e9f-8600-d9190077c2fb,PO-2789,SUP024,Modern Kitchen Co.,BB-5427,Nutri Lunch Insulated Tiffin - Pink,113.0,113.0,2025-11-08,2025-11-12,2025-11-12,received,5.0,,,
07508606-2089-4b95-b603-902325dc5b67,PO-2790,SUP024,Modern Kitchen Co.,BB-10984,"Tejas LED Bulb - 5 Watt, White, Cool Day, B22",658.0,658.0,2025-11-28,2025-12-02,2025-12-01,received,4.0,,,
5de936f9-a7f6-42aa-8d6c-654d44dab9b3,PO-2791,SUP024,Modern Kitchen Co.,BB-13896,"Dry Cat Food - Adult, 1+ Year, Mackerel Flavour",245.0,245.0,2025-05-09,2025-05-13,2025-05-13,received,5.0,,,
80fb151d-9e26-44b1-978f-c132daa6c756,PO-2792,SUP024,Modern Kitchen Co.,BB-18485,100% Melamine Tumbler Set - Green,294.0,294.0,2026-03-28,2026-04-01,2026-04-05,received,5.0,,,
8560f8d9-b7cf-4e37-9308-424075d7697c,PO-2793,SUP024,Modern Kitchen Co.,BB-165,Dessert Glass Bowl Set - Galaxy,67.0,64.0,2026-01-05,2026-01-09,2026-01-12,received,4.0,,,
da8ad36f-b23c-4023-802c-051554c57ee6,PO-2794,SUP024,Modern Kitchen Co.,BB-11322,Dazzle Livid Lilac Dinner Set - White,58.0,58.0,2025-03-31,2025-04-04,2025-04-04,received,5.0,,,
d61f74f7-8e51-4b00-a389-b15a0892564b,PO-2795,SUP029,SavoryBites Supply,BB-1023,"Orbit Chewing Gum - Spearmint , Sugarfree",274.0,274.0,2026-06-12,2026-06-17,2026-06-20,received,4.0,,,
c066dedd-cd51-4344-b761-468b81b2a6e6,PO-2796,SUP029,SavoryBites Supply,BB-17499,Panipuri Pellets,220.0,220.0,2026-04-13,2026-04-18,2026-04-17,received,4.0,,,
f4344b75-b0b5-4fe3-8285-b7b88f1d245c,PO-2798,SUP029,SavoryBites Supply,BB-2938,Chia Seeds Cookies,327.0,327.0,2025-08-01,2025-08-06,2025-08-06,received,5.0,,,
23874cdd-85fd-4741-a57d-356db6d3c6f8,PO-2799,SUP029,SavoryBites Supply,BB-3665,Instant Breakfast Cereal,132.0,132.0,2026-06-09,2026-06-14,2026-06-13,received,4.0,,,
e1b56031-1c46-46fd-a7f0-1414b170861d,PO-2800,SUP029,SavoryBites Supply,BB-4168,Milk Chocolate- Smooth & Creamy,534.0,534.0,2025-11-18,2025-11-23,2025-11-22,received,4.0,,,
a89750e8-2c51-4175-a766-1f3bc9ef98c8,PO-2801,SUP029,SavoryBites Supply,BB-11347,Instant Noodles - 2 Minute Special Masala,598.0,588.0,2025-02-15,2025-02-20,2025-02-18,received,4.0,,,
307c7f60-c4eb-4ea0-b458-96c6f663b4c9,PO-2802,SUP029,SavoryBites Supply,BB-151,Vermicelli - Pearl Millet,1531.0,1531.0,2025-11-04,2025-11-09,2025-11-08,received,5.0,,,
4dddabf8-0f8b-4d46-b65e-20015e56a1ed,PO-2803,SUP029,SavoryBites Supply,BB-17499,Panipuri Pellets,170.0,170.0,2026-01-04,2026-01-09,2026-01-07,received,4.0,,,
377c7dee-ce76-4ac6-a41e-cadc2950104e,PO-2804,SUP029,SavoryBites Supply,BB-18307,Poha,2143.0,2143.0,2025-02-26,2025-03-03,2025-03-07,received,4.0,,,
2670f3bc-10fd-44a5-a814-2e0bac876c35,PO-2805,SUP029,SavoryBites Supply,BB-22506,Veg Seekh Kebab,1398.0,1398.0,2025-04-16,2025-04-21,2025-04-25,received,4.0,,,
ef151561-2023-440e-b9de-f8a813b2014b,PO-2806,SUP029,SavoryBites Supply,BB-975,Creams - Hide & Seek Creme Chocolate,1146.0,1146.0,2025-08-30,2025-09-04,2025-09-02,received,4.0,,,
141afad7-b2bd-4742-837b-5e27f79e8015,PO-2807,SUP029,SavoryBites Supply,BB-19391,High Protein Peanuts - Himalayan Salted,1537.0,1537.0,2025-09-16,2025-09-21,2025-09-21,received,5.0,,,
47f6164e-f6f2-4699-ac7a-1e355ca25335,PO-2808,SUP029,SavoryBites Supply,BB-16119,Thai Sweet Chilli Sauce,405.0,405.0,2025-12-21,2025-12-26,2025-12-29,received,5.0,,,
f3ba60ef-b3c0-4044-b1f7-b9c3ab2328d9,PO-2809,SUP029,SavoryBites Supply,BB-21753,Hide & Seek Caffe Mocha Cookies,4224.0,4224.0,2025-06-16,2025-06-21,2025-06-19,received,5.0,,,
c65c5e8b-d522-47f9-9650-f32b1c52c554,PO-2810,SUP026,CrunchTime Snacks,BB-12728,Grated Mango Pickle,362.0,362.0,2026-01-18,2026-01-22,2026-01-21,received,5.0,,,
4cad9af0-2bcb-4ee8-85e8-687ca8eab55b,PO-2811,SUP026,CrunchTime Snacks,BB-20500,Peanut Butter - Creamy,406.0,406.0,2025-02-18,2025-02-22,2025-02-22,received,5.0,,,
4d04630f-4a00-4e1c-a821-42722fc969da,PO-2812,SUP026,CrunchTime Snacks,BB-5903,Thokku - Vathakozhambu,137.0,137.0,2025-10-28,2025-11-01,2025-11-04,received,5.0,,,
3a1d0da0-8441-4e18-9b3d-4cec4cca5e9b,PO-2813,SUP026,CrunchTime Snacks,BB-4515,Bar - Choco Slim,122.0,122.0,2026-02-02,2026-02-06,2026-02-04,received,4.0,,,
ffd409f8-58a0-46af-90b5-ead260ffd653,PO-2814,SUP026,CrunchTime Snacks,BB-26687,"Peanut Butter - Unsweetened, Crunchy",172.0,160.0,2026-06-21,2026-06-25,2026-06-23,received,4.0,,,
23caa284-5019-4fc6-a1b7-16eabcab9cee,PO-2816,SUP026,CrunchTime Snacks,BB-14788,Papad - Moong,1297.0,1297.0,2025-10-18,2025-10-22,2025-10-20,received,4.0,,,
2018e05b-a675-4e99-9b06-104fa99e1014,PO-2817,SUP026,CrunchTime Snacks,BB-191,Veggie Stix,1040.0,1040.0,2025-05-08,2025-05-12,2025-05-13,received,4.0,,,
57e5b210-69f5-4848-a2ee-71e826acda6c,PO-2818,SUP026,CrunchTime Snacks,BB-7479,Manchow + Tomato Soup,641.0,641.0,2026-02-07,2026-02-11,2026-02-09,received,4.0,,,
4b8caed5-0aab-4b0d-9444-c3c1937364f8,PO-2819,SUP026,CrunchTime Snacks,BB-14788,Papad - Moong,1430.0,1430.0,2026-07-02,2026-07-06,2026-07-10,received,5.0,,,
82e0170c-0326-41c0-9a8f-dc04b4dafe33,PO-2820,SUP026,CrunchTime Snacks,BB-5878,Cookies - Oatmeal (Sugar Free),2479.0,2479.0,2026-01-10,2026-01-14,2026-01-14,received,4.0,,,
030895e8-7009-40e6-9aa2-75c318766a7f,PO-2821,SUP026,CrunchTime Snacks,BB-12597,3-Min Seviyan Upma,1331.0,1331.0,2025-11-28,2025-12-02,2025-12-02,received,4.0,,,
4d51cc2d-4b9c-4b29-88cb-0e034b11e933,PO-2823,SUP026,CrunchTime Snacks,BB-14788,Papad - Moong,586.0,586.0,2025-09-06,2025-09-10,2025-09-10,received,4.0,,,
3380fdc4-07c7-417b-9848-82b2679f6af4,PO-2824,SUP026,CrunchTime Snacks,BB-23976,Hakka Noodles - Egg,673.0,673.0,2026-03-22,2026-03-26,2026-03-26,received,5.0,,,
1d32117e-26cf-482b-a12c-4c9ecc3e9ed3,PO-2825,SUP027,SnackWorld India,BB-10995,Organic Kesari Bath - Little Millet,297.0,297.0,2025-11-29,2025-12-04,2025-12-02,received,5.0,,,
0445427b-06ac-4c76-b2a5-a44626c4e513,PO-2826,SUP027,SnackWorld India,BB-18266,Meetha Paan - With Real Gulkand,2796.0,2796.0,2025-03-06,2025-03-11,2025-03-10,received,5.0,,,
7a11719c-5079-4748-ad7f-b15dcd0107db,PO-2827,SUP027,SnackWorld India,BB-19396,Premium Wafer Bites - Orange 100 g + Hazelnut 100 g + Cappucino 100 g,432.0,422.0,2025-06-29,2025-07-04,2025-07-04,received,5.0,,,
1b8f459f-2549-49c4-b484-170e47d28d3c,PO-2828,SUP027,SnackWorld India,BB-10059,Green Chilli Rice Papad,692.0,692.0,2025-05-18,2025-05-23,2025-05-25,received,4.0,,,
65ea9367-bc8c-4d73-9b5d-4f4ccf88a8b4,PO-2829,SUP027,SnackWorld India,BB-25834,Paratha - Butter,238.0,225.0,2025-10-22,2025-10-27,2025-10-25,received,5.0,,,
296d0f4c-30b7-4f77-bf40-a99dee9788b3,PO-2830,SUP027,SnackWorld India,BB-10059,Green Chilli Rice Papad,878.0,848.0,2025-08-08,2025-08-13,2025-08-13,received,5.0,,,
9336ca13-5308-453a-813b-4e14dfdd9908,PO-2831,SUP027,SnackWorld India,BB-17001,Aloo Tikki,1356.0,1356.0,2025-05-20,2025-05-25,2025-05-28,received,5.0,,,
e05b0cc9-e930-444b-ba66-d6875b5a7daa,PO-2832,SUP027,SnackWorld India,BB-2366,Pulp - Totapuri Mango,1105.0,1081.0,2025-06-04,2025-06-09,2025-06-09,received,5.0,,,
b73d7646-0339-4b0b-8512-bf1c2674ce09,PO-2833,SUP027,SnackWorld India,BB-524,Pazzta Cheese Macaroni Family Saver Pack Pouch,1543.0,1543.0,2026-06-01,2026-06-06,2026-06-09,received,5.0,,,
133adabe-b844-4e90-a7c7-9a2e993ff218,PO-2834,SUP027,SnackWorld India,BB-23487,Namkeen - Tasty Nuts,3648.0,0.0,2025-04-03,2025-04-08,,cancelled,,,,
a3b6ab33-ff4b-40cd-a8f3-5c6a49a154eb,PO-2835,SUP027,SnackWorld India,BB-24293,Choco Deck - Milk Chocolate,1477.0,1477.0,2025-10-30,2025-11-04,2025-11-02,received,4.0,,,
7583154e-f030-4f00-bf9f-d63f12523c54,PO-2837,SUP027,SnackWorld India,BB-19842,Premium Wafer Bites - Dark Choco,1285.0,1234.0,2025-09-19,2025-09-24,2025-09-23,received,5.0,,,
16d4d595-5f98-46a0-a76d-49227df23841,PO-2838,SUP027,SnackWorld India,BB-25923,"Tomato Makhani & Cashew Onion Ready to Eat All Purpose Gravy, 200 g",461.0,446.0,2025-02-15,2025-02-20,2025-02-20,received,4.0,,,
48b1a3fa-bce9-4d6f-819f-736d82a2c954,PO-2840,SUP025,SweetSource Regional,BB-6143,Snacks - Tea Time Puri,2164.0,2164.0,2025-06-08,2025-06-11,2025-06-15,received,2.0,,,
0823f492-e492-42a8-9609-5b2a7aa69de4,PO-2841,SUP025,SweetSource Regional,BB-12728,Grated Mango Pickle,210.0,210.0,2025-07-20,2025-07-23,2025-07-24,received,4.0,,,
6291ae5e-8bdf-4bde-b2b5-62eaa14e9f07,PO-2842,SUP025,SweetSource Regional,BB-20993,Instant Popcorn Value Pack - Golden Sizzle,1671.0,1671.0,2026-07-02,2026-07-05,2026-07-05,received,5.0,,,
56bc3fd6-785c-4a4f-871d-c395be69cd06,PO-2843,SUP025,SweetSource Regional,BB-20914,Diet Chivda,1881.0,1881.0,2026-02-24,2026-02-27,2026-02-27,received,3.0,,,
eaf2d559-40f6-4296-9113-811f6033a850,PO-2845,SUP025,SweetSource Regional,BB-2508,Fruit N Fibre Muesli - Strawberry,251.0,251.0,2025-03-24,2025-03-27,2025-03-25,received,5.0,,,
d133eb17-f20c-458f-a4a4-60e6b519d026,PO-2846,SUP025,SweetSource Regional,BB-27465,Namkeen - Barik Sev,1145.0,1103.0,2025-08-21,2025-08-24,2025-08-23,received,4.0,,,
d59dd40a-2bb8-43f5-b047-008666be15eb,PO-2847,SUP025,SweetSource Regional,BB-2508,Fruit N Fibre Muesli - Strawberry,151.0,151.0,2025-06-13,2025-06-16,2025-06-18,received,4.0,,,
2859fe72-5cb1-417f-a9f7-4cb1a1693d22,PO-2849,SUP025,SweetSource Regional,BB-6857,Barley Flakes,215.0,196.0,2025-02-19,2025-02-22,2025-02-20,received,3.0,,,
662e86d9-81dd-4a0d-aaac-e2b05a0c7add,PO-2850,SUP025,SweetSource Regional,BB-22357,Potato Chips - Spanish Tomato Tango,3966.0,0.0,2025-03-06,2025-03-09,,cancelled,,,,
82731c90-3607-45b2-a8c8-7b5e4f028640,PO-2851,SUP025,SweetSource Regional,BB-6359,Instant - Avalakki Upma Mix,1153.0,1153.0,2025-05-29,2025-06-01,2025-05-31,received,4.0,,,
9f9771da-da67-4f19-a819-e3f78af2d516,PO-2852,SUP025,SweetSource Regional,BB-21751,Oats,170.0,170.0,2026-02-19,2026-02-22,2026-02-23,received,5.0,,,
5e158a51-46b4-426a-b04e-2ef594f63011,PO-2853,SUP025,SweetSource Regional,BB-14437,Pista Essence,841.0,841.0,2026-02-13,2026-02-16,2026-02-16,received,2.0,,,
1786d0fc-8dbb-4417-9131-92e596aab5b1,PO-2854,SUP025,SweetSource Regional,BB-20914,Diet Chivda,1668.0,1668.0,2026-03-21,2026-03-24,2026-03-26,received,5.0,,,
7812bcb5-a1e3-4f26-8412-90969ff12cdb,PO-2855,SUP030,Britannia Regional Hub,BB-14788,Papad - Moong,538.0,538.0,2026-03-27,2026-03-30,2026-03-30,received,4.0,,,
f9ee815d-922c-48ad-855e-da46f82cd1bc,PO-2856,SUP030,Britannia Regional Hub,BB-20183,NutriChoice Sugar Free Cream Cracker,1817.0,0.0,2025-04-15,2025-04-18,,cancelled,,,,
5709b3ae-fd1f-4e30-8a7f-a2aaebefe0e1,PO-2857,SUP030,Britannia Regional Hub,BB-328,Sugar Coated Chocolate,16004.0,16004.0,2025-05-16,2025-05-19,2025-05-18,received,5.0,,,
f99d2c37-8b49-476e-aeb5-dd5590c993fc,PO-2858,SUP030,Britannia Regional Hub,BB-15177,Whole Almond Bar,585.0,585.0,2026-04-03,2026-04-06,2026-04-10,received,5.0,,,
637fdfce-c108-41e6-b5fb-1a1c491edca0,PO-2859,SUP030,Britannia Regional Hub,BB-2097,"Gift Box : Dryfruit Chocolate Nutty Cookies With Almonds, Cashew & Peanuts",92.0,92.0,2026-03-03,2026-03-06,2026-03-04,received,4.0,,,
3488d211-41ca-4409-a65b-52897ea2a4aa,PO-2860,SUP030,Britannia Regional Hub,BB-10458,Green Chilli Sauce,1701.0,1701.0,2025-02-27,2025-03-02,2025-02-28,received,4.0,,,
1b5f7e62-f212-47fc-892b-77c2dc7311a3,PO-2861,SUP030,Britannia Regional Hub,BB-3603,Bounce Biscuits - Orange Creme,1342.0,1342.0,2025-09-01,2025-09-04,2025-09-04,received,5.0,,,
cdd02b34-fe35-47fc-bc19-aa95592cc9cb,PO-2863,SUP030,Britannia Regional Hub,BB-10458,Green Chilli Sauce,1306.0,1306.0,2025-02-18,2025-02-21,2025-02-26,received,5.0,,,
c13fa04f-ae41-49f6-a9bc-0a74bca35200,PO-2864,SUP030,Britannia Regional Hub,BB-13018,Vermicelli - Toasted,802.0,802.0,2026-03-05,2026-03-08,2026-03-08,received,4.0,,,
ede6f23b-87a3-4db3-8966-ad26c1d3f89b,PO-2865,SUP030,Britannia Regional Hub,BB-19401,Protein Packed Foxnuts - Italian Herbs,375.0,375.0,2026-05-24,2026-05-27,2026-05-27,received,4.0,,,
a4d2d5c9-878a-4ea7-9e98-af1f106d6dfb,PO-2866,SUP030,Britannia Regional Hub,BB-6330,Overnight Oats - Banana Chocolate,423.0,0.0,2026-04-08,2026-04-11,,cancelled,,,,
ed64c44d-4650-44c0-af08-aea0f93f30b6,PO-2867,SUP030,Britannia Regional Hub,BB-25408,Honey Crunch Corn Flakes,237.0,0.0,2025-06-26,2025-06-29,,cancelled,,,,
4af73826-4778-4381-bbed-1d192c9f0a8a,PO-2868,SUP030,Britannia Regional Hub,BB-14788,Papad - Moong,1289.0,1194.0,2026-07-03,2026-07-06,2026-07-04,received,4.0,,,
509811f7-2e6b-423d-b858-e6f782dc6971,PO-2869,SUP030,Britannia Regional Hub,BB-13990,Instant Popcorn - Tomato Chilli,3177.0,3177.0,2025-02-16,2025-02-19,2025-02-18,received,4.0,,,
75389118-55fb-473c-8516-3d00af4683f9,PO-2870,SUP028,Munchies Mart,BB-464,Crunchy Honey Peanut Butter,210.0,193.0,2026-05-19,2026-05-23,2026-05-22,received,4.0,,,
d54aee6b-6892-46f9-97ac-110811b2948f,PO-2871,SUP028,Munchies Mart,BB-26185,Masala Oats - Classic Masala,3331.0,3331.0,2025-07-01,2025-07-05,2025-07-04,received,4.0,,,
742c3ef1-abdf-4c6d-9367-52eced2a4455,PO-2872,SUP028,Munchies Mart,BB-21150,Whole Wheat Marie,482.0,482.0,2026-01-17,2026-01-21,2026-01-20,received,5.0,,,
86ae69bb-dfc8-454a-a1aa-871920a042de,PO-2873,SUP028,Munchies Mart,BB-1438,Crispy Kadhai Paneer Nuggets,424.0,424.0,2025-12-07,2025-12-11,2025-12-09,received,4.0,,,
a8fa5bea-5327-4387-b494-83c628869d51,PO-2874,SUP028,Munchies Mart,BB-2097,"Gift Box : Dryfruit Chocolate Nutty Cookies With Almonds, Cashew & Peanuts",348.0,348.0,2026-01-17,2026-01-21,2026-01-20,received,5.0,,,
3a1aaf03-8416-4197-848c-9bada0c97fec,PO-2875,SUP028,Munchies Mart,BB-17802,Idly Dosa Batter - Mildly Salted,304.0,304.0,2025-09-30,2025-10-04,2025-10-02,received,4.0,,,
374f0cec-4672-4f9c-b4d4-b669b3df5d2e,PO-2876,SUP028,Munchies Mart,BB-12255,Papad - Jeera,1152.0,1152.0,2025-07-27,2025-07-31,2025-07-31,received,4.0,,,
8725b1b9-c08b-448a-b37d-37817c420365,PO-2877,SUP028,Munchies Mart,BB-16737,"X-press Instant Noodles - Masala Delight, Super Saver Pack",1184.0,1184.0,2026-03-18,2026-03-22,2026-03-20,received,4.0,,,
b8aa359f-366a-4176-be25-8979f191bc21,PO-2878,SUP028,Munchies Mart,BB-8371,Yumitos Masala - Potato Chips,1512.0,1512.0,2026-03-28,2026-04-01,2026-03-31,received,4.0,,,
3b31de13-2ec2-47ca-92d7-222ce2bb7d36,PO-2881,SUP028,Munchies Mart,BB-4402,Papad - Punjabi Masala,804.0,804.0,2025-05-17,2025-05-21,2025-05-21,received,5.0,,,
66f7fe3d-3522-4137-84c4-9b1486430552,PO-2882,SUP028,Munchies Mart,BB-3848,Vita Marie Gold Biscuits,902.0,863.0,2026-02-07,2026-02-11,2026-02-11,received,4.0,,,
aeee095c-04a3-4638-b2eb-7b1de7179cbb,PO-2883,SUP028,Munchies Mart,BB-7089,Mayonnaise - Burger,867.0,867.0,2025-05-01,2025-05-05,2025-05-04,received,4.0,,,
f40084e0-5641-4d7c-80a0-7d5435971925,PO-2886,SUP046,Hydration Hub,BB-10136,Fizz - Lime Lemon Classic Cola 300 ml + Fizz - Lime Lemon 300 ml,41.0,0.0,2026-07-11,2026-07-12,,cancelled,,Created from approval decision ae43c90b-1568-4e06-8f6a-905a81b8aa88,USR002,
e509a0fc-9e0b-4813-866e-5ae23e32949e,PO-2887,SUP054,FreshFarm Veg Market,BB-1032,Coccinia,516.0,0.0,2026-07-11,2026-07-18,,cancelled,,Created from approval decision 3ecee9b7-7705-4a35-94cc-11906112ae38,USR002,
f20e6eb1-bb9e-4875-b1a4-2224f6b6f117,PO-2888,SUP057,FreshCatch Meats,BB-10512,Chicken - Seek Kabab,169.0,169.0,2026-07-11,2026-07-18,2026-07-11,received,4.0,Created from approval decision a8db3bbf-edf4-40ff-b64e-ae9c5df08c81,USR002,
d9492629-9564-43f4-814f-3cf569ff0967,PO-2786,SUP001,Glamour Care Distributors,BB-10722,Self Care Foot Moisture Mask,1.0,1.0,2026-07-13,2026-07-15,2026-07-13,received,4.0,,USR002,
65624204-2e0f-45d6-9f7c-343e78768b4c,PO-2787,SUP001,Glamour Care Distributors,BB-10722,Self Care Foot Moisture Mask,1.0,1.0,2026-07-13,2026-07-16,2026-07-13,received,4.0,,USR002,
cdfa7dab-8d83-4179-b17f-ff8e4930e5a0,PO-2788,SUP010,Aura Personal Care,BB-10722,Self Care Foot Moisture Mask,1.0,0.0,2026-07-13,2026-07-16,,cancelled,,,USR002,2026-07-14T09:20:22.541163: supplier changed from Glamour Care Distributors to Glamour Care Distributors
5efbe493-77d9-43e5-bf36-11c886522268,PO-2789,SUP046,Hydration Hub,BB-10136,Fizz - Lime Lemon Classic Cola 300 ml + Fizz - Lime Lemon 300 ml,37.0,0.0,2026-07-13,2026-07-14,,ordered,,Created from approval decision d6b9cdfc-82cd-45bd-b909-be9662d52cdd,USR002,
d1ca8c43-ec02-4963-8177-72b0cbfa727b,PO-2790,SUP013,Continental Flavors,BB-10455,Lakadong Turmeric,130.0,0.0,2026-07-14,2026-07-15,,ordered,,Created from approval decision f168fc23-b9b8-4f3d-b666-1a7f384c432b,USR002,
800d006c-48c5-4ead-b153-dd03aae23f22,PO-2791,SUP056,GreenHarvest Produce,BB-1032,Coccinia,5.0,0.0,2026-07-14,2026-07-21,,cancelled,,Created from approval decision 91d9b35e-b450-4f38-9446-90752b43c699,USR002,2026-07-14T09:32:54.741512: supplier changed from FreshFarm Veg Market to GreenHarvest Produce
99ed77f5-6a65-451b-8e09-292279a169ef,PO-2792,SUP015,Chef's Basket Supplies,BB-22926,Premium Kasundi,12.0,10.0,2026-07-14,2026-07-21,2026-07-14,received,10.0,Created from approval decision cc9e322a-04ec-4160-835a-f025d81b3d1b,USR002,
dbb73252-02d7-4f6e-89f5-45fae71958cf,PO-2793,SUP054,FreshFarm Veg Market,BB-7494,Sapota,11.0,10.0,2026-07-14,2026-07-21,2026-07-14,received,,Created from approval decision e784d31c-4095-4a43-a54b-02d507b4a930,USR002,
ef274571-5265-4274-8631-7bf68ed462e7,PO-2794,SUP054,FreshFarm Veg Market,BB-1032,Coccinia,709.0,0.0,2026-07-14,2026-07-21,,approved,,Created from approval decision 2709d5d4-9801-4a8d-9244-0e5e55f4f13a,USR002,
3dd5fed4-00a6-481f-b7f9-0f8463c60526,PO-2795,SUP009,DermaCare Solutions,BB-10133,Hamsapadadi Kwath,1.0,0.0,2026-07-14,2026-07-17,,ordered,,,USR002,
