InvoiceNo,StockCode,Description,Quantity,InvoiceDate,UnitPrice,CustomerID
10000,GR011,Bananas 1 dozen,1,2025-07-01 20:47:00,50,2460
10000,GR007,Tea Powder 500g,4,2025-07-01 20:47:00,140,2460
10000,GR012,Potatoes 1kg,2,2025-07-01 20:47:00,30,2460
10001,GR009,Butter 100g,6,2025-04-01 22:38:00,60,1283
10001,GR015,Salt 1kg,4,2025-04-01 22:38:00,20,1283
10002,GR002,Bread,1,2025-04-18 04:41:00,40,3329
10002,GR010,Yogurt 200g,1,2025-04-18 04:41:00,25,3329
10003,GR009,Butter 100g,1,2025-01-20 23:46:00,60,2811
10004,GR003,Eggs Pack (12),2,2025-04-19 16:31:00,90,3880
10004,GR005,Sugar 1kg,2,2025-04-19 16:31:00,50,3880
10004,GR004,Basmati Rice 1kg,8,2025-04-19 16:31:00,120,3880
10004,GR013,Onions 1kg,1,2025-04-19 16:31:00,35,3880
10005,GR010,Yogurt 200g,2,2025-04-14 00:04:00,25,4099
10005,GR011,Bananas 1 dozen,7,2025-04-14 00:04:00,50,4099
10005,GR012,Potatoes 1kg,8,2025-04-14 00:04:00,30,4099
10005,GR006,Sunflower Oil 1L,8,2025-04-14 00:04:00,160,4099
10005,GR002,Bread,5,2025-04-14 00:04:00,40,4099
10005,GR007,Tea Powder 500g,1,2025-04-14 00:04:00,140,4099
10006,GR005,Sugar 1kg,7,2025-03-26 04:35:00,50,4899
10007,GR006,Sunflower Oil 1L,3,2025-03-23 04:00:00,160,4953
10007,GR007,Tea Powder 500g,7,2025-03-23 04:00:00,140,4953
10007,GR011,Bananas 1 dozen,8,2025-03-23 04:00:00,50,4953
10007,GR008,Wheat Flour 1kg,3,2025-03-23 04:00:00,55,4953
10007,GR010,Yogurt 200g,3,2025-03-23 04:00:00,25,4953
10008,GR005,Sugar 1kg,1,2025-05-27 10:09:00,50,2883
10008,GR012,Potatoes 1kg,3,2025-05-27 10:09:00,30,2883
10008,GR007,Tea Powder 500g,1,2025-05-27 10:09:00,140,2883
10008,GR008,Wheat Flour 1kg,2,2025-05-27 10:09:00,55,2883
10008,GR006,Sunflower Oil 1L,3,2025-05-27 10:09:00,160,2883
10008,GR014,Tomatoes 1kg,8,2025-05-27 10:09:00,40,2883
10009,GR007,Tea Powder 500g,5,2025-05-06 20:36:00,140,2588
10010,GR012,Potatoes 1kg,8,2025-07-14 09:55:00,30,3180
10010,GR008,Wheat Flour 1kg,8,2025-07-14 09:55:00,55,3180
10010,GR005,Sugar 1kg,4,2025-07-14 09:55:00,50,3180
10010,GR002,Bread,5,2025-07-14 09:55:00,40,3180
10010,GR015,Salt 1kg,6,2025-07-14 09:55:00,20,3180
10010,GR014,Tomatoes 1kg,4,2025-07-14 09:55:00,40,3180
10011,GR004,Basmati Rice 1kg,2,2025-02-06 17:37:00,120,2259
10011,GR014,Tomatoes 1kg,2,2025-02-06 17:37:00,40,2259
10011,GR015,Salt 1kg,7,2025-02-06 17:37:00,20,2259
10012,GR015,Salt 1kg,3,2025-05-21 11:21:00,20,3331
10012,GR004,Basmati Rice 1kg,8,2025-05-21 11:21:00,120,3331
10012,GR013,Onions 1kg,7,2025-05-21 11:21:00,35,3331
10012,GR008,Wheat Flour 1kg,4,2025-05-21 11:21:00,55,3331
10013,GR008,Wheat Flour 1kg,1,2025-06-29 11:51:00,55,3742
10013,GR009,Butter 100g,7,2025-06-29 11:51:00,60,3742
10014,GR013,Onions 1kg,4,2025-05-05 05:23:00,35,3540
10014,GR001,Milk 1L,8,2025-05-05 05:23:00,60,3540
10015,GR015,Salt 1kg,5,2025-05-11 12:20:00,20,4952
10015,GR007,Tea Powder 500g,7,2025-05-11 12:20:00,140,4952
10015,GR001,Milk 1L,8,2025-05-11 12:20:00,60,4952
10015,GR008,Wheat Flour 1kg,1,2025-05-11 12:20:00,55,4952
10015,GR004,Basmati Rice 1kg,1,2025-05-11 12:20:00,120,4952
10016,GR013,Onions 1kg,4,2025-05-25 16:13:00,35,4271
10016,GR006,Sunflower Oil 1L,1,2025-05-25 16:13:00,160,4271
10017,GR008,Wheat Flour 1kg,5,2025-02-20 00:06:00,55,4652
10017,GR009,Butter 100g,5,2025-02-20 00:06:00,60,4652
10017,GR001,Milk 1L,5,2025-02-20 00:06:00,60,4652
10018,GR004,Basmati Rice 1kg,4,2025-03-27 22:34:00,120,3180
10018,GR014,Tomatoes 1kg,5,2025-03-27 22:34:00,40,3180
10018,GR009,Butter 100g,3,2025-03-27 22:34:00,60,3180
10019,GR005,Sugar 1kg,1,2025-04-30 11:43:00,50,1217
10020,GR008,Wheat Flour 1kg,6,2025-06-28 14:05:00,55,2247
10020,GR004,Basmati Rice 1kg,7,2025-06-28 14:05:00,120,2247
10020,GR003,Eggs Pack (12),3,2025-06-28 14:05:00,90,2247
10020,GR006,Sunflower Oil 1L,8,2025-06-28 14:05:00,160,2247
10021,GR002,Bread,3,2025-06-10 12:12:00,40,2705
10021,GR013,Onions 1kg,7,2025-06-10 12:12:00,35,2705
10021,GR001,Milk 1L,3,2025-06-10 12:12:00,60,2705
10022,GR001,Milk 1L,1,2025-01-18 22:46:00,60,2801
10022,GR012,Potatoes 1kg,3,2025-01-18 22:46:00,30,2801
10022,GR010,Yogurt 200g,3,2025-01-18 22:46:00,25,2801
10023,GR001,Milk 1L,6,2025-01-26 07:02:00,60,1447
10023,GR014,Tomatoes 1kg,2,2025-01-26 07:02:00,40,1447
10023,GR004,Basmati Rice 1kg,4,2025-01-26 07:02:00,120,1447
10023,GR005,Sugar 1kg,1,2025-01-26 07:02:00,50,1447
10024,GR009,Butter 100g,7,2025-06-17 11:25:00,60,2588
10024,GR002,Bread,8,2025-06-17 11:25:00,40,2588
10024,GR006,Sunflower Oil 1L,1,2025-06-17 11:25:00,160,2588
10024,GR015,Salt 1kg,7,2025-06-17 11:25:00,20,2588
10025,GR008,Wheat Flour 1kg,4,2025-02-18 08:14:00,55,4926
10025,GR010,Yogurt 200g,7,2025-02-18 08:14:00,25,4926
10025,GR013,Onions 1kg,8,2025-02-18 08:14:00,35,4926
10026,GR015,Salt 1kg,3,2025-05-07 18:22:00,20,4063
10026,GR003,Eggs Pack (12),1,2025-05-07 18:22:00,90,4063
10026,GR007,Tea Powder 500g,8,2025-05-07 18:22:00,140,4063
10026,GR006,Sunflower Oil 1L,4,2025-05-07 18:22:00,160,4063
10026,GR010,Yogurt 200g,5,2025-05-07 18:22:00,25,4063
10026,GR014,Tomatoes 1kg,5,2025-05-07 18:22:00,40,4063
10027,GR014,Tomatoes 1kg,2,2025-04-30 00:33:00,40,1384
10027,GR013,Onions 1kg,6,2025-04-30 00:33:00,35,1384
10027,GR001,Milk 1L,4,2025-04-30 00:33:00,60,1384
10027,GR004,Basmati Rice 1kg,3,2025-04-30 00:33:00,120,1384
10027,GR006,Sunflower Oil 1L,2,2025-04-30 00:33:00,160,1384
10027,GR008,Wheat Flour 1kg,6,2025-04-30 00:33:00,55,1384
10028,GR013,Onions 1kg,6,2025-05-07 09:12:00,35,1787
10029,GR002,Bread,7,2025-05-28 15:10:00,40,2607
10029,GR008,Wheat Flour 1kg,3,2025-05-28 15:10:00,55,2607
10029,GR012,Potatoes 1kg,3,2025-05-28 15:10:00,30,2607
10029,GR015,Salt 1kg,4,2025-05-28 15:10:00,20,2607
10029,GR010,Yogurt 200g,3,2025-05-28 15:10:00,25,2607
10030,GR005,Sugar 1kg,8,2025-07-03 12:44:00,50,1761
10030,GR012,Potatoes 1kg,1,2025-07-03 12:44:00,30,1761
10030,GR002,Bread,5,2025-07-03 12:44:00,40,1761
10030,GR010,Yogurt 200g,1,2025-07-03 12:44:00,25,1761
10030,GR008,Wheat Flour 1kg,1,2025-07-03 12:44:00,55,1761
10030,GR011,Bananas 1 dozen,6,2025-07-03 12:44:00,50,1761
10031,GR002,Bread,5,2025-03-07 17:42:00,40,2078
10031,GR005,Sugar 1kg,3,2025-03-07 17:42:00,50,2078
10031,GR014,Tomatoes 1kg,1,2025-03-07 17:42:00,40,2078
10032,GR010,Yogurt 200g,4,2025-07-18 21:27:00,25,2584
10032,GR002,Bread,1,2025-07-18 21:27:00,40,2584
10032,GR006,Sunflower Oil 1L,4,2025-07-18 21:27:00,160,2584
10032,GR014,Tomatoes 1kg,5,2025-07-18 21:27:00,40,2584
10032,GR004,Basmati Rice 1kg,6,2025-07-18 21:27:00,120,2584
10033,GR007,Tea Powder 500g,5,2025-02-28 16:32:00,140,1450
10033,GR008,Wheat Flour 1kg,3,2025-02-28 16:32:00,55,1450
10033,GR015,Salt 1kg,2,2025-02-28 16:32:00,20,1450
10033,GR004,Basmati Rice 1kg,7,2025-02-28 16:32:00,120,1450
10033,GR005,Sugar 1kg,1,2025-02-28 16:32:00,50,1450
10033,GR006,Sunflower Oil 1L,2,2025-02-28 16:32:00,160,1450
10034,GR012,Potatoes 1kg,1,2025-06-28 11:10:00,30,2546
10034,GR007,Tea Powder 500g,4,2025-06-28 11:10:00,140,2546
10034,GR010,Yogurt 200g,6,2025-06-28 11:10:00,25,2546
10035,GR005,Sugar 1kg,8,2025-04-12 15:02:00,50,1094
10036,GR001,Milk 1L,5,2025-02-13 11:02:00,60,1066
10037,GR005,Sugar 1kg,3,2025-06-18 02:11:00,50,4354
10037,GR008,Wheat Flour 1kg,6,2025-06-18 02:11:00,55,4354
10037,GR004,Basmati Rice 1kg,2,2025-06-18 02:11:00,120,4354
10038,GR012,Potatoes 1kg,8,2025-06-04 10:30:00,30,4617
10038,GR001,Milk 1L,7,2025-06-04 10:30:00,60,4617
10039,GR008,Wheat Flour 1kg,4,2025-03-16 01:57:00,55,2146
10039,GR006,Sunflower Oil 1L,2,2025-03-16 01:57:00,160,2146
10039,GR004,Basmati Rice 1kg,1,2025-03-16 01:57:00,120,2146
10039,GR001,Milk 1L,5,2025-03-16 01:57:00,60,2146
10040,GR007,Tea Powder 500g,1,2025-05-17 09:40:00,140,3869
10040,GR014,Tomatoes 1kg,7,2025-05-17 09:40:00,40,3869
10040,GR008,Wheat Flour 1kg,5,2025-05-17 09:40:00,55,3869
10040,GR009,Butter 100g,2,2025-05-17 09:40:00,60,3869
10041,GR012,Potatoes 1kg,5,2025-07-17 07:06:00,30,3827
10041,GR011,Bananas 1 dozen,5,2025-07-17 07:06:00,50,3827
10041,GR014,Tomatoes 1kg,7,2025-07-17 07:06:00,40,3827
10041,GR001,Milk 1L,5,2025-07-17 07:06:00,60,3827
10042,GR015,Salt 1kg,4,2025-01-30 15:38:00,20,2313
10042,GR013,Onions 1kg,4,2025-01-30 15:38:00,35,2313
10042,GR005,Sugar 1kg,1,2025-01-30 15:38:00,50,2313
10042,GR011,Bananas 1 dozen,2,2025-01-30 15:38:00,50,2313
10042,GR006,Sunflower Oil 1L,5,2025-01-30 15:38:00,160,2313
10043,GR013,Onions 1kg,3,2025-01-12 19:17:00,35,2907
10043,GR007,Tea Powder 500g,5,2025-01-12 19:17:00,140,2907
10043,GR005,Sugar 1kg,5,2025-01-12 19:17:00,50,2907
10043,GR011,Bananas 1 dozen,7,2025-01-12 19:17:00,50,2907
10044,GR005,Sugar 1kg,1,2025-04-01 00:16:00,50,4099
10044,GR007,Tea Powder 500g,2,2025-04-01 00:16:00,140,4099
10045,GR011,Bananas 1 dozen,2,2025-06-08 05:08:00,50,1388
10045,GR010,Yogurt 200g,2,2025-06-08 05:08:00,25,1388
10045,GR004,Basmati Rice 1kg,4,2025-06-08 05:08:00,120,1388
10045,GR001,Milk 1L,1,2025-06-08 05:08:00,60,1388
10045,GR005,Sugar 1kg,8,2025-06-08 05:08:00,50,1388
10046,GR009,Butter 100g,5,2025-02-18 15:52:00,60,3888
10046,GR003,Eggs Pack (12),6,2025-02-18 15:52:00,90,3888
10047,GR001,Milk 1L,2,2025-04-18 12:32:00,60,4717
10048,GR013,Onions 1kg,6,2025-03-15 22:13:00,35,3315
10048,GR008,Wheat Flour 1kg,8,2025-03-15 22:13:00,55,3315
10048,GR004,Basmati Rice 1kg,6,2025-03-15 22:13:00,120,3315
10049,GR006,Sunflower Oil 1L,1,2025-02-19 09:38:00,160,4622
10049,GR002,Bread,5,2025-02-19 09:38:00,40,4622
10049,GR015,Salt 1kg,8,2025-02-19 09:38:00,20,4622
10049,GR007,Tea Powder 500g,4,2025-02-19 09:38:00,140,4622
10050,GR006,Sunflower Oil 1L,2,2025-03-24 16:37:00,160,1131
10050,GR008,Wheat Flour 1kg,8,2025-03-24 16:37:00,55,1131
10050,GR009,Butter 100g,6,2025-03-24 16:37:00,60,1131
10050,GR010,Yogurt 200g,5,2025-03-24 16:37:00,25,1131
10050,GR003,Eggs Pack (12),1,2025-03-24 16:37:00,90,1131
10050,GR005,Sugar 1kg,7,2025-03-24 16:37:00,50,1131
10051,GR014,Tomatoes 1kg,7,2025-03-09 13:24:00,40,4271
10051,GR006,Sunflower Oil 1L,7,2025-03-09 13:24:00,160,4271
10051,GR001,Milk 1L,5,2025-03-09 13:24:00,60,4271
10051,GR010,Yogurt 200g,7,2025-03-09 13:24:00,25,4271
10052,GR015,Salt 1kg,5,2025-01-03 21:37:00,20,1787
10052,GR003,Eggs Pack (12),4,2025-01-03 21:37:00,90,1787
10052,GR012,Potatoes 1kg,6,2025-01-03 21:37:00,30,1787
10052,GR013,Onions 1kg,3,2025-01-03 21:37:00,35,1787
10052,GR004,Basmati Rice 1kg,2,2025-01-03 21:37:00,120,1787
10053,GR013,Onions 1kg,1,2025-03-03 19:57:00,35,3524
10053,GR014,Tomatoes 1kg,8,2025-03-03 19:57:00,40,3524
10053,GR008,Wheat Flour 1kg,8,2025-03-03 19:57:00,55,3524
10053,GR011,Bananas 1 dozen,3,2025-03-03 19:57:00,50,3524
10053,GR007,Tea Powder 500g,5,2025-03-03 19:57:00,140,3524
10053,GR002,Bread,7,2025-03-03 19:57:00,40,3524
10054,GR003,Eggs Pack (12),4,2025-01-23 20:32:00,90,3356
10054,GR005,Sugar 1kg,1,2025-01-23 20:32:00,50,3356
10055,GR001,Milk 1L,3,2025-04-16 17:37:00,60,1813
10055,GR011,Bananas 1 dozen,5,2025-04-16 17:37:00,50,1813
10055,GR014,Tomatoes 1kg,6,2025-04-16 17:37:00,40,1813
10055,GR003,Eggs Pack (12),4,2025-04-16 17:37:00,90,1813
10055,GR010,Yogurt 200g,8,2025-04-16 17:37:00,25,1813
10055,GR008,Wheat Flour 1kg,5,2025-04-16 17:37:00,55,1813
10056,GR009,Butter 100g,5,2025-06-13 12:46:00,60,2114
10056,GR007,Tea Powder 500g,1,2025-06-13 12:46:00,140,2114
10056,GR011,Bananas 1 dozen,7,2025-06-13 12:46:00,50,2114
10056,GR004,Basmati Rice 1kg,8,2025-06-13 12:46:00,120,2114
10056,GR010,Yogurt 200g,6,2025-06-13 12:46:00,25,2114
10057,GR001,Milk 1L,8,2025-03-05 03:45:00,60,1641
10057,GR013,Onions 1kg,8,2025-03-05 03:45:00,35,1641
10057,GR003,Eggs Pack (12),4,2025-03-05 03:45:00,90,1641
10057,GR008,Wheat Flour 1kg,5,2025-03-05 03:45:00,55,1641
10057,GR009,Butter 100g,1,2025-03-05 03:45:00,60,1641
10058,GR013,Onions 1kg,6,2025-02-16 10:19:00,35,4345
10058,GR002,Bread,6,2025-02-16 10:19:00,40,4345
10058,GR003,Eggs Pack (12),6,2025-02-16 10:19:00,90,4345
10058,GR008,Wheat Flour 1kg,2,2025-02-16 10:19:00,55,4345
10058,GR015,Salt 1kg,4,2025-02-16 10:19:00,20,4345
10058,GR014,Tomatoes 1kg,6,2025-02-16 10:19:00,40,4345
10059,GR005,Sugar 1kg,7,2025-02-15 07:31:00,50,1995
10059,GR006,Sunflower Oil 1L,1,2025-02-15 07:31:00,160,1995
10060,GR005,Sugar 1kg,5,2025-04-19 16:56:00,50,2313
10060,GR010,Yogurt 200g,2,2025-04-19 16:56:00,25,2313
10060,GR006,Sunflower Oil 1L,5,2025-04-19 16:56:00,160,2313
10060,GR004,Basmati Rice 1kg,7,2025-04-19 16:56:00,120,2313
10060,GR003,Eggs Pack (12),7,2025-04-19 16:56:00,90,2313
10060,GR001,Milk 1L,5,2025-04-19 16:56:00,60,2313
10061,GR003,Eggs Pack (12),3,2025-01-27 16:51:00,90,2362
10061,GR011,Bananas 1 dozen,2,2025-01-27 16:51:00,50,2362
10061,GR015,Salt 1kg,6,2025-01-27 16:51:00,20,2362
10061,GR005,Sugar 1kg,1,2025-01-27 16:51:00,50,2362
10062,GR008,Wheat Flour 1kg,6,2025-04-27 07:13:00,55,3414
10063,GR010,Yogurt 200g,3,2025-01-09 07:32:00,25,4657
10063,GR008,Wheat Flour 1kg,6,2025-01-09 07:32:00,55,4657
10064,GR001,Milk 1L,1,2025-04-10 14:13:00,60,1958
10064,GR013,Onions 1kg,8,2025-04-10 14:13:00,35,1958
10064,GR002,Bread,6,2025-04-10 14:13:00,40,1958
10065,GR004,Basmati Rice 1kg,7,2025-05-02 10:16:00,120,2811
10065,GR001,Milk 1L,2,2025-05-02 10:16:00,60,2811
10066,GR012,Potatoes 1kg,4,2025-03-04 07:19:00,30,2993
10067,GR005,Sugar 1kg,5,2025-03-25 11:01:00,50,1388
10068,GR014,Tomatoes 1kg,1,2025-04-09 05:59:00,40,4953
10068,GR011,Bananas 1 dozen,7,2025-04-09 05:59:00,50,4953
10068,GR003,Eggs Pack (12),3,2025-04-09 05:59:00,90,4953
10068,GR013,Onions 1kg,2,2025-04-09 05:59:00,35,4953
10069,GR008,Wheat Flour 1kg,1,2025-01-05 16:58:00,55,3601
10069,GR014,Tomatoes 1kg,1,2025-01-05 16:58:00,40,3601
10069,GR012,Potatoes 1kg,3,2025-01-05 16:58:00,30,3601
10069,GR006,Sunflower Oil 1L,5,2025-01-05 16:58:00,160,3601
10069,GR013,Onions 1kg,4,2025-01-05 16:58:00,35,3601
10070,GR015,Salt 1kg,7,2025-05-09 11:01:00,20,2340
10071,GR009,Butter 100g,1,2025-04-28 21:08:00,60,1667
10071,GR011,Bananas 1 dozen,6,2025-04-28 21:08:00,50,1667
10071,GR004,Basmati Rice 1kg,1,2025-04-28 21:08:00,120,1667
10072,GR011,Bananas 1 dozen,8,2025-06-17 17:08:00,50,4340
10072,GR005,Sugar 1kg,5,2025-06-17 17:08:00,50,4340
10072,GR012,Potatoes 1kg,7,2025-06-17 17:08:00,30,4340
10072,GR014,Tomatoes 1kg,1,2025-06-17 17:08:00,40,4340
10072,GR003,Eggs Pack (12),1,2025-06-17 17:08:00,90,4340
10072,GR008,Wheat Flour 1kg,3,2025-06-17 17:08:00,55,4340
10073,GR008,Wheat Flour 1kg,3,2025-02-14 09:41:00,55,4407
10073,GR013,Onions 1kg,6,2025-02-14 09:41:00,35,4407
10073,GR004,Basmati Rice 1kg,5,2025-02-14 09:41:00,120,4407
10074,GR011,Bananas 1 dozen,8,2025-03-05 16:12:00,50,2109
10074,GR001,Milk 1L,4,2025-03-05 16:12:00,60,2109
10074,GR005,Sugar 1kg,2,2025-03-05 16:12:00,50,2109
10074,GR007,Tea Powder 500g,2,2025-03-05 16:12:00,140,2109
10074,GR014,Tomatoes 1kg,8,2025-03-05 16:12:00,40,2109
10074,GR003,Eggs Pack (12),2,2025-03-05 16:12:00,90,2109
10075,GR009,Butter 100g,3,2025-04-03 00:29:00,60,4723
10075,GR012,Potatoes 1kg,7,2025-04-03 00:29:00,30,4723
10075,GR013,Onions 1kg,5,2025-04-03 00:29:00,35,4723
10075,GR011,Bananas 1 dozen,5,2025-04-03 00:29:00,50,4723
10075,GR010,Yogurt 200g,7,2025-04-03 00:29:00,25,4723
10075,GR008,Wheat Flour 1kg,7,2025-04-03 00:29:00,55,4723
10076,GR011,Bananas 1 dozen,8,2025-04-24 04:19:00,50,2730
10076,GR009,Butter 100g,3,2025-04-24 04:19:00,60,2730
10076,GR004,Basmati Rice 1kg,4,2025-04-24 04:19:00,120,2730
10076,GR002,Bread,1,2025-04-24 04:19:00,40,2730
10076,GR005,Sugar 1kg,5,2025-04-24 04:19:00,50,2730
10076,GR010,Yogurt 200g,8,2025-04-24 04:19:00,25,2730
10077,GR004,Basmati Rice 1kg,1,2025-03-10 04:48:00,120,4952
10077,GR011,Bananas 1 dozen,5,2025-03-10 04:48:00,50,4952
10077,GR001,Milk 1L,2,2025-03-10 04:48:00,60,4952
10077,GR012,Potatoes 1kg,7,2025-03-10 04:48:00,30,4952
10077,GR002,Bread,3,2025-03-10 04:48:00,40,4952
10078,GR003,Eggs Pack (12),1,2025-03-20 18:29:00,90,1572
10078,GR010,Yogurt 200g,2,2025-03-20 18:29:00,25,1572
10079,GR009,Butter 100g,5,2025-02-22 15:56:00,60,2919
10079,GR004,Basmati Rice 1kg,2,2025-02-22 15:56:00,120,2919
10079,GR001,Milk 1L,7,2025-02-22 15:56:00,60,2919
10079,GR007,Tea Powder 500g,6,2025-02-22 15:56:00,140,2919
10079,GR012,Potatoes 1kg,5,2025-02-22 15:56:00,30,2919
10079,GR014,Tomatoes 1kg,3,2025-02-22 15:56:00,40,2919
10080,GR003,Eggs Pack (12),4,2025-03-09 07:19:00,90,3869
10080,GR004,Basmati Rice 1kg,7,2025-03-09 07:19:00,120,3869
10081,GR011,Bananas 1 dozen,2,2025-07-08 02:30:00,50,2465
10081,GR001,Milk 1L,6,2025-07-08 02:30:00,60,2465
10081,GR004,Basmati Rice 1kg,5,2025-07-08 02:30:00,120,2465
10081,GR005,Sugar 1kg,7,2025-07-08 02:30:00,50,2465
10082,GR004,Basmati Rice 1kg,8,2025-03-21 01:29:00,120,2302
10083,GR006,Sunflower Oil 1L,6,2025-04-03 00:02:00,160,3875
10083,GR004,Basmati Rice 1kg,5,2025-04-03 00:02:00,120,3875
10083,GR001,Milk 1L,8,2025-04-03 00:02:00,60,3875
10083,GR009,Butter 100g,4,2025-04-03 00:02:00,60,3875
10084,GR008,Wheat Flour 1kg,5,2025-06-23 00:27:00,55,1572
10084,GR009,Butter 100g,6,2025-06-23 00:27:00,60,1572
10084,GR015,Salt 1kg,2,2025-06-23 00:27:00,20,1572
10084,GR005,Sugar 1kg,1,2025-06-23 00:27:00,50,1572
10084,GR007,Tea Powder 500g,6,2025-06-23 00:27:00,140,1572
10084,GR004,Basmati Rice 1kg,1,2025-06-23 00:27:00,120,1572
10085,GR014,Tomatoes 1kg,4,2025-03-05 22:04:00,40,3042
10085,GR008,Wheat Flour 1kg,3,2025-03-05 22:04:00,55,3042
10085,GR015,Salt 1kg,7,2025-03-05 22:04:00,20,3042
10085,GR009,Butter 100g,1,2025-03-05 22:04:00,60,3042
10085,GR005,Sugar 1kg,8,2025-03-05 22:04:00,50,3042
10086,GR004,Basmati Rice 1kg,3,2025-06-17 11:42:00,120,1839
10086,GR013,Onions 1kg,6,2025-06-17 11:42:00,35,1839
10087,GR001,Milk 1L,5,2025-02-01 13:58:00,60,1918
10087,GR009,Butter 100g,1,2025-02-01 13:58:00,60,1918
10087,GR007,Tea Powder 500g,6,2025-02-01 13:58:00,140,1918
10088,GR007,Tea Powder 500g,4,2025-05-25 01:27:00,140,4477
10088,GR015,Salt 1kg,4,2025-05-25 01:27:00,20,4477
10088,GR009,Butter 100g,2,2025-05-25 01:27:00,60,4477
10088,GR010,Yogurt 200g,8,2025-05-25 01:27:00,25,4477
10088,GR013,Onions 1kg,3,2025-05-25 01:27:00,35,4477
10088,GR008,Wheat Flour 1kg,3,2025-05-25 01:27:00,55,4477
10089,GR002,Bread,5,2025-05-27 18:07:00,40,2053
10090,GR014,Tomatoes 1kg,3,2025-06-16 14:20:00,40,2023
10090,GR007,Tea Powder 500g,6,2025-06-16 14:20:00,140,2023
10090,GR010,Yogurt 200g,5,2025-06-16 14:20:00,25,2023
10090,GR006,Sunflower Oil 1L,4,2025-06-16 14:20:00,160,2023
10090,GR003,Eggs Pack (12),5,2025-06-16 14:20:00,90,2023
10091,GR005,Sugar 1kg,4,2025-05-22 07:23:00,50,2907
10091,GR002,Bread,6,2025-05-22 07:23:00,40,2907
10091,GR014,Tomatoes 1kg,5,2025-05-22 07:23:00,40,2907
10091,GR012,Potatoes 1kg,5,2025-05-22 07:23:00,30,2907
10091,GR006,Sunflower Oil 1L,1,2025-05-22 07:23:00,160,2907
10091,GR009,Butter 100g,7,2025-05-22 07:23:00,60,2907
10092,GR007,Tea Powder 500g,7,2025-01-28 03:39:00,140,2489
10092,GR005,Sugar 1kg,4,2025-01-28 03:39:00,50,2489
10092,GR014,Tomatoes 1kg,6,2025-01-28 03:39:00,40,2489
10092,GR009,Butter 100g,4,2025-01-28 03:39:00,60,2489
10092,GR001,Milk 1L,7,2025-01-28 03:39:00,60,2489
10092,GR015,Salt 1kg,3,2025-01-28 03:39:00,20,2489
10093,GR007,Tea Powder 500g,4,2025-03-14 12:49:00,140,4680
10093,GR013,Onions 1kg,6,2025-03-14 12:49:00,35,4680
10093,GR005,Sugar 1kg,8,2025-03-14 12:49:00,50,4680
10093,GR009,Butter 100g,3,2025-03-14 12:49:00,60,4680
10093,GR004,Basmati Rice 1kg,6,2025-03-14 12:49:00,120,4680
10094,GR011,Bananas 1 dozen,3,2025-01-19 01:42:00,50,1321
10094,GR004,Basmati Rice 1kg,3,2025-01-19 01:42:00,120,1321
10094,GR007,Tea Powder 500g,3,2025-01-19 01:42:00,140,1321
10094,GR012,Potatoes 1kg,3,2025-01-19 01:42:00,30,1321
10094,GR008,Wheat Flour 1kg,8,2025-01-19 01:42:00,55,1321
10095,GR015,Salt 1kg,4,2025-02-11 18:00:00,20,4812
10095,GR010,Yogurt 200g,8,2025-02-11 18:00:00,25,4812
10095,GR006,Sunflower Oil 1L,5,2025-02-11 18:00:00,160,4812
10095,GR002,Bread,3,2025-02-11 18:00:00,40,4812
10095,GR013,Onions 1kg,3,2025-02-11 18:00:00,35,4812
10095,GR007,Tea Powder 500g,6,2025-02-11 18:00:00,140,4812
10096,GR002,Bread,5,2025-03-26 17:48:00,40,1432
10096,GR012,Potatoes 1kg,6,2025-03-26 17:48:00,30,1432
10097,GR014,Tomatoes 1kg,8,2025-06-15 11:53:00,40,2546
10097,GR015,Salt 1kg,4,2025-06-15 11:53:00,20,2546
10098,GR006,Sunflower Oil 1L,2,2025-01-15 18:56:00,160,4507
10098,GR011,Bananas 1 dozen,8,2025-01-15 18:56:00,50,4507
10098,GR008,Wheat Flour 1kg,4,2025-01-15 18:56:00,55,4507
10098,GR003,Eggs Pack (12),5,2025-01-15 18:56:00,90,4507
10099,GR012,Potatoes 1kg,7,2025-01-21 19:14:00,30,3788
10099,GR006,Sunflower Oil 1L,1,2025-01-21 19:14:00,160,3788
10100,GR008,Wheat Flour 1kg,3,2025-01-14 17:33:00,55,1533
10100,GR014,Tomatoes 1kg,2,2025-01-14 17:33:00,40,1533
10100,GR005,Sugar 1kg,2,2025-01-14 17:33:00,50,1533
10100,GR009,Butter 100g,7,2025-01-14 17:33:00,60,1533
10100,GR001,Milk 1L,8,2025-01-14 17:33:00,60,1533
10100,GR011,Bananas 1 dozen,1,2025-01-14 17:33:00,50,1533
10101,GR006,Sunflower Oil 1L,6,2025-07-14 04:36:00,160,3283
10101,GR005,Sugar 1kg,3,2025-07-14 04:36:00,50,3283
10101,GR008,Wheat Flour 1kg,1,2025-07-14 04:36:00,55,3283
10102,GR014,Tomatoes 1kg,8,2025-03-19 06:37:00,40,2456
10102,GR005,Sugar 1kg,4,2025-03-19 06:37:00,50,2456
10102,GR008,Wheat Flour 1kg,3,2025-03-19 06:37:00,55,2456
10102,GR002,Bread,5,2025-03-19 06:37:00,40,2456
10102,GR006,Sunflower Oil 1L,2,2025-03-19 06:37:00,160,2456
10103,GR001,Milk 1L,4,2025-03-13 12:33:00,60,3692
10104,GR010,Yogurt 200g,7,2025-07-19 00:46:00,25,1662
10104,GR008,Wheat Flour 1kg,3,2025-07-19 00:46:00,55,1662
10104,GR015,Salt 1kg,6,2025-07-19 00:46:00,20,1662
10104,GR009,Butter 100g,4,2025-07-19 00:46:00,60,1662
10105,GR015,Salt 1kg,8,2025-06-05 02:30:00,20,2040
10105,GR009,Butter 100g,3,2025-06-05 02:30:00,60,2040
10105,GR002,Bread,5,2025-06-05 02:30:00,40,2040
10106,GR001,Milk 1L,2,2025-05-22 00:55:00,60,2150
10106,GR002,Bread,3,2025-05-22 00:55:00,40,2150
10107,GR001,Milk 1L,1,2025-04-30 21:57:00,60,1741
10108,GR010,Yogurt 200g,2,2025-05-12 16:34:00,25,4350
10109,GR001,Milk 1L,1,2025-04-15 11:47:00,60,2854
10109,GR007,Tea Powder 500g,6,2025-04-15 11:47:00,140,2854
10109,GR013,Onions 1kg,6,2025-04-15 11:47:00,35,2854
10109,GR010,Yogurt 200g,1,2025-04-15 11:47:00,25,2854
10109,GR011,Bananas 1 dozen,5,2025-04-15 11:47:00,50,2854
10109,GR006,Sunflower Oil 1L,8,2025-04-15 11:47:00,160,2854
10110,GR005,Sugar 1kg,2,2025-04-27 22:05:00,50,3009
10110,GR011,Bananas 1 dozen,3,2025-04-27 22:05:00,50,3009
10110,GR010,Yogurt 200g,8,2025-04-27 22:05:00,25,3009
10110,GR012,Potatoes 1kg,1,2025-04-27 22:05:00,30,3009
10110,GR008,Wheat Flour 1kg,5,2025-04-27 22:05:00,55,3009
10111,GR008,Wheat Flour 1kg,1,2025-01-29 04:32:00,55,4608
10111,GR014,Tomatoes 1kg,5,2025-01-29 04:32:00,40,4608
10111,GR010,Yogurt 200g,4,2025-01-29 04:32:00,25,4608
10112,GR003,Eggs Pack (12),6,2025-01-08 17:47:00,90,4844
10112,GR006,Sunflower Oil 1L,1,2025-01-08 17:47:00,160,4844
10113,GR012,Potatoes 1kg,4,2025-01-21 01:57:00,30,3648
10114,GR008,Wheat Flour 1kg,5,2025-06-10 22:04:00,55,1436
10114,GR012,Potatoes 1kg,8,2025-06-10 22:04:00,30,1436
10114,GR007,Tea Powder 500g,3,2025-06-10 22:04:00,140,1436
10114,GR006,Sunflower Oil 1L,2,2025-06-10 22:04:00,160,1436
10115,GR008,Wheat Flour 1kg,3,2025-02-17 05:22:00,55,4903
10115,GR002,Bread,7,2025-02-17 05:22:00,40,4903
10115,GR001,Milk 1L,6,2025-02-17 05:22:00,60,4903
10115,GR003,Eggs Pack (12),2,2025-02-17 05:22:00,90,4903
10115,GR015,Salt 1kg,6,2025-02-17 05:22:00,20,4903
10115,GR014,Tomatoes 1kg,6,2025-02-17 05:22:00,40,4903
10116,GR008,Wheat Flour 1kg,1,2025-05-16 09:25:00,55,2635
10116,GR007,Tea Powder 500g,6,2025-05-16 09:25:00,140,2635
10116,GR010,Yogurt 200g,3,2025-05-16 09:25:00,25,2635
10116,GR001,Milk 1L,8,2025-05-16 09:25:00,60,2635
10116,GR005,Sugar 1kg,6,2025-05-16 09:25:00,50,2635
10116,GR002,Bread,1,2025-05-16 09:25:00,40,2635
10117,GR009,Butter 100g,8,2025-06-10 17:01:00,60,2040
10117,GR004,Basmati Rice 1kg,6,2025-06-10 17:01:00,120,2040
10118,GR003,Eggs Pack (12),2,2025-05-05 15:46:00,90,4487
10118,GR014,Tomatoes 1kg,3,2025-05-05 15:46:00,40,4487
10119,GR006,Sunflower Oil 1L,3,2025-01-23 21:48:00,160,4953
10120,GR013,Onions 1kg,4,2025-02-14 06:29:00,35,4697
10120,GR005,Sugar 1kg,4,2025-02-14 06:29:00,50,4697
10120,GR012,Potatoes 1kg,8,2025-02-14 06:29:00,30,4697
10120,GR008,Wheat Flour 1kg,6,2025-02-14 06:29:00,55,4697
10120,GR003,Eggs Pack (12),7,2025-02-14 06:29:00,90,4697
10121,GR006,Sunflower Oil 1L,8,2025-03-17 02:59:00,160,1974
10122,GR002,Bread,7,2025-06-06 22:46:00,40,1576
10122,GR001,Milk 1L,7,2025-06-06 22:46:00,60,1576
10122,GR008,Wheat Flour 1kg,6,2025-06-06 22:46:00,55,1576
10122,GR007,Tea Powder 500g,8,2025-06-06 22:46:00,140,1576
10122,GR012,Potatoes 1kg,4,2025-06-06 22:46:00,30,1576
10123,GR005,Sugar 1kg,8,2025-01-10 20:01:00,50,4491
10124,GR012,Potatoes 1kg,4,2025-04-21 04:56:00,30,4608
10124,GR011,Bananas 1 dozen,7,2025-04-21 04:56:00,50,4608
10124,GR009,Butter 100g,8,2025-04-21 04:56:00,60,4608
10124,GR014,Tomatoes 1kg,7,2025-04-21 04:56:00,40,4608
10125,GR008,Wheat Flour 1kg,3,2025-06-28 02:52:00,55,2801
10125,GR009,Butter 100g,7,2025-06-28 02:52:00,60,2801
10125,GR012,Potatoes 1kg,7,2025-06-28 02:52:00,30,2801
10126,GR009,Butter 100g,1,2025-03-05 04:48:00,60,3685
10126,GR003,Eggs Pack (12),8,2025-03-05 04:48:00,90,3685
10126,GR013,Onions 1kg,2,2025-03-05 04:48:00,35,3685
10126,GR006,Sunflower Oil 1L,5,2025-03-05 04:48:00,160,3685
10127,GR004,Basmati Rice 1kg,6,2025-04-28 08:41:00,120,1606
10127,GR009,Butter 100g,4,2025-04-28 08:41:00,60,1606
10127,GR003,Eggs Pack (12),7,2025-04-28 08:41:00,90,1606
10127,GR015,Salt 1kg,1,2025-04-28 08:41:00,20,1606
10128,GR009,Butter 100g,1,2025-07-07 05:21:00,60,2368
10128,GR002,Bread,6,2025-07-07 05:21:00,40,2368
10129,GR002,Bread,1,2025-02-06 12:31:00,40,4617
10129,GR014,Tomatoes 1kg,4,2025-02-06 12:31:00,40,4617
10130,GR002,Bread,4,2025-02-14 07:01:00,40,3332
10130,GR009,Butter 100g,6,2025-02-14 07:01:00,60,3332
10131,GR013,Onions 1kg,7,2025-04-28 19:00:00,35,2287
10131,GR007,Tea Powder 500g,5,2025-04-28 19:00:00,140,2287
10131,GR008,Wheat Flour 1kg,7,2025-04-28 19:00:00,55,2287
10132,GR015,Salt 1kg,8,2025-06-01 11:08:00,20,3414
10132,GR002,Bread,8,2025-06-01 11:08:00,40,3414
10132,GR007,Tea Powder 500g,8,2025-06-01 11:08:00,140,3414
10133,GR015,Salt 1kg,5,2025-04-09 05:58:00,20,2368
10133,GR003,Eggs Pack (12),6,2025-04-09 05:58:00,90,2368
10133,GR002,Bread,4,2025-04-09 05:58:00,40,2368
10133,GR012,Potatoes 1kg,8,2025-04-09 05:58:00,30,2368
10133,GR014,Tomatoes 1kg,6,2025-04-09 05:58:00,40,2368
10133,GR007,Tea Powder 500g,8,2025-04-09 05:58:00,140,2368
10134,GR015,Salt 1kg,6,2025-04-06 11:35:00,20,4625
10134,GR005,Sugar 1kg,2,2025-04-06 11:35:00,50,4625
10134,GR008,Wheat Flour 1kg,3,2025-04-06 11:35:00,55,4625
10135,GR006,Sunflower Oil 1L,6,2025-07-12 03:28:00,160,2507
10135,GR012,Potatoes 1kg,3,2025-07-12 03:28:00,30,2507
10136,GR015,Salt 1kg,8,2025-06-28 16:51:00,20,1662
10136,GR008,Wheat Flour 1kg,3,2025-06-28 16:51:00,55,1662
10136,GR007,Tea Powder 500g,4,2025-06-28 16:51:00,140,1662
10137,GR012,Potatoes 1kg,6,2025-06-19 06:35:00,30,1116
10137,GR008,Wheat Flour 1kg,5,2025-06-19 06:35:00,55,1116
10137,GR002,Bread,4,2025-06-19 06:35:00,40,1116
10137,GR004,Basmati Rice 1kg,5,2025-06-19 06:35:00,120,1116
10137,GR003,Eggs Pack (12),8,2025-06-19 06:35:00,90,1116
10138,GR005,Sugar 1kg,8,2025-02-18 09:51:00,50,2156
10138,GR008,Wheat Flour 1kg,2,2025-02-18 09:51:00,55,2156
10138,GR003,Eggs Pack (12),4,2025-02-18 09:51:00,90,2156
10138,GR012,Potatoes 1kg,1,2025-02-18 09:51:00,30,2156
10139,GR007,Tea Powder 500g,2,2025-04-21 00:05:00,140,4512
10139,GR009,Butter 100g,1,2025-04-21 00:05:00,60,4512
10139,GR002,Bread,4,2025-04-21 00:05:00,40,4512
10139,GR010,Yogurt 200g,8,2025-04-21 00:05:00,25,4512
10140,GR012,Potatoes 1kg,6,2025-03-16 21:55:00,30,4181
10140,GR004,Basmati Rice 1kg,3,2025-03-16 21:55:00,120,4181
10140,GR011,Bananas 1 dozen,5,2025-03-16 21:55:00,50,4181
10140,GR001,Milk 1L,3,2025-03-16 21:55:00,60,4181
10140,GR014,Tomatoes 1kg,2,2025-03-16 21:55:00,40,4181
10141,GR012,Potatoes 1kg,8,2025-05-07 22:02:00,30,3606
10141,GR015,Salt 1kg,8,2025-05-07 22:02:00,20,3606
10141,GR005,Sugar 1kg,8,2025-05-07 22:02:00,50,3606
10142,GR001,Milk 1L,2,2025-02-20 05:10:00,60,2546
10143,GR009,Butter 100g,7,2025-07-15 08:29:00,60,4953
10143,GR014,Tomatoes 1kg,1,2025-07-15 08:29:00,40,4953
10143,GR011,Bananas 1 dozen,7,2025-07-15 08:29:00,50,4953
10143,GR013,Onions 1kg,5,2025-07-15 08:29:00,35,4953
10143,GR002,Bread,6,2025-07-15 08:29:00,40,4953
10144,GR006,Sunflower Oil 1L,2,2025-03-16 02:10:00,160,4547
10144,GR015,Salt 1kg,1,2025-03-16 02:10:00,20,4547
10144,GR001,Milk 1L,3,2025-03-16 02:10:00,60,4547
10144,GR012,Potatoes 1kg,5,2025-03-16 02:10:00,30,4547
10144,GR009,Butter 100g,7,2025-03-16 02:10:00,60,4547
10145,GR006,Sunflower Oil 1L,3,2025-07-03 12:57:00,160,3043
10146,GR004,Basmati Rice 1kg,3,2025-05-15 15:59:00,120,4520
10146,GR012,Potatoes 1kg,3,2025-05-15 15:59:00,30,4520
10146,GR013,Onions 1kg,3,2025-05-15 15:59:00,35,4520
10146,GR014,Tomatoes 1kg,4,2025-05-15 15:59:00,40,4520
10147,GR012,Potatoes 1kg,8,2025-03-02 22:33:00,30,1332
10147,GR014,Tomatoes 1kg,7,2025-03-02 22:33:00,40,1332
10148,GR004,Basmati Rice 1kg,2,2025-02-09 05:09:00,120,3685
10148,GR014,Tomatoes 1kg,2,2025-02-09 05:09:00,40,3685
10148,GR008,Wheat Flour 1kg,4,2025-02-09 05:09:00,55,3685
10148,GR015,Salt 1kg,6,2025-02-09 05:09:00,20,3685
10148,GR003,Eggs Pack (12),1,2025-02-09 05:09:00,90,3685
10148,GR010,Yogurt 200g,5,2025-02-09 05:09:00,25,3685
10149,GR005,Sugar 1kg,6,2025-06-25 00:08:00,50,1432
10149,GR008,Wheat Flour 1kg,3,2025-06-25 00:08:00,55,1432
10149,GR004,Basmati Rice 1kg,7,2025-06-25 00:08:00,120,1432
10149,GR009,Butter 100g,2,2025-06-25 00:08:00,60,1432
10149,GR003,Eggs Pack (12),5,2025-06-25 00:08:00,90,1432
10150,GR011,Bananas 1 dozen,5,2025-01-30 19:20:00,50,1734
10150,GR010,Yogurt 200g,6,2025-01-30 19:20:00,25,1734
10150,GR001,Milk 1L,3,2025-01-30 19:20:00,60,1734
10150,GR004,Basmati Rice 1kg,5,2025-01-30 19:20:00,120,1734
10151,GR013,Onions 1kg,3,2025-04-02 18:05:00,35,3692
10151,GR007,Tea Powder 500g,8,2025-04-02 18:05:00,140,3692
10151,GR009,Butter 100g,8,2025-04-02 18:05:00,60,3692
10151,GR006,Sunflower Oil 1L,8,2025-04-02 18:05:00,160,3692
10151,GR014,Tomatoes 1kg,4,2025-04-02 18:05:00,40,3692
10151,GR002,Bread,3,2025-04-02 18:05:00,40,3692
10152,GR006,Sunflower Oil 1L,3,2025-06-14 07:40:00,160,2899
10152,GR015,Salt 1kg,1,2025-06-14 07:40:00,20,2899
10152,GR002,Bread,2,2025-06-14 07:40:00,40,2899
10153,GR010,Yogurt 200g,5,2025-02-20 08:53:00,25,3112
10153,GR003,Eggs Pack (12),8,2025-02-20 08:53:00,90,3112
10153,GR013,Onions 1kg,6,2025-02-20 08:53:00,35,3112
10153,GR011,Bananas 1 dozen,7,2025-02-20 08:53:00,50,3112
10153,GR005,Sugar 1kg,4,2025-02-20 08:53:00,50,3112
10153,GR012,Potatoes 1kg,4,2025-02-20 08:53:00,30,3112
10154,GR008,Wheat Flour 1kg,7,2025-07-09 04:06:00,55,1029
10155,GR007,Tea Powder 500g,1,2025-05-10 12:00:00,140,2114
10155,GR015,Salt 1kg,4,2025-05-10 12:00:00,20,2114
10156,GR002,Bread,8,2025-01-28 04:46:00,40,4723
10157,GR014,Tomatoes 1kg,4,2025-01-20 08:16:00,40,4487
10158,GR001,Milk 1L,4,2025-07-14 13:11:00,60,3315
10159,GR011,Bananas 1 dozen,3,2025-01-23 00:18:00,50,4300
10159,GR008,Wheat Flour 1kg,8,2025-01-23 00:18:00,55,4300
10159,GR005,Sugar 1kg,5,2025-01-23 00:18:00,50,4300
10160,GR012,Potatoes 1kg,4,2025-03-05 22:37:00,30,3780
10160,GR009,Butter 100g,5,2025-03-05 22:37:00,60,3780
10160,GR015,Salt 1kg,5,2025-03-05 22:37:00,20,3780
10161,GR001,Milk 1L,7,2025-01-02 05:49:00,60,2456
10161,GR011,Bananas 1 dozen,4,2025-01-02 05:49:00,50,2456
10162,GR002,Bread,4,2025-02-16 10:56:00,40,4860
10163,GR003,Eggs Pack (12),7,2025-05-22 14:44:00,90,4340
10164,GR003,Eggs Pack (12),2,2025-07-13 17:23:00,90,2730
10165,GR014,Tomatoes 1kg,2,2025-05-08 20:05:00,40,3828
10165,GR001,Milk 1L,8,2025-05-08 20:05:00,60,3828
10165,GR005,Sugar 1kg,2,2025-05-08 20:05:00,50,3828
10165,GR013,Onions 1kg,1,2025-05-08 20:05:00,35,3828
10165,GR009,Butter 100g,2,2025-05-08 20:05:00,60,3828
10166,GR013,Onions 1kg,6,2025-01-13 04:45:00,35,2340
10166,GR002,Bread,3,2025-01-13 04:45:00,40,2340
10166,GR010,Yogurt 200g,7,2025-01-13 04:45:00,25,2340
10166,GR014,Tomatoes 1kg,7,2025-01-13 04:45:00,40,2340
10167,GR003,Eggs Pack (12),1,2025-03-24 00:52:00,90,2819
10167,GR004,Basmati Rice 1kg,4,2025-03-24 00:52:00,120,2819
10168,GR013,Onions 1kg,7,2025-04-21 01:31:00,35,4345
10168,GR014,Tomatoes 1kg,4,2025-04-21 01:31:00,40,4345
10168,GR001,Milk 1L,7,2025-04-21 01:31:00,60,4345
10168,GR007,Tea Powder 500g,7,2025-04-21 01:31:00,140,4345
10168,GR004,Basmati Rice 1kg,1,2025-04-21 01:31:00,120,4345
10168,GR012,Potatoes 1kg,8,2025-04-21 01:31:00,30,4345
10169,GR008,Wheat Flour 1kg,5,2025-07-12 14:02:00,55,4547
10169,GR005,Sugar 1kg,5,2025-07-12 14:02:00,50,4547
10169,GR009,Butter 100g,1,2025-07-12 14:02:00,60,4547
10169,GR010,Yogurt 200g,5,2025-07-12 14:02:00,25,4547
10169,GR004,Basmati Rice 1kg,4,2025-07-12 14:02:00,120,4547
10170,GR010,Yogurt 200g,6,2025-04-01 12:14:00,25,1943
10170,GR011,Bananas 1 dozen,5,2025-04-01 12:14:00,50,1943
10170,GR006,Sunflower Oil 1L,6,2025-04-01 12:14:00,160,1943
10170,GR009,Butter 100g,6,2025-04-01 12:14:00,60,1943
10171,GR010,Yogurt 200g,3,2025-06-13 20:58:00,25,3601
10171,GR003,Eggs Pack (12),3,2025-06-13 20:58:00,90,3601
10171,GR002,Bread,7,2025-06-13 20:58:00,40,3601
10171,GR015,Salt 1kg,7,2025-06-13 20:58:00,20,3601
10172,GR014,Tomatoes 1kg,5,2025-03-16 04:17:00,40,4717
10172,GR008,Wheat Flour 1kg,7,2025-03-16 04:17:00,55,4717
10172,GR004,Basmati Rice 1kg,3,2025-03-16 04:17:00,120,4717
10172,GR001,Milk 1L,5,2025-03-16 04:17:00,60,4717
10173,GR010,Yogurt 200g,8,2025-02-25 19:01:00,25,3454
10173,GR005,Sugar 1kg,8,2025-02-25 19:01:00,50,3454
10173,GR004,Basmati Rice 1kg,2,2025-02-25 19:01:00,120,3454
10173,GR014,Tomatoes 1kg,8,2025-02-25 19:01:00,40,3454
10173,GR008,Wheat Flour 1kg,2,2025-02-25 19:01:00,55,3454
10174,GR004,Basmati Rice 1kg,7,2025-02-19 19:52:00,120,3042
10174,GR011,Bananas 1 dozen,1,2025-02-19 19:52:00,50,3042
10174,GR015,Salt 1kg,1,2025-02-19 19:52:00,20,3042
10175,GR007,Tea Powder 500g,3,2025-07-04 06:00:00,140,1523
10175,GR009,Butter 100g,8,2025-07-04 06:00:00,60,1523
10175,GR002,Bread,4,2025-07-04 06:00:00,40,1523
10176,GR006,Sunflower Oil 1L,4,2025-01-07 13:37:00,160,2705
10176,GR004,Basmati Rice 1kg,4,2025-01-07 13:37:00,120,2705
10176,GR013,Onions 1kg,8,2025-01-07 13:37:00,35,2705
10176,GR008,Wheat Flour 1kg,7,2025-01-07 13:37:00,55,2705
10177,GR001,Milk 1L,1,2025-01-02 09:52:00,60,1365
10177,GR008,Wheat Flour 1kg,7,2025-01-02 09:52:00,55,1365
10177,GR010,Yogurt 200g,4,2025-01-02 09:52:00,25,1365
10177,GR002,Bread,2,2025-01-02 09:52:00,40,1365
10177,GR013,Onions 1kg,6,2025-01-02 09:52:00,35,1365
10177,GR007,Tea Powder 500g,3,2025-01-02 09:52:00,140,1365
10178,GR008,Wheat Flour 1kg,2,2025-06-29 20:03:00,55,4300
10178,GR012,Potatoes 1kg,6,2025-06-29 20:03:00,30,4300
10178,GR001,Milk 1L,4,2025-06-29 20:03:00,60,4300
10179,GR007,Tea Powder 500g,5,2025-05-01 11:39:00,140,3180
10179,GR009,Butter 100g,8,2025-05-01 11:39:00,60,3180
10179,GR005,Sugar 1kg,7,2025-05-01 11:39:00,50,3180
10179,GR003,Eggs Pack (12),4,2025-05-01 11:39:00,90,3180
10179,GR006,Sunflower Oil 1L,5,2025-05-01 11:39:00,160,3180
10179,GR015,Salt 1kg,7,2025-05-01 11:39:00,20,3180
10180,GR015,Salt 1kg,1,2025-07-15 07:39:00,20,2502
10180,GR014,Tomatoes 1kg,7,2025-07-15 07:39:00,40,2502
10180,GR007,Tea Powder 500g,8,2025-07-15 07:39:00,140,2502
10181,GR003,Eggs Pack (12),8,2025-07-18 00:20:00,90,4326
10182,GR004,Basmati Rice 1kg,5,2025-06-25 02:31:00,120,3780
10183,GR008,Wheat Flour 1kg,2,2025-06-06 01:10:00,55,4880
10184,GR004,Basmati Rice 1kg,2,2025-06-20 17:20:00,120,1066
10184,GR014,Tomatoes 1kg,1,2025-06-20 17:20:00,40,1066
10184,GR015,Salt 1kg,4,2025-06-20 17:20:00,20,1066
10185,GR001,Milk 1L,5,2025-06-03 19:16:00,60,2368
10185,GR015,Salt 1kg,6,2025-06-03 19:16:00,20,2368
10185,GR012,Potatoes 1kg,1,2025-06-03 19:16:00,30,2368
10185,GR002,Bread,3,2025-06-03 19:16:00,40,2368
10186,GR014,Tomatoes 1kg,3,2025-05-06 22:10:00,40,3009
10186,GR010,Yogurt 200g,4,2025-05-06 22:10:00,25,3009
10186,GR003,Eggs Pack (12),7,2025-05-06 22:10:00,90,3009
10186,GR007,Tea Powder 500g,4,2025-05-06 22:10:00,140,3009
10186,GR005,Sugar 1kg,3,2025-05-06 22:10:00,50,3009
10186,GR013,Onions 1kg,3,2025-05-06 22:10:00,35,3009
10187,GR002,Bread,5,2025-07-07 03:27:00,40,2040
10187,GR012,Potatoes 1kg,5,2025-07-07 03:27:00,30,2040
10187,GR009,Butter 100g,7,2025-07-07 03:27:00,60,2040
10188,GR014,Tomatoes 1kg,7,2025-02-25 08:49:00,40,4548
10188,GR015,Salt 1kg,6,2025-02-25 08:49:00,20,4548
10188,GR007,Tea Powder 500g,6,2025-02-25 08:49:00,140,4548
10188,GR005,Sugar 1kg,2,2025-02-25 08:49:00,50,4548
10188,GR006,Sunflower Oil 1L,5,2025-02-25 08:49:00,160,4548
10189,GR004,Basmati Rice 1kg,1,2025-07-03 20:19:00,120,3356
10189,GR003,Eggs Pack (12),2,2025-07-03 20:19:00,90,3356
10189,GR014,Tomatoes 1kg,4,2025-07-03 20:19:00,40,3356
10190,GR003,Eggs Pack (12),3,2025-05-25 09:45:00,90,4851
10190,GR006,Sunflower Oil 1L,3,2025-05-25 09:45:00,160,4851
10190,GR007,Tea Powder 500g,3,2025-05-25 09:45:00,140,4851
10190,GR012,Potatoes 1kg,5,2025-05-25 09:45:00,30,4851
10191,GR010,Yogurt 200g,6,2025-01-21 18:32:00,25,1734
10192,GR012,Potatoes 1kg,3,2025-06-12 06:30:00,30,2194
10192,GR009,Butter 100g,2,2025-06-12 06:30:00,60,2194
10192,GR007,Tea Powder 500g,3,2025-06-12 06:30:00,140,2194
10192,GR001,Milk 1L,1,2025-06-12 06:30:00,60,2194
10192,GR005,Sugar 1kg,1,2025-06-12 06:30:00,50,2194
10193,GR010,Yogurt 200g,2,2025-01-27 13:54:00,25,4190
10194,GR007,Tea Powder 500g,5,2025-01-27 19:55:00,140,4548
10194,GR011,Bananas 1 dozen,3,2025-01-27 19:55:00,50,4548
10194,GR003,Eggs Pack (12),1,2025-01-27 19:55:00,90,4548
10194,GR014,Tomatoes 1kg,1,2025-01-27 19:55:00,40,4548
10194,GR013,Onions 1kg,1,2025-01-27 19:55:00,35,4548
10195,GR011,Bananas 1 dozen,5,2025-02-23 04:50:00,50,2489
10195,GR014,Tomatoes 1kg,6,2025-02-23 04:50:00,40,2489
10196,GR011,Bananas 1 dozen,2,2025-02-14 14:42:00,50,4558
10196,GR008,Wheat Flour 1kg,1,2025-02-14 14:42:00,55,4558
10196,GR015,Salt 1kg,1,2025-02-14 14:42:00,20,4558
10196,GR006,Sunflower Oil 1L,8,2025-02-14 14:42:00,160,4558
10196,GR001,Milk 1L,1,2025-02-14 14:42:00,60,4558
10196,GR007,Tea Powder 500g,1,2025-02-14 14:42:00,140,4558
10197,GR010,Yogurt 200g,8,2025-03-10 00:08:00,25,2489
10198,GR007,Tea Powder 500g,3,2025-06-23 23:28:00,140,3056
10198,GR009,Butter 100g,2,2025-06-23 23:28:00,60,3056
10198,GR014,Tomatoes 1kg,4,2025-06-23 23:28:00,40,3056
10199,GR009,Butter 100g,8,2025-06-04 12:53:00,60,4523
10199,GR001,Milk 1L,1,2025-06-04 12:53:00,60,4523
10199,GR011,Bananas 1 dozen,1,2025-06-04 12:53:00,50,4523
10200,GR007,Tea Powder 500g,7,2025-02-27 08:58:00,140,2914
10201,GR005,Sugar 1kg,8,2025-06-05 08:12:00,50,4860
10201,GR009,Butter 100g,3,2025-06-05 08:12:00,60,4860
10201,GR011,Bananas 1 dozen,2,2025-06-05 08:12:00,50,4860
10201,GR014,Tomatoes 1kg,7,2025-06-05 08:12:00,40,4860
10201,GR013,Onions 1kg,6,2025-06-05 08:12:00,35,4860
10201,GR001,Milk 1L,6,2025-06-05 08:12:00,60,4860
10202,GR011,Bananas 1 dozen,2,2025-02-04 23:51:00,50,3331
10202,GR005,Sugar 1kg,2,2025-02-04 23:51:00,50,3331
10202,GR002,Bread,6,2025-02-04 23:51:00,40,3331
10203,GR014,Tomatoes 1kg,6,2025-05-18 23:26:00,40,1823
10203,GR012,Potatoes 1kg,7,2025-05-18 23:26:00,30,1823
10203,GR007,Tea Powder 500g,7,2025-05-18 23:26:00,140,1823
10203,GR010,Yogurt 200g,6,2025-05-18 23:26:00,25,1823
10203,GR002,Bread,3,2025-05-18 23:26:00,40,1823
10203,GR008,Wheat Flour 1kg,5,2025-05-18 23:26:00,55,1823
10204,GR010,Yogurt 200g,2,2025-04-19 15:09:00,25,1446
10204,GR004,Basmati Rice 1kg,8,2025-04-19 15:09:00,120,1446
10204,GR005,Sugar 1kg,7,2025-04-19 15:09:00,50,1446
10204,GR002,Bread,4,2025-04-19 15:09:00,40,1446
10204,GR001,Milk 1L,4,2025-04-19 15:09:00,60,1446
10204,GR013,Onions 1kg,4,2025-04-19 15:09:00,35,1446
10205,GR004,Basmati Rice 1kg,3,2025-05-12 21:28:00,120,4880
10205,GR010,Yogurt 200g,3,2025-05-12 21:28:00,25,4880
10205,GR003,Eggs Pack (12),1,2025-05-12 21:28:00,90,4880
10205,GR011,Bananas 1 dozen,8,2025-05-12 21:28:00,50,4880
10206,GR013,Onions 1kg,5,2025-06-03 20:08:00,35,3618
10206,GR010,Yogurt 200g,1,2025-06-03 20:08:00,25,3618
10206,GR006,Sunflower Oil 1L,3,2025-06-03 20:08:00,160,3618
10206,GR005,Sugar 1kg,4,2025-06-03 20:08:00,50,3618
10206,GR004,Basmati Rice 1kg,2,2025-06-03 20:08:00,120,3618
10206,GR012,Potatoes 1kg,5,2025-06-03 20:08:00,30,3618
10207,GR002,Bread,4,2025-03-12 01:04:00,40,1654
10207,GR011,Bananas 1 dozen,5,2025-03-12 01:04:00,50,1654
10207,GR009,Butter 100g,5,2025-03-12 01:04:00,60,1654
10207,GR001,Milk 1L,4,2025-03-12 01:04:00,60,1654
10207,GR012,Potatoes 1kg,4,2025-03-12 01:04:00,30,1654
10208,GR004,Basmati Rice 1kg,5,2025-02-16 04:26:00,120,1311
10208,GR001,Milk 1L,1,2025-02-16 04:26:00,60,1311
10208,GR011,Bananas 1 dozen,7,2025-02-16 04:26:00,50,1311
10208,GR009,Butter 100g,3,2025-02-16 04:26:00,60,1311
10208,GR014,Tomatoes 1kg,8,2025-02-16 04:26:00,40,1311
10208,GR003,Eggs Pack (12),7,2025-02-16 04:26:00,90,1311
10209,GR010,Yogurt 200g,8,2025-03-12 05:36:00,25,3283
10209,GR015,Salt 1kg,8,2025-03-12 05:36:00,20,3283
10209,GR007,Tea Powder 500g,6,2025-03-12 05:36:00,140,3283
10209,GR006,Sunflower Oil 1L,5,2025-03-12 05:36:00,160,3283
10210,GR008,Wheat Flour 1kg,1,2025-04-14 15:45:00,55,1311
10211,GR013,Onions 1kg,6,2025-05-23 05:28:00,35,1918
10211,GR015,Salt 1kg,7,2025-05-23 05:28:00,20,1918
10211,GR005,Sugar 1kg,4,2025-05-23 05:28:00,50,1918
10211,GR003,Eggs Pack (12),3,2025-05-23 05:28:00,90,1918
10211,GR006,Sunflower Oil 1L,3,2025-05-23 05:28:00,160,1918
10211,GR002,Bread,3,2025-05-23 05:28:00,40,1918
10212,GR001,Milk 1L,4,2025-04-19 13:07:00,60,2907
10212,GR009,Butter 100g,5,2025-04-19 13:07:00,60,2907
10212,GR013,Onions 1kg,5,2025-04-19 13:07:00,35,2907
10212,GR014,Tomatoes 1kg,7,2025-04-19 13:07:00,40,2907
10213,GR007,Tea Powder 500g,1,2025-02-17 15:12:00,140,2362
10214,GR009,Butter 100g,1,2025-04-06 04:49:00,60,2854
10214,GR010,Yogurt 200g,6,2025-04-06 04:49:00,25,2854
10214,GR014,Tomatoes 1kg,1,2025-04-06 04:49:00,40,2854
10214,GR003,Eggs Pack (12),5,2025-04-06 04:49:00,90,2854
10214,GR006,Sunflower Oil 1L,3,2025-04-06 04:49:00,160,2854
10214,GR005,Sugar 1kg,4,2025-04-06 04:49:00,50,2854
10215,GR009,Butter 100g,1,2025-01-14 08:41:00,60,2194
10215,GR003,Eggs Pack (12),2,2025-01-14 08:41:00,90,2194
10215,GR011,Bananas 1 dozen,4,2025-01-14 08:41:00,50,2194
10215,GR005,Sugar 1kg,1,2025-01-14 08:41:00,50,2194
10216,GR003,Eggs Pack (12),1,2025-04-13 20:10:00,90,3498
10216,GR008,Wheat Flour 1kg,4,2025-04-13 20:10:00,55,3498
10216,GR005,Sugar 1kg,4,2025-04-13 20:10:00,50,3498
10216,GR014,Tomatoes 1kg,1,2025-04-13 20:10:00,40,3498
10216,GR006,Sunflower Oil 1L,7,2025-04-13 20:10:00,160,3498
10216,GR011,Bananas 1 dozen,1,2025-04-13 20:10:00,50,3498
10217,GR002,Bread,7,2025-03-10 12:44:00,40,3875
10217,GR011,Bananas 1 dozen,3,2025-03-10 12:44:00,50,3875
10217,GR001,Milk 1L,8,2025-03-10 12:44:00,60,3875
10218,GR012,Potatoes 1kg,5,2025-05-27 02:55:00,30,3601
10218,GR011,Bananas 1 dozen,1,2025-05-27 02:55:00,50,3601
10218,GR006,Sunflower Oil 1L,5,2025-05-27 02:55:00,160,3601
10218,GR003,Eggs Pack (12),8,2025-05-27 02:55:00,90,3601
10218,GR014,Tomatoes 1kg,6,2025-05-27 02:55:00,40,3601
10218,GR001,Milk 1L,7,2025-05-27 02:55:00,60,3601
10219,GR008,Wheat Flour 1kg,3,2025-04-29 08:51:00,55,4560
10220,GR010,Yogurt 200g,6,2025-04-07 03:47:00,25,2040
10221,GR003,Eggs Pack (12),2,2025-03-08 10:40:00,90,3046
10221,GR009,Butter 100g,2,2025-03-08 10:40:00,60,3046
10221,GR011,Bananas 1 dozen,7,2025-03-08 10:40:00,50,3046
10222,GR011,Bananas 1 dozen,6,2025-03-18 05:39:00,50,4821
10222,GR004,Basmati Rice 1kg,3,2025-03-18 05:39:00,120,4821
10222,GR002,Bread,7,2025-03-18 05:39:00,40,4821
10222,GR001,Milk 1L,4,2025-03-18 05:39:00,60,4821
10222,GR007,Tea Powder 500g,5,2025-03-18 05:39:00,140,4821
10222,GR012,Potatoes 1kg,6,2025-03-18 05:39:00,30,4821
10223,GR015,Salt 1kg,5,2025-06-15 13:52:00,20,3144
10223,GR005,Sugar 1kg,4,2025-06-15 13:52:00,50,3144
10223,GR001,Milk 1L,5,2025-06-15 13:52:00,60,3144
10223,GR010,Yogurt 200g,8,2025-06-15 13:52:00,25,3144
10223,GR003,Eggs Pack (12),3,2025-06-15 13:52:00,90,3144
10224,GR001,Milk 1L,6,2025-01-14 08:50:00,60,4548
10224,GR010,Yogurt 200g,4,2025-01-14 08:50:00,25,4548
10224,GR006,Sunflower Oil 1L,3,2025-01-14 08:50:00,160,4548
10224,GR014,Tomatoes 1kg,7,2025-01-14 08:50:00,40,4548
10224,GR009,Butter 100g,4,2025-01-14 08:50:00,60,4548
10224,GR011,Bananas 1 dozen,3,2025-01-14 08:50:00,50,4548
10225,GR004,Basmati Rice 1kg,5,2025-03-19 23:07:00,120,3274
10225,GR013,Onions 1kg,1,2025-03-19 23:07:00,35,3274
10225,GR001,Milk 1L,7,2025-03-19 23:07:00,60,3274
10225,GR014,Tomatoes 1kg,8,2025-03-19 23:07:00,40,3274
10225,GR007,Tea Powder 500g,4,2025-03-19 23:07:00,140,3274
10225,GR008,Wheat Flour 1kg,3,2025-03-19 23:07:00,55,3274
10226,GR013,Onions 1kg,8,2025-06-11 17:31:00,35,2350
10226,GR003,Eggs Pack (12),7,2025-06-11 17:31:00,90,2350
10226,GR006,Sunflower Oil 1L,3,2025-06-11 17:31:00,160,2350
10227,GR010,Yogurt 200g,7,2025-01-23 23:34:00,25,3382
10227,GR015,Salt 1kg,4,2025-01-23 23:34:00,20,3382
10227,GR001,Milk 1L,1,2025-01-23 23:34:00,60,3382
10227,GR013,Onions 1kg,8,2025-01-23 23:34:00,35,3382
10227,GR008,Wheat Flour 1kg,3,2025-01-23 23:34:00,55,3382
10227,GR012,Potatoes 1kg,3,2025-01-23 23:34:00,30,3382
10228,GR010,Yogurt 200g,6,2025-02-23 05:20:00,25,4016
10228,GR004,Basmati Rice 1kg,2,2025-02-23 05:20:00,120,4016
10228,GR011,Bananas 1 dozen,5,2025-02-23 05:20:00,50,4016
10228,GR005,Sugar 1kg,2,2025-02-23 05:20:00,50,4016
10229,GR009,Butter 100g,2,2025-06-27 18:52:00,60,1533
10230,GR011,Bananas 1 dozen,2,2025-05-30 03:50:00,50,4443
10230,GR008,Wheat Flour 1kg,7,2025-05-30 03:50:00,55,4443
10230,GR015,Salt 1kg,3,2025-05-30 03:50:00,20,4443
10230,GR013,Onions 1kg,7,2025-05-30 03:50:00,35,4443
10230,GR014,Tomatoes 1kg,1,2025-05-30 03:50:00,40,4443
10231,GR005,Sugar 1kg,6,2025-01-26 12:56:00,50,2054
10231,GR012,Potatoes 1kg,5,2025-01-26 12:56:00,30,2054
10231,GR014,Tomatoes 1kg,5,2025-01-26 12:56:00,40,2054
10231,GR001,Milk 1L,5,2025-01-26 12:56:00,60,2054
10231,GR003,Eggs Pack (12),4,2025-01-26 12:56:00,90,2054
10232,GR011,Bananas 1 dozen,5,2025-01-02 11:51:00,50,2883
10232,GR003,Eggs Pack (12),2,2025-01-02 11:51:00,90,2883
10232,GR013,Onions 1kg,8,2025-01-02 11:51:00,35,2883
10232,GR009,Butter 100g,8,2025-01-02 11:51:00,60,2883
10232,GR015,Salt 1kg,4,2025-01-02 11:51:00,20,2883
10233,GR001,Milk 1L,8,2025-07-06 09:48:00,60,1283
10233,GR008,Wheat Flour 1kg,4,2025-07-06 09:48:00,55,1283
10233,GR012,Potatoes 1kg,4,2025-07-06 09:48:00,30,1283
10233,GR002,Bread,4,2025-07-06 09:48:00,40,1283
10233,GR013,Onions 1kg,5,2025-07-06 09:48:00,35,1283
10233,GR005,Sugar 1kg,6,2025-07-06 09:48:00,50,1283
10234,GR003,Eggs Pack (12),4,2025-06-11 11:43:00,90,2313
10234,GR001,Milk 1L,3,2025-06-11 11:43:00,60,2313
10234,GR002,Bread,8,2025-06-11 11:43:00,40,2313
10234,GR005,Sugar 1kg,7,2025-06-11 11:43:00,50,2313
10234,GR012,Potatoes 1kg,8,2025-06-11 11:43:00,30,2313
10234,GR014,Tomatoes 1kg,1,2025-06-11 11:43:00,40,2313
10235,GR015,Salt 1kg,5,2025-01-01 17:02:00,20,4495
10236,GR012,Potatoes 1kg,7,2025-02-24 03:27:00,30,3751
10237,GR007,Tea Powder 500g,1,2025-05-08 20:23:00,140,2313
10237,GR002,Bread,4,2025-05-08 20:23:00,40,2313
10237,GR008,Wheat Flour 1kg,5,2025-05-08 20:23:00,55,2313
10237,GR003,Eggs Pack (12),4,2025-05-08 20:23:00,90,2313
10237,GR006,Sunflower Oil 1L,8,2025-05-08 20:23:00,160,2313
10237,GR001,Milk 1L,7,2025-05-08 20:23:00,60,2313
10238,GR004,Basmati Rice 1kg,4,2025-04-26 01:54:00,120,1839
10238,GR007,Tea Powder 500g,8,2025-04-26 01:54:00,140,1839
10238,GR006,Sunflower Oil 1L,6,2025-04-26 01:54:00,160,1839
10238,GR008,Wheat Flour 1kg,7,2025-04-26 01:54:00,55,1839
10238,GR015,Salt 1kg,6,2025-04-26 01:54:00,20,1839
10238,GR014,Tomatoes 1kg,1,2025-04-26 01:54:00,40,1839
10239,GR001,Milk 1L,2,2025-04-08 04:52:00,60,4443
10239,GR004,Basmati Rice 1kg,5,2025-04-08 04:52:00,120,4443
10239,GR013,Onions 1kg,1,2025-04-08 04:52:00,35,4443
10239,GR011,Bananas 1 dozen,1,2025-04-08 04:52:00,50,4443
10240,GR001,Milk 1L,5,2025-01-23 11:38:00,60,4723
10240,GR007,Tea Powder 500g,2,2025-01-23 11:38:00,140,4723
10241,GR010,Yogurt 200g,6,2025-01-17 00:07:00,25,3524
10241,GR008,Wheat Flour 1kg,8,2025-01-17 00:07:00,55,3524
10241,GR012,Potatoes 1kg,5,2025-01-17 00:07:00,30,3524
10241,GR004,Basmati Rice 1kg,1,2025-01-17 00:07:00,120,3524
10241,GR015,Salt 1kg,7,2025-01-17 00:07:00,20,3524
10241,GR009,Butter 100g,2,2025-01-17 00:07:00,60,3524
10242,GR007,Tea Powder 500g,5,2025-05-29 12:51:00,140,2291
10242,GR015,Salt 1kg,6,2025-05-29 12:51:00,20,2291
10242,GR003,Eggs Pack (12),7,2025-05-29 12:51:00,90,2291
10242,GR013,Onions 1kg,3,2025-05-29 12:51:00,35,2291
10242,GR008,Wheat Flour 1kg,7,2025-05-29 12:51:00,55,2291
10242,GR010,Yogurt 200g,5,2025-05-29 12:51:00,25,2291
10243,GR009,Butter 100g,3,2025-05-26 19:52:00,60,3828
10244,GR005,Sugar 1kg,5,2025-05-02 05:16:00,50,1890
10244,GR006,Sunflower Oil 1L,7,2025-05-02 05:16:00,160,1890
10244,GR011,Bananas 1 dozen,3,2025-05-02 05:16:00,50,1890
10244,GR002,Bread,1,2025-05-02 05:16:00,40,1890
10244,GR003,Eggs Pack (12),2,2025-05-02 05:16:00,90,1890
10244,GR015,Salt 1kg,5,2025-05-02 05:16:00,20,1890
10245,GR010,Yogurt 200g,2,2025-01-16 01:11:00,25,4190
10245,GR014,Tomatoes 1kg,3,2025-01-16 01:11:00,40,4190
10245,GR011,Bananas 1 dozen,5,2025-01-16 01:11:00,50,4190
10245,GR004,Basmati Rice 1kg,7,2025-01-16 01:11:00,120,4190
10245,GR003,Eggs Pack (12),5,2025-01-16 01:11:00,90,4190
10246,GR013,Onions 1kg,8,2025-06-26 03:33:00,35,4742
10246,GR006,Sunflower Oil 1L,5,2025-06-26 03:33:00,160,4742
10246,GR009,Butter 100g,2,2025-06-26 03:33:00,60,4742
10246,GR003,Eggs Pack (12),1,2025-06-26 03:33:00,90,4742
10246,GR015,Salt 1kg,8,2025-06-26 03:33:00,20,4742
10247,GR010,Yogurt 200g,4,2025-07-06 20:48:00,25,4844
10247,GR013,Onions 1kg,5,2025-07-06 20:48:00,35,4844
10247,GR002,Bread,4,2025-07-06 20:48:00,40,4844
10247,GR008,Wheat Flour 1kg,2,2025-07-06 20:48:00,55,4844
10248,GR010,Yogurt 200g,8,2025-06-06 12:36:00,25,2247
10248,GR009,Butter 100g,3,2025-06-06 12:36:00,60,2247
10248,GR001,Milk 1L,8,2025-06-06 12:36:00,60,2247
10248,GR006,Sunflower Oil 1L,5,2025-06-06 12:36:00,160,2247
10248,GR007,Tea Powder 500g,2,2025-06-06 12:36:00,140,2247
10249,GR015,Salt 1kg,2,2025-03-13 10:46:00,20,4944
10249,GR005,Sugar 1kg,4,2025-03-13 10:46:00,50,4944
10249,GR012,Potatoes 1kg,7,2025-03-13 10:46:00,30,4944
10249,GR003,Eggs Pack (12),3,2025-03-13 10:46:00,90,4944
10249,GR013,Onions 1kg,6,2025-03-13 10:46:00,35,4944
10249,GR011,Bananas 1 dozen,6,2025-03-13 10:46:00,50,4944
10250,GR014,Tomatoes 1kg,4,2025-07-09 20:01:00,40,1576
10250,GR008,Wheat Flour 1kg,4,2025-07-09 20:01:00,55,1576
10251,GR008,Wheat Flour 1kg,7,2025-01-21 14:05:00,55,3180
10251,GR007,Tea Powder 500g,2,2025-01-21 14:05:00,140,3180
10251,GR010,Yogurt 200g,3,2025-01-21 14:05:00,25,3180
10251,GR003,Eggs Pack (12),3,2025-01-21 14:05:00,90,3180
10252,GR005,Sugar 1kg,5,2025-06-11 11:45:00,50,1332
10252,GR015,Salt 1kg,6,2025-06-11 11:45:00,20,1332
10253,GR004,Basmati Rice 1kg,2,2025-07-20 13:16:00,120,2374
10253,GR005,Sugar 1kg,7,2025-07-20 13:16:00,50,2374
10253,GR010,Yogurt 200g,6,2025-07-20 13:16:00,25,2374
10253,GR007,Tea Powder 500g,5,2025-07-20 13:16:00,140,2374
10253,GR006,Sunflower Oil 1L,4,2025-07-20 13:16:00,160,2374
10254,GR011,Bananas 1 dozen,8,2025-03-06 17:27:00,50,1157
10254,GR006,Sunflower Oil 1L,4,2025-03-06 17:27:00,160,1157
10254,GR001,Milk 1L,8,2025-03-06 17:27:00,60,1157
10254,GR008,Wheat Flour 1kg,8,2025-03-06 17:27:00,55,1157
10254,GR009,Butter 100g,3,2025-03-06 17:27:00,60,1157
10254,GR003,Eggs Pack (12),8,2025-03-06 17:27:00,90,1157
10255,GR014,Tomatoes 1kg,1,2025-05-14 19:09:00,40,1384
10255,GR003,Eggs Pack (12),2,2025-05-14 19:09:00,90,1384
10255,GR011,Bananas 1 dozen,3,2025-05-14 19:09:00,50,1384
10255,GR010,Yogurt 200g,2,2025-05-14 19:09:00,25,1384
10255,GR013,Onions 1kg,6,2025-05-14 19:09:00,35,1384
10255,GR006,Sunflower Oil 1L,6,2025-05-14 19:09:00,160,1384
10256,GR003,Eggs Pack (12),4,2025-05-04 23:30:00,90,1995
10256,GR001,Milk 1L,5,2025-05-04 23:30:00,60,1995
10256,GR015,Salt 1kg,2,2025-05-04 23:30:00,20,1995
10256,GR014,Tomatoes 1kg,8,2025-05-04 23:30:00,40,1995
10256,GR011,Bananas 1 dozen,3,2025-05-04 23:30:00,50,1995
10256,GR005,Sugar 1kg,6,2025-05-04 23:30:00,50,1995
10257,GR012,Potatoes 1kg,8,2025-01-03 12:04:00,30,2156
10257,GR011,Bananas 1 dozen,7,2025-01-03 12:04:00,50,2156
10257,GR007,Tea Powder 500g,5,2025-01-03 12:04:00,140,2156
10258,GR005,Sugar 1kg,4,2025-03-20 01:27:00,50,1943
10258,GR014,Tomatoes 1kg,8,2025-03-20 01:27:00,40,1943
10258,GR015,Salt 1kg,8,2025-03-20 01:27:00,20,1943
10258,GR010,Yogurt 200g,3,2025-03-20 01:27:00,25,1943
10258,GR013,Onions 1kg,1,2025-03-20 01:27:00,35,1943
10258,GR002,Bread,1,2025-03-20 01:27:00,40,1943
10259,GR008,Wheat Flour 1kg,8,2025-06-10 09:45:00,55,3880
10259,GR002,Bread,6,2025-06-10 09:45:00,40,3880
10259,GR003,Eggs Pack (12),4,2025-06-10 09:45:00,90,3880
10260,GR004,Basmati Rice 1kg,6,2025-07-06 23:57:00,120,1974
10260,GR010,Yogurt 200g,7,2025-07-06 23:57:00,25,1974
10260,GR008,Wheat Flour 1kg,5,2025-07-06 23:57:00,55,1974
10260,GR013,Onions 1kg,6,2025-07-06 23:57:00,35,1974
10261,GR009,Butter 100g,1,2025-03-06 05:48:00,60,4790
10261,GR008,Wheat Flour 1kg,1,2025-03-06 05:48:00,55,4790
10261,GR011,Bananas 1 dozen,5,2025-03-06 05:48:00,50,4790
10262,GR011,Bananas 1 dozen,2,2025-06-18 09:45:00,50,2287
10262,GR012,Potatoes 1kg,3,2025-06-18 09:45:00,30,2287
10262,GR007,Tea Powder 500g,1,2025-06-18 09:45:00,140,2287
10262,GR014,Tomatoes 1kg,1,2025-06-18 09:45:00,40,2287
10262,GR003,Eggs Pack (12),1,2025-06-18 09:45:00,90,2287
10262,GR015,Salt 1kg,7,2025-06-18 09:45:00,20,2287
10263,GR010,Yogurt 200g,5,2025-02-08 14:45:00,25,1839
10263,GR012,Potatoes 1kg,8,2025-02-08 14:45:00,30,1839
10263,GR006,Sunflower Oil 1L,6,2025-02-08 14:45:00,160,1839
10263,GR015,Salt 1kg,1,2025-02-08 14:45:00,20,1839
10264,GR002,Bread,1,2025-01-14 11:52:00,40,1856
10265,GR013,Onions 1kg,8,2025-02-25 17:08:00,35,3315
10265,GR003,Eggs Pack (12),6,2025-02-25 17:08:00,90,3315
10265,GR002,Bread,3,2025-02-25 17:08:00,40,3315
10265,GR012,Potatoes 1kg,1,2025-02-25 17:08:00,30,3315
10266,GR013,Onions 1kg,8,2025-05-06 01:33:00,35,2073
10266,GR015,Salt 1kg,4,2025-05-06 01:33:00,20,2073
10266,GR004,Basmati Rice 1kg,4,2025-05-06 01:33:00,120,2073
10266,GR005,Sugar 1kg,5,2025-05-06 01:33:00,50,2073
10266,GR011,Bananas 1 dozen,5,2025-05-06 01:33:00,50,2073
10266,GR008,Wheat Flour 1kg,3,2025-05-06 01:33:00,55,2073
10267,GR007,Tea Powder 500g,7,2025-03-27 14:53:00,140,3018
10267,GR003,Eggs Pack (12),6,2025-03-27 14:53:00,90,3018
10268,GR005,Sugar 1kg,1,2025-02-08 19:07:00,50,4174
10268,GR011,Bananas 1 dozen,3,2025-02-08 19:07:00,50,4174
10268,GR003,Eggs Pack (12),8,2025-02-08 19:07:00,90,4174
10268,GR010,Yogurt 200g,3,2025-02-08 19:07:00,25,4174
10268,GR007,Tea Powder 500g,4,2025-02-08 19:07:00,140,4174
10268,GR013,Onions 1kg,2,2025-02-08 19:07:00,35,4174
10269,GR009,Butter 100g,1,2025-05-14 13:43:00,60,4903
10269,GR001,Milk 1L,3,2025-05-14 13:43:00,60,4903
10269,GR011,Bananas 1 dozen,7,2025-05-14 13:43:00,50,4903
10269,GR015,Salt 1kg,8,2025-05-14 13:43:00,20,4903
10269,GR002,Bread,8,2025-05-14 13:43:00,40,4903
10269,GR013,Onions 1kg,4,2025-05-14 13:43:00,35,4903
10270,GR004,Basmati Rice 1kg,1,2025-06-21 06:52:00,120,1217
10270,GR014,Tomatoes 1kg,8,2025-06-21 06:52:00,40,1217
10270,GR011,Bananas 1 dozen,6,2025-06-21 06:52:00,50,1217
10270,GR005,Sugar 1kg,5,2025-06-21 06:52:00,50,1217
10270,GR001,Milk 1L,6,2025-06-21 06:52:00,60,1217
10271,GR005,Sugar 1kg,7,2025-02-07 09:42:00,50,3043
10271,GR014,Tomatoes 1kg,6,2025-02-07 09:42:00,40,3043
10272,GR007,Tea Powder 500g,2,2025-01-30 19:09:00,140,2023
10272,GR003,Eggs Pack (12),8,2025-01-30 19:09:00,90,2023
10272,GR011,Bananas 1 dozen,4,2025-01-30 19:09:00,50,2023
10272,GR001,Milk 1L,4,2025-01-30 19:09:00,60,2023
10272,GR015,Salt 1kg,3,2025-01-30 19:09:00,20,2023
10272,GR010,Yogurt 200g,2,2025-01-30 19:09:00,25,2023
10273,GR005,Sugar 1kg,7,2025-05-13 09:11:00,50,4851
10273,GR001,Milk 1L,2,2025-05-13 09:11:00,60,4851
10273,GR010,Yogurt 200g,4,2025-05-13 09:11:00,25,4851
10273,GR006,Sunflower Oil 1L,8,2025-05-13 09:11:00,160,4851
10273,GR014,Tomatoes 1kg,4,2025-05-13 09:11:00,40,4851
10273,GR012,Potatoes 1kg,4,2025-05-13 09:11:00,30,4851
10274,GR012,Potatoes 1kg,8,2025-06-14 12:02:00,30,4036
10275,GR004,Basmati Rice 1kg,7,2025-07-08 03:41:00,120,4174
10275,GR015,Salt 1kg,5,2025-07-08 03:41:00,20,4174
10275,GR012,Potatoes 1kg,7,2025-07-08 03:41:00,30,4174
10275,GR005,Sugar 1kg,6,2025-07-08 03:41:00,50,4174
10275,GR007,Tea Powder 500g,7,2025-07-08 03:41:00,140,4174
10275,GR001,Milk 1L,8,2025-07-08 03:41:00,60,4174
10276,GR007,Tea Powder 500g,8,2025-02-24 10:40:00,140,4548
10277,GR001,Milk 1L,4,2025-04-10 19:30:00,60,1667
10278,GR012,Potatoes 1kg,1,2025-04-26 05:01:00,30,1493
10279,GR008,Wheat Flour 1kg,5,2025-01-02 18:36:00,55,3876
10280,GR011,Bananas 1 dozen,2,2025-04-08 13:08:00,50,4723
10281,GR005,Sugar 1kg,7,2025-02-16 04:45:00,50,3498
10281,GR008,Wheat Flour 1kg,5,2025-02-16 04:45:00,55,3498
10281,GR007,Tea Powder 500g,3,2025-02-16 04:45:00,140,3498
10281,GR003,Eggs Pack (12),8,2025-02-16 04:45:00,90,3498
10282,GR006,Sunflower Oil 1L,3,2025-06-03 17:27:00,160,3869
10282,GR013,Onions 1kg,6,2025-06-03 17:27:00,35,3869
10282,GR015,Salt 1kg,7,2025-06-03 17:27:00,20,3869
10283,GR011,Bananas 1 dozen,4,2025-06-25 19:15:00,50,1235
10283,GR010,Yogurt 200g,4,2025-06-25 19:15:00,25,1235
10283,GR001,Milk 1L,4,2025-06-25 19:15:00,60,1235
10283,GR009,Butter 100g,4,2025-06-25 19:15:00,60,1235
10284,GR003,Eggs Pack (12),4,2025-04-26 10:44:00,90,4190
10284,GR011,Bananas 1 dozen,2,2025-04-26 10:44:00,50,4190
10284,GR001,Milk 1L,8,2025-04-26 10:44:00,60,4190
10284,GR007,Tea Powder 500g,4,2025-04-26 10:44:00,140,4190
10285,GR012,Potatoes 1kg,4,2025-06-24 19:39:00,30,1741
10286,GR005,Sugar 1kg,7,2025-05-28 03:53:00,50,3046
10286,GR009,Butter 100g,3,2025-05-28 03:53:00,60,3046
10286,GR003,Eggs Pack (12),3,2025-05-28 03:53:00,90,3046
10287,GR013,Onions 1kg,7,2025-07-06 15:21:00,35,1131
10287,GR001,Milk 1L,2,2025-07-06 15:21:00,60,1131
10287,GR015,Salt 1kg,1,2025-07-06 15:21:00,20,1131
10288,GR005,Sugar 1kg,1,2025-07-12 08:04:00,50,1667
10289,GR008,Wheat Flour 1kg,2,2025-05-01 13:55:00,55,4340
10289,GR003,Eggs Pack (12),5,2025-05-01 13:55:00,90,4340
10289,GR010,Yogurt 200g,4,2025-05-01 13:55:00,25,4340
10289,GR009,Butter 100g,7,2025-05-01 13:55:00,60,4340
10289,GR006,Sunflower Oil 1L,7,2025-05-01 13:55:00,160,4340
10290,GR004,Basmati Rice 1kg,4,2025-02-24 15:04:00,120,3112
10290,GR005,Sugar 1kg,5,2025-02-24 15:04:00,50,3112
10290,GR001,Milk 1L,2,2025-02-24 15:04:00,60,3112
10290,GR011,Bananas 1 dozen,3,2025-02-24 15:04:00,50,3112
10290,GR013,Onions 1kg,2,2025-02-24 15:04:00,35,3112
10290,GR014,Tomatoes 1kg,1,2025-02-24 15:04:00,40,3112
10291,GR001,Milk 1L,2,2025-04-12 11:20:00,60,4849
10291,GR015,Salt 1kg,7,2025-04-12 11:20:00,20,4849
10291,GR004,Basmati Rice 1kg,2,2025-04-12 11:20:00,120,4849
10291,GR009,Butter 100g,2,2025-04-12 11:20:00,60,4849
10291,GR010,Yogurt 200g,1,2025-04-12 11:20:00,25,4849
10291,GR007,Tea Powder 500g,1,2025-04-12 11:20:00,140,4849
10292,GR002,Bread,2,2025-04-15 09:36:00,40,4717
10292,GR010,Yogurt 200g,7,2025-04-15 09:36:00,25,4717
10292,GR015,Salt 1kg,1,2025-04-15 09:36:00,20,4717
10292,GR009,Butter 100g,2,2025-04-15 09:36:00,60,4717
10292,GR001,Milk 1L,8,2025-04-15 09:36:00,60,4717
10293,GR009,Butter 100g,7,2025-06-04 05:00:00,60,2854
10293,GR007,Tea Powder 500g,6,2025-06-04 05:00:00,140,2854
10294,GR014,Tomatoes 1kg,5,2025-04-30 05:14:00,40,1332
10294,GR013,Onions 1kg,8,2025-04-30 05:14:00,35,1332
10295,GR005,Sugar 1kg,6,2025-01-01 20:30:00,50,3315
10295,GR012,Potatoes 1kg,5,2025-01-01 20:30:00,30,3315
10295,GR009,Butter 100g,1,2025-01-01 20:30:00,60,3315
10295,GR007,Tea Powder 500g,1,2025-01-01 20:30:00,140,3315
10295,GR003,Eggs Pack (12),4,2025-01-01 20:30:00,90,3315
10295,GR001,Milk 1L,8,2025-01-01 20:30:00,60,3315
10296,GR003,Eggs Pack (12),3,2025-02-04 12:43:00,90,1846
10297,GR002,Bread,6,2025-04-18 20:23:00,40,3500
10297,GR012,Potatoes 1kg,3,2025-04-18 20:23:00,30,3500
10298,GR007,Tea Powder 500g,8,2025-05-27 12:18:00,140,4697
10298,GR013,Onions 1kg,4,2025-05-27 12:18:00,35,4697
10298,GR002,Bread,2,2025-05-27 12:18:00,40,4697
10299,GR011,Bananas 1 dozen,3,2025-06-27 23:56:00,50,4127
10299,GR009,Butter 100g,8,2025-06-27 23:56:00,60,4127
10299,GR007,Tea Powder 500g,3,2025-06-27 23:56:00,140,4127
10299,GR015,Salt 1kg,5,2025-06-27 23:56:00,20,4127
10300,GR009,Butter 100g,2,2025-07-01 15:24:00,60,2150
10300,GR002,Bread,6,2025-07-01 15:24:00,40,2150
10300,GR012,Potatoes 1kg,8,2025-07-01 15:24:00,30,2150
10300,GR001,Milk 1L,5,2025-07-01 15:24:00,60,2150
10300,GR014,Tomatoes 1kg,2,2025-07-01 15:24:00,40,2150
10300,GR004,Basmati Rice 1kg,6,2025-07-01 15:24:00,120,2150
10301,GR004,Basmati Rice 1kg,8,2025-06-26 18:48:00,120,2673
10302,GR011,Bananas 1 dozen,7,2025-06-18 17:51:00,50,3315
10302,GR006,Sunflower Oil 1L,8,2025-06-18 17:51:00,160,3315
10302,GR001,Milk 1L,6,2025-06-18 17:51:00,60,3315
10302,GR013,Onions 1kg,2,2025-06-18 17:51:00,35,3315
10302,GR015,Salt 1kg,5,2025-06-18 17:51:00,20,3315
10303,GR014,Tomatoes 1kg,4,2025-01-14 15:24:00,40,2207
10303,GR002,Bread,1,2025-01-14 15:24:00,40,2207
10303,GR006,Sunflower Oil 1L,8,2025-01-14 15:24:00,160,2207
10303,GR007,Tea Powder 500g,6,2025-01-14 15:24:00,140,2207
10304,GR001,Milk 1L,6,2025-01-26 21:10:00,60,4558
10304,GR012,Potatoes 1kg,8,2025-01-26 21:10:00,30,4558
10304,GR013,Onions 1kg,2,2025-01-26 21:10:00,35,4558
10305,GR011,Bananas 1 dozen,7,2025-02-07 21:20:00,50,1389
10306,GR002,Bread,8,2025-01-29 16:43:00,40,3888
10306,GR009,Butter 100g,2,2025-01-29 16:43:00,60,3888
10307,GR001,Milk 1L,8,2025-03-15 04:14:00,60,4553
10307,GR008,Wheat Flour 1kg,8,2025-03-15 04:14:00,55,4553
10307,GR003,Eggs Pack (12),5,2025-03-15 04:14:00,90,4553
10307,GR014,Tomatoes 1kg,2,2025-03-15 04:14:00,40,4553
10307,GR013,Onions 1kg,1,2025-03-15 04:14:00,35,4553
10307,GR007,Tea Powder 500g,7,2025-03-15 04:14:00,140,4553
10308,GR014,Tomatoes 1kg,1,2025-05-23 13:26:00,40,2156
10308,GR013,Onions 1kg,6,2025-05-23 13:26:00,35,2156
10308,GR004,Basmati Rice 1kg,5,2025-05-23 13:26:00,120,2156
10308,GR003,Eggs Pack (12),2,2025-05-23 13:26:00,90,2156
10309,GR010,Yogurt 200g,8,2025-02-26 09:52:00,25,3888
10309,GR002,Bread,4,2025-02-26 09:52:00,40,3888
10310,GR012,Potatoes 1kg,5,2025-07-16 09:20:00,30,3875
10310,GR002,Bread,8,2025-07-16 09:20:00,40,3875
10310,GR014,Tomatoes 1kg,1,2025-07-16 09:20:00,40,3875
10311,GR005,Sugar 1kg,2,2025-05-27 11:47:00,50,3041
10311,GR014,Tomatoes 1kg,1,2025-05-27 11:47:00,40,3041
10311,GR015,Salt 1kg,1,2025-05-27 11:47:00,20,3041
10311,GR003,Eggs Pack (12),1,2025-05-27 11:47:00,90,3041
10311,GR012,Potatoes 1kg,2,2025-05-27 11:47:00,30,3041
10311,GR010,Yogurt 200g,1,2025-05-27 11:47:00,25,3041
10312,GR007,Tea Powder 500g,8,2025-04-12 06:49:00,140,1493
10312,GR009,Butter 100g,7,2025-04-12 06:49:00,60,1493
10312,GR014,Tomatoes 1kg,6,2025-04-12 06:49:00,40,1493
10312,GR006,Sunflower Oil 1L,8,2025-04-12 06:49:00,160,1493
10312,GR012,Potatoes 1kg,6,2025-04-12 06:49:00,30,1493
10313,GR009,Butter 100g,5,2025-07-18 13:32:00,60,3440
10314,GR001,Milk 1L,6,2025-03-02 08:58:00,60,2607
10314,GR014,Tomatoes 1kg,2,2025-03-02 08:58:00,40,2607
10314,GR004,Basmati Rice 1kg,8,2025-03-02 08:58:00,120,2607
10314,GR011,Bananas 1 dozen,6,2025-03-02 08:58:00,50,2607
10314,GR008,Wheat Flour 1kg,2,2025-03-02 08:58:00,55,2607
10314,GR005,Sugar 1kg,8,2025-03-02 08:58:00,50,2607
10315,GR006,Sunflower Oil 1L,1,2025-05-17 15:52:00,160,2650
10315,GR007,Tea Powder 500g,8,2025-05-17 15:52:00,140,2650
10315,GR012,Potatoes 1kg,5,2025-05-17 15:52:00,30,2650
10316,GR011,Bananas 1 dozen,1,2025-01-09 18:26:00,50,4477
10317,GR008,Wheat Flour 1kg,7,2025-02-04 08:38:00,55,1995
10317,GR015,Salt 1kg,2,2025-02-04 08:38:00,20,1995
10318,GR005,Sugar 1kg,2,2025-01-30 11:23:00,50,4407
10318,GR006,Sunflower Oil 1L,7,2025-01-30 11:23:00,160,4407
10318,GR015,Salt 1kg,4,2025-01-30 11:23:00,20,4407
10319,GR011,Bananas 1 dozen,6,2025-02-17 04:54:00,50,2596
10319,GR003,Eggs Pack (12),4,2025-02-17 04:54:00,90,2596
10319,GR009,Butter 100g,7,2025-02-17 04:54:00,60,2596
10320,GR008,Wheat Flour 1kg,1,2025-06-30 22:16:00,55,3225
10320,GR005,Sugar 1kg,6,2025-06-30 22:16:00,50,3225
10320,GR006,Sunflower Oil 1L,7,2025-06-30 22:16:00,160,3225
10320,GR003,Eggs Pack (12),8,2025-06-30 22:16:00,90,3225
10320,GR002,Bread,7,2025-06-30 22:16:00,40,3225
10320,GR007,Tea Powder 500g,6,2025-06-30 22:16:00,140,3225
10321,GR006,Sunflower Oil 1L,3,2025-05-16 03:47:00,160,3180
10322,GR015,Salt 1kg,8,2025-06-15 09:14:00,20,3681
10322,GR001,Milk 1L,2,2025-06-15 09:14:00,60,3681
10322,GR005,Sugar 1kg,5,2025-06-15 09:14:00,50,3681
10322,GR014,Tomatoes 1kg,5,2025-06-15 09:14:00,40,3681
10323,GR002,Bread,2,2025-03-23 22:34:00,40,3454
10324,GR007,Tea Powder 500g,3,2025-06-19 09:41:00,140,1450
10324,GR001,Milk 1L,3,2025-06-19 09:41:00,60,1450
10324,GR003,Eggs Pack (12),5,2025-06-19 09:41:00,90,1450
10324,GR006,Sunflower Oil 1L,3,2025-06-19 09:41:00,160,1450
10324,GR015,Salt 1kg,2,2025-06-19 09:41:00,20,1450
10325,GR013,Onions 1kg,6,2025-02-03 09:45:00,35,1447
10325,GR012,Potatoes 1kg,2,2025-02-03 09:45:00,30,1447
10325,GR009,Butter 100g,3,2025-02-03 09:45:00,60,1447
10325,GR001,Milk 1L,8,2025-02-03 09:45:00,60,1447
10325,GR006,Sunflower Oil 1L,4,2025-02-03 09:45:00,160,1447
10326,GR012,Potatoes 1kg,6,2025-04-08 20:32:00,30,4717
10327,GR011,Bananas 1 dozen,7,2025-06-18 14:09:00,50,2211
10327,GR014,Tomatoes 1kg,4,2025-06-18 14:09:00,40,2211
10327,GR002,Bread,4,2025-06-18 14:09:00,40,2211
10327,GR007,Tea Powder 500g,2,2025-06-18 14:09:00,140,2211
10328,GR010,Yogurt 200g,5,2025-03-25 22:30:00,25,4271
10328,GR013,Onions 1kg,8,2025-03-25 22:30:00,35,4271
10328,GR008,Wheat Flour 1kg,6,2025-03-25 22:30:00,55,4271
10328,GR003,Eggs Pack (12),5,2025-03-25 22:30:00,90,4271
10328,GR005,Sugar 1kg,2,2025-03-25 22:30:00,50,4271
10328,GR014,Tomatoes 1kg,8,2025-03-25 22:30:00,40,4271
10329,GR011,Bananas 1 dozen,3,2025-03-28 10:56:00,50,1943
10330,GR011,Bananas 1 dozen,3,2025-01-30 07:17:00,50,2993
10330,GR003,Eggs Pack (12),5,2025-01-30 07:17:00,90,2993
10330,GR001,Milk 1L,6,2025-01-30 07:17:00,60,2993
10330,GR008,Wheat Flour 1kg,1,2025-01-30 07:17:00,55,2993
10331,GR014,Tomatoes 1kg,8,2025-01-02 08:02:00,40,1182
10331,GR012,Potatoes 1kg,5,2025-01-02 08:02:00,30,1182
10332,GR006,Sunflower Oil 1L,6,2025-03-25 06:58:00,160,4099
10332,GR009,Butter 100g,6,2025-03-25 06:58:00,60,4099
10332,GR004,Basmati Rice 1kg,8,2025-03-25 06:58:00,120,4099
10332,GR015,Salt 1kg,5,2025-03-25 06:58:00,20,4099
10332,GR010,Yogurt 200g,2,2025-03-25 06:58:00,25,4099
10332,GR007,Tea Powder 500g,6,2025-03-25 06:58:00,140,4099
10333,GR015,Salt 1kg,8,2025-06-16 19:28:00,20,2507
10333,GR010,Yogurt 200g,8,2025-06-16 19:28:00,25,2507
10333,GR004,Basmati Rice 1kg,2,2025-06-16 19:28:00,120,2507
10334,GR008,Wheat Flour 1kg,7,2025-02-01 12:29:00,55,2583
10334,GR013,Onions 1kg,2,2025-02-01 12:29:00,35,2583
10335,GR011,Bananas 1 dozen,1,2025-05-27 20:47:00,50,1235
10335,GR002,Bread,8,2025-05-27 20:47:00,40,1235
10335,GR007,Tea Powder 500g,3,2025-05-27 20:47:00,140,1235
10335,GR010,Yogurt 200g,2,2025-05-27 20:47:00,25,1235
10335,GR005,Sugar 1kg,2,2025-05-27 20:47:00,50,1235
10335,GR003,Eggs Pack (12),1,2025-05-27 20:47:00,90,1235
10336,GR008,Wheat Flour 1kg,3,2025-01-23 20:16:00,55,2053
10336,GR012,Potatoes 1kg,5,2025-01-23 20:16:00,30,2053
10336,GR011,Bananas 1 dozen,3,2025-01-23 20:16:00,50,2053
10336,GR006,Sunflower Oil 1L,3,2025-01-23 20:16:00,160,2053
10337,GR009,Butter 100g,4,2025-05-09 16:30:00,60,4337
10337,GR002,Bread,7,2025-05-09 16:30:00,40,4337
10337,GR003,Eggs Pack (12),2,2025-05-09 16:30:00,90,4337
10337,GR012,Potatoes 1kg,7,2025-05-09 16:30:00,30,4337
10337,GR005,Sugar 1kg,3,2025-05-09 16:30:00,50,4337
10337,GR004,Basmati Rice 1kg,8,2025-05-09 16:30:00,120,4337
10338,GR008,Wheat Flour 1kg,6,2025-04-06 04:09:00,55,2457
10338,GR012,Potatoes 1kg,5,2025-04-06 04:09:00,30,2457
10338,GR009,Butter 100g,2,2025-04-06 04:09:00,60,2457
10339,GR010,Yogurt 200g,6,2025-06-26 23:43:00,25,4880
10339,GR008,Wheat Flour 1kg,2,2025-06-26 23:43:00,55,4880
10339,GR005,Sugar 1kg,6,2025-06-26 23:43:00,50,4880
10340,GR008,Wheat Flour 1kg,7,2025-04-19 08:43:00,55,2801
10341,GR002,Bread,6,2025-01-16 17:27:00,40,4860
10342,GR007,Tea Powder 500g,3,2025-01-15 23:49:00,140,3875
10342,GR015,Salt 1kg,6,2025-01-15 23:49:00,20,3875
10342,GR004,Basmati Rice 1kg,7,2025-01-15 23:49:00,120,3875
10342,GR010,Yogurt 200g,7,2025-01-15 23:49:00,25,3875
10342,GR009,Butter 100g,3,2025-01-15 23:49:00,60,3875
10342,GR003,Eggs Pack (12),7,2025-01-15 23:49:00,90,3875
10343,GR012,Potatoes 1kg,5,2025-04-16 16:07:00,30,4790
10343,GR009,Butter 100g,1,2025-04-16 16:07:00,60,4790
10343,GR013,Onions 1kg,2,2025-04-16 16:07:00,35,4790
10344,GR005,Sugar 1kg,2,2025-04-28 16:15:00,50,4851
10344,GR010,Yogurt 200g,2,2025-04-28 16:15:00,25,4851
10344,GR007,Tea Powder 500g,7,2025-04-28 16:15:00,140,4851
10345,GR009,Butter 100g,4,2025-07-18 21:58:00,60,2156
10346,GR012,Potatoes 1kg,6,2025-02-08 11:26:00,30,4560
10347,GR004,Basmati Rice 1kg,6,2025-07-04 10:36:00,120,3601
10347,GR015,Salt 1kg,5,2025-07-04 10:36:00,20,3601
10347,GR014,Tomatoes 1kg,8,2025-07-04 10:36:00,40,3601
10347,GR011,Bananas 1 dozen,3,2025-07-04 10:36:00,50,3601
10348,GR007,Tea Powder 500g,3,2025-01-16 07:48:00,140,1943
10348,GR010,Yogurt 200g,8,2025-01-16 07:48:00,25,1943
10348,GR009,Butter 100g,1,2025-01-16 07:48:00,60,1943
10348,GR005,Sugar 1kg,8,2025-01-16 07:48:00,50,1943
10348,GR008,Wheat Flour 1kg,6,2025-01-16 07:48:00,55,1943
10348,GR011,Bananas 1 dozen,2,2025-01-16 07:48:00,50,1943
10349,GR006,Sunflower Oil 1L,3,2025-02-05 00:36:00,160,1410
10349,GR002,Bread,3,2025-02-05 00:36:00,40,1410
10349,GR001,Milk 1L,6,2025-02-05 00:36:00,60,1410
10349,GR014,Tomatoes 1kg,6,2025-02-05 00:36:00,40,1410
10349,GR004,Basmati Rice 1kg,2,2025-02-05 00:36:00,120,1410
10350,GR001,Milk 1L,4,2025-02-12 18:17:00,60,4372
10350,GR004,Basmati Rice 1kg,1,2025-02-12 18:17:00,120,4372
10350,GR003,Eggs Pack (12),7,2025-02-12 18:17:00,90,4372
10350,GR012,Potatoes 1kg,7,2025-02-12 18:17:00,30,4372
10351,GR003,Eggs Pack (12),1,2025-02-10 14:23:00,90,1662
10351,GR005,Sugar 1kg,1,2025-02-10 14:23:00,50,1662
10351,GR008,Wheat Flour 1kg,6,2025-02-10 14:23:00,55,1662
10351,GR004,Basmati Rice 1kg,5,2025-02-10 14:23:00,120,1662
10351,GR014,Tomatoes 1kg,3,2025-02-10 14:23:00,40,1662
10352,GR001,Milk 1L,3,2025-01-27 11:58:00,60,3876
10353,GR009,Butter 100g,2,2025-01-15 22:16:00,60,1029
10353,GR002,Bread,1,2025-01-15 22:16:00,40,1029
10353,GR011,Bananas 1 dozen,2,2025-01-15 22:16:00,50,1029
10354,GR002,Bread,6,2025-03-30 22:37:00,40,2086
10354,GR014,Tomatoes 1kg,8,2025-03-30 22:37:00,40,2086
10354,GR013,Onions 1kg,7,2025-03-30 22:37:00,35,2086
10355,GR009,Butter 100g,6,2025-07-08 22:11:00,60,1238
10355,GR006,Sunflower Oil 1L,4,2025-07-08 22:11:00,160,1238
10355,GR011,Bananas 1 dozen,6,2025-07-08 22:11:00,50,1238
10355,GR007,Tea Powder 500g,3,2025-07-08 22:11:00,140,1238
10355,GR002,Bread,2,2025-07-08 22:11:00,40,1238
10355,GR004,Basmati Rice 1kg,4,2025-07-08 22:11:00,120,1238
10356,GR001,Milk 1L,8,2025-02-25 07:28:00,60,3513
10356,GR007,Tea Powder 500g,1,2025-02-25 07:28:00,140,3513
10357,GR006,Sunflower Oil 1L,5,2025-06-12 21:47:00,160,4891
10357,GR007,Tea Powder 500g,2,2025-06-12 21:47:00,140,4891
10358,GR007,Tea Powder 500g,7,2025-06-05 03:47:00,140,2546
10358,GR011,Bananas 1 dozen,8,2025-06-05 03:47:00,50,2546
10358,GR003,Eggs Pack (12),5,2025-06-05 03:47:00,90,2546
10358,GR005,Sugar 1kg,6,2025-06-05 03:47:00,50,2546
10359,GR002,Bread,1,2025-07-02 12:21:00,40,1432
10359,GR005,Sugar 1kg,6,2025-07-02 12:21:00,50,1432
10359,GR015,Salt 1kg,5,2025-07-02 12:21:00,20,1432
10359,GR001,Milk 1L,3,2025-07-02 12:21:00,60,1432
10360,GR012,Potatoes 1kg,2,2025-05-23 13:52:00,30,2345
10360,GR001,Milk 1L,5,2025-05-23 13:52:00,60,2345
10361,GR014,Tomatoes 1kg,7,2025-04-03 00:03:00,40,3693
10361,GR008,Wheat Flour 1kg,6,2025-04-03 00:03:00,55,3693
10361,GR004,Basmati Rice 1kg,4,2025-04-03 00:03:00,120,3693
10361,GR003,Eggs Pack (12),7,2025-04-03 00:03:00,90,3693
10362,GR001,Milk 1L,4,2025-03-19 15:38:00,60,4190
10362,GR003,Eggs Pack (12),4,2025-03-19 15:38:00,90,4190
10362,GR012,Potatoes 1kg,2,2025-03-19 15:38:00,30,4190
10362,GR015,Salt 1kg,8,2025-03-19 15:38:00,20,4190
10363,GR001,Milk 1L,8,2025-01-06 03:36:00,60,3356
10363,GR013,Onions 1kg,6,2025-01-06 03:36:00,35,3356
10363,GR011,Bananas 1 dozen,4,2025-01-06 03:36:00,50,3356
10363,GR012,Potatoes 1kg,6,2025-01-06 03:36:00,30,3356
10363,GR014,Tomatoes 1kg,6,2025-01-06 03:36:00,40,3356
10364,GR003,Eggs Pack (12),1,2025-04-01 11:48:00,90,1702
10364,GR002,Bread,7,2025-04-01 11:48:00,40,1702
10364,GR007,Tea Powder 500g,7,2025-04-01 11:48:00,140,1702
10364,GR001,Milk 1L,2,2025-04-01 11:48:00,60,1702
10365,GR012,Potatoes 1kg,5,2025-01-07 05:29:00,30,4174
10366,GR005,Sugar 1kg,3,2025-06-10 13:06:00,50,2150
10366,GR002,Bread,2,2025-06-10 13:06:00,40,2150
10366,GR008,Wheat Flour 1kg,3,2025-06-10 13:06:00,55,2150
10366,GR013,Onions 1kg,1,2025-06-10 13:06:00,35,2150
10366,GR006,Sunflower Oil 1L,8,2025-06-10 13:06:00,160,2150
10366,GR004,Basmati Rice 1kg,8,2025-06-10 13:06:00,120,2150
10367,GR005,Sugar 1kg,2,2025-02-06 16:06:00,50,3421
10367,GR001,Milk 1L,5,2025-02-06 16:06:00,60,3421
10367,GR009,Butter 100g,7,2025-02-06 16:06:00,60,3421
10368,GR012,Potatoes 1kg,7,2025-01-31 19:48:00,30,4340
10368,GR015,Salt 1kg,5,2025-01-31 19:48:00,20,4340
10368,GR007,Tea Powder 500g,8,2025-01-31 19:48:00,140,4340
10368,GR010,Yogurt 200g,5,2025-01-31 19:48:00,25,4340
10368,GR014,Tomatoes 1kg,6,2025-01-31 19:48:00,40,4340
10368,GR009,Butter 100g,1,2025-01-31 19:48:00,60,4340
10369,GR011,Bananas 1 dozen,7,2025-06-04 23:31:00,50,3880
10369,GR014,Tomatoes 1kg,2,2025-06-04 23:31:00,40,3880
10369,GR012,Potatoes 1kg,1,2025-06-04 23:31:00,30,3880
10370,GR002,Bread,2,2025-05-20 00:19:00,40,1365
10370,GR010,Yogurt 200g,1,2025-05-20 00:19:00,25,1365
10370,GR008,Wheat Flour 1kg,7,2025-05-20 00:19:00,55,1365
10370,GR011,Bananas 1 dozen,8,2025-05-20 00:19:00,50,1365
10370,GR006,Sunflower Oil 1L,1,2025-05-20 00:19:00,160,1365
10370,GR009,Butter 100g,3,2025-05-20 00:19:00,60,1365
10371,GR006,Sunflower Oil 1L,5,2025-03-10 02:05:00,160,1523
10371,GR008,Wheat Flour 1kg,1,2025-03-10 02:05:00,55,1523
10371,GR015,Salt 1kg,5,2025-03-10 02:05:00,20,1523
10372,GR009,Butter 100g,7,2025-02-16 05:18:00,60,2801
10373,GR001,Milk 1L,1,2025-04-10 21:33:00,60,3050
10373,GR009,Butter 100g,5,2025-04-10 21:33:00,60,3050
10374,GR009,Butter 100g,4,2025-04-01 14:05:00,60,2146
10375,GR014,Tomatoes 1kg,5,2025-06-25 16:46:00,40,3041
10375,GR012,Potatoes 1kg,1,2025-06-25 16:46:00,30,3041
10375,GR010,Yogurt 200g,1,2025-06-25 16:46:00,25,3041
10375,GR013,Onions 1kg,8,2025-06-25 16:46:00,35,3041
10376,GR005,Sugar 1kg,1,2025-07-14 08:14:00,50,2854
10376,GR014,Tomatoes 1kg,3,2025-07-14 08:14:00,40,2854
10376,GR008,Wheat Flour 1kg,2,2025-07-14 08:14:00,55,2854
10377,GR014,Tomatoes 1kg,4,2025-05-28 23:33:00,40,2650
10378,GR003,Eggs Pack (12),1,2025-01-09 12:05:00,90,2625
10378,GR009,Butter 100g,2,2025-01-09 12:05:00,60,2625
10378,GR012,Potatoes 1kg,1,2025-01-09 12:05:00,30,2625
10379,GR009,Butter 100g,4,2025-05-15 12:01:00,60,4899
10379,GR007,Tea Powder 500g,4,2025-05-15 12:01:00,140,4899
10379,GR008,Wheat Flour 1kg,4,2025-05-15 12:01:00,55,4899
10379,GR012,Potatoes 1kg,3,2025-05-15 12:01:00,30,4899
10379,GR003,Eggs Pack (12),5,2025-05-15 12:01:00,90,4899
10380,GR014,Tomatoes 1kg,7,2025-07-13 07:58:00,40,2350
10380,GR001,Milk 1L,7,2025-07-13 07:58:00,60,2350
10380,GR002,Bread,2,2025-07-13 07:58:00,40,2350
10380,GR007,Tea Powder 500g,4,2025-07-13 07:58:00,140,2350
10380,GR008,Wheat Flour 1kg,3,2025-07-13 07:58:00,55,2350
10381,GR001,Milk 1L,1,2025-02-22 00:55:00,60,4790
10381,GR009,Butter 100g,6,2025-02-22 00:55:00,60,4790
10381,GR012,Potatoes 1kg,2,2025-02-22 00:55:00,30,4790
10381,GR014,Tomatoes 1kg,2,2025-02-22 00:55:00,40,4790
10381,GR013,Onions 1kg,2,2025-02-22 00:55:00,35,4790
10382,GR011,Bananas 1 dozen,3,2025-06-13 15:04:00,50,3356
10382,GR001,Milk 1L,7,2025-06-13 15:04:00,60,3356
10382,GR006,Sunflower Oil 1L,6,2025-06-13 15:04:00,160,3356
10382,GR014,Tomatoes 1kg,5,2025-06-13 15:04:00,40,3356
10383,GR011,Bananas 1 dozen,7,2025-06-25 06:52:00,50,4178
10383,GR012,Potatoes 1kg,5,2025-06-25 06:52:00,30,4178
10383,GR015,Salt 1kg,1,2025-06-25 06:52:00,20,4178
10383,GR009,Butter 100g,2,2025-06-25 06:52:00,60,4178
10383,GR006,Sunflower Oil 1L,1,2025-06-25 06:52:00,160,4178
10384,GR004,Basmati Rice 1kg,1,2025-01-28 07:59:00,120,2862
10384,GR012,Potatoes 1kg,6,2025-01-28 07:59:00,30,2862
10384,GR007,Tea Powder 500g,3,2025-01-28 07:59:00,140,2862
10384,GR005,Sugar 1kg,8,2025-01-28 07:59:00,50,2862
10384,GR008,Wheat Flour 1kg,5,2025-01-28 07:59:00,55,2862
10385,GR008,Wheat Flour 1kg,4,2025-04-30 17:40:00,55,3657
10386,GR014,Tomatoes 1kg,1,2025-07-08 03:36:00,40,4036
10387,GR012,Potatoes 1kg,4,2025-05-05 18:41:00,30,2730
10387,GR004,Basmati Rice 1kg,4,2025-05-05 18:41:00,120,2730
10387,GR010,Yogurt 200g,1,2025-05-05 18:41:00,25,2730
10387,GR003,Eggs Pack (12),2,2025-05-05 18:41:00,90,2730
10388,GR013,Onions 1kg,2,2025-06-28 22:44:00,35,1662
10388,GR010,Yogurt 200g,2,2025-06-28 22:44:00,25,1662
10388,GR009,Butter 100g,2,2025-06-28 22:44:00,60,1662
10389,GR013,Onions 1kg,5,2025-02-26 06:29:00,35,1702
10389,GR014,Tomatoes 1kg,6,2025-02-26 06:29:00,40,1702
10389,GR005,Sugar 1kg,7,2025-02-26 06:29:00,50,1702
10389,GR004,Basmati Rice 1kg,1,2025-02-26 06:29:00,120,1702
10390,GR005,Sugar 1kg,6,2025-06-21 21:42:00,50,4723
10390,GR008,Wheat Flour 1kg,4,2025-06-21 21:42:00,55,4723
10390,GR009,Butter 100g,7,2025-06-21 21:42:00,60,4723
10390,GR013,Onions 1kg,1,2025-06-21 21:42:00,35,4723
10390,GR012,Potatoes 1kg,1,2025-06-21 21:42:00,30,4723
10390,GR003,Eggs Pack (12),3,2025-06-21 21:42:00,90,4723
10391,GR003,Eggs Pack (12),4,2025-04-28 00:34:00,90,3831
10391,GR005,Sugar 1kg,8,2025-04-28 00:34:00,50,3831
10391,GR002,Bread,8,2025-04-28 00:34:00,40,3831
10391,GR001,Milk 1L,4,2025-04-28 00:34:00,60,3831
10391,GR007,Tea Powder 500g,2,2025-04-28 00:34:00,140,3831
10392,GR012,Potatoes 1kg,1,2025-07-18 15:13:00,30,4487
10393,GR002,Bread,2,2025-06-29 06:29:00,40,4891
10393,GR003,Eggs Pack (12),5,2025-06-29 06:29:00,90,4891
10393,GR008,Wheat Flour 1kg,4,2025-06-29 06:29:00,55,4891
10393,GR007,Tea Powder 500g,2,2025-06-29 06:29:00,140,4891
10393,GR006,Sunflower Oil 1L,2,2025-06-29 06:29:00,160,4891
10393,GR015,Salt 1kg,2,2025-06-29 06:29:00,20,4891
10394,GR007,Tea Powder 500g,4,2025-02-03 00:36:00,140,2150
10394,GR002,Bread,2,2025-02-03 00:36:00,40,2150
10394,GR015,Salt 1kg,1,2025-02-03 00:36:00,20,2150
10395,GR012,Potatoes 1kg,8,2025-06-16 19:18:00,30,1846
10395,GR005,Sugar 1kg,7,2025-06-16 19:18:00,50,1846
10395,GR006,Sunflower Oil 1L,8,2025-06-16 19:18:00,160,1846
10395,GR002,Bread,1,2025-06-16 19:18:00,40,1846
10395,GR003,Eggs Pack (12),6,2025-06-16 19:18:00,90,1846
10395,GR007,Tea Powder 500g,6,2025-06-16 19:18:00,140,1846
10396,GR002,Bread,7,2025-02-26 15:59:00,40,1436
10396,GR003,Eggs Pack (12),4,2025-02-26 15:59:00,90,1436
10397,GR008,Wheat Flour 1kg,7,2025-06-21 00:50:00,55,4217
10397,GR010,Yogurt 200g,2,2025-06-21 00:50:00,25,4217
10397,GR007,Tea Powder 500g,8,2025-06-21 00:50:00,140,4217
10397,GR009,Butter 100g,4,2025-06-21 00:50:00,60,4217
10398,GR003,Eggs Pack (12),4,2025-05-07 21:09:00,90,2287
10398,GR009,Butter 100g,3,2025-05-07 21:09:00,60,2287
10398,GR011,Bananas 1 dozen,8,2025-05-07 21:09:00,50,2287
10398,GR005,Sugar 1kg,3,2025-05-07 21:09:00,50,2287
10399,GR010,Yogurt 200g,8,2025-06-19 07:04:00,25,2680
10399,GR008,Wheat Flour 1kg,5,2025-06-19 07:04:00,55,2680
10399,GR003,Eggs Pack (12),5,2025-06-19 07:04:00,90,2680
10399,GR009,Butter 100g,7,2025-06-19 07:04:00,60,2680
10400,GR003,Eggs Pack (12),7,2025-02-25 01:30:00,90,2376
10401,GR010,Yogurt 200g,4,2025-03-09 03:47:00,25,3601
10401,GR013,Onions 1kg,5,2025-03-09 03:47:00,35,3601
10401,GR004,Basmati Rice 1kg,5,2025-03-09 03:47:00,120,3601
10401,GR007,Tea Powder 500g,3,2025-03-09 03:47:00,140,3601
10402,GR004,Basmati Rice 1kg,7,2025-07-03 18:21:00,120,2993
10402,GR007,Tea Powder 500g,8,2025-07-03 18:21:00,140,2993
10402,GR005,Sugar 1kg,3,2025-07-03 18:21:00,50,2993
10403,GR012,Potatoes 1kg,1,2025-02-01 13:24:00,30,3612
10403,GR009,Butter 100g,4,2025-02-01 13:24:00,60,3612
10404,GR009,Butter 100g,7,2025-06-29 02:22:00,60,3831
10404,GR003,Eggs Pack (12),1,2025-06-29 02:22:00,90,3831
10404,GR015,Salt 1kg,3,2025-06-29 02:22:00,20,3831
10404,GR011,Bananas 1 dozen,2,2025-06-29 02:22:00,50,3831
10405,GR014,Tomatoes 1kg,2,2025-03-24 02:49:00,40,1611
10405,GR007,Tea Powder 500g,8,2025-03-24 02:49:00,140,1611
10405,GR002,Bread,2,2025-03-24 02:49:00,40,1611
10405,GR012,Potatoes 1kg,1,2025-03-24 02:49:00,30,1611
10405,GR010,Yogurt 200g,5,2025-03-24 02:49:00,25,1611
10406,GR006,Sunflower Oil 1L,4,2025-07-11 16:31:00,160,4190
10406,GR003,Eggs Pack (12),8,2025-07-11 16:31:00,90,4190
10406,GR002,Bread,2,2025-07-11 16:31:00,40,4190
10406,GR008,Wheat Flour 1kg,2,2025-07-11 16:31:00,55,4190
10407,GR007,Tea Powder 500g,5,2025-06-18 23:12:00,140,1332
10408,GR015,Salt 1kg,3,2025-07-05 16:30:00,20,1384
10409,GR009,Butter 100g,1,2025-01-22 03:11:00,60,2584
10410,GR012,Potatoes 1kg,2,2025-06-19 13:01:00,30,1846
10410,GR002,Bread,3,2025-06-19 13:01:00,40,1846
10410,GR014,Tomatoes 1kg,8,2025-06-19 13:01:00,40,1846
10410,GR001,Milk 1L,3,2025-06-19 13:01:00,60,1846
10410,GR003,Eggs Pack (12),4,2025-06-19 13:01:00,90,1846
10411,GR012,Potatoes 1kg,4,2025-07-09 12:35:00,30,2040
10411,GR006,Sunflower Oil 1L,5,2025-07-09 12:35:00,160,2040
10411,GR011,Bananas 1 dozen,1,2025-07-09 12:35:00,50,2040
10411,GR013,Onions 1kg,3,2025-07-09 12:35:00,35,2040
10412,GR010,Yogurt 200g,3,2025-07-16 22:53:00,25,4443
10412,GR011,Bananas 1 dozen,6,2025-07-16 22:53:00,50,4443
10413,GR010,Yogurt 200g,2,2025-06-30 18:49:00,25,1131
10413,GR006,Sunflower Oil 1L,2,2025-06-30 18:49:00,160,1131
10414,GR011,Bananas 1 dozen,1,2025-05-27 22:11:00,50,4980
10415,GR015,Salt 1kg,1,2025-01-03 02:55:00,20,4127
10415,GR004,Basmati Rice 1kg,7,2025-01-03 02:55:00,120,4127
10415,GR011,Bananas 1 dozen,5,2025-01-03 02:55:00,50,4127
10415,GR013,Onions 1kg,7,2025-01-03 02:55:00,35,4127
10416,GR013,Onions 1kg,3,2025-01-04 09:28:00,35,4880
10416,GR008,Wheat Flour 1kg,3,2025-01-04 09:28:00,55,4880
10416,GR004,Basmati Rice 1kg,3,2025-01-04 09:28:00,120,4880
10417,GR014,Tomatoes 1kg,7,2025-05-19 21:43:00,40,2259
10417,GR002,Bread,8,2025-05-19 21:43:00,40,2259
10418,GR011,Bananas 1 dozen,3,2025-03-07 06:38:00,50,2862
10418,GR008,Wheat Flour 1kg,3,2025-03-07 06:38:00,55,2862
10418,GR009,Butter 100g,4,2025-03-07 06:38:00,60,2862
10418,GR012,Potatoes 1kg,7,2025-03-07 06:38:00,30,2862
10418,GR004,Basmati Rice 1kg,4,2025-03-07 06:38:00,120,2862
10419,GR015,Salt 1kg,8,2025-01-13 18:07:00,20,4178
10419,GR003,Eggs Pack (12),1,2025-01-13 18:07:00,90,4178
10419,GR010,Yogurt 200g,2,2025-01-13 18:07:00,25,4178
10419,GR002,Bread,7,2025-01-13 18:07:00,40,4178
10419,GR014,Tomatoes 1kg,4,2025-01-13 18:07:00,40,4178
10420,GR007,Tea Powder 500g,2,2025-02-16 08:57:00,140,3612
10420,GR006,Sunflower Oil 1L,1,2025-02-16 08:57:00,160,3612
10420,GR002,Bread,3,2025-02-16 08:57:00,40,3612
10420,GR011,Bananas 1 dozen,3,2025-02-16 08:57:00,50,3612
10420,GR004,Basmati Rice 1kg,1,2025-02-16 08:57:00,120,3612
10421,GR010,Yogurt 200g,5,2025-02-20 21:07:00,25,2040
10422,GR012,Potatoes 1kg,2,2025-06-25 20:27:00,30,3329
10422,GR002,Bread,8,2025-06-25 20:27:00,40,3329
10422,GR007,Tea Powder 500g,3,2025-06-25 20:27:00,140,3329
10422,GR009,Butter 100g,3,2025-06-25 20:27:00,60,3329
10422,GR013,Onions 1kg,5,2025-06-25 20:27:00,35,3329
10423,GR011,Bananas 1 dozen,1,2025-07-09 07:29:00,50,3033
10423,GR015,Salt 1kg,8,2025-07-09 07:29:00,20,3033
10423,GR003,Eggs Pack (12),1,2025-07-09 07:29:00,90,3033
10423,GR005,Sugar 1kg,5,2025-07-09 07:29:00,50,3033
10424,GR012,Potatoes 1kg,5,2025-07-09 20:23:00,30,1365
10424,GR010,Yogurt 200g,6,2025-07-09 20:23:00,25,1365
10424,GR008,Wheat Flour 1kg,7,2025-07-09 20:23:00,55,1365
10424,GR006,Sunflower Oil 1L,3,2025-07-09 20:23:00,160,1365
10424,GR002,Bread,4,2025-07-09 20:23:00,40,1365
10425,GR010,Yogurt 200g,4,2025-01-10 10:15:00,25,3454
10425,GR014,Tomatoes 1kg,3,2025-01-10 10:15:00,40,3454
10425,GR015,Salt 1kg,2,2025-01-10 10:15:00,20,3454
10425,GR002,Bread,4,2025-01-10 10:15:00,40,3454
10426,GR005,Sugar 1kg,1,2025-06-22 09:54:00,50,1813
10427,GR011,Bananas 1 dozen,3,2025-02-08 13:56:00,50,2673
10427,GR005,Sugar 1kg,8,2025-02-08 13:56:00,50,2673
10427,GR014,Tomatoes 1kg,3,2025-02-08 13:56:00,40,2673
10427,GR006,Sunflower Oil 1L,8,2025-02-08 13:56:00,160,2673
10427,GR004,Basmati Rice 1kg,2,2025-02-08 13:56:00,120,2673
10427,GR010,Yogurt 200g,5,2025-02-08 13:56:00,25,2673
10428,GR001,Milk 1L,1,2025-07-12 16:59:00,60,3692
10428,GR012,Potatoes 1kg,2,2025-07-12 16:59:00,30,3692
10428,GR013,Onions 1kg,3,2025-07-12 16:59:00,35,3692
10429,GR007,Tea Powder 500g,1,2025-01-02 13:44:00,140,3033
10430,GR013,Onions 1kg,6,2025-02-05 05:35:00,35,2376
10430,GR006,Sunflower Oil 1L,2,2025-02-05 05:35:00,160,2376
10430,GR003,Eggs Pack (12),4,2025-02-05 05:35:00,90,2376
10431,GR008,Wheat Flour 1kg,2,2025-01-12 00:11:00,55,4181
10431,GR010,Yogurt 200g,3,2025-01-12 00:11:00,25,4181
10431,GR012,Potatoes 1kg,6,2025-01-12 00:11:00,30,4181
10431,GR014,Tomatoes 1kg,6,2025-01-12 00:11:00,40,4181
10432,GR006,Sunflower Oil 1L,6,2025-04-06 23:15:00,160,4227
10432,GR012,Potatoes 1kg,6,2025-04-06 23:15:00,30,4227
10432,GR011,Bananas 1 dozen,8,2025-04-06 23:15:00,50,4227
10432,GR013,Onions 1kg,2,2025-04-06 23:15:00,35,4227
10432,GR004,Basmati Rice 1kg,1,2025-04-06 23:15:00,120,4227
10433,GR006,Sunflower Oil 1L,7,2025-05-22 13:24:00,160,2507
10433,GR012,Potatoes 1kg,2,2025-05-22 13:24:00,30,2507
10433,GR005,Sugar 1kg,4,2025-05-22 13:24:00,50,2507
10433,GR015,Salt 1kg,1,2025-05-22 13:24:00,20,2507
10433,GR007,Tea Powder 500g,2,2025-05-22 13:24:00,140,2507
10433,GR008,Wheat Flour 1kg,6,2025-05-22 13:24:00,55,2507
10434,GR010,Yogurt 200g,4,2025-07-01 10:50:00,25,1662
10434,GR006,Sunflower Oil 1L,6,2025-07-01 10:50:00,160,1662
10434,GR012,Potatoes 1kg,8,2025-07-01 10:50:00,30,1662
10434,GR002,Bread,8,2025-07-01 10:50:00,40,1662
10434,GR001,Milk 1L,3,2025-07-01 10:50:00,60,1662
10434,GR015,Salt 1kg,7,2025-07-01 10:50:00,20,1662
10435,GR013,Onions 1kg,5,2025-06-15 17:53:00,35,4558
10435,GR014,Tomatoes 1kg,7,2025-06-15 17:53:00,40,4558
10435,GR008,Wheat Flour 1kg,7,2025-06-15 17:53:00,55,4558
10436,GR012,Potatoes 1kg,6,2025-07-10 19:37:00,30,3681
10437,GR011,Bananas 1 dozen,2,2025-07-18 22:42:00,50,1654
10437,GR004,Basmati Rice 1kg,1,2025-07-18 22:42:00,120,1654
10437,GR013,Onions 1kg,3,2025-07-18 22:42:00,35,1654
10437,GR012,Potatoes 1kg,7,2025-07-18 22:42:00,30,1654
10437,GR006,Sunflower Oil 1L,1,2025-07-18 22:42:00,160,1654
10437,GR014,Tomatoes 1kg,3,2025-07-18 22:42:00,40,1654
10438,GR015,Salt 1kg,3,2025-05-31 23:07:00,20,2993
10439,GR005,Sugar 1kg,4,2025-01-01 20:20:00,50,4127
10439,GR001,Milk 1L,5,2025-01-01 20:20:00,60,4127
10440,GR015,Salt 1kg,5,2025-03-04 18:06:00,20,2221
10440,GR007,Tea Powder 500g,3,2025-03-04 18:06:00,140,2221
10440,GR003,Eggs Pack (12),8,2025-03-04 18:06:00,90,2221
10440,GR005,Sugar 1kg,7,2025-03-04 18:06:00,50,2221
10440,GR008,Wheat Flour 1kg,4,2025-03-04 18:06:00,55,2221
10441,GR013,Onions 1kg,6,2025-07-08 22:24:00,35,2801
10441,GR007,Tea Powder 500g,3,2025-07-08 22:24:00,140,2801
10441,GR008,Wheat Flour 1kg,1,2025-07-08 22:24:00,55,2801
10441,GR002,Bread,6,2025-07-08 22:24:00,40,2801
10441,GR009,Butter 100g,8,2025-07-08 22:24:00,60,2801
10442,GR001,Milk 1L,4,2025-01-01 11:47:00,60,4723
10442,GR015,Salt 1kg,8,2025-01-01 11:47:00,20,4723
10442,GR011,Bananas 1 dozen,1,2025-01-01 11:47:00,50,4723
10442,GR013,Onions 1kg,5,2025-01-01 11:47:00,35,4723
10442,GR005,Sugar 1kg,6,2025-01-01 11:47:00,50,4723
10442,GR008,Wheat Flour 1kg,2,2025-01-01 11:47:00,55,4723
10443,GR003,Eggs Pack (12),1,2025-03-04 10:56:00,90,2489
10443,GR010,Yogurt 200g,4,2025-03-04 10:56:00,25,2489
10443,GR007,Tea Powder 500g,7,2025-03-04 10:56:00,140,2489
10443,GR015,Salt 1kg,1,2025-03-04 10:56:00,20,2489
10443,GR008,Wheat Flour 1kg,4,2025-03-04 10:56:00,55,2489
10444,GR013,Onions 1kg,1,2025-02-06 20:27:00,35,1446
10444,GR003,Eggs Pack (12),1,2025-02-06 20:27:00,90,1446
10445,GR013,Onions 1kg,6,2025-05-06 18:29:00,35,4497
10445,GR014,Tomatoes 1kg,4,2025-05-06 18:29:00,40,4497
10446,GR005,Sugar 1kg,3,2025-04-27 16:34:00,50,1839
10446,GR012,Potatoes 1kg,2,2025-04-27 16:34:00,30,1839
10446,GR011,Bananas 1 dozen,5,2025-04-27 16:34:00,50,1839
10447,GR007,Tea Powder 500g,2,2025-06-22 03:41:00,140,4723
10447,GR002,Bread,8,2025-06-22 03:41:00,40,4723
10447,GR014,Tomatoes 1kg,6,2025-06-22 03:41:00,40,4723
10447,GR010,Yogurt 200g,7,2025-06-22 03:41:00,25,4723
10448,GR001,Milk 1L,4,2025-06-08 14:14:00,60,4881
10448,GR007,Tea Powder 500g,7,2025-06-08 14:14:00,140,4881
10448,GR014,Tomatoes 1kg,3,2025-06-08 14:14:00,40,4881
10448,GR012,Potatoes 1kg,8,2025-06-08 14:14:00,30,4881
10449,GR006,Sunflower Oil 1L,8,2025-04-30 13:39:00,160,1544
10449,GR012,Potatoes 1kg,1,2025-04-30 13:39:00,30,1544
10450,GR013,Onions 1kg,3,2025-01-15 22:01:00,35,2596
10450,GR007,Tea Powder 500g,2,2025-01-15 22:01:00,140,2596
10450,GR010,Yogurt 200g,4,2025-01-15 22:01:00,25,2596
10450,GR014,Tomatoes 1kg,1,2025-01-15 22:01:00,40,2596
10450,GR003,Eggs Pack (12),7,2025-01-15 22:01:00,90,2596
10450,GR005,Sugar 1kg,5,2025-01-15 22:01:00,50,2596
10451,GR013,Onions 1kg,6,2025-01-18 03:55:00,35,1066
10452,GR012,Potatoes 1kg,4,2025-06-05 09:05:00,30,2362
10452,GR005,Sugar 1kg,6,2025-06-05 09:05:00,50,2362
10452,GR003,Eggs Pack (12),3,2025-06-05 09:05:00,90,2362
10452,GR014,Tomatoes 1kg,6,2025-06-05 09:05:00,40,2362
10452,GR001,Milk 1L,5,2025-06-05 09:05:00,60,2362
10452,GR002,Bread,8,2025-06-05 09:05:00,40,2362
10453,GR001,Milk 1L,1,2025-06-03 01:25:00,60,4717
10453,GR006,Sunflower Oil 1L,6,2025-06-03 01:25:00,160,4717
10453,GR002,Bread,1,2025-06-03 01:25:00,40,4717
10453,GR004,Basmati Rice 1kg,6,2025-06-03 01:25:00,120,4717
10453,GR007,Tea Powder 500g,4,2025-06-03 01:25:00,140,4717
10453,GR009,Butter 100g,3,2025-06-03 01:25:00,60,4717
10454,GR004,Basmati Rice 1kg,3,2025-03-26 15:54:00,120,4036
10454,GR008,Wheat Flour 1kg,2,2025-03-26 15:54:00,55,4036
10455,GR006,Sunflower Oil 1L,7,2025-03-26 00:19:00,160,1420
10455,GR005,Sugar 1kg,5,2025-03-26 00:19:00,50,1420
10456,GR004,Basmati Rice 1kg,4,2025-02-14 07:16:00,120,2639
10457,GR012,Potatoes 1kg,1,2025-02-12 02:22:00,30,2211
10457,GR013,Onions 1kg,2,2025-02-12 02:22:00,35,2211
10457,GR005,Sugar 1kg,2,2025-02-12 02:22:00,50,2211
10458,GR015,Salt 1kg,2,2025-04-18 10:50:00,20,3780
10458,GR014,Tomatoes 1kg,4,2025-04-18 10:50:00,40,3780
10458,GR007,Tea Powder 500g,6,2025-04-18 10:50:00,140,3780
10458,GR001,Milk 1L,4,2025-04-18 10:50:00,60,3780
10459,GR001,Milk 1L,8,2025-03-09 04:45:00,60,3100
10459,GR006,Sunflower Oil 1L,4,2025-03-09 04:45:00,160,3100
10460,GR010,Yogurt 200g,1,2025-06-03 20:17:00,25,4717
10460,GR012,Potatoes 1kg,2,2025-06-03 20:17:00,30,4717
10460,GR001,Milk 1L,3,2025-06-03 20:17:00,60,4717
10460,GR011,Bananas 1 dozen,5,2025-06-03 20:17:00,50,4717
10461,GR011,Bananas 1 dozen,7,2025-04-12 10:36:00,50,2291
10461,GR009,Butter 100g,6,2025-04-12 10:36:00,60,2291
10461,GR012,Potatoes 1kg,5,2025-04-12 10:36:00,30,2291
10461,GR006,Sunflower Oil 1L,8,2025-04-12 10:36:00,160,2291
10461,GR002,Bread,3,2025-04-12 10:36:00,40,2291
10462,GR014,Tomatoes 1kg,6,2025-07-14 23:30:00,40,1747
10463,GR005,Sugar 1kg,2,2025-01-11 19:04:00,50,1611
10463,GR008,Wheat Flour 1kg,1,2025-01-11 19:04:00,55,1611
10463,GR014,Tomatoes 1kg,4,2025-01-11 19:04:00,40,1611
10463,GR004,Basmati Rice 1kg,2,2025-01-11 19:04:00,120,1611
10464,GR014,Tomatoes 1kg,3,2025-07-02 10:14:00,40,3440
10464,GR009,Butter 100g,5,2025-07-02 10:14:00,60,3440
10464,GR004,Basmati Rice 1kg,3,2025-07-02 10:14:00,120,3440
10464,GR002,Bread,1,2025-07-02 10:14:00,40,3440
10464,GR008,Wheat Flour 1kg,5,2025-07-02 10:14:00,55,3440
10464,GR012,Potatoes 1kg,7,2025-07-02 10:14:00,30,3440
10465,GR002,Bread,8,2025-01-30 16:05:00,40,1364
10465,GR011,Bananas 1 dozen,4,2025-01-30 16:05:00,50,1364
10465,GR008,Wheat Flour 1kg,1,2025-01-30 16:05:00,55,1364
10465,GR003,Eggs Pack (12),1,2025-01-30 16:05:00,90,1364
10465,GR004,Basmati Rice 1kg,6,2025-01-30 16:05:00,120,1364
10466,GR010,Yogurt 200g,5,2025-07-03 18:12:00,25,4016
10466,GR011,Bananas 1 dozen,4,2025-07-03 18:12:00,50,4016
10466,GR008,Wheat Flour 1kg,8,2025-07-03 18:12:00,55,4016
10466,GR005,Sugar 1kg,6,2025-07-03 18:12:00,50,4016
10466,GR006,Sunflower Oil 1L,1,2025-07-03 18:12:00,160,4016
10467,GR005,Sugar 1kg,7,2025-03-14 08:51:00,50,4099
10467,GR004,Basmati Rice 1kg,2,2025-03-14 08:51:00,120,4099
10468,GR009,Butter 100g,4,2025-04-21 00:31:00,60,1447
10468,GR011,Bananas 1 dozen,2,2025-04-21 00:31:00,50,1447
10468,GR003,Eggs Pack (12),3,2025-04-21 00:31:00,90,1447
10468,GR012,Potatoes 1kg,4,2025-04-21 00:31:00,30,1447
10469,GR006,Sunflower Oil 1L,2,2025-01-05 18:03:00,160,4980
10469,GR004,Basmati Rice 1kg,6,2025-01-05 18:03:00,120,4980
10469,GR009,Butter 100g,6,2025-01-05 18:03:00,60,4980
10469,GR007,Tea Powder 500g,5,2025-01-05 18:03:00,140,4980
10470,GR014,Tomatoes 1kg,6,2025-02-18 11:02:00,40,4899
10470,GR003,Eggs Pack (12),5,2025-02-18 11:02:00,90,4899
10471,GR008,Wheat Flour 1kg,2,2025-04-07 23:52:00,55,2221
10471,GR009,Butter 100g,1,2025-04-07 23:52:00,60,2221
10471,GR011,Bananas 1 dozen,6,2025-04-07 23:52:00,50,2221
10472,GR008,Wheat Flour 1kg,5,2025-01-24 05:29:00,55,3980
10472,GR005,Sugar 1kg,5,2025-01-24 05:29:00,50,3980
10472,GR007,Tea Powder 500g,4,2025-01-24 05:29:00,140,3980
10472,GR010,Yogurt 200g,3,2025-01-24 05:29:00,25,3980
10472,GR009,Butter 100g,4,2025-01-24 05:29:00,60,3980
10472,GR011,Bananas 1 dozen,7,2025-01-24 05:29:00,50,3980
10473,GR006,Sunflower Oil 1L,5,2025-04-13 18:39:00,160,3888
10474,GR014,Tomatoes 1kg,1,2025-01-30 04:06:00,40,1846
10474,GR001,Milk 1L,3,2025-01-30 04:06:00,60,1846
10474,GR004,Basmati Rice 1kg,1,2025-01-30 04:06:00,120,1846
10474,GR015,Salt 1kg,7,2025-01-30 04:06:00,20,1846
10474,GR012,Potatoes 1kg,6,2025-01-30 04:06:00,30,1846
10474,GR013,Onions 1kg,4,2025-01-30 04:06:00,35,1846
10475,GR014,Tomatoes 1kg,4,2025-05-21 15:30:00,40,4322
10475,GR006,Sunflower Oil 1L,1,2025-05-21 15:30:00,160,4322
10475,GR008,Wheat Flour 1kg,6,2025-05-21 15:30:00,55,4322
10475,GR013,Onions 1kg,8,2025-05-21 15:30:00,35,4322
10476,GR014,Tomatoes 1kg,7,2025-05-21 07:10:00,40,4174
10476,GR003,Eggs Pack (12),6,2025-05-21 07:10:00,90,4174
10477,GR006,Sunflower Oil 1L,8,2025-07-02 12:19:00,160,3524
10477,GR004,Basmati Rice 1kg,7,2025-07-02 12:19:00,120,3524
10477,GR005,Sugar 1kg,1,2025-07-02 12:19:00,50,3524
10478,GR002,Bread,2,2025-05-11 03:22:00,40,4345
10478,GR008,Wheat Flour 1kg,6,2025-05-11 03:22:00,55,4345
10478,GR003,Eggs Pack (12),4,2025-05-11 03:22:00,90,4345
10478,GR009,Butter 100g,4,2025-05-11 03:22:00,60,4345
10478,GR010,Yogurt 200g,5,2025-05-11 03:22:00,25,4345
10479,GR003,Eggs Pack (12),1,2025-03-26 13:40:00,90,4523
10479,GR002,Bread,3,2025-03-26 13:40:00,40,4523
10480,GR006,Sunflower Oil 1L,7,2025-06-25 04:06:00,160,4491
10480,GR012,Potatoes 1kg,3,2025-06-25 04:06:00,30,4491
10480,GR007,Tea Powder 500g,8,2025-06-25 04:06:00,140,4491
10480,GR014,Tomatoes 1kg,1,2025-06-25 04:06:00,40,4491
10480,GR001,Milk 1L,3,2025-06-25 04:06:00,60,4491
10481,GR005,Sugar 1kg,4,2025-03-02 13:16:00,50,3319
10481,GR002,Bread,1,2025-03-02 13:16:00,40,3319
10481,GR014,Tomatoes 1kg,1,2025-03-02 13:16:00,40,3319
10481,GR006,Sunflower Oil 1L,1,2025-03-02 13:16:00,160,3319
10481,GR010,Yogurt 200g,1,2025-03-02 13:16:00,25,3319
10481,GR011,Bananas 1 dozen,4,2025-03-02 13:16:00,50,3319
10482,GR003,Eggs Pack (12),6,2025-05-13 06:39:00,90,2730
10482,GR011,Bananas 1 dozen,2,2025-05-13 06:39:00,50,2730
10482,GR012,Potatoes 1kg,3,2025-05-13 06:39:00,30,2730
10482,GR013,Onions 1kg,2,2025-05-13 06:39:00,35,2730
10482,GR010,Yogurt 200g,5,2025-05-13 06:39:00,25,2730
10482,GR005,Sugar 1kg,2,2025-05-13 06:39:00,50,2730
10483,GR010,Yogurt 200g,6,2025-02-11 00:21:00,25,2078
10483,GR007,Tea Powder 500g,8,2025-02-11 00:21:00,140,2078
10483,GR012,Potatoes 1kg,3,2025-02-11 00:21:00,30,2078
10483,GR003,Eggs Pack (12),7,2025-02-11 00:21:00,90,2078
10483,GR013,Onions 1kg,3,2025-02-11 00:21:00,35,2078
10484,GR014,Tomatoes 1kg,6,2025-04-12 15:56:00,40,3693
10485,GR012,Potatoes 1kg,8,2025-02-19 05:04:00,30,4271
10485,GR009,Butter 100g,2,2025-02-19 05:04:00,60,4271
10485,GR013,Onions 1kg,7,2025-02-19 05:04:00,35,4271
10485,GR003,Eggs Pack (12),4,2025-02-19 05:04:00,90,4271
10485,GR014,Tomatoes 1kg,6,2025-02-19 05:04:00,40,4271
10485,GR004,Basmati Rice 1kg,4,2025-02-19 05:04:00,120,4271
10486,GR014,Tomatoes 1kg,2,2025-06-16 20:43:00,40,3046
10486,GR012,Potatoes 1kg,6,2025-06-16 20:43:00,30,3046
10486,GR006,Sunflower Oil 1L,4,2025-06-16 20:43:00,160,3046
10486,GR008,Wheat Flour 1kg,2,2025-06-16 20:43:00,55,3046
10487,GR009,Butter 100g,6,2025-05-25 15:35:00,60,1856
10487,GR004,Basmati Rice 1kg,6,2025-05-25 15:35:00,120,1856
10487,GR012,Potatoes 1kg,6,2025-05-25 15:35:00,30,1856
10487,GR007,Tea Powder 500g,5,2025-05-25 15:35:00,140,1856
10487,GR006,Sunflower Oil 1L,3,2025-05-25 15:35:00,160,1856
10487,GR001,Milk 1L,5,2025-05-25 15:35:00,60,1856
10488,GR013,Onions 1kg,4,2025-04-07 10:48:00,35,1035
10488,GR001,Milk 1L,2,2025-04-07 10:48:00,60,1035
10488,GR011,Bananas 1 dozen,3,2025-04-07 10:48:00,50,1035
10488,GR010,Yogurt 200g,3,2025-04-07 10:48:00,25,1035
10488,GR006,Sunflower Oil 1L,3,2025-04-07 10:48:00,160,1035
10488,GR003,Eggs Pack (12),8,2025-04-07 10:48:00,90,1035
10489,GR010,Yogurt 200g,7,2025-04-26 04:39:00,25,2109
10489,GR014,Tomatoes 1kg,2,2025-04-26 04:39:00,40,2109
10489,GR008,Wheat Flour 1kg,8,2025-04-26 04:39:00,55,2109
10489,GR009,Butter 100g,4,2025-04-26 04:39:00,60,2109
10489,GR001,Milk 1L,1,2025-04-26 04:39:00,60,2109
10490,GR006,Sunflower Oil 1L,4,2025-05-20 01:02:00,160,3880
10490,GR008,Wheat Flour 1kg,8,2025-05-20 01:02:00,55,3880
10490,GR012,Potatoes 1kg,8,2025-05-20 01:02:00,30,3880
10490,GR002,Bread,8,2025-05-20 01:02:00,40,3880
10491,GR002,Bread,1,2025-03-18 21:33:00,40,2073
10491,GR008,Wheat Flour 1kg,8,2025-03-18 21:33:00,55,2073
10491,GR013,Onions 1kg,4,2025-03-18 21:33:00,35,2073
10491,GR012,Potatoes 1kg,4,2025-03-18 21:33:00,30,2073
10491,GR015,Salt 1kg,5,2025-03-18 21:33:00,20,2073
10492,GR010,Yogurt 200g,3,2025-01-10 08:45:00,25,4560
10492,GR002,Bread,8,2025-01-10 08:45:00,40,4560
10493,GR008,Wheat Flour 1kg,5,2025-01-31 01:19:00,55,2221
10493,GR014,Tomatoes 1kg,5,2025-01-31 01:19:00,40,2221
10493,GR005,Sugar 1kg,8,2025-01-31 01:19:00,50,2221
10493,GR007,Tea Powder 500g,7,2025-01-31 01:19:00,140,2221
10493,GR003,Eggs Pack (12),8,2025-01-31 01:19:00,90,2221
10494,GR001,Milk 1L,3,2025-05-10 01:29:00,60,3315
10494,GR007,Tea Powder 500g,3,2025-05-10 01:29:00,140,3315
10494,GR014,Tomatoes 1kg,4,2025-05-10 01:29:00,40,3315
10494,GR006,Sunflower Oil 1L,2,2025-05-10 01:29:00,160,3315
10495,GR014,Tomatoes 1kg,5,2025-01-10 10:04:00,40,3831
10495,GR007,Tea Powder 500g,2,2025-01-10 10:04:00,140,3831
10496,GR013,Onions 1kg,4,2025-04-15 07:53:00,35,3831
10496,GR006,Sunflower Oil 1L,3,2025-04-15 07:53:00,160,3831
10497,GR010,Yogurt 200g,4,2025-03-25 21:00:00,25,1900
10498,GR002,Bread,7,2025-06-10 16:15:00,40,1493
10498,GR010,Yogurt 200g,4,2025-06-10 16:15:00,25,1493
10498,GR008,Wheat Flour 1kg,3,2025-06-10 16:15:00,55,1493
10499,GR005,Sugar 1kg,2,2025-03-18 17:36:00,50,4547
10500,GR008,Wheat Flour 1kg,6,2025-06-01 11:55:00,55,2211
10500,GR005,Sugar 1kg,5,2025-06-01 11:55:00,50,2211
10501,GR010,Yogurt 200g,4,2025-02-10 17:53:00,25,3100
10501,GR002,Bread,4,2025-02-10 17:53:00,40,3100
10502,GR012,Potatoes 1kg,7,2025-04-08 07:40:00,30,3788
10503,GR012,Potatoes 1kg,2,2025-03-07 07:47:00,30,4547
10504,GR005,Sugar 1kg,1,2025-02-19 16:09:00,50,1066
10504,GR014,Tomatoes 1kg,4,2025-02-19 16:09:00,40,1066
10504,GR011,Bananas 1 dozen,7,2025-02-19 16:09:00,50,1066
10505,GR006,Sunflower Oil 1L,5,2025-05-24 01:44:00,160,4322
10505,GR013,Onions 1kg,6,2025-05-24 01:44:00,35,4322
10505,GR002,Bread,8,2025-05-24 01:44:00,40,4322
10506,GR001,Milk 1L,7,2025-04-01 00:01:00,60,1662
10506,GR010,Yogurt 200g,8,2025-04-01 00:01:00,25,1662
10507,GR008,Wheat Flour 1kg,8,2025-03-20 19:28:00,55,4322
10507,GR001,Milk 1L,8,2025-03-20 19:28:00,60,4322
10507,GR015,Salt 1kg,4,2025-03-20 19:28:00,20,4322
10507,GR002,Bread,2,2025-03-20 19:28:00,40,4322
10508,GR001,Milk 1L,3,2025-02-07 07:42:00,60,2086
10508,GR003,Eggs Pack (12),3,2025-02-07 07:42:00,90,2086
10508,GR004,Basmati Rice 1kg,5,2025-02-07 07:42:00,120,2086
10508,GR012,Potatoes 1kg,2,2025-02-07 07:42:00,30,2086
10508,GR015,Salt 1kg,4,2025-02-07 07:42:00,20,2086
10508,GR013,Onions 1kg,1,2025-02-07 07:42:00,35,2086
10509,GR004,Basmati Rice 1kg,5,2025-04-13 10:51:00,120,2489
10509,GR003,Eggs Pack (12),8,2025-04-13 10:51:00,90,2489
10509,GR011,Bananas 1 dozen,3,2025-04-13 10:51:00,50,2489
10509,GR013,Onions 1kg,6,2025-04-13 10:51:00,35,2489
10509,GR015,Salt 1kg,4,2025-04-13 10:51:00,20,2489
10510,GR012,Potatoes 1kg,1,2025-07-06 04:55:00,30,2109
10510,GR009,Butter 100g,5,2025-07-06 04:55:00,60,2109
10510,GR004,Basmati Rice 1kg,6,2025-07-06 04:55:00,120,2109
10510,GR002,Bread,5,2025-07-06 04:55:00,40,2109
10510,GR003,Eggs Pack (12),5,2025-07-06 04:55:00,90,2109
10511,GR009,Butter 100g,5,2025-02-08 20:46:00,60,2733
10511,GR005,Sugar 1kg,3,2025-02-08 20:46:00,50,2733
10511,GR008,Wheat Flour 1kg,3,2025-02-08 20:46:00,55,2733
10511,GR001,Milk 1L,7,2025-02-08 20:46:00,60,2733
10512,GR011,Bananas 1 dozen,8,2025-05-20 05:14:00,50,2023
10512,GR010,Yogurt 200g,5,2025-05-20 05:14:00,25,2023
10512,GR003,Eggs Pack (12),8,2025-05-20 05:14:00,90,2023
10513,GR002,Bread,5,2025-05-05 04:45:00,40,2054
10513,GR014,Tomatoes 1kg,2,2025-05-05 04:45:00,40,2054
10513,GR015,Salt 1kg,2,2025-05-05 04:45:00,20,2054
10513,GR013,Onions 1kg,2,2025-05-05 04:45:00,35,2054
10514,GR014,Tomatoes 1kg,7,2025-05-27 19:39:00,40,2705
10514,GR007,Tea Powder 500g,4,2025-05-27 19:39:00,140,2705
10514,GR004,Basmati Rice 1kg,1,2025-05-27 19:39:00,120,2705
10515,GR005,Sugar 1kg,8,2025-02-19 15:11:00,50,1116
10515,GR007,Tea Powder 500g,8,2025-02-19 15:11:00,140,1116
10515,GR008,Wheat Flour 1kg,6,2025-02-19 15:11:00,55,1116
10515,GR002,Bread,3,2025-02-19 15:11:00,40,1116
10515,GR001,Milk 1L,3,2025-02-19 15:11:00,60,1116
10515,GR012,Potatoes 1kg,6,2025-02-19 15:11:00,30,1116
10516,GR010,Yogurt 200g,7,2025-06-15 02:44:00,25,3657
10516,GR009,Butter 100g,7,2025-06-15 02:44:00,60,3657
10516,GR015,Salt 1kg,7,2025-06-15 02:44:00,20,3657
10516,GR004,Basmati Rice 1kg,2,2025-06-15 02:44:00,120,3657
10516,GR012,Potatoes 1kg,5,2025-06-15 02:44:00,30,3657
10517,GR011,Bananas 1 dozen,1,2025-07-11 21:36:00,50,1654
10517,GR015,Salt 1kg,4,2025-07-11 21:36:00,20,1654
10517,GR008,Wheat Flour 1kg,3,2025-07-11 21:36:00,55,1654
10517,GR005,Sugar 1kg,6,2025-07-11 21:36:00,50,1654
10517,GR007,Tea Powder 500g,1,2025-07-11 21:36:00,140,1654
10517,GR013,Onions 1kg,3,2025-07-11 21:36:00,35,1654
10518,GR003,Eggs Pack (12),8,2025-04-27 06:29:00,90,3283
10519,GR006,Sunflower Oil 1L,3,2025-03-17 04:16:00,160,1747
10519,GR002,Bread,2,2025-03-17 04:16:00,40,1747
10520,GR010,Yogurt 200g,1,2025-06-02 15:52:00,25,4336
10520,GR012,Potatoes 1kg,5,2025-06-02 15:52:00,30,4336
10521,GR002,Bread,5,2025-03-10 14:26:00,40,4742
10521,GR005,Sugar 1kg,3,2025-03-10 14:26:00,50,4742
10522,GR013,Onions 1kg,8,2025-06-02 14:22:00,35,4491
10522,GR012,Potatoes 1kg,5,2025-06-02 14:22:00,30,4491
10522,GR006,Sunflower Oil 1L,8,2025-06-02 14:22:00,160,4491
10523,GR005,Sugar 1kg,7,2025-03-26 23:05:00,50,4181
10523,GR013,Onions 1kg,2,2025-03-26 23:05:00,35,4181
10523,GR004,Basmati Rice 1kg,3,2025-03-26 23:05:00,120,4181
10523,GR015,Salt 1kg,3,2025-03-26 23:05:00,20,4181
10523,GR001,Milk 1L,3,2025-03-26 23:05:00,60,4181
10524,GR009,Butter 100g,5,2025-07-03 20:43:00,60,1481
10524,GR005,Sugar 1kg,7,2025-07-03 20:43:00,50,1481
10524,GR010,Yogurt 200g,6,2025-07-03 20:43:00,25,1481
10524,GR011,Bananas 1 dozen,5,2025-07-03 20:43:00,50,1481
10525,GR005,Sugar 1kg,5,2025-05-21 17:42:00,50,4099
10526,GR010,Yogurt 200g,1,2025-04-30 07:27:00,25,4625
10526,GR012,Potatoes 1kg,7,2025-04-30 07:27:00,30,4625
10526,GR004,Basmati Rice 1kg,4,2025-04-30 07:27:00,120,4625
10526,GR011,Bananas 1 dozen,5,2025-04-30 07:27:00,50,4625
10526,GR006,Sunflower Oil 1L,6,2025-04-30 07:27:00,160,4625
10527,GR014,Tomatoes 1kg,2,2025-03-21 04:59:00,40,2376
10527,GR012,Potatoes 1kg,3,2025-03-21 04:59:00,30,2376
10527,GR010,Yogurt 200g,4,2025-03-21 04:59:00,25,2376
10528,GR005,Sugar 1kg,1,2025-01-22 07:14:00,50,2345
10528,GR004,Basmati Rice 1kg,6,2025-01-22 07:14:00,120,2345
10528,GR006,Sunflower Oil 1L,5,2025-01-22 07:14:00,160,2345
10529,GR002,Bread,1,2025-03-15 16:47:00,40,2023
10529,GR009,Butter 100g,5,2025-03-15 16:47:00,60,2023
10529,GR006,Sunflower Oil 1L,8,2025-03-15 16:47:00,160,2023
10530,GR014,Tomatoes 1kg,1,2025-03-19 23:02:00,40,2374
10530,GR006,Sunflower Oil 1L,2,2025-03-19 23:02:00,160,2374
10530,GR010,Yogurt 200g,5,2025-03-19 23:02:00,25,2374
10530,GR004,Basmati Rice 1kg,2,2025-03-19 23:02:00,120,2374
10531,GR004,Basmati Rice 1kg,7,2025-01-17 10:39:00,120,1734
10531,GR015,Salt 1kg,6,2025-01-17 10:39:00,20,1734
10531,GR011,Bananas 1 dozen,1,2025-01-17 10:39:00,50,1734
10531,GR005,Sugar 1kg,5,2025-01-17 10:39:00,50,1734
10531,GR007,Tea Powder 500g,2,2025-01-17 10:39:00,140,1734
10532,GR003,Eggs Pack (12),7,2025-02-10 06:42:00,90,1662
10532,GR007,Tea Powder 500g,3,2025-02-10 06:42:00,140,1662
10532,GR006,Sunflower Oil 1L,4,2025-02-10 06:42:00,160,1662
10533,GR012,Potatoes 1kg,1,2025-06-23 09:29:00,30,2221
10533,GR001,Milk 1L,3,2025-06-23 09:29:00,60,2221
10533,GR003,Eggs Pack (12),5,2025-06-23 09:29:00,90,2221
10534,GR008,Wheat Flour 1kg,5,2025-01-18 10:00:00,55,2376
10535,GR007,Tea Powder 500g,8,2025-07-03 05:25:00,140,3693
10535,GR011,Bananas 1 dozen,2,2025-07-03 05:25:00,50,3693
10536,GR011,Bananas 1 dozen,7,2025-05-12 03:28:00,50,3749
10536,GR012,Potatoes 1kg,3,2025-05-12 03:28:00,30,3749
10536,GR004,Basmati Rice 1kg,3,2025-05-12 03:28:00,120,3749
10536,GR003,Eggs Pack (12),2,2025-05-12 03:28:00,90,3749
10536,GR006,Sunflower Oil 1L,5,2025-05-12 03:28:00,160,3749
10537,GR004,Basmati Rice 1kg,8,2025-04-01 14:56:00,120,4174
10537,GR010,Yogurt 200g,8,2025-04-01 14:56:00,25,4174
10537,GR008,Wheat Flour 1kg,5,2025-04-01 14:56:00,55,4174
10537,GR006,Sunflower Oil 1L,6,2025-04-01 14:56:00,160,4174
10537,GR011,Bananas 1 dozen,8,2025-04-01 14:56:00,50,4174
10537,GR014,Tomatoes 1kg,2,2025-04-01 14:56:00,40,4174
10538,GR014,Tomatoes 1kg,8,2025-03-16 04:46:00,40,1364
10538,GR003,Eggs Pack (12),1,2025-03-16 04:46:00,90,1364
10538,GR010,Yogurt 200g,7,2025-03-16 04:46:00,25,1364
10538,GR005,Sugar 1kg,5,2025-03-16 04:46:00,50,1364
10538,GR012,Potatoes 1kg,6,2025-03-16 04:46:00,30,1364
10538,GR008,Wheat Flour 1kg,8,2025-03-16 04:46:00,55,1364
10539,GR010,Yogurt 200g,3,2025-07-09 18:28:00,25,3500
10540,GR010,Yogurt 200g,7,2025-03-15 18:48:00,25,3876
10540,GR012,Potatoes 1kg,6,2025-03-15 18:48:00,30,3876
10540,GR013,Onions 1kg,6,2025-03-15 18:48:00,35,3876
10540,GR011,Bananas 1 dozen,7,2025-03-15 18:48:00,50,3876
10541,GR006,Sunflower Oil 1L,1,2025-02-08 14:37:00,160,1995
10541,GR008,Wheat Flour 1kg,3,2025-02-08 14:37:00,55,1995
10541,GR002,Bread,7,2025-02-08 14:37:00,40,1995
10541,GR010,Yogurt 200g,6,2025-02-08 14:37:00,25,1995
10541,GR011,Bananas 1 dozen,4,2025-02-08 14:37:00,50,1995
10541,GR007,Tea Powder 500g,8,2025-02-08 14:37:00,140,1995
10542,GR006,Sunflower Oil 1L,3,2025-06-03 00:32:00,160,1217
10542,GR010,Yogurt 200g,3,2025-06-03 00:32:00,25,1217
10542,GR003,Eggs Pack (12),2,2025-06-03 00:32:00,90,1217
10542,GR014,Tomatoes 1kg,4,2025-06-03 00:32:00,40,1217
10542,GR008,Wheat Flour 1kg,2,2025-06-03 00:32:00,55,1217
10543,GR013,Onions 1kg,1,2025-01-13 16:51:00,35,4491
10543,GR001,Milk 1L,7,2025-01-13 16:51:00,60,4491
10544,GR010,Yogurt 200g,6,2025-04-18 01:01:00,25,4953
10545,GR007,Tea Powder 500g,2,2025-02-20 19:28:00,140,2650
10545,GR005,Sugar 1kg,3,2025-02-20 19:28:00,50,2650
10545,GR002,Bread,3,2025-02-20 19:28:00,40,2650
10545,GR003,Eggs Pack (12),2,2025-02-20 19:28:00,90,2650
10545,GR012,Potatoes 1kg,5,2025-02-20 19:28:00,30,2650
10546,GR008,Wheat Flour 1kg,3,2025-05-06 22:49:00,55,1859
10546,GR011,Bananas 1 dozen,3,2025-05-06 22:49:00,50,1859
10546,GR010,Yogurt 200g,8,2025-05-06 22:49:00,25,1859
10546,GR015,Salt 1kg,2,2025-05-06 22:49:00,20,1859
10546,GR002,Bread,8,2025-05-06 22:49:00,40,1859
10546,GR006,Sunflower Oil 1L,7,2025-05-06 22:49:00,160,1859
10547,GR001,Milk 1L,1,2025-01-09 21:49:00,60,4952
10547,GR012,Potatoes 1kg,4,2025-01-09 21:49:00,30,4952
10547,GR007,Tea Powder 500g,8,2025-01-09 21:49:00,140,4952
10547,GR013,Onions 1kg,5,2025-01-09 21:49:00,35,4952
10547,GR004,Basmati Rice 1kg,1,2025-01-09 21:49:00,120,4952
10548,GR013,Onions 1kg,2,2025-03-17 19:03:00,35,3018
10549,GR014,Tomatoes 1kg,6,2025-01-24 11:30:00,40,2769
10549,GR003,Eggs Pack (12),4,2025-01-24 11:30:00,90,2769
10549,GR015,Salt 1kg,1,2025-01-24 11:30:00,20,2769
10549,GR010,Yogurt 200g,2,2025-01-24 11:30:00,25,2769
10549,GR002,Bread,7,2025-01-24 11:30:00,40,2769
10549,GR011,Bananas 1 dozen,1,2025-01-24 11:30:00,50,2769
10550,GR001,Milk 1L,3,2025-04-09 05:03:00,60,4174
10550,GR006,Sunflower Oil 1L,5,2025-04-09 05:03:00,160,4174
10550,GR010,Yogurt 200g,3,2025-04-09 05:03:00,25,4174
10551,GR009,Butter 100g,8,2025-03-16 03:07:00,60,2291
10551,GR011,Bananas 1 dozen,2,2025-03-16 03:07:00,50,2291
10551,GR002,Bread,5,2025-03-16 03:07:00,40,2291
10552,GR008,Wheat Flour 1kg,6,2025-05-26 06:47:00,55,4680
10552,GR001,Milk 1L,5,2025-05-26 06:47:00,60,4680
10552,GR011,Bananas 1 dozen,3,2025-05-26 06:47:00,50,4680
10553,GR010,Yogurt 200g,4,2025-07-11 08:37:00,25,3831
10553,GR003,Eggs Pack (12),8,2025-07-11 08:37:00,90,3831
10553,GR013,Onions 1kg,4,2025-07-11 08:37:00,35,3831
10553,GR009,Butter 100g,4,2025-07-11 08:37:00,60,3831
10553,GR006,Sunflower Oil 1L,4,2025-07-11 08:37:00,160,3831
10553,GR014,Tomatoes 1kg,8,2025-07-11 08:37:00,40,3831
10554,GR003,Eggs Pack (12),4,2025-03-06 08:04:00,90,4495
10554,GR011,Bananas 1 dozen,5,2025-03-06 08:04:00,50,4495
10555,GR001,Milk 1L,6,2025-01-16 20:41:00,60,4548
10555,GR014,Tomatoes 1kg,6,2025-01-16 20:41:00,40,4548
10556,GR011,Bananas 1 dozen,3,2025-04-16 01:57:00,50,3018
10557,GR008,Wheat Flour 1kg,6,2025-05-25 12:33:00,55,2673
10557,GR006,Sunflower Oil 1L,1,2025-05-25 12:33:00,160,2673
10557,GR001,Milk 1L,2,2025-05-25 12:33:00,60,2673
10557,GR003,Eggs Pack (12),1,2025-05-25 12:33:00,90,2673
10557,GR015,Salt 1kg,1,2025-05-25 12:33:00,20,2673
10557,GR005,Sugar 1kg,1,2025-05-25 12:33:00,50,2673
10558,GR003,Eggs Pack (12),7,2025-07-02 05:07:00,90,4495
10559,GR007,Tea Powder 500g,7,2025-03-31 21:02:00,140,2758
10559,GR004,Basmati Rice 1kg,4,2025-03-31 21:02:00,120,2758
10559,GR005,Sugar 1kg,2,2025-03-31 21:02:00,50,2758
10559,GR015,Salt 1kg,6,2025-03-31 21:02:00,20,2758
10559,GR011,Bananas 1 dozen,6,2025-03-31 21:02:00,50,2758
10560,GR013,Onions 1kg,3,2025-02-25 02:56:00,35,3329
10560,GR005,Sugar 1kg,8,2025-02-25 02:56:00,50,3329
10560,GR007,Tea Powder 500g,7,2025-02-25 02:56:00,140,3329
10560,GR004,Basmati Rice 1kg,2,2025-02-25 02:56:00,120,3329
10560,GR011,Bananas 1 dozen,2,2025-02-25 02:56:00,50,3329
10561,GR009,Butter 100g,8,2025-05-15 00:52:00,60,1432
10561,GR011,Bananas 1 dozen,5,2025-05-15 00:52:00,50,1432
10561,GR014,Tomatoes 1kg,3,2025-05-15 00:52:00,40,1432
10561,GR003,Eggs Pack (12),3,2025-05-15 00:52:00,90,1432
10561,GR001,Milk 1L,8,2025-05-15 00:52:00,60,1432
10562,GR002,Bread,5,2025-01-19 07:40:00,40,4350
10562,GR007,Tea Powder 500g,2,2025-01-19 07:40:00,140,4350
10563,GR012,Potatoes 1kg,6,2025-03-12 01:40:00,30,3100
10563,GR008,Wheat Flour 1kg,4,2025-03-12 01:40:00,55,3100
10564,GR005,Sugar 1kg,8,2025-05-15 00:47:00,50,1389
10564,GR003,Eggs Pack (12),8,2025-05-15 00:47:00,90,1389
10564,GR014,Tomatoes 1kg,7,2025-05-15 00:47:00,40,1389
10564,GR008,Wheat Flour 1kg,2,2025-05-15 00:47:00,55,1389
10564,GR009,Butter 100g,5,2025-05-15 00:47:00,60,1389
10565,GR013,Onions 1kg,5,2025-01-13 06:19:00,35,2368
10565,GR008,Wheat Flour 1kg,5,2025-01-13 06:19:00,55,2368
10566,GR011,Bananas 1 dozen,1,2025-03-20 15:56:00,50,4443
10566,GR003,Eggs Pack (12),6,2025-03-20 15:56:00,90,4443
10567,GR013,Onions 1kg,6,2025-06-06 12:48:00,35,2546
10568,GR012,Potatoes 1kg,3,2025-03-12 23:32:00,30,1094
10568,GR014,Tomatoes 1kg,2,2025-03-12 23:32:00,40,1094
10568,GR011,Bananas 1 dozen,2,2025-03-12 23:32:00,50,1094
10569,GR008,Wheat Flour 1kg,3,2025-06-04 17:33:00,55,1029
10569,GR007,Tea Powder 500g,4,2025-06-04 17:33:00,140,1029
10569,GR005,Sugar 1kg,4,2025-06-04 17:33:00,50,1029
10569,GR011,Bananas 1 dozen,8,2025-06-04 17:33:00,50,1029
10569,GR013,Onions 1kg,8,2025-06-04 17:33:00,35,1029
10569,GR015,Salt 1kg,6,2025-06-04 17:33:00,20,1029
10570,GR006,Sunflower Oil 1L,7,2025-05-18 04:15:00,160,1641
10570,GR003,Eggs Pack (12),4,2025-05-18 04:15:00,90,1641
10570,GR005,Sugar 1kg,8,2025-05-18 04:15:00,50,1641
10571,GR014,Tomatoes 1kg,6,2025-01-01 19:33:00,40,4326
10571,GR001,Milk 1L,2,2025-01-01 19:33:00,60,4326
10571,GR010,Yogurt 200g,6,2025-01-01 19:33:00,25,4326
10571,GR005,Sugar 1kg,1,2025-01-01 19:33:00,50,4326
10571,GR003,Eggs Pack (12),1,2025-01-01 19:33:00,90,4326
10571,GR004,Basmati Rice 1kg,6,2025-01-01 19:33:00,120,4326
10572,GR015,Salt 1kg,2,2025-07-16 01:32:00,20,4385
10572,GR004,Basmati Rice 1kg,1,2025-07-16 01:32:00,120,4385
10572,GR011,Bananas 1 dozen,7,2025-07-16 01:32:00,50,4385
10573,GR007,Tea Powder 500g,2,2025-01-19 08:22:00,140,1321
10573,GR012,Potatoes 1kg,8,2025-01-19 08:22:00,30,1321
10574,GR012,Potatoes 1kg,1,2025-04-23 23:14:00,30,4693
10574,GR003,Eggs Pack (12),1,2025-04-23 23:14:00,90,4693
10574,GR006,Sunflower Oil 1L,6,2025-04-23 23:14:00,160,4693
10574,GR014,Tomatoes 1kg,2,2025-04-23 23:14:00,40,4693
10574,GR008,Wheat Flour 1kg,8,2025-04-23 23:14:00,55,4693
10574,GR005,Sugar 1kg,5,2025-04-23 23:14:00,50,4693
10575,GR010,Yogurt 200g,7,2025-04-24 13:43:00,25,4063
10575,GR001,Milk 1L,5,2025-04-24 13:43:00,60,4063
10576,GR010,Yogurt 200g,7,2025-03-22 11:03:00,25,2914
10576,GR003,Eggs Pack (12),7,2025-03-22 11:03:00,90,2914
10576,GR008,Wheat Flour 1kg,4,2025-03-22 11:03:00,55,2914
10577,GR009,Butter 100g,7,2025-05-24 00:38:00,60,1446
10577,GR013,Onions 1kg,3,2025-05-24 00:38:00,35,1446
10578,GR012,Potatoes 1kg,4,2025-07-05 06:01:00,30,2583
10578,GR005,Sugar 1kg,1,2025-07-05 06:01:00,50,2583
10578,GR008,Wheat Flour 1kg,2,2025-07-05 06:01:00,55,2583
10578,GR014,Tomatoes 1kg,1,2025-07-05 06:01:00,40,2583
10578,GR011,Bananas 1 dozen,8,2025-07-05 06:01:00,50,2583
10579,GR004,Basmati Rice 1kg,7,2025-03-04 00:38:00,120,4325
10579,GR007,Tea Powder 500g,7,2025-03-04 00:38:00,140,4325
10580,GR002,Bread,2,2025-02-23 11:57:00,40,2673
10580,GR011,Bananas 1 dozen,4,2025-02-23 11:57:00,50,2673
10580,GR015,Salt 1kg,7,2025-02-23 11:57:00,20,2673
10580,GR007,Tea Powder 500g,1,2025-02-23 11:57:00,140,2673
10580,GR014,Tomatoes 1kg,8,2025-02-23 11:57:00,40,2673
10580,GR013,Onions 1kg,3,2025-02-23 11:57:00,35,2673
10581,GR008,Wheat Flour 1kg,1,2025-02-14 11:13:00,55,1813
10582,GR015,Salt 1kg,3,2025-02-25 19:11:00,20,1603
10583,GR011,Bananas 1 dozen,5,2025-06-28 23:22:00,50,4523
10583,GR003,Eggs Pack (12),8,2025-06-28 23:22:00,90,4523
10583,GR002,Bread,4,2025-06-28 23:22:00,40,4523
10583,GR005,Sugar 1kg,8,2025-06-28 23:22:00,50,4523
10583,GR007,Tea Powder 500g,6,2025-06-28 23:22:00,140,4523
10583,GR010,Yogurt 200g,4,2025-06-28 23:22:00,25,4523
10584,GR011,Bananas 1 dozen,3,2025-05-16 03:18:00,50,1918
10585,GR012,Potatoes 1kg,4,2025-05-13 18:03:00,30,4652
10585,GR013,Onions 1kg,2,2025-05-13 18:03:00,35,4652
10585,GR006,Sunflower Oil 1L,6,2025-05-13 18:03:00,160,4652
10585,GR002,Bread,2,2025-05-13 18:03:00,40,4652
10585,GR010,Yogurt 200g,5,2025-05-13 18:03:00,25,4652
10586,GR001,Milk 1L,4,2025-04-15 20:21:00,60,2588
10586,GR004,Basmati Rice 1kg,5,2025-04-15 20:21:00,120,2588
10586,GR005,Sugar 1kg,2,2025-04-15 20:21:00,50,2588
10586,GR002,Bread,1,2025-04-15 20:21:00,40,2588
10586,GR010,Yogurt 200g,6,2025-04-15 20:21:00,25,2588
10587,GR002,Bread,7,2025-02-14 17:23:00,40,3681
10587,GR001,Milk 1L,8,2025-02-14 17:23:00,60,3681
10587,GR010,Yogurt 200g,3,2025-02-14 17:23:00,25,3681
10587,GR008,Wheat Flour 1kg,2,2025-02-14 17:23:00,55,3681
10588,GR005,Sugar 1kg,4,2025-05-30 07:43:00,50,2053
10588,GR014,Tomatoes 1kg,6,2025-05-30 07:43:00,40,2053
10588,GR002,Bread,5,2025-05-30 07:43:00,40,2053
10588,GR011,Bananas 1 dozen,4,2025-05-30 07:43:00,50,2053
10588,GR006,Sunflower Oil 1L,1,2025-05-30 07:43:00,160,2053
10589,GR004,Basmati Rice 1kg,2,2025-01-14 16:24:00,120,2914
10590,GR008,Wheat Flour 1kg,4,2025-02-01 07:07:00,55,2583
10590,GR010,Yogurt 200g,7,2025-02-01 07:07:00,25,2583
10590,GR004,Basmati Rice 1kg,8,2025-02-01 07:07:00,120,2583
10590,GR009,Butter 100g,5,2025-02-01 07:07:00,60,2583
10590,GR006,Sunflower Oil 1L,4,2025-02-01 07:07:00,160,2583
10590,GR002,Bread,7,2025-02-01 07:07:00,40,2583
10591,GR007,Tea Powder 500g,4,2025-07-20 21:16:00,140,4477
10591,GR015,Salt 1kg,8,2025-07-20 21:16:00,20,4477
10591,GR010,Yogurt 200g,1,2025-07-20 21:16:00,25,4477
10591,GR011,Bananas 1 dozen,8,2025-07-20 21:16:00,50,4477
10591,GR013,Onions 1kg,3,2025-07-20 21:16:00,35,4477
10592,GR011,Bananas 1 dozen,6,2025-03-27 03:40:00,50,1943
10592,GR002,Bread,4,2025-03-27 03:40:00,40,1943
10593,GR014,Tomatoes 1kg,1,2025-03-29 14:12:00,40,1447
10593,GR011,Bananas 1 dozen,7,2025-03-29 14:12:00,50,1447
10593,GR001,Milk 1L,2,2025-03-29 14:12:00,60,1447
10593,GR004,Basmati Rice 1kg,5,2025-03-29 14:12:00,120,1447
10593,GR010,Yogurt 200g,4,2025-03-29 14:12:00,25,1447
10593,GR005,Sugar 1kg,1,2025-03-29 14:12:00,50,1447
10594,GR006,Sunflower Oil 1L,4,2025-01-05 21:43:00,160,4548
10594,GR012,Potatoes 1kg,6,2025-01-05 21:43:00,30,4548
10594,GR005,Sugar 1kg,2,2025-01-05 21:43:00,50,4548
10594,GR014,Tomatoes 1kg,3,2025-01-05 21:43:00,40,4548
10594,GR002,Bread,1,2025-01-05 21:43:00,40,4548
10595,GR010,Yogurt 200g,3,2025-07-05 05:52:00,25,3880
10595,GR003,Eggs Pack (12),3,2025-07-05 05:52:00,90,3880
10595,GR014,Tomatoes 1kg,6,2025-07-05 05:52:00,40,3880
10595,GR009,Butter 100g,5,2025-07-05 05:52:00,60,3880
10595,GR005,Sugar 1kg,1,2025-07-05 05:52:00,50,3880
10596,GR013,Onions 1kg,6,2025-02-24 16:44:00,35,2109
10596,GR008,Wheat Flour 1kg,1,2025-02-24 16:44:00,55,2109
10596,GR006,Sunflower Oil 1L,3,2025-02-24 16:44:00,160,2109
10596,GR010,Yogurt 200g,2,2025-02-24 16:44:00,25,2109
10596,GR014,Tomatoes 1kg,3,2025-02-24 16:44:00,40,2109
10597,GR002,Bread,2,2025-06-09 01:40:00,40,1131
10597,GR014,Tomatoes 1kg,1,2025-06-09 01:40:00,40,1131
10597,GR006,Sunflower Oil 1L,6,2025-06-09 01:40:00,160,1131
10597,GR005,Sugar 1kg,8,2025-06-09 01:40:00,50,1131
10597,GR010,Yogurt 200g,8,2025-06-09 01:40:00,25,1131
10598,GR010,Yogurt 200g,4,2025-02-10 04:03:00,25,2032
10598,GR007,Tea Powder 500g,1,2025-02-10 04:03:00,140,2032
10598,GR014,Tomatoes 1kg,6,2025-02-10 04:03:00,40,2032
10599,GR012,Potatoes 1kg,7,2025-04-03 11:57:00,30,3681
10599,GR002,Bread,8,2025-04-03 11:57:00,40,3681
10599,GR006,Sunflower Oil 1L,6,2025-04-03 11:57:00,160,3681
10599,GR013,Onions 1kg,8,2025-04-03 11:57:00,35,3681
10600,GR006,Sunflower Oil 1L,5,2025-02-20 04:55:00,160,1702
10600,GR011,Bananas 1 dozen,6,2025-02-20 04:55:00,50,1702
10601,GR004,Basmati Rice 1kg,5,2025-03-22 18:41:00,120,2376
10601,GR013,Onions 1kg,2,2025-03-22 18:41:00,35,2376
10601,GR007,Tea Powder 500g,6,2025-03-22 18:41:00,140,2376
10602,GR001,Milk 1L,5,2025-01-13 15:41:00,60,3742
10602,GR015,Salt 1kg,7,2025-01-13 15:41:00,20,3742
10602,GR006,Sunflower Oil 1L,1,2025-01-13 15:41:00,160,3742
10603,GR004,Basmati Rice 1kg,3,2025-05-09 03:51:00,120,1432
10603,GR012,Potatoes 1kg,1,2025-05-09 03:51:00,30,1432
10603,GR014,Tomatoes 1kg,1,2025-05-09 03:51:00,40,1432
10603,GR002,Bread,4,2025-05-09 03:51:00,40,1432
10603,GR011,Bananas 1 dozen,2,2025-05-09 03:51:00,50,1432
10604,GR002,Bread,8,2025-01-27 08:15:00,40,4068
10605,GR006,Sunflower Oil 1L,8,2025-03-24 05:42:00,160,2769
10606,GR013,Onions 1kg,4,2025-03-16 08:47:00,35,3042
10606,GR012,Potatoes 1kg,2,2025-03-16 08:47:00,30,3042
10607,GR004,Basmati Rice 1kg,2,2025-06-10 16:41:00,120,1283
10607,GR007,Tea Powder 500g,6,2025-06-10 16:41:00,140,1283
10607,GR010,Yogurt 200g,6,2025-06-10 16:41:00,25,1283
10607,GR006,Sunflower Oil 1L,4,2025-06-10 16:41:00,160,1283
10607,GR005,Sugar 1kg,3,2025-06-10 16:41:00,50,1283
10607,GR003,Eggs Pack (12),3,2025-06-10 16:41:00,90,1283
10608,GR013,Onions 1kg,2,2025-04-21 18:26:00,35,4723
10609,GR011,Bananas 1 dozen,5,2025-07-11 19:43:00,50,2465
10609,GR002,Bread,7,2025-07-11 19:43:00,40,2465
10610,GR010,Yogurt 200g,2,2025-02-08 01:36:00,25,4337
10610,GR001,Milk 1L,4,2025-02-08 01:36:00,60,4337
10611,GR007,Tea Powder 500g,6,2025-02-21 22:53:00,140,1662
10612,GR012,Potatoes 1kg,4,2025-03-31 11:05:00,30,4821
10612,GR001,Milk 1L,1,2025-03-31 11:05:00,60,4821
10612,GR014,Tomatoes 1kg,7,2025-03-31 11:05:00,40,4821
10612,GR007,Tea Powder 500g,6,2025-03-31 11:05:00,140,4821
10612,GR009,Butter 100g,7,2025-03-31 11:05:00,60,4821
10613,GR007,Tea Powder 500g,1,2025-05-28 08:04:00,140,1235
10613,GR015,Salt 1kg,6,2025-05-28 08:04:00,20,1235
10613,GR009,Butter 100g,7,2025-05-28 08:04:00,60,1235
10613,GR012,Potatoes 1kg,5,2025-05-28 08:04:00,30,1235
10613,GR002,Bread,8,2025-05-28 08:04:00,40,1235
10613,GR003,Eggs Pack (12),7,2025-05-28 08:04:00,90,1235
10614,GR010,Yogurt 200g,3,2025-01-17 20:21:00,25,1667
10614,GR009,Butter 100g,1,2025-01-17 20:21:00,60,1667
10614,GR003,Eggs Pack (12),6,2025-01-17 20:21:00,90,1667
10614,GR004,Basmati Rice 1kg,8,2025-01-17 20:21:00,120,1667
10614,GR013,Onions 1kg,2,2025-01-17 20:21:00,35,1667
10614,GR006,Sunflower Oil 1L,5,2025-01-17 20:21:00,160,1667
10615,GR008,Wheat Flour 1kg,7,2025-01-06 23:17:00,55,2769
10615,GR007,Tea Powder 500g,3,2025-01-06 23:17:00,140,2769
10615,GR002,Bread,1,2025-01-06 23:17:00,40,2769
10616,GR001,Milk 1L,1,2025-01-22 13:22:00,60,1432
10616,GR011,Bananas 1 dozen,5,2025-01-22 13:22:00,50,1432
10616,GR013,Onions 1kg,6,2025-01-22 13:22:00,35,1432
10616,GR003,Eggs Pack (12),7,2025-01-22 13:22:00,90,1432
10617,GR011,Bananas 1 dozen,4,2025-04-17 09:39:00,50,4300
10617,GR005,Sugar 1kg,4,2025-04-17 09:39:00,50,4300
10617,GR012,Potatoes 1kg,2,2025-04-17 09:39:00,30,4300
10618,GR007,Tea Powder 500g,5,2025-01-05 12:48:00,140,2811
10618,GR014,Tomatoes 1kg,3,2025-01-05 12:48:00,40,2811
10618,GR010,Yogurt 200g,2,2025-01-05 12:48:00,25,2811
10619,GR011,Bananas 1 dozen,5,2025-05-06 09:11:00,50,2086
10619,GR013,Onions 1kg,1,2025-05-06 09:11:00,35,2086
10619,GR006,Sunflower Oil 1L,1,2025-05-06 09:11:00,160,2086
10619,GR003,Eggs Pack (12),1,2025-05-06 09:11:00,90,2086
10619,GR007,Tea Powder 500g,4,2025-05-06 09:11:00,140,2086
10619,GR014,Tomatoes 1kg,7,2025-05-06 09:11:00,40,2086
10620,GR010,Yogurt 200g,7,2025-04-03 02:33:00,25,4625
10620,GR002,Bread,6,2025-04-03 02:33:00,40,4625
10621,GR001,Milk 1L,7,2025-01-05 09:04:00,60,4190
10621,GR010,Yogurt 200g,5,2025-01-05 09:04:00,25,4190
10621,GR006,Sunflower Oil 1L,2,2025-01-05 09:04:00,160,4190
10621,GR014,Tomatoes 1kg,5,2025-01-05 09:04:00,40,4190
10621,GR009,Butter 100g,7,2025-01-05 09:04:00,60,4190
10622,GR010,Yogurt 200g,4,2025-07-19 17:06:00,25,1576
10622,GR003,Eggs Pack (12),3,2025-07-19 17:06:00,90,1576
10622,GR005,Sugar 1kg,6,2025-07-19 17:06:00,50,1576
10622,GR009,Butter 100g,8,2025-07-19 17:06:00,60,1576
10622,GR006,Sunflower Oil 1L,3,2025-07-19 17:06:00,160,1576
10623,GR006,Sunflower Oil 1L,5,2025-03-09 02:32:00,160,1389
10623,GR013,Onions 1kg,7,2025-03-09 02:32:00,35,1389
10624,GR004,Basmati Rice 1kg,8,2025-05-24 20:36:00,120,2207
10624,GR011,Bananas 1 dozen,4,2025-05-24 20:36:00,50,2207
10625,GR005,Sugar 1kg,8,2025-05-31 21:05:00,50,4337
10625,GR011,Bananas 1 dozen,3,2025-05-31 21:05:00,50,4337
10625,GR014,Tomatoes 1kg,7,2025-05-31 21:05:00,40,4337
10625,GR004,Basmati Rice 1kg,3,2025-05-31 21:05:00,120,4337
10626,GR014,Tomatoes 1kg,4,2025-03-18 18:12:00,40,1311
10626,GR015,Salt 1kg,8,2025-03-18 18:12:00,20,1311
10626,GR006,Sunflower Oil 1L,5,2025-03-18 18:12:00,160,1311
10627,GR004,Basmati Rice 1kg,8,2025-02-05 00:43:00,120,3648
10627,GR012,Potatoes 1kg,4,2025-02-05 00:43:00,30,3648
10627,GR005,Sugar 1kg,3,2025-02-05 00:43:00,50,3648
10627,GR011,Bananas 1 dozen,2,2025-02-05 00:43:00,50,3648
10628,GR012,Potatoes 1kg,8,2025-01-02 12:15:00,30,2350
10628,GR010,Yogurt 200g,4,2025-01-02 12:15:00,25,2350
10628,GR005,Sugar 1kg,3,2025-01-02 12:15:00,50,2350
10629,GR013,Onions 1kg,7,2025-05-17 19:14:00,35,3283
10629,GR015,Salt 1kg,6,2025-05-17 19:14:00,20,3283
10629,GR003,Eggs Pack (12),3,2025-05-17 19:14:00,90,3283
10630,GR015,Salt 1kg,7,2025-06-25 18:50:00,20,4178
10630,GR009,Butter 100g,1,2025-06-25 18:50:00,60,4178
10630,GR003,Eggs Pack (12),5,2025-06-25 18:50:00,90,4178
10630,GR001,Milk 1L,1,2025-06-25 18:50:00,60,4178
10631,GR008,Wheat Flour 1kg,8,2025-05-10 09:36:00,55,2758
10632,GR015,Salt 1kg,2,2025-06-04 12:57:00,20,4469
10632,GR013,Onions 1kg,1,2025-06-04 12:57:00,35,4469
10633,GR001,Milk 1L,8,2025-03-27 16:55:00,60,4512
10634,GR015,Salt 1kg,5,2025-03-25 17:12:00,20,4548
10634,GR005,Sugar 1kg,7,2025-03-25 17:12:00,50,4548
10634,GR008,Wheat Flour 1kg,8,2025-03-25 17:12:00,55,4548
10635,GR015,Salt 1kg,4,2025-03-21 13:51:00,20,2639
10636,GR005,Sugar 1kg,6,2025-07-04 03:49:00,50,4944
10636,GR015,Salt 1kg,7,2025-07-04 03:49:00,20,4944
10636,GR012,Potatoes 1kg,2,2025-07-04 03:49:00,30,4944
10636,GR014,Tomatoes 1kg,1,2025-07-04 03:49:00,40,4944
10636,GR013,Onions 1kg,1,2025-07-04 03:49:00,35,4944
10637,GR014,Tomatoes 1kg,1,2025-03-18 11:27:00,40,1747
10637,GR010,Yogurt 200g,2,2025-03-18 11:27:00,25,1747
10637,GR013,Onions 1kg,1,2025-03-18 11:27:00,35,1747
10637,GR004,Basmati Rice 1kg,7,2025-03-18 11:27:00,120,1747
10637,GR015,Salt 1kg,3,2025-03-18 11:27:00,20,1747
10638,GR009,Butter 100g,6,2025-05-25 21:12:00,60,1410
10638,GR014,Tomatoes 1kg,1,2025-05-25 21:12:00,40,1410
10638,GR013,Onions 1kg,6,2025-05-25 21:12:00,35,1410
10639,GR011,Bananas 1 dozen,5,2025-02-09 08:52:00,50,3049
10639,GR007,Tea Powder 500g,4,2025-02-09 08:52:00,140,3049
10639,GR014,Tomatoes 1kg,6,2025-02-09 08:52:00,40,3049
10639,GR005,Sugar 1kg,4,2025-02-09 08:52:00,50,3049
10640,GR005,Sugar 1kg,4,2025-02-13 12:54:00,50,3046
10640,GR012,Potatoes 1kg,3,2025-02-13 12:54:00,30,3046
10640,GR010,Yogurt 200g,8,2025-02-13 12:54:00,25,3046
10640,GR015,Salt 1kg,7,2025-02-13 12:54:00,20,3046
10640,GR003,Eggs Pack (12),2,2025-02-13 12:54:00,90,3046
10640,GR001,Milk 1L,5,2025-02-13 12:54:00,60,3046
10641,GR015,Salt 1kg,6,2025-03-16 16:27:00,20,1116
10641,GR001,Milk 1L,6,2025-03-16 16:27:00,60,1116
10641,GR006,Sunflower Oil 1L,1,2025-03-16 16:27:00,160,1116
10641,GR014,Tomatoes 1kg,3,2025-03-16 16:27:00,40,1116
10641,GR007,Tea Powder 500g,2,2025-03-16 16:27:00,140,1116
10641,GR008,Wheat Flour 1kg,1,2025-03-16 16:27:00,55,1116
10642,GR015,Salt 1kg,8,2025-02-11 10:43:00,20,3880
10642,GR002,Bread,6,2025-02-11 10:43:00,40,3880
10642,GR004,Basmati Rice 1kg,1,2025-02-11 10:43:00,120,3880
10642,GR001,Milk 1L,4,2025-02-11 10:43:00,60,3880
10643,GR003,Eggs Pack (12),2,2025-02-16 04:26:00,90,3498
10643,GR002,Bread,3,2025-02-16 04:26:00,40,3498
10644,GR012,Potatoes 1kg,4,2025-05-24 10:30:00,30,1611
10644,GR007,Tea Powder 500g,3,2025-05-24 10:30:00,140,1611
10644,GR015,Salt 1kg,8,2025-05-24 10:30:00,20,1611
10645,GR012,Potatoes 1kg,3,2025-04-01 03:00:00,30,4407
10645,GR004,Basmati Rice 1kg,8,2025-04-01 03:00:00,120,4407
10645,GR009,Butter 100g,7,2025-04-01 03:00:00,60,4407
10645,GR008,Wheat Flour 1kg,1,2025-04-01 03:00:00,55,4407
10646,GR007,Tea Powder 500g,3,2025-05-10 11:37:00,140,2221
10646,GR013,Onions 1kg,4,2025-05-10 11:37:00,35,2221
10646,GR008,Wheat Flour 1kg,8,2025-05-10 11:37:00,55,2221
10647,GR005,Sugar 1kg,3,2025-04-03 17:05:00,50,1974
10647,GR014,Tomatoes 1kg,3,2025-04-03 17:05:00,40,1974
10647,GR010,Yogurt 200g,2,2025-04-03 17:05:00,25,1974
10648,GR003,Eggs Pack (12),7,2025-04-14 15:03:00,90,3888
10648,GR012,Potatoes 1kg,7,2025-04-14 15:03:00,30,3888
10649,GR007,Tea Powder 500g,8,2025-03-09 12:39:00,140,2302
10649,GR004,Basmati Rice 1kg,8,2025-03-09 12:39:00,120,2302
10649,GR012,Potatoes 1kg,7,2025-03-09 12:39:00,30,2302
10650,GR015,Salt 1kg,4,2025-06-03 20:20:00,20,4444
10651,GR011,Bananas 1 dozen,3,2025-03-20 16:07:00,50,1533
10651,GR009,Butter 100g,1,2025-03-20 16:07:00,60,1533
10651,GR006,Sunflower Oil 1L,3,2025-03-20 16:07:00,160,1533
10651,GR004,Basmati Rice 1kg,4,2025-03-20 16:07:00,120,1533
10651,GR001,Milk 1L,1,2025-03-20 16:07:00,60,1533
10652,GR014,Tomatoes 1kg,4,2025-02-14 02:58:00,40,3788
10652,GR005,Sugar 1kg,3,2025-02-14 02:58:00,50,3788
10652,GR013,Onions 1kg,3,2025-02-14 02:58:00,35,3788
10652,GR008,Wheat Flour 1kg,1,2025-02-14 02:58:00,55,3788
10653,GR008,Wheat Flour 1kg,1,2025-05-30 18:35:00,55,3875
10653,GR004,Basmati Rice 1kg,4,2025-05-30 18:35:00,120,3875
10653,GR012,Potatoes 1kg,2,2025-05-30 18:35:00,30,3875
10653,GR005,Sugar 1kg,3,2025-05-30 18:35:00,50,3875
10653,GR015,Salt 1kg,2,2025-05-30 18:35:00,20,3875
10653,GR003,Eggs Pack (12),5,2025-05-30 18:35:00,90,3875
10654,GR002,Bread,3,2025-01-09 11:35:00,40,4944
10654,GR012,Potatoes 1kg,3,2025-01-09 11:35:00,30,4944
10654,GR005,Sugar 1kg,3,2025-01-09 11:35:00,50,4944
10654,GR011,Bananas 1 dozen,5,2025-01-09 11:35:00,50,4944
10654,GR007,Tea Powder 500g,8,2025-01-09 11:35:00,140,4944
10654,GR003,Eggs Pack (12),3,2025-01-09 11:35:00,90,4944
10655,GR003,Eggs Pack (12),4,2025-01-25 07:47:00,90,2194
10655,GR008,Wheat Flour 1kg,6,2025-01-25 07:47:00,55,2194
10655,GR009,Butter 100g,7,2025-01-25 07:47:00,60,2194
10655,GR005,Sugar 1kg,4,2025-01-25 07:47:00,50,2194
10656,GR011,Bananas 1 dozen,8,2025-07-14 23:00:00,50,4372
10656,GR005,Sugar 1kg,5,2025-07-14 23:00:00,50,4372
10656,GR002,Bread,4,2025-07-14 23:00:00,40,4372
10657,GR011,Bananas 1 dozen,4,2025-06-29 21:07:00,50,2146
10657,GR012,Potatoes 1kg,7,2025-06-29 21:07:00,30,2146
10657,GR010,Yogurt 200g,3,2025-06-29 21:07:00,25,2146
10658,GR002,Bread,4,2025-01-17 20:54:00,40,3180
10658,GR015,Salt 1kg,6,2025-01-17 20:54:00,20,3180
10658,GR009,Butter 100g,8,2025-01-17 20:54:00,60,3180
10658,GR004,Basmati Rice 1kg,4,2025-01-17 20:54:00,120,3180
10658,GR014,Tomatoes 1kg,7,2025-01-17 20:54:00,40,3180
10659,GR011,Bananas 1 dozen,8,2025-05-19 02:57:00,50,2040
10660,GR003,Eggs Pack (12),5,2025-05-06 02:59:00,90,3033
10660,GR012,Potatoes 1kg,8,2025-05-06 02:59:00,30,3033
10660,GR013,Onions 1kg,6,2025-05-06 02:59:00,35,3033
10661,GR008,Wheat Flour 1kg,3,2025-06-30 09:55:00,55,2583
10662,GR003,Eggs Pack (12),1,2025-04-18 19:08:00,90,3498
10662,GR008,Wheat Flour 1kg,2,2025-04-18 19:08:00,55,3498
10663,GR010,Yogurt 200g,7,2025-02-21 22:01:00,25,3876
10663,GR003,Eggs Pack (12),6,2025-02-21 22:01:00,90,3876
10663,GR006,Sunflower Oil 1L,5,2025-02-21 22:01:00,160,3876
10663,GR002,Bread,6,2025-02-21 22:01:00,40,3876
10663,GR008,Wheat Flour 1kg,6,2025-02-21 22:01:00,55,3876
10664,GR001,Milk 1L,8,2025-01-30 06:32:00,60,3601
10664,GR014,Tomatoes 1kg,8,2025-01-30 06:32:00,40,3601
10665,GR011,Bananas 1 dozen,4,2025-07-19 18:38:00,50,4926
10666,GR013,Onions 1kg,6,2025-01-20 23:25:00,35,4431
10666,GR001,Milk 1L,1,2025-01-20 23:25:00,60,4431
10666,GR008,Wheat Flour 1kg,6,2025-01-20 23:25:00,55,4431
10666,GR005,Sugar 1kg,7,2025-01-20 23:25:00,50,4431
10666,GR009,Butter 100g,2,2025-01-20 23:25:00,60,4431
10667,GR010,Yogurt 200g,7,2025-01-23 09:38:00,25,2583
10667,GR006,Sunflower Oil 1L,5,2025-01-23 09:38:00,160,2583
10668,GR013,Onions 1kg,3,2025-06-20 07:23:00,35,4174
10668,GR003,Eggs Pack (12),4,2025-06-20 07:23:00,90,4174
10668,GR007,Tea Powder 500g,5,2025-06-20 07:23:00,140,4174
10668,GR002,Bread,1,2025-06-20 07:23:00,40,4174
10669,GR001,Milk 1L,7,2025-03-02 01:28:00,60,4860
10669,GR015,Salt 1kg,7,2025-03-02 01:28:00,20,4860
10669,GR005,Sugar 1kg,7,2025-03-02 01:28:00,50,4860
10669,GR013,Onions 1kg,1,2025-03-02 01:28:00,35,4860
10670,GR004,Basmati Rice 1kg,5,2025-05-21 17:27:00,120,3315
10670,GR015,Salt 1kg,2,2025-05-21 17:27:00,20,3315
10670,GR003,Eggs Pack (12),2,2025-05-21 17:27:00,90,3315
10670,GR006,Sunflower Oil 1L,6,2025-05-21 17:27:00,160,3315
10670,GR012,Potatoes 1kg,8,2025-05-21 17:27:00,30,3315
10671,GR005,Sugar 1kg,8,2025-05-27 21:02:00,50,2785
10671,GR008,Wheat Flour 1kg,3,2025-05-27 21:02:00,55,2785
10671,GR010,Yogurt 200g,7,2025-05-27 21:02:00,25,2785
10671,GR003,Eggs Pack (12),2,2025-05-27 21:02:00,90,2785
10672,GR010,Yogurt 200g,1,2025-01-15 00:04:00,25,1702
10672,GR013,Onions 1kg,1,2025-01-15 00:04:00,35,1702
10672,GR012,Potatoes 1kg,8,2025-01-15 00:04:00,30,1702
10672,GR009,Butter 100g,1,2025-01-15 00:04:00,60,1702
10673,GR013,Onions 1kg,8,2025-06-11 23:09:00,35,3888
10673,GR007,Tea Powder 500g,5,2025-06-11 23:09:00,140,3888
10673,GR005,Sugar 1kg,3,2025-06-11 23:09:00,50,3888
10673,GR012,Potatoes 1kg,7,2025-06-11 23:09:00,30,3888
10674,GR002,Bread,6,2025-05-06 12:35:00,40,3612
10674,GR007,Tea Powder 500g,2,2025-05-06 12:35:00,140,3612
10675,GR009,Butter 100g,3,2025-07-07 04:21:00,60,1884
10675,GR005,Sugar 1kg,7,2025-07-07 04:21:00,50,1884
10675,GR015,Salt 1kg,7,2025-07-07 04:21:00,20,1884
10675,GR013,Onions 1kg,6,2025-07-07 04:21:00,35,1884
10675,GR007,Tea Powder 500g,7,2025-07-07 04:21:00,140,1884
10676,GR001,Milk 1L,8,2025-04-17 01:48:00,60,2023
10676,GR010,Yogurt 200g,1,2025-04-17 01:48:00,25,2023
10676,GR011,Bananas 1 dozen,8,2025-04-17 01:48:00,50,2023
10676,GR006,Sunflower Oil 1L,1,2025-04-17 01:48:00,160,2023
10676,GR009,Butter 100g,3,2025-04-17 01:48:00,60,2023
10676,GR012,Potatoes 1kg,3,2025-04-17 01:48:00,30,2023
10677,GR008,Wheat Flour 1kg,7,2025-07-04 04:40:00,55,3831
10677,GR003,Eggs Pack (12),2,2025-07-04 04:40:00,90,3831
10677,GR006,Sunflower Oil 1L,4,2025-07-04 04:40:00,160,3831
10677,GR002,Bread,1,2025-07-04 04:40:00,40,3831
10678,GR013,Onions 1kg,3,2025-01-03 19:51:00,35,3831
10678,GR010,Yogurt 200g,5,2025-01-03 19:51:00,25,3831
10679,GR001,Milk 1L,6,2025-03-19 23:48:00,60,3315
10679,GR003,Eggs Pack (12),6,2025-03-19 23:48:00,90,3315
10680,GR010,Yogurt 200g,8,2025-07-15 02:05:00,25,1572
10680,GR013,Onions 1kg,7,2025-07-15 02:05:00,35,1572
10680,GR014,Tomatoes 1kg,1,2025-07-15 02:05:00,40,1572
10681,GR002,Bread,8,2025-02-04 00:40:00,40,3685
10681,GR013,Onions 1kg,5,2025-02-04 00:40:00,35,3685
10681,GR003,Eggs Pack (12),3,2025-02-04 00:40:00,90,3685
10681,GR014,Tomatoes 1kg,7,2025-02-04 00:40:00,40,3685
10682,GR003,Eggs Pack (12),6,2025-03-15 22:23:00,90,3050
10682,GR008,Wheat Flour 1kg,2,2025-03-15 22:23:00,55,3050
10682,GR001,Milk 1L,7,2025-03-15 22:23:00,60,3050
10682,GR011,Bananas 1 dozen,7,2025-03-15 22:23:00,50,3050
10683,GR003,Eggs Pack (12),4,2025-03-09 15:31:00,90,1066
10684,GR004,Basmati Rice 1kg,8,2025-05-16 09:24:00,120,2673
10684,GR013,Onions 1kg,5,2025-05-16 09:24:00,35,2673
10684,GR015,Salt 1kg,3,2025-05-16 09:24:00,20,2673
10685,GR009,Butter 100g,6,2025-03-23 03:54:00,60,4420
10686,GR013,Onions 1kg,3,2025-02-09 04:44:00,35,3414
10686,GR005,Sugar 1kg,1,2025-02-09 04:44:00,50,3414
10686,GR010,Yogurt 200g,2,2025-02-09 04:44:00,25,3414
10687,GR001,Milk 1L,1,2025-05-29 11:03:00,60,3749
10687,GR014,Tomatoes 1kg,6,2025-05-29 11:03:00,40,3749
10687,GR003,Eggs Pack (12),4,2025-05-29 11:03:00,90,3749
10687,GR013,Onions 1kg,2,2025-05-29 11:03:00,35,3749
10688,GR004,Basmati Rice 1kg,8,2025-02-07 23:12:00,120,3341
10688,GR005,Sugar 1kg,2,2025-02-07 23:12:00,50,3341
10688,GR008,Wheat Flour 1kg,2,2025-02-07 23:12:00,55,3341
10688,GR012,Potatoes 1kg,8,2025-02-07 23:12:00,30,3341
10688,GR003,Eggs Pack (12),7,2025-02-07 23:12:00,90,3341
10688,GR013,Onions 1kg,5,2025-02-07 23:12:00,35,3341
10689,GR010,Yogurt 200g,3,2025-01-24 18:23:00,25,2450
10689,GR002,Bread,7,2025-01-24 18:23:00,40,2450
10689,GR014,Tomatoes 1kg,3,2025-01-24 18:23:00,40,2450
10690,GR014,Tomatoes 1kg,7,2025-07-20 18:07:00,40,2981
10690,GR008,Wheat Flour 1kg,6,2025-07-20 18:07:00,55,2981
10690,GR011,Bananas 1 dozen,4,2025-07-20 18:07:00,50,2981
10691,GR003,Eggs Pack (12),3,2025-05-19 05:30:00,90,1603
10691,GR009,Butter 100g,5,2025-05-19 05:30:00,60,1603
10692,GR012,Potatoes 1kg,7,2025-05-04 11:09:00,30,3440
10692,GR011,Bananas 1 dozen,7,2025-05-04 11:09:00,50,3440
10693,GR010,Yogurt 200g,4,2025-03-10 02:41:00,25,3180
10693,GR002,Bread,7,2025-03-10 02:41:00,40,3180
10693,GR014,Tomatoes 1kg,7,2025-03-10 02:41:00,40,3180
10693,GR006,Sunflower Oil 1L,1,2025-03-10 02:41:00,160,3180
10693,GR004,Basmati Rice 1kg,6,2025-03-10 02:41:00,120,3180
10693,GR015,Salt 1kg,8,2025-03-10 02:41:00,20,3180
10694,GR010,Yogurt 200g,4,2025-02-22 21:43:00,25,1839
10694,GR014,Tomatoes 1kg,1,2025-02-22 21:43:00,40,1839
10694,GR009,Butter 100g,2,2025-02-22 21:43:00,60,1839
10694,GR006,Sunflower Oil 1L,4,2025-02-22 21:43:00,160,1839
10694,GR004,Basmati Rice 1kg,8,2025-02-22 21:43:00,120,1839
10695,GR013,Onions 1kg,4,2025-07-11 20:13:00,35,2450
10695,GR009,Butter 100g,3,2025-07-11 20:13:00,60,2450
10695,GR011,Bananas 1 dozen,3,2025-07-11 20:13:00,50,2450
10695,GR006,Sunflower Oil 1L,2,2025-07-11 20:13:00,160,2450
10696,GR011,Bananas 1 dozen,8,2025-06-24 06:20:00,50,4322
10696,GR014,Tomatoes 1kg,2,2025-06-24 06:20:00,40,4322
10696,GR008,Wheat Flour 1kg,8,2025-06-24 06:20:00,55,4322
10696,GR009,Butter 100g,3,2025-06-24 06:20:00,60,4322
10697,GR009,Butter 100g,8,2025-02-12 23:48:00,60,1799
10697,GR005,Sugar 1kg,1,2025-02-12 23:48:00,50,1799
10697,GR002,Bread,8,2025-02-12 23:48:00,40,1799
10698,GR006,Sunflower Oil 1L,8,2025-01-23 08:55:00,160,1918
10698,GR010,Yogurt 200g,3,2025-01-23 08:55:00,25,1918
10698,GR002,Bread,5,2025-01-23 08:55:00,40,1918
10698,GR015,Salt 1kg,3,2025-01-23 08:55:00,20,1918
10699,GR014,Tomatoes 1kg,8,2025-03-17 05:33:00,40,3827
10699,GR001,Milk 1L,4,2025-03-17 05:33:00,60,3827
10699,GR002,Bread,1,2025-03-17 05:33:00,40,3827
10699,GR015,Salt 1kg,5,2025-03-17 05:33:00,20,3827
10699,GR013,Onions 1kg,5,2025-03-17 05:33:00,35,3827
10700,GR010,Yogurt 200g,5,2025-03-16 11:39:00,25,2705
10700,GR009,Butter 100g,1,2025-03-16 11:39:00,60,2705
10700,GR006,Sunflower Oil 1L,5,2025-03-16 11:39:00,160,2705
10700,GR012,Potatoes 1kg,3,2025-03-16 11:39:00,30,2705
10701,GR001,Milk 1L,5,2025-07-13 09:39:00,60,1900
10701,GR012,Potatoes 1kg,7,2025-07-13 09:39:00,30,1900
10701,GR006,Sunflower Oil 1L,8,2025-07-13 09:39:00,160,1900
10702,GR009,Butter 100g,6,2025-05-13 13:32:00,60,2811
10702,GR012,Potatoes 1kg,4,2025-05-13 13:32:00,30,2811
10702,GR001,Milk 1L,4,2025-05-13 13:32:00,60,2811
10702,GR013,Onions 1kg,2,2025-05-13 13:32:00,35,2811
10703,GR011,Bananas 1 dozen,2,2025-05-09 02:13:00,50,1125
10703,GR006,Sunflower Oil 1L,7,2025-05-09 02:13:00,160,1125
10704,GR004,Basmati Rice 1kg,7,2025-07-16 05:18:00,120,4697
10704,GR006,Sunflower Oil 1L,4,2025-07-16 05:18:00,160,4697
10704,GR014,Tomatoes 1kg,7,2025-07-16 05:18:00,40,4697
10704,GR002,Bread,7,2025-07-16 05:18:00,40,4697
10705,GR002,Bread,7,2025-03-22 03:09:00,40,2287
10705,GR009,Butter 100g,2,2025-03-22 03:09:00,60,2287
10705,GR008,Wheat Flour 1kg,2,2025-03-22 03:09:00,55,2287
10705,GR014,Tomatoes 1kg,4,2025-03-22 03:09:00,40,2287
10706,GR009,Butter 100g,3,2025-05-03 17:11:00,60,1702
10707,GR006,Sunflower Oil 1L,3,2025-03-28 08:10:00,160,2862
10707,GR014,Tomatoes 1kg,7,2025-03-28 08:10:00,40,2862
10707,GR002,Bread,7,2025-03-28 08:10:00,40,2862
10707,GR005,Sugar 1kg,6,2025-03-28 08:10:00,50,2862
10707,GR012,Potatoes 1kg,6,2025-03-28 08:10:00,30,2862
10707,GR003,Eggs Pack (12),1,2025-03-28 08:10:00,90,2862
10708,GR012,Potatoes 1kg,6,2025-04-27 16:37:00,30,1974
10709,GR011,Bananas 1 dozen,7,2025-04-25 07:00:00,50,2374
10709,GR004,Basmati Rice 1kg,2,2025-04-25 07:00:00,120,2374
10709,GR007,Tea Powder 500g,6,2025-04-25 07:00:00,140,2374
10709,GR010,Yogurt 200g,8,2025-04-25 07:00:00,25,2374
10710,GR009,Butter 100g,7,2025-07-07 20:35:00,60,2673
10711,GR003,Eggs Pack (12),7,2025-02-24 05:06:00,90,1734
10711,GR005,Sugar 1kg,4,2025-02-24 05:06:00,50,1734
10711,GR002,Bread,5,2025-02-24 05:06:00,40,1734
10711,GR007,Tea Powder 500g,8,2025-02-24 05:06:00,140,1734
10711,GR008,Wheat Flour 1kg,3,2025-02-24 05:06:00,55,1734
10712,GR009,Butter 100g,8,2025-05-13 10:07:00,60,1523
10712,GR003,Eggs Pack (12),7,2025-05-13 10:07:00,90,1523
10712,GR002,Bread,6,2025-05-13 10:07:00,40,1523
10712,GR001,Milk 1L,7,2025-05-13 10:07:00,60,1523
10713,GR005,Sugar 1kg,5,2025-05-19 09:31:00,50,2457
10713,GR007,Tea Powder 500g,2,2025-05-19 09:31:00,140,2457
10713,GR003,Eggs Pack (12),8,2025-05-19 09:31:00,90,2457
10714,GR014,Tomatoes 1kg,1,2025-01-13 04:47:00,40,3042
10714,GR008,Wheat Flour 1kg,4,2025-01-13 04:47:00,55,3042
10714,GR005,Sugar 1kg,2,2025-01-13 04:47:00,50,3042
10715,GR003,Eggs Pack (12),6,2025-02-02 03:22:00,90,1388
10715,GR015,Salt 1kg,5,2025-02-02 03:22:00,20,1388
10715,GR004,Basmati Rice 1kg,8,2025-02-02 03:22:00,120,1388
10715,GR005,Sugar 1kg,4,2025-02-02 03:22:00,50,1388
10715,GR010,Yogurt 200g,3,2025-02-02 03:22:00,25,1388
10716,GR010,Yogurt 200g,3,2025-06-30 14:07:00,25,1020
10716,GR007,Tea Powder 500g,6,2025-06-30 14:07:00,140,1020
10716,GR001,Milk 1L,2,2025-06-30 14:07:00,60,1020
10716,GR012,Potatoes 1kg,6,2025-06-30 14:07:00,30,1020
10717,GR011,Bananas 1 dozen,8,2025-07-15 08:12:00,50,4742
10717,GR015,Salt 1kg,4,2025-07-15 08:12:00,20,4742
10718,GR008,Wheat Flour 1kg,3,2025-02-16 23:31:00,55,3692
10718,GR001,Milk 1L,5,2025-02-16 23:31:00,60,3692
10718,GR012,Potatoes 1kg,4,2025-02-16 23:31:00,30,3692
10718,GR003,Eggs Pack (12),8,2025-02-16 23:31:00,90,3692
10718,GR007,Tea Powder 500g,2,2025-02-16 23:31:00,140,3692
10718,GR010,Yogurt 200g,3,2025-02-16 23:31:00,25,3692
10719,GR012,Potatoes 1kg,4,2025-06-29 13:00:00,30,2302
10719,GR015,Salt 1kg,6,2025-06-29 13:00:00,20,2302
10719,GR013,Onions 1kg,7,2025-06-29 13:00:00,35,2302
10719,GR014,Tomatoes 1kg,7,2025-06-29 13:00:00,40,2302
10719,GR006,Sunflower Oil 1L,3,2025-06-29 13:00:00,160,2302
10720,GR013,Onions 1kg,3,2025-04-07 08:00:00,35,4742
10720,GR010,Yogurt 200g,1,2025-04-07 08:00:00,25,4742
10720,GR012,Potatoes 1kg,2,2025-04-07 08:00:00,30,4742
10720,GR015,Salt 1kg,2,2025-04-07 08:00:00,20,4742
10721,GR008,Wheat Flour 1kg,4,2025-01-02 22:35:00,55,1526
10721,GR013,Onions 1kg,7,2025-01-02 22:35:00,35,1526
10721,GR005,Sugar 1kg,2,2025-01-02 22:35:00,50,1526
10721,GR015,Salt 1kg,6,2025-01-02 22:35:00,20,1526
10721,GR011,Bananas 1 dozen,6,2025-01-02 22:35:00,50,1526
10721,GR004,Basmati Rice 1kg,4,2025-01-02 22:35:00,120,1526
10722,GR004,Basmati Rice 1kg,4,2025-05-26 09:57:00,120,4859
10723,GR007,Tea Powder 500g,2,2025-07-17 19:14:00,140,4340
10723,GR004,Basmati Rice 1kg,6,2025-07-17 19:14:00,120,4340
10723,GR005,Sugar 1kg,3,2025-07-17 19:14:00,50,4340
10723,GR010,Yogurt 200g,2,2025-07-17 19:14:00,25,4340
10723,GR012,Potatoes 1kg,2,2025-07-17 19:14:00,30,4340
10724,GR014,Tomatoes 1kg,5,2025-06-09 03:51:00,40,2340
10724,GR003,Eggs Pack (12),7,2025-06-09 03:51:00,90,2340
10724,GR007,Tea Powder 500g,8,2025-06-09 03:51:00,140,2340
10724,GR008,Wheat Flour 1kg,5,2025-06-09 03:51:00,55,2340
10725,GR002,Bread,3,2025-01-27 12:11:00,40,3831
10725,GR004,Basmati Rice 1kg,7,2025-01-27 12:11:00,120,3831
10725,GR001,Milk 1L,7,2025-01-27 12:11:00,60,3831
10726,GR012,Potatoes 1kg,6,2025-01-09 04:50:00,30,1813
10726,GR001,Milk 1L,3,2025-01-09 04:50:00,60,1813
10726,GR011,Bananas 1 dozen,5,2025-01-09 04:50:00,50,1813
10726,GR002,Bread,6,2025-01-09 04:50:00,40,1813
10726,GR004,Basmati Rice 1kg,7,2025-01-09 04:50:00,120,1813
10726,GR008,Wheat Flour 1kg,7,2025-01-09 04:50:00,55,1813
10727,GR014,Tomatoes 1kg,3,2025-06-06 09:21:00,40,2730
10727,GR001,Milk 1L,7,2025-06-06 09:21:00,60,2730
10727,GR015,Salt 1kg,2,2025-06-06 09:21:00,20,2730
10727,GR004,Basmati Rice 1kg,5,2025-06-06 09:21:00,120,2730
10727,GR003,Eggs Pack (12),3,2025-06-06 09:21:00,90,2730
10727,GR009,Butter 100g,1,2025-06-06 09:21:00,60,2730
10728,GR002,Bread,1,2025-03-26 20:58:00,40,4345
10729,GR014,Tomatoes 1kg,1,2025-04-10 21:53:00,40,2164
10729,GR012,Potatoes 1kg,5,2025-04-10 21:53:00,30,2164
10729,GR013,Onions 1kg,5,2025-04-10 21:53:00,35,2164
10729,GR005,Sugar 1kg,1,2025-04-10 21:53:00,50,2164
10729,GR010,Yogurt 200g,7,2025-04-10 21:53:00,25,2164
10730,GR010,Yogurt 200g,2,2025-04-08 03:53:00,25,4173
10730,GR004,Basmati Rice 1kg,2,2025-04-08 03:53:00,120,4173
10730,GR012,Potatoes 1kg,1,2025-04-08 03:53:00,30,4173
10730,GR006,Sunflower Oil 1L,5,2025-04-08 03:53:00,160,4173
10731,GR004,Basmati Rice 1kg,1,2025-05-29 13:02:00,120,4036
10732,GR002,Bread,1,2025-03-23 23:05:00,40,4952
10732,GR007,Tea Powder 500g,1,2025-03-23 23:05:00,140,4952
10732,GR015,Salt 1kg,7,2025-03-23 23:05:00,20,4952
10732,GR014,Tomatoes 1kg,1,2025-03-23 23:05:00,40,4952
10732,GR001,Milk 1L,5,2025-03-23 23:05:00,60,4952
10733,GR001,Milk 1L,2,2025-05-10 06:05:00,60,2374
10733,GR013,Onions 1kg,7,2025-05-10 06:05:00,35,2374
10733,GR005,Sugar 1kg,4,2025-05-10 06:05:00,50,2374
10733,GR010,Yogurt 200g,5,2025-05-10 06:05:00,25,2374
10734,GR009,Butter 100g,4,2025-06-10 14:36:00,60,4899
10735,GR012,Potatoes 1kg,3,2025-07-20 03:06:00,30,2588
10735,GR010,Yogurt 200g,4,2025-07-20 03:06:00,25,2588
10736,GR009,Butter 100g,2,2025-04-30 14:59:00,60,3773
10736,GR003,Eggs Pack (12),2,2025-04-30 14:59:00,90,3773
10736,GR011,Bananas 1 dozen,1,2025-04-30 14:59:00,50,3773
10736,GR012,Potatoes 1kg,1,2025-04-30 14:59:00,30,3773
10736,GR005,Sugar 1kg,6,2025-04-30 14:59:00,50,3773
10736,GR004,Basmati Rice 1kg,8,2025-04-30 14:59:00,120,3773
10737,GR014,Tomatoes 1kg,2,2025-05-10 20:48:00,40,3315
10737,GR009,Butter 100g,4,2025-05-10 20:48:00,60,3315
10737,GR003,Eggs Pack (12),2,2025-05-10 20:48:00,90,3315
10737,GR005,Sugar 1kg,3,2025-05-10 20:48:00,50,3315
10737,GR007,Tea Powder 500g,4,2025-05-10 20:48:00,140,3315
10738,GR003,Eggs Pack (12),7,2025-05-04 00:41:00,90,3046
10738,GR002,Bread,4,2025-05-04 00:41:00,40,3046
10739,GR012,Potatoes 1kg,3,2025-02-21 11:43:00,30,4693
10739,GR009,Butter 100g,5,2025-02-21 11:43:00,60,4693
10739,GR015,Salt 1kg,1,2025-02-21 11:43:00,20,4693
10739,GR005,Sugar 1kg,4,2025-02-21 11:43:00,50,4693
10739,GR004,Basmati Rice 1kg,7,2025-02-21 11:43:00,120,4693
10739,GR010,Yogurt 200g,5,2025-02-21 11:43:00,25,4693
10740,GR008,Wheat Flour 1kg,3,2025-05-21 22:15:00,55,2340
10741,GR011,Bananas 1 dozen,8,2025-03-01 01:35:00,50,3346
10741,GR001,Milk 1L,4,2025-03-01 01:35:00,60,3346
10742,GR004,Basmati Rice 1kg,1,2025-04-01 11:15:00,120,4608
10742,GR005,Sugar 1kg,6,2025-04-01 11:15:00,50,4608
10742,GR013,Onions 1kg,5,2025-04-01 11:15:00,35,4608
10742,GR006,Sunflower Oil 1L,1,2025-04-01 11:15:00,160,4608
10742,GR011,Bananas 1 dozen,2,2025-04-01 11:15:00,50,4608
10742,GR014,Tomatoes 1kg,3,2025-04-01 11:15:00,40,4608
10743,GR002,Bread,7,2025-03-25 21:07:00,40,2040
10743,GR003,Eggs Pack (12),6,2025-03-25 21:07:00,90,2040
10743,GR015,Salt 1kg,1,2025-03-25 21:07:00,20,2040
10744,GR009,Butter 100g,2,2025-03-19 23:01:00,60,2032
10744,GR007,Tea Powder 500g,2,2025-03-19 23:01:00,140,2032
10744,GR006,Sunflower Oil 1L,7,2025-03-19 23:01:00,160,2032
10744,GR005,Sugar 1kg,7,2025-03-19 23:01:00,50,2032
10744,GR004,Basmati Rice 1kg,4,2025-03-19 23:01:00,120,2032
10745,GR007,Tea Powder 500g,2,2025-03-31 14:37:00,140,1436
10745,GR006,Sunflower Oil 1L,1,2025-03-31 14:37:00,160,1436
10745,GR008,Wheat Flour 1kg,2,2025-03-31 14:37:00,55,1436
10745,GR001,Milk 1L,4,2025-03-31 14:37:00,60,1436
10745,GR005,Sugar 1kg,4,2025-03-31 14:37:00,50,1436
10746,GR005,Sugar 1kg,6,2025-01-09 01:26:00,50,2040
10746,GR012,Potatoes 1kg,1,2025-01-09 01:26:00,30,2040
10746,GR004,Basmati Rice 1kg,6,2025-01-09 01:26:00,120,2040
10747,GR009,Butter 100g,4,2025-04-02 16:05:00,60,1420
10747,GR008,Wheat Flour 1kg,5,2025-04-02 16:05:00,55,1420
10747,GR004,Basmati Rice 1kg,1,2025-04-02 16:05:00,120,1420
10747,GR007,Tea Powder 500g,7,2025-04-02 16:05:00,140,1420
10748,GR012,Potatoes 1kg,3,2025-04-08 11:30:00,30,1884
10748,GR014,Tomatoes 1kg,7,2025-04-08 11:30:00,40,1884
10748,GR001,Milk 1L,6,2025-04-08 11:30:00,60,1884
10748,GR006,Sunflower Oil 1L,5,2025-04-08 11:30:00,160,1884
10749,GR002,Bread,3,2025-06-30 13:22:00,40,1846
10749,GR005,Sugar 1kg,8,2025-06-30 13:22:00,50,1846
10749,GR014,Tomatoes 1kg,3,2025-06-30 13:22:00,40,1846
10750,GR004,Basmati Rice 1kg,4,2025-01-22 16:15:00,120,2350
10750,GR013,Onions 1kg,2,2025-01-22 16:15:00,35,2350
10751,GR004,Basmati Rice 1kg,8,2025-02-14 00:29:00,120,4407
10752,GR012,Potatoes 1kg,6,2025-03-03 15:05:00,30,4558
10752,GR011,Bananas 1 dozen,5,2025-03-03 15:05:00,50,4558
10752,GR002,Bread,6,2025-03-03 15:05:00,40,4558
10752,GR008,Wheat Flour 1kg,7,2025-03-03 15:05:00,55,4558
10752,GR010,Yogurt 200g,4,2025-03-03 15:05:00,25,4558
10752,GR003,Eggs Pack (12),4,2025-03-03 15:05:00,90,4558
10753,GR003,Eggs Pack (12),1,2025-03-20 20:10:00,90,2588
10753,GR005,Sugar 1kg,2,2025-03-20 20:10:00,50,2588
10753,GR008,Wheat Flour 1kg,5,2025-03-20 20:10:00,55,2588
10753,GR007,Tea Powder 500g,6,2025-03-20 20:10:00,140,2588
10753,GR006,Sunflower Oil 1L,6,2025-03-20 20:10:00,160,2588
10754,GR010,Yogurt 200g,6,2025-04-17 12:21:00,25,2588
10754,GR003,Eggs Pack (12),7,2025-04-17 12:21:00,90,2588
10755,GR008,Wheat Flour 1kg,7,2025-06-20 21:04:00,55,3009
10755,GR010,Yogurt 200g,3,2025-06-20 21:04:00,25,3009
10755,GR015,Salt 1kg,8,2025-06-20 21:04:00,20,3009
10755,GR009,Butter 100g,2,2025-06-20 21:04:00,60,3009
10755,GR013,Onions 1kg,8,2025-06-20 21:04:00,35,3009
10756,GR008,Wheat Flour 1kg,3,2025-06-17 13:25:00,55,1131
10757,GR009,Butter 100g,2,2025-01-25 21:43:00,60,4821
10757,GR004,Basmati Rice 1kg,7,2025-01-25 21:43:00,120,4821
10757,GR005,Sugar 1kg,6,2025-01-25 21:43:00,50,4821
10758,GR006,Sunflower Oil 1L,7,2025-07-19 22:12:00,160,2907
10758,GR003,Eggs Pack (12),8,2025-07-19 22:12:00,90,2907
10759,GR011,Bananas 1 dozen,5,2025-05-27 16:07:00,50,3033
10759,GR004,Basmati Rice 1kg,8,2025-05-27 16:07:00,120,3033
10759,GR006,Sunflower Oil 1L,6,2025-05-27 16:07:00,160,3033
10760,GR012,Potatoes 1kg,2,2025-07-05 11:04:00,30,1667
10761,GR001,Milk 1L,2,2025-05-12 06:07:00,60,4354
10761,GR003,Eggs Pack (12),4,2025-05-12 06:07:00,90,4354
10761,GR014,Tomatoes 1kg,8,2025-05-12 06:07:00,40,4354
10761,GR008,Wheat Flour 1kg,4,2025-05-12 06:07:00,55,4354
10762,GR006,Sunflower Oil 1L,2,2025-01-05 22:28:00,160,4190
10763,GR002,Bread,6,2025-04-21 14:22:00,40,1533
10763,GR014,Tomatoes 1kg,7,2025-04-21 14:22:00,40,1533
10763,GR007,Tea Powder 500g,7,2025-04-21 14:22:00,140,1533
10763,GR001,Milk 1L,2,2025-04-21 14:22:00,60,1533
10763,GR012,Potatoes 1kg,4,2025-04-21 14:22:00,30,1533
10763,GR004,Basmati Rice 1kg,5,2025-04-21 14:22:00,120,1533
10764,GR001,Milk 1L,3,2025-07-19 12:07:00,60,3043
10764,GR005,Sugar 1kg,5,2025-07-19 12:07:00,50,3043
10764,GR010,Yogurt 200g,5,2025-07-19 12:07:00,25,3043
10764,GR015,Salt 1kg,8,2025-07-19 12:07:00,20,3043
10764,GR009,Butter 100g,2,2025-07-19 12:07:00,60,3043
10764,GR004,Basmati Rice 1kg,3,2025-07-19 12:07:00,120,3043
10765,GR007,Tea Powder 500g,5,2025-04-02 21:59:00,140,2862
10765,GR008,Wheat Flour 1kg,1,2025-04-02 21:59:00,55,2862
10765,GR006,Sunflower Oil 1L,4,2025-04-02 21:59:00,160,2862
10765,GR003,Eggs Pack (12),5,2025-04-02 21:59:00,90,2862
10765,GR004,Basmati Rice 1kg,5,2025-04-02 21:59:00,120,2862
10766,GR011,Bananas 1 dozen,8,2025-04-14 15:58:00,50,3329
10766,GR005,Sugar 1kg,4,2025-04-14 15:58:00,50,3329
10766,GR006,Sunflower Oil 1L,6,2025-04-14 15:58:00,160,3329
10766,GR002,Bread,8,2025-04-14 15:58:00,40,3329
10766,GR014,Tomatoes 1kg,8,2025-04-14 15:58:00,40,3329
10766,GR001,Milk 1L,7,2025-04-14 15:58:00,60,3329
10767,GR007,Tea Powder 500g,4,2025-07-20 06:11:00,140,4127
10767,GR002,Bread,7,2025-07-20 06:11:00,40,4127
10767,GR008,Wheat Flour 1kg,3,2025-07-20 06:11:00,55,4127
10768,GR006,Sunflower Oil 1L,4,2025-06-27 11:15:00,160,1389
10768,GR007,Tea Powder 500g,2,2025-06-27 11:15:00,140,1389
10768,GR005,Sugar 1kg,4,2025-06-27 11:15:00,50,1389
10768,GR003,Eggs Pack (12),1,2025-06-27 11:15:00,90,1389
10768,GR002,Bread,4,2025-06-27 11:15:00,40,1389
10769,GR002,Bread,5,2025-04-01 10:22:00,40,4477
10769,GR012,Potatoes 1kg,5,2025-04-01 10:22:00,30,4477
10769,GR004,Basmati Rice 1kg,3,2025-04-01 10:22:00,120,4477
10769,GR006,Sunflower Oil 1L,3,2025-04-01 10:22:00,160,4477
10769,GR010,Yogurt 200g,4,2025-04-01 10:22:00,25,4477
10770,GR010,Yogurt 200g,3,2025-03-08 00:00:00,25,1813
10770,GR005,Sugar 1kg,6,2025-03-08 00:00:00,50,1813
10770,GR011,Bananas 1 dozen,3,2025-03-08 00:00:00,50,1813
10770,GR004,Basmati Rice 1kg,5,2025-03-08 00:00:00,120,1813
10771,GR008,Wheat Flour 1kg,3,2025-01-11 11:02:00,55,3319
10772,GR013,Onions 1kg,7,2025-03-08 01:17:00,35,1734
10772,GR005,Sugar 1kg,8,2025-03-08 01:17:00,50,1734
10772,GR008,Wheat Flour 1kg,6,2025-03-08 01:17:00,55,1734
10772,GR010,Yogurt 200g,7,2025-03-08 01:17:00,25,1734
10773,GR001,Milk 1L,5,2025-07-16 21:25:00,60,4350
10773,GR013,Onions 1kg,4,2025-07-16 21:25:00,35,4350
10773,GR005,Sugar 1kg,4,2025-07-16 21:25:00,50,4350
10774,GR001,Milk 1L,4,2025-01-16 18:32:00,60,1481
10775,GR001,Milk 1L,1,2025-05-30 21:52:00,60,1995
10775,GR005,Sugar 1kg,3,2025-05-30 21:52:00,50,1995
10776,GR005,Sugar 1kg,8,2025-02-01 19:45:00,50,4849
10776,GR001,Milk 1L,8,2025-02-01 19:45:00,60,4849
10776,GR012,Potatoes 1kg,2,2025-02-01 19:45:00,30,4849
10777,GR007,Tea Powder 500g,1,2025-04-12 23:57:00,140,2607
10777,GR004,Basmati Rice 1kg,7,2025-04-12 23:57:00,120,2607
10777,GR002,Bread,5,2025-04-12 23:57:00,40,2607
10777,GR005,Sugar 1kg,7,2025-04-12 23:57:00,50,2607
10777,GR009,Butter 100g,6,2025-04-12 23:57:00,60,2607
10777,GR006,Sunflower Oil 1L,4,2025-04-12 23:57:00,160,2607
10778,GR004,Basmati Rice 1kg,1,2025-05-23 05:25:00,120,2785
10779,GR012,Potatoes 1kg,4,2025-04-22 02:04:00,30,3315
10779,GR005,Sugar 1kg,6,2025-04-22 02:04:00,50,3315
10779,GR010,Yogurt 200g,1,2025-04-22 02:04:00,25,3315
10779,GR004,Basmati Rice 1kg,5,2025-04-22 02:04:00,120,3315
10779,GR014,Tomatoes 1kg,3,2025-04-22 02:04:00,40,3315
10779,GR003,Eggs Pack (12),6,2025-04-22 02:04:00,90,3315
10780,GR015,Salt 1kg,3,2025-07-01 21:15:00,20,1846
10780,GR009,Butter 100g,6,2025-07-01 21:15:00,60,1846
10781,GR001,Milk 1L,5,2025-02-26 08:14:00,60,4325
10782,GR007,Tea Powder 500g,8,2025-02-08 00:18:00,140,2502
10782,GR013,Onions 1kg,7,2025-02-08 00:18:00,35,2502
10782,GR009,Butter 100g,8,2025-02-08 00:18:00,60,2502
10783,GR010,Yogurt 200g,3,2025-06-14 14:00:00,25,2460
10783,GR006,Sunflower Oil 1L,6,2025-06-14 14:00:00,160,2460
10783,GR003,Eggs Pack (12),4,2025-06-14 14:00:00,90,2460
10783,GR012,Potatoes 1kg,6,2025-06-14 14:00:00,30,2460
10783,GR014,Tomatoes 1kg,3,2025-06-14 14:00:00,40,2460
10784,GR005,Sugar 1kg,6,2025-07-14 06:51:00,50,1606
10784,GR006,Sunflower Oil 1L,5,2025-07-14 06:51:00,160,1606
10784,GR004,Basmati Rice 1kg,2,2025-07-14 06:51:00,120,1606
10785,GR003,Eggs Pack (12),5,2025-06-22 08:48:00,90,4625
10785,GR012,Potatoes 1kg,4,2025-06-22 08:48:00,30,4625
10786,GR007,Tea Powder 500g,6,2025-03-21 19:26:00,140,3831
10786,GR006,Sunflower Oil 1L,1,2025-03-21 19:26:00,160,3831
10787,GR012,Potatoes 1kg,5,2025-07-01 14:32:00,30,1217
10788,GR011,Bananas 1 dozen,4,2025-07-16 18:02:00,50,4322
10788,GR007,Tea Powder 500g,4,2025-07-16 18:02:00,140,4322
10788,GR002,Bread,3,2025-07-16 18:02:00,40,4322
10788,GR009,Butter 100g,4,2025-07-16 18:02:00,60,4322
10788,GR005,Sugar 1kg,5,2025-07-16 18:02:00,50,4322
10788,GR001,Milk 1L,3,2025-07-16 18:02:00,60,4322
10789,GR014,Tomatoes 1kg,2,2025-03-23 16:03:00,40,4495
10789,GR001,Milk 1L,7,2025-03-23 16:03:00,60,4495
10789,GR003,Eggs Pack (12),4,2025-03-23 16:03:00,90,4495
10790,GR006,Sunflower Oil 1L,5,2025-02-16 10:19:00,160,2302
10791,GR008,Wheat Flour 1kg,8,2025-01-07 11:50:00,55,3297
10791,GR012,Potatoes 1kg,4,2025-01-07 11:50:00,30,3297
10792,GR004,Basmati Rice 1kg,6,2025-01-08 00:41:00,120,3513
10793,GR012,Potatoes 1kg,8,2025-07-17 17:49:00,30,2908
10793,GR014,Tomatoes 1kg,3,2025-07-17 17:49:00,40,2908
10793,GR011,Bananas 1 dozen,2,2025-07-17 17:49:00,50,2908
10794,GR014,Tomatoes 1kg,8,2025-07-07 18:58:00,40,4680
10794,GR001,Milk 1L,3,2025-07-07 18:58:00,60,4680
10794,GR013,Onions 1kg,1,2025-07-07 18:58:00,35,4680
10794,GR010,Yogurt 200g,8,2025-07-07 18:58:00,25,4680
10794,GR003,Eggs Pack (12),7,2025-07-07 18:58:00,90,4680
10794,GR015,Salt 1kg,6,2025-07-07 18:58:00,20,4680
10795,GR001,Milk 1L,5,2025-02-19 19:48:00,60,2194
10795,GR006,Sunflower Oil 1L,6,2025-02-19 19:48:00,160,2194
10796,GR003,Eggs Pack (12),7,2025-03-14 19:10:00,90,2150
10797,GR007,Tea Powder 500g,1,2025-04-28 09:00:00,140,2899
10797,GR004,Basmati Rice 1kg,2,2025-04-28 09:00:00,120,2899
10798,GR010,Yogurt 200g,1,2025-04-27 08:44:00,25,4953
10798,GR011,Bananas 1 dozen,1,2025-04-27 08:44:00,50,4953
10798,GR015,Salt 1kg,2,2025-04-27 08:44:00,20,4953
10798,GR004,Basmati Rice 1kg,3,2025-04-27 08:44:00,120,4953
10799,GR011,Bananas 1 dozen,3,2025-06-27 01:05:00,50,1533
10799,GR014,Tomatoes 1kg,5,2025-06-27 01:05:00,40,1533
10799,GR002,Bread,3,2025-06-27 01:05:00,40,1533
10799,GR006,Sunflower Oil 1L,1,2025-06-27 01:05:00,160,1533
10800,GR008,Wheat Flour 1kg,3,2025-06-26 03:41:00,55,1450
10800,GR007,Tea Powder 500g,3,2025-06-26 03:41:00,140,1450
10801,GR015,Salt 1kg,7,2025-01-11 12:22:00,20,2607
10802,GR015,Salt 1kg,1,2025-03-02 17:22:00,20,3498
10803,GR010,Yogurt 200g,8,2025-04-28 14:07:00,25,2502
10803,GR004,Basmati Rice 1kg,8,2025-04-28 14:07:00,120,2502
10803,GR012,Potatoes 1kg,1,2025-04-28 14:07:00,30,2502
10803,GR009,Butter 100g,1,2025-04-28 14:07:00,60,2502
10803,GR015,Salt 1kg,3,2025-04-28 14:07:00,20,2502
10804,GR006,Sunflower Oil 1L,7,2025-07-14 09:38:00,160,4227
10804,GR010,Yogurt 200g,7,2025-07-14 09:38:00,25,4227
10805,GR014,Tomatoes 1kg,8,2025-01-17 00:18:00,40,3888
10805,GR003,Eggs Pack (12),4,2025-01-17 00:18:00,90,3888
10806,GR014,Tomatoes 1kg,2,2025-02-08 17:28:00,40,2730
10806,GR015,Salt 1kg,2,2025-02-08 17:28:00,20,2730
10807,GR002,Bread,8,2025-06-29 13:47:00,40,4717
10807,GR003,Eggs Pack (12),1,2025-06-29 13:47:00,90,4717
10807,GR008,Wheat Flour 1kg,5,2025-06-29 13:47:00,55,4717
10807,GR007,Tea Powder 500g,1,2025-06-29 13:47:00,140,4717
10807,GR013,Onions 1kg,2,2025-06-29 13:47:00,35,4717
10808,GR006,Sunflower Oil 1L,1,2025-06-19 22:07:00,160,1321
10808,GR005,Sugar 1kg,6,2025-06-19 22:07:00,50,1321
10809,GR011,Bananas 1 dozen,4,2025-05-14 10:13:00,50,2546
10809,GR004,Basmati Rice 1kg,5,2025-05-14 10:13:00,120,2546
10809,GR007,Tea Powder 500g,7,2025-05-14 10:13:00,140,2546
10810,GR008,Wheat Flour 1kg,6,2025-06-04 11:58:00,55,3033
10810,GR005,Sugar 1kg,5,2025-06-04 11:58:00,50,3033
10810,GR001,Milk 1L,3,2025-06-04 11:58:00,60,3033
10811,GR009,Butter 100g,8,2025-01-26 20:54:00,60,1131
10811,GR010,Yogurt 200g,7,2025-01-26 20:54:00,25,1131
10811,GR008,Wheat Flour 1kg,8,2025-01-26 20:54:00,55,1131
10811,GR014,Tomatoes 1kg,5,2025-01-26 20:54:00,40,1131
10812,GR005,Sugar 1kg,3,2025-06-13 22:52:00,50,1967
10812,GR009,Butter 100g,8,2025-06-13 22:52:00,60,1967
10812,GR008,Wheat Flour 1kg,7,2025-06-13 22:52:00,55,1967
10812,GR013,Onions 1kg,3,2025-06-13 22:52:00,35,1967
10812,GR004,Basmati Rice 1kg,3,2025-06-13 22:52:00,120,1967
10812,GR003,Eggs Pack (12),6,2025-06-13 22:52:00,90,1967
10813,GR005,Sugar 1kg,7,2025-02-15 15:26:00,50,3331
10813,GR008,Wheat Flour 1kg,8,2025-02-15 15:26:00,55,3331
10813,GR007,Tea Powder 500g,1,2025-02-15 15:26:00,140,3331
10813,GR013,Onions 1kg,7,2025-02-15 15:26:00,35,3331
10814,GR010,Yogurt 200g,7,2025-05-26 01:42:00,25,4608
10815,GR007,Tea Powder 500g,4,2025-01-02 12:44:00,140,3869
10815,GR013,Onions 1kg,1,2025-01-02 12:44:00,35,3869
10815,GR014,Tomatoes 1kg,4,2025-01-02 12:44:00,40,3869
10815,GR012,Potatoes 1kg,3,2025-01-02 12:44:00,30,3869
10815,GR003,Eggs Pack (12),8,2025-01-02 12:44:00,90,3869
10816,GR004,Basmati Rice 1kg,5,2025-04-22 02:00:00,120,2313
10816,GR012,Potatoes 1kg,1,2025-04-22 02:00:00,30,2313
10817,GR001,Milk 1L,4,2025-02-10 20:15:00,60,2053
10817,GR006,Sunflower Oil 1L,1,2025-02-10 20:15:00,160,2053
10817,GR010,Yogurt 200g,6,2025-02-10 20:15:00,25,2053
10817,GR015,Salt 1kg,1,2025-02-10 20:15:00,20,2053
10817,GR005,Sugar 1kg,2,2025-02-10 20:15:00,50,2053
10818,GR006,Sunflower Oil 1L,1,2025-05-30 09:41:00,160,3513
10818,GR013,Onions 1kg,4,2025-05-30 09:41:00,35,3513
10819,GR010,Yogurt 200g,6,2025-03-28 20:50:00,25,2650
10819,GR004,Basmati Rice 1kg,1,2025-03-28 20:50:00,120,2650
10819,GR007,Tea Powder 500g,7,2025-03-28 20:50:00,140,2650
10820,GR006,Sunflower Oil 1L,6,2025-03-04 19:43:00,160,3180
10821,GR015,Salt 1kg,7,2025-07-17 13:54:00,20,2259
10821,GR004,Basmati Rice 1kg,3,2025-07-17 13:54:00,120,2259
10821,GR010,Yogurt 200g,8,2025-07-17 13:54:00,25,2259
10822,GR010,Yogurt 200g,6,2025-07-12 20:14:00,25,2164
10822,GR006,Sunflower Oil 1L,1,2025-07-12 20:14:00,160,2164
10822,GR007,Tea Powder 500g,7,2025-07-12 20:14:00,140,2164
10823,GR002,Bread,1,2025-05-15 02:48:00,40,4790
10823,GR006,Sunflower Oil 1L,4,2025-05-15 02:48:00,160,4790
10823,GR005,Sugar 1kg,2,2025-05-15 02:48:00,50,4790
10823,GR007,Tea Powder 500g,8,2025-05-15 02:48:00,140,4790
10823,GR009,Butter 100g,2,2025-05-15 02:48:00,60,4790
10824,GR003,Eggs Pack (12),2,2025-06-20 02:27:00,90,2914
10824,GR004,Basmati Rice 1kg,6,2025-06-20 02:27:00,120,2914
10824,GR012,Potatoes 1kg,7,2025-06-20 02:27:00,30,2914
10824,GR005,Sugar 1kg,2,2025-06-20 02:27:00,50,2914
10824,GR009,Butter 100g,2,2025-06-20 02:27:00,60,2914
10825,GR001,Milk 1L,1,2025-02-18 00:29:00,60,2908
10825,GR004,Basmati Rice 1kg,2,2025-02-18 00:29:00,120,2908
10825,GR010,Yogurt 200g,6,2025-02-18 00:29:00,25,2908
10826,GR012,Potatoes 1kg,6,2025-06-20 08:25:00,30,4173
10826,GR007,Tea Powder 500g,2,2025-06-20 08:25:00,140,4173
10826,GR009,Butter 100g,8,2025-06-20 08:25:00,60,4173
10826,GR008,Wheat Flour 1kg,4,2025-06-20 08:25:00,55,4173
10826,GR005,Sugar 1kg,7,2025-06-20 08:25:00,50,4173
10827,GR004,Basmati Rice 1kg,5,2025-04-06 18:22:00,120,4680
10827,GR007,Tea Powder 500g,1,2025-04-06 18:22:00,140,4680
10827,GR006,Sunflower Oil 1L,7,2025-04-06 18:22:00,160,4680
10827,GR003,Eggs Pack (12),5,2025-04-06 18:22:00,90,4680
10828,GR003,Eggs Pack (12),1,2025-03-20 11:12:00,90,1029
10828,GR012,Potatoes 1kg,2,2025-03-20 11:12:00,30,1029
10829,GR010,Yogurt 200g,4,2025-05-04 20:50:00,25,1702
10829,GR014,Tomatoes 1kg,6,2025-05-04 20:50:00,40,1702
10829,GR007,Tea Powder 500g,8,2025-05-04 20:50:00,140,1702
10829,GR002,Bread,6,2025-05-04 20:50:00,40,1702
10830,GR005,Sugar 1kg,2,2025-04-20 11:24:00,50,1235
10830,GR010,Yogurt 200g,5,2025-04-20 11:24:00,25,1235
10831,GR013,Onions 1kg,8,2025-06-08 05:10:00,35,1839
10831,GR002,Bread,3,2025-06-08 05:10:00,40,1839
10831,GR008,Wheat Flour 1kg,6,2025-06-08 05:10:00,55,1839
10831,GR003,Eggs Pack (12),7,2025-06-08 05:10:00,90,1839
10831,GR009,Butter 100g,8,2025-06-08 05:10:00,60,1839
10831,GR015,Salt 1kg,8,2025-06-08 05:10:00,20,1839
10832,GR013,Onions 1kg,3,2025-03-17 01:49:00,35,1761
10832,GR011,Bananas 1 dozen,7,2025-03-17 01:49:00,50,1761
10832,GR004,Basmati Rice 1kg,2,2025-03-17 01:49:00,120,1761
10832,GR014,Tomatoes 1kg,2,2025-03-17 01:49:00,40,1761
10832,GR008,Wheat Flour 1kg,6,2025-03-17 01:49:00,55,1761
10832,GR001,Milk 1L,6,2025-03-17 01:49:00,60,1761
10833,GR007,Tea Powder 500g,5,2025-02-22 11:22:00,140,2350
10833,GR005,Sugar 1kg,6,2025-02-22 11:22:00,50,2350
10833,GR002,Bread,3,2025-02-22 11:22:00,40,2350
10834,GR011,Bananas 1 dozen,3,2025-06-17 14:10:00,50,3283
10834,GR005,Sugar 1kg,4,2025-06-17 14:10:00,50,3283
10834,GR014,Tomatoes 1kg,2,2025-06-17 14:10:00,40,3283
10834,GR008,Wheat Flour 1kg,1,2025-06-17 14:10:00,55,3283
10834,GR002,Bread,3,2025-06-17 14:10:00,40,3283
10835,GR008,Wheat Flour 1kg,5,2025-07-04 06:35:00,55,1217
10835,GR002,Bread,4,2025-07-04 06:35:00,40,1217
10835,GR012,Potatoes 1kg,7,2025-07-04 06:35:00,30,1217
10835,GR015,Salt 1kg,6,2025-07-04 06:35:00,20,1217
10835,GR011,Bananas 1 dozen,7,2025-07-04 06:35:00,50,1217
10836,GR004,Basmati Rice 1kg,4,2025-06-08 13:21:00,120,3440
10836,GR008,Wheat Flour 1kg,1,2025-06-08 13:21:00,55,3440
10836,GR003,Eggs Pack (12),8,2025-06-08 13:21:00,90,3440
10836,GR013,Onions 1kg,8,2025-06-08 13:21:00,35,3440
10836,GR011,Bananas 1 dozen,8,2025-06-08 13:21:00,50,3440
10837,GR004,Basmati Rice 1kg,6,2025-03-12 06:06:00,120,2109
10837,GR002,Bread,6,2025-03-12 06:06:00,40,2109
10838,GR008,Wheat Flour 1kg,3,2025-06-24 22:51:00,55,4497
10838,GR003,Eggs Pack (12),7,2025-06-24 22:51:00,90,4497
10838,GR005,Sugar 1kg,4,2025-06-24 22:51:00,50,4497
10838,GR015,Salt 1kg,4,2025-06-24 22:51:00,20,4497
10838,GR002,Bread,6,2025-06-24 22:51:00,40,4497
10838,GR013,Onions 1kg,8,2025-06-24 22:51:00,35,4497
10839,GR002,Bread,2,2025-03-01 13:52:00,40,3648
10839,GR011,Bananas 1 dozen,8,2025-03-01 13:52:00,50,3648
10839,GR012,Potatoes 1kg,2,2025-03-01 13:52:00,30,3648
10839,GR004,Basmati Rice 1kg,6,2025-03-01 13:52:00,120,3648
10840,GR002,Bread,2,2025-06-08 16:18:00,40,1094
10840,GR012,Potatoes 1kg,6,2025-06-08 16:18:00,30,1094
10841,GR012,Potatoes 1kg,2,2025-05-17 02:21:00,30,2944
10841,GR001,Milk 1L,5,2025-05-17 02:21:00,60,2944
10841,GR007,Tea Powder 500g,2,2025-05-17 02:21:00,140,2944
10841,GR008,Wheat Flour 1kg,2,2025-05-17 02:21:00,55,2944
10841,GR011,Bananas 1 dozen,3,2025-05-17 02:21:00,50,2944
10842,GR011,Bananas 1 dozen,7,2025-03-08 18:46:00,50,3980
10842,GR002,Bread,7,2025-03-08 18:46:00,40,3980
10843,GR010,Yogurt 200g,4,2025-03-01 11:53:00,25,3498
10843,GR009,Butter 100g,4,2025-03-01 11:53:00,60,3498
10844,GR006,Sunflower Oil 1L,8,2025-03-23 10:17:00,160,3329
10844,GR007,Tea Powder 500g,4,2025-03-23 10:17:00,140,3329
10844,GR015,Salt 1kg,7,2025-03-23 10:17:00,20,3329
10844,GR010,Yogurt 200g,1,2025-03-23 10:17:00,25,3329
10844,GR002,Bread,2,2025-03-23 10:17:00,40,3329
10845,GR008,Wheat Flour 1kg,5,2025-05-29 05:53:00,55,4926
10845,GR012,Potatoes 1kg,7,2025-05-29 05:53:00,30,4926
10845,GR014,Tomatoes 1kg,1,2025-05-29 05:53:00,40,4926
10845,GR007,Tea Powder 500g,6,2025-05-29 05:53:00,140,4926
10845,GR006,Sunflower Oil 1L,1,2025-05-29 05:53:00,160,4926
10845,GR009,Butter 100g,5,2025-05-29 05:53:00,60,4926
10846,GR008,Wheat Flour 1kg,5,2025-06-03 14:52:00,55,2899
10846,GR006,Sunflower Oil 1L,8,2025-06-03 14:52:00,160,2899
10846,GR009,Butter 100g,1,2025-06-03 14:52:00,60,2899
10846,GR012,Potatoes 1kg,5,2025-06-03 14:52:00,30,2899
10847,GR007,Tea Powder 500g,8,2025-06-15 03:37:00,140,3283
10847,GR010,Yogurt 200g,2,2025-06-15 03:37:00,25,3283
10847,GR004,Basmati Rice 1kg,4,2025-06-15 03:37:00,120,3283
10847,GR014,Tomatoes 1kg,4,2025-06-15 03:37:00,40,3283
10847,GR006,Sunflower Oil 1L,8,2025-06-15 03:37:00,160,3283
10848,GR013,Onions 1kg,6,2025-05-26 20:30:00,35,1667
10848,GR005,Sugar 1kg,6,2025-05-26 20:30:00,50,1667
10848,GR002,Bread,5,2025-05-26 20:30:00,40,1667
10848,GR001,Milk 1L,8,2025-05-26 20:30:00,60,1667
10848,GR011,Bananas 1 dozen,7,2025-05-26 20:30:00,50,1667
10848,GR012,Potatoes 1kg,7,2025-05-26 20:30:00,30,1667
10849,GR006,Sunflower Oil 1L,4,2025-04-04 07:56:00,160,4345
10849,GR003,Eggs Pack (12),5,2025-04-04 07:56:00,90,4345
10850,GR006,Sunflower Oil 1L,5,2025-01-15 05:06:00,160,4980
10850,GR008,Wheat Flour 1kg,3,2025-01-15 05:06:00,55,4980
10850,GR007,Tea Powder 500g,1,2025-01-15 05:06:00,140,4980
10850,GR015,Salt 1kg,5,2025-01-15 05:06:00,20,4980
10851,GR008,Wheat Flour 1kg,4,2025-05-19 11:04:00,55,1662
10851,GR015,Salt 1kg,3,2025-05-19 11:04:00,20,1662
10852,GR011,Bananas 1 dozen,8,2025-02-23 01:45:00,50,3780
10852,GR009,Butter 100g,3,2025-02-23 01:45:00,60,3780
10852,GR007,Tea Powder 500g,2,2025-02-23 01:45:00,140,3780
10853,GR014,Tomatoes 1kg,1,2025-05-20 03:42:00,40,1734
10853,GR007,Tea Powder 500g,6,2025-05-20 03:42:00,140,1734
10854,GR006,Sunflower Oil 1L,3,2025-05-11 11:39:00,160,1667
10854,GR008,Wheat Flour 1kg,2,2025-05-11 11:39:00,55,1667
10854,GR011,Bananas 1 dozen,1,2025-05-11 11:39:00,50,1667
10854,GR007,Tea Powder 500g,4,2025-05-11 11:39:00,140,1667
10854,GR003,Eggs Pack (12),4,2025-05-11 11:39:00,90,1667
10855,GR001,Milk 1L,2,2025-01-15 10:40:00,60,1321
10855,GR009,Butter 100g,2,2025-01-15 10:40:00,60,1321
10855,GR010,Yogurt 200g,8,2025-01-15 10:40:00,25,1321
10855,GR005,Sugar 1kg,3,2025-01-15 10:40:00,50,1321
10855,GR012,Potatoes 1kg,1,2025-01-15 10:40:00,30,1321
10855,GR006,Sunflower Oil 1L,1,2025-01-15 10:40:00,160,1321
10856,GR009,Butter 100g,6,2025-05-16 07:20:00,60,1741
10856,GR002,Bread,3,2025-05-16 07:20:00,40,1741
10856,GR013,Onions 1kg,5,2025-05-16 07:20:00,35,1741
10857,GR007,Tea Powder 500g,3,2025-03-09 21:47:00,140,4340
10857,GR009,Butter 100g,8,2025-03-09 21:47:00,60,4340
10857,GR013,Onions 1kg,1,2025-03-09 21:47:00,35,4340
10858,GR003,Eggs Pack (12),7,2025-07-08 02:25:00,90,1410
10858,GR005,Sugar 1kg,6,2025-07-08 02:25:00,50,1410
10858,GR006,Sunflower Oil 1L,8,2025-07-08 02:25:00,160,1410
10858,GR015,Salt 1kg,1,2025-07-08 02:25:00,20,1410
10858,GR009,Butter 100g,1,2025-07-08 02:25:00,60,1410
10859,GR010,Yogurt 200g,6,2025-06-08 02:33:00,25,2596
10859,GR002,Bread,3,2025-06-08 02:33:00,40,2596
10859,GR005,Sugar 1kg,3,2025-06-08 02:33:00,50,2596
10860,GR012,Potatoes 1kg,7,2025-05-10 03:27:00,30,1487
10860,GR001,Milk 1L,8,2025-05-10 03:27:00,60,1487
10860,GR006,Sunflower Oil 1L,8,2025-05-10 03:27:00,160,1487
10860,GR009,Butter 100g,5,2025-05-10 03:27:00,60,1487
10860,GR007,Tea Powder 500g,2,2025-05-10 03:27:00,140,1487
10860,GR005,Sugar 1kg,5,2025-05-10 03:27:00,50,1487
10861,GR008,Wheat Flour 1kg,3,2025-07-05 11:10:00,55,1654
10861,GR010,Yogurt 200g,3,2025-07-05 11:10:00,25,1654
10861,GR012,Potatoes 1kg,4,2025-07-05 11:10:00,30,1654
10861,GR007,Tea Powder 500g,5,2025-07-05 11:10:00,140,1654
10861,GR004,Basmati Rice 1kg,6,2025-07-05 11:10:00,120,1654
10862,GR005,Sugar 1kg,6,2025-05-02 02:44:00,50,4622
10862,GR001,Milk 1L,4,2025-05-02 02:44:00,60,4622
10862,GR003,Eggs Pack (12),3,2025-05-02 02:44:00,90,4622
10862,GR006,Sunflower Oil 1L,7,2025-05-02 02:44:00,160,4622
10862,GR007,Tea Powder 500g,6,2025-05-02 02:44:00,140,4622
10863,GR009,Butter 100g,8,2025-07-09 17:26:00,60,3329
10863,GR012,Potatoes 1kg,2,2025-07-09 17:26:00,30,3329
10863,GR013,Onions 1kg,1,2025-07-09 17:26:00,35,3329
10864,GR007,Tea Powder 500g,4,2025-01-19 20:28:00,140,1238
10864,GR010,Yogurt 200g,7,2025-01-19 20:28:00,25,1238
10864,GR008,Wheat Flour 1kg,5,2025-01-19 20:28:00,55,1238
10864,GR002,Bread,6,2025-01-19 20:28:00,40,1238
10865,GR002,Bread,4,2025-02-13 21:58:00,40,2819
10866,GR005,Sugar 1kg,7,2025-07-06 19:05:00,50,2362
10866,GR004,Basmati Rice 1kg,7,2025-07-06 19:05:00,120,2362
10866,GR010,Yogurt 200g,8,2025-07-06 19:05:00,25,2362
10866,GR003,Eggs Pack (12),5,2025-07-06 19:05:00,90,2362
10866,GR013,Onions 1kg,7,2025-07-06 19:05:00,35,2362
10867,GR013,Onions 1kg,8,2025-01-17 07:56:00,35,2302
10867,GR015,Salt 1kg,4,2025-01-17 07:56:00,20,2302
10867,GR009,Butter 100g,3,2025-01-17 07:56:00,60,2302
10867,GR001,Milk 1L,1,2025-01-17 07:56:00,60,2302
10867,GR005,Sugar 1kg,2,2025-01-17 07:56:00,50,2302
10868,GR002,Bread,7,2025-07-15 07:16:00,40,2961
10868,GR009,Butter 100g,6,2025-07-15 07:16:00,60,2961
10868,GR008,Wheat Flour 1kg,8,2025-07-15 07:16:00,55,2961
10868,GR005,Sugar 1kg,5,2025-07-15 07:16:00,50,2961
10868,GR014,Tomatoes 1kg,1,2025-07-15 07:16:00,40,2961
10868,GR015,Salt 1kg,6,2025-07-15 07:16:00,20,2961
10869,GR012,Potatoes 1kg,8,2025-04-28 11:54:00,30,1995
10870,GR015,Salt 1kg,8,2025-03-24 00:33:00,20,4520
10870,GR010,Yogurt 200g,4,2025-03-24 00:33:00,25,4520
10870,GR004,Basmati Rice 1kg,7,2025-03-24 00:33:00,120,4520
10870,GR006,Sunflower Oil 1L,5,2025-03-24 00:33:00,160,4520
10870,GR009,Butter 100g,8,2025-03-24 00:33:00,60,4520
10871,GR006,Sunflower Oil 1L,8,2025-06-23 08:04:00,160,1487
10871,GR013,Onions 1kg,6,2025-06-23 08:04:00,35,1487
10871,GR008,Wheat Flour 1kg,1,2025-06-23 08:04:00,55,1487
10871,GR007,Tea Powder 500g,3,2025-06-23 08:04:00,140,1487
10871,GR015,Salt 1kg,3,2025-06-23 08:04:00,20,1487
10871,GR003,Eggs Pack (12),6,2025-06-23 08:04:00,90,1487
10872,GR012,Potatoes 1kg,7,2025-01-02 12:00:00,30,4520
10872,GR004,Basmati Rice 1kg,7,2025-01-02 12:00:00,120,4520
10872,GR003,Eggs Pack (12),8,2025-01-02 12:00:00,90,4520
10872,GR014,Tomatoes 1kg,7,2025-01-02 12:00:00,40,4520
10872,GR006,Sunflower Oil 1L,5,2025-01-02 12:00:00,160,4520
10873,GR014,Tomatoes 1kg,2,2025-05-30 20:44:00,40,2340
10874,GR005,Sugar 1kg,6,2025-07-19 03:51:00,50,3742
10874,GR014,Tomatoes 1kg,5,2025-07-19 03:51:00,40,3742
10874,GR012,Potatoes 1kg,5,2025-07-19 03:51:00,30,3742
10874,GR013,Onions 1kg,3,2025-07-19 03:51:00,35,3742
10875,GR010,Yogurt 200g,7,2025-03-30 22:25:00,25,4880
10875,GR015,Salt 1kg,2,2025-03-30 22:25:00,20,4880
10875,GR005,Sugar 1kg,5,2025-03-30 22:25:00,50,4880
10875,GR012,Potatoes 1kg,1,2025-03-30 22:25:00,30,4880
10875,GR013,Onions 1kg,3,2025-03-30 22:25:00,35,4880
10876,GR005,Sugar 1kg,3,2025-02-12 08:31:00,50,1747
10876,GR002,Bread,5,2025-02-12 08:31:00,40,1747
10877,GR002,Bread,3,2025-04-19 06:44:00,40,4560
10878,GR014,Tomatoes 1kg,6,2025-03-21 14:17:00,40,2584
10879,GR006,Sunflower Oil 1L,6,2025-05-11 06:54:00,160,4859
10880,GR013,Onions 1kg,5,2025-05-22 18:01:00,35,3225
10880,GR002,Bread,3,2025-05-22 18:01:00,40,3225
10881,GR002,Bread,7,2025-01-21 15:56:00,40,3346
10882,GR011,Bananas 1 dozen,5,2025-06-10 16:25:00,50,4523
10882,GR013,Onions 1kg,1,2025-06-10 16:25:00,35,4523
10883,GR012,Potatoes 1kg,7,2025-03-18 03:46:00,30,2819
10883,GR001,Milk 1L,8,2025-03-18 03:46:00,60,2819
10884,GR007,Tea Powder 500g,4,2025-04-10 12:14:00,140,4491
10884,GR011,Bananas 1 dozen,6,2025-04-10 12:14:00,50,4491
10884,GR004,Basmati Rice 1kg,8,2025-04-10 12:14:00,120,4491
10885,GR012,Potatoes 1kg,8,2025-01-06 12:35:00,30,4881
10885,GR006,Sunflower Oil 1L,3,2025-01-06 12:35:00,160,4881
10885,GR005,Sugar 1kg,2,2025-01-06 12:35:00,50,4881
10885,GR008,Wheat Flour 1kg,6,2025-01-06 12:35:00,55,4881
10886,GR001,Milk 1L,4,2025-06-04 12:47:00,60,2907
10886,GR004,Basmati Rice 1kg,4,2025-06-04 12:47:00,120,2907
10886,GR010,Yogurt 200g,1,2025-06-04 12:47:00,25,2907
10886,GR009,Butter 100g,7,2025-06-04 12:47:00,60,2907
10887,GR004,Basmati Rice 1kg,8,2025-07-05 12:52:00,120,4477
10887,GR013,Onions 1kg,1,2025-07-05 12:52:00,35,4477
10887,GR012,Potatoes 1kg,2,2025-07-05 12:52:00,30,4477
10887,GR008,Wheat Flour 1kg,7,2025-07-05 12:52:00,55,4477
10887,GR007,Tea Powder 500g,4,2025-07-05 12:52:00,140,4477
10888,GR002,Bread,7,2025-05-01 01:19:00,40,1332
10888,GR014,Tomatoes 1kg,7,2025-05-01 01:19:00,40,1332
10888,GR001,Milk 1L,8,2025-05-01 01:19:00,60,1332
10888,GR013,Onions 1kg,2,2025-05-01 01:19:00,35,1332
10888,GR009,Butter 100g,7,2025-05-01 01:19:00,60,1332
10889,GR009,Butter 100g,5,2025-04-25 05:39:00,60,2362
10889,GR005,Sugar 1kg,3,2025-04-25 05:39:00,50,2362
10889,GR003,Eggs Pack (12),4,2025-04-25 05:39:00,90,2362
10889,GR011,Bananas 1 dozen,1,2025-04-25 05:39:00,50,2362
10889,GR001,Milk 1L,3,2025-04-25 05:39:00,60,2362
10889,GR012,Potatoes 1kg,8,2025-04-25 05:39:00,30,2362
10890,GR013,Onions 1kg,7,2025-05-02 19:55:00,35,3346
10890,GR008,Wheat Flour 1kg,7,2025-05-02 19:55:00,55,3346
10891,GR002,Bread,4,2025-04-06 04:59:00,40,3606
10891,GR013,Onions 1kg,1,2025-04-06 04:59:00,35,3606
10891,GR008,Wheat Flour 1kg,7,2025-04-06 04:59:00,55,3606
10891,GR007,Tea Powder 500g,1,2025-04-06 04:59:00,140,3606
10892,GR012,Potatoes 1kg,6,2025-07-10 04:42:00,30,3685
10892,GR005,Sugar 1kg,1,2025-07-10 04:42:00,50,3685
10892,GR011,Bananas 1 dozen,4,2025-07-10 04:42:00,50,3685
10892,GR003,Eggs Pack (12),8,2025-07-10 04:42:00,90,3685
10893,GR011,Bananas 1 dozen,1,2025-02-22 02:14:00,50,3780
10893,GR013,Onions 1kg,8,2025-02-22 02:14:00,35,3780
10893,GR002,Bread,3,2025-02-22 02:14:00,40,3780
10893,GR007,Tea Powder 500g,4,2025-02-22 02:14:00,140,3780
10894,GR001,Milk 1L,2,2025-03-17 03:39:00,60,4036
10894,GR007,Tea Powder 500g,3,2025-03-17 03:39:00,140,4036
10894,GR004,Basmati Rice 1kg,3,2025-03-17 03:39:00,120,4036
10894,GR011,Bananas 1 dozen,1,2025-03-17 03:39:00,50,4036
10894,GR012,Potatoes 1kg,4,2025-03-17 03:39:00,30,4036
10895,GR011,Bananas 1 dozen,7,2025-07-16 12:55:00,50,3112
10895,GR014,Tomatoes 1kg,3,2025-07-16 12:55:00,40,3112
10895,GR009,Butter 100g,3,2025-07-16 12:55:00,60,3112
10895,GR013,Onions 1kg,8,2025-07-16 12:55:00,35,3112
10895,GR010,Yogurt 200g,4,2025-07-16 12:55:00,25,3112
10895,GR002,Bread,1,2025-07-16 12:55:00,40,3112
10896,GR002,Bread,7,2025-01-08 11:00:00,40,3827
10896,GR014,Tomatoes 1kg,8,2025-01-08 11:00:00,40,3827
10897,GR010,Yogurt 200g,6,2025-01-24 10:37:00,25,3875
10897,GR013,Onions 1kg,6,2025-01-24 10:37:00,35,3875
10897,GR006,Sunflower Oil 1L,6,2025-01-24 10:37:00,160,3875
10897,GR008,Wheat Flour 1kg,8,2025-01-24 10:37:00,55,3875
10897,GR007,Tea Powder 500g,6,2025-01-24 10:37:00,140,3875
10898,GR014,Tomatoes 1kg,4,2025-06-14 21:01:00,40,2287
10898,GR006,Sunflower Oil 1L,8,2025-06-14 21:01:00,160,2287
10898,GR003,Eggs Pack (12),7,2025-06-14 21:01:00,90,2287
10899,GR005,Sugar 1kg,6,2025-04-23 07:34:00,50,4322
10899,GR015,Salt 1kg,4,2025-04-23 07:34:00,20,4322
10899,GR009,Butter 100g,8,2025-04-23 07:34:00,60,4322
10900,GR010,Yogurt 200g,7,2025-07-16 06:56:00,25,4680
10901,GR008,Wheat Flour 1kg,2,2025-03-04 22:17:00,55,2981
10901,GR011,Bananas 1 dozen,1,2025-03-04 22:17:00,50,2981
10901,GR004,Basmati Rice 1kg,6,2025-03-04 22:17:00,120,2981
10902,GR002,Bread,5,2025-02-08 11:30:00,40,2313
10902,GR007,Tea Powder 500g,2,2025-02-08 11:30:00,140,2313
10902,GR012,Potatoes 1kg,6,2025-02-08 11:30:00,30,2313
10903,GR007,Tea Powder 500g,7,2025-04-17 10:17:00,140,3524
10903,GR004,Basmati Rice 1kg,5,2025-04-17 10:17:00,120,3524
10903,GR015,Salt 1kg,1,2025-04-17 10:17:00,20,3524
10903,GR005,Sugar 1kg,8,2025-04-17 10:17:00,50,3524
10904,GR013,Onions 1kg,3,2025-07-19 07:20:00,35,4487
10904,GR014,Tomatoes 1kg,7,2025-07-19 07:20:00,40,4487
10904,GR006,Sunflower Oil 1L,2,2025-07-19 07:20:00,160,4487
10904,GR008,Wheat Flour 1kg,8,2025-07-19 07:20:00,55,4487
10904,GR010,Yogurt 200g,4,2025-07-19 07:20:00,25,4487
10905,GR007,Tea Powder 500g,4,2025-03-17 03:29:00,140,1734
10905,GR006,Sunflower Oil 1L,2,2025-03-17 03:29:00,160,1734
10906,GR013,Onions 1kg,5,2025-05-24 09:10:00,35,4354
10906,GR004,Basmati Rice 1kg,4,2025-05-24 09:10:00,120,4354
10906,GR015,Salt 1kg,1,2025-05-24 09:10:00,20,4354
10906,GR008,Wheat Flour 1kg,6,2025-05-24 09:10:00,55,4354
10906,GR014,Tomatoes 1kg,3,2025-05-24 09:10:00,40,4354
10906,GR003,Eggs Pack (12),3,2025-05-24 09:10:00,90,4354
10907,GR012,Potatoes 1kg,2,2025-01-16 01:51:00,30,1523
10907,GR004,Basmati Rice 1kg,1,2025-01-16 01:51:00,120,1523
10907,GR014,Tomatoes 1kg,7,2025-01-16 01:51:00,40,1523
10907,GR002,Bread,2,2025-01-16 01:51:00,40,1523
10907,GR006,Sunflower Oil 1L,7,2025-01-16 01:51:00,160,1523
10907,GR010,Yogurt 200g,7,2025-01-16 01:51:00,25,1523
10908,GR003,Eggs Pack (12),6,2025-05-18 12:47:00,90,2362
10908,GR002,Bread,5,2025-05-18 12:47:00,40,2362
10908,GR008,Wheat Flour 1kg,4,2025-05-18 12:47:00,55,2362
10908,GR015,Salt 1kg,6,2025-05-18 12:47:00,20,2362
10908,GR005,Sugar 1kg,6,2025-05-18 12:47:00,50,2362
10908,GR009,Butter 100g,5,2025-05-18 12:47:00,60,2362
10909,GR003,Eggs Pack (12),5,2025-06-22 02:09:00,90,1447
10909,GR009,Butter 100g,6,2025-06-22 02:09:00,60,1447
10909,GR004,Basmati Rice 1kg,2,2025-06-22 02:09:00,120,1447
10909,GR012,Potatoes 1kg,5,2025-06-22 02:09:00,30,1447
10909,GR015,Salt 1kg,2,2025-06-22 02:09:00,20,1447
10910,GR005,Sugar 1kg,6,2025-06-23 17:46:00,50,1035
10910,GR015,Salt 1kg,4,2025-06-23 17:46:00,20,1035
10911,GR001,Milk 1L,8,2025-05-12 03:21:00,60,1741
10911,GR005,Sugar 1kg,7,2025-05-12 03:21:00,50,1741
10911,GR008,Wheat Flour 1kg,1,2025-05-12 03:21:00,55,1741
10911,GR012,Potatoes 1kg,3,2025-05-12 03:21:00,30,1741
10911,GR013,Onions 1kg,1,2025-05-12 03:21:00,35,1741
10912,GR004,Basmati Rice 1kg,8,2025-02-11 21:03:00,120,2259
10913,GR011,Bananas 1 dozen,1,2025-06-14 11:57:00,50,4063
10914,GR001,Milk 1L,7,2025-05-26 21:07:00,60,3454
10914,GR012,Potatoes 1kg,3,2025-05-26 21:07:00,30,3454
10914,GR004,Basmati Rice 1kg,7,2025-05-26 21:07:00,120,3454
10914,GR002,Bread,4,2025-05-26 21:07:00,40,3454
10914,GR007,Tea Powder 500g,3,2025-05-26 21:07:00,140,3454
10915,GR001,Milk 1L,1,2025-03-21 20:02:00,60,1702
10915,GR012,Potatoes 1kg,3,2025-03-21 20:02:00,30,1702
10915,GR007,Tea Powder 500g,7,2025-03-21 20:02:00,140,1702
10915,GR014,Tomatoes 1kg,6,2025-03-21 20:02:00,40,1702
10915,GR003,Eggs Pack (12),5,2025-03-21 20:02:00,90,1702
10915,GR004,Basmati Rice 1kg,4,2025-03-21 20:02:00,120,1702
10916,GR008,Wheat Flour 1kg,1,2025-01-22 08:47:00,55,2460
10917,GR008,Wheat Flour 1kg,2,2025-02-27 17:36:00,55,4812
10917,GR009,Butter 100g,2,2025-02-27 17:36:00,60,4812
10917,GR011,Bananas 1 dozen,6,2025-02-27 17:36:00,50,4812
10917,GR001,Milk 1L,1,2025-02-27 17:36:00,60,4812
10918,GR014,Tomatoes 1kg,1,2025-07-11 07:33:00,40,2862
10918,GR001,Milk 1L,2,2025-07-11 07:33:00,60,2862
10918,GR005,Sugar 1kg,3,2025-07-11 07:33:00,50,2862
10918,GR010,Yogurt 200g,7,2025-07-11 07:33:00,25,2862
10918,GR011,Bananas 1 dozen,6,2025-07-11 07:33:00,50,2862
10918,GR003,Eggs Pack (12),8,2025-07-11 07:33:00,90,2862
10919,GR003,Eggs Pack (12),4,2025-02-02 05:32:00,90,3018
10919,GR002,Bread,5,2025-02-02 05:32:00,40,3018
10919,GR005,Sugar 1kg,6,2025-02-02 05:32:00,50,3018
10919,GR006,Sunflower Oil 1L,2,2025-02-02 05:32:00,160,3018
10919,GR014,Tomatoes 1kg,8,2025-02-02 05:32:00,40,3018
10920,GR012,Potatoes 1kg,4,2025-07-18 00:30:00,30,1603
10920,GR008,Wheat Flour 1kg,1,2025-07-18 00:30:00,55,1603
10920,GR005,Sugar 1kg,1,2025-07-18 00:30:00,50,1603
10921,GR015,Salt 1kg,7,2025-03-06 19:58:00,20,1447
10921,GR001,Milk 1L,2,2025-03-06 19:58:00,60,1447
10921,GR005,Sugar 1kg,6,2025-03-06 19:58:00,50,1447
10921,GR012,Potatoes 1kg,4,2025-03-06 19:58:00,30,1447
10921,GR010,Yogurt 200g,4,2025-03-06 19:58:00,25,1447
10922,GR008,Wheat Flour 1kg,1,2025-02-24 16:46:00,55,1420
10922,GR007,Tea Powder 500g,1,2025-02-24 16:46:00,140,1420
10922,GR009,Butter 100g,8,2025-02-24 16:46:00,60,1420
10922,GR003,Eggs Pack (12),1,2025-02-24 16:46:00,90,1420
10922,GR004,Basmati Rice 1kg,1,2025-02-24 16:46:00,120,1420
10923,GR010,Yogurt 200g,6,2025-07-03 17:05:00,25,1116
10924,GR012,Potatoes 1kg,3,2025-05-20 05:15:00,30,1611
10924,GR008,Wheat Flour 1kg,7,2025-05-20 05:15:00,55,1611
10924,GR014,Tomatoes 1kg,7,2025-05-20 05:15:00,40,1611
10924,GR007,Tea Powder 500g,3,2025-05-20 05:15:00,140,1611
10924,GR003,Eggs Pack (12),3,2025-05-20 05:15:00,90,1611
10924,GR004,Basmati Rice 1kg,3,2025-05-20 05:15:00,120,1611
10925,GR007,Tea Powder 500g,8,2025-07-16 09:29:00,140,1974
10926,GR003,Eggs Pack (12),3,2025-06-25 02:09:00,90,4558
10926,GR006,Sunflower Oil 1L,1,2025-06-25 02:09:00,160,4558
10927,GR001,Milk 1L,5,2025-04-05 00:46:00,60,3498
10927,GR003,Eggs Pack (12),5,2025-04-05 00:46:00,90,3498
10927,GR009,Butter 100g,1,2025-04-05 00:46:00,60,3498
10927,GR006,Sunflower Oil 1L,5,2025-04-05 00:46:00,160,3498
10927,GR015,Salt 1kg,2,2025-04-05 00:46:00,20,3498
10927,GR010,Yogurt 200g,1,2025-04-05 00:46:00,25,3498
10928,GR007,Tea Powder 500g,6,2025-06-10 21:47:00,140,1856
10928,GR005,Sugar 1kg,5,2025-06-10 21:47:00,50,1856
10928,GR009,Butter 100g,7,2025-06-10 21:47:00,60,1856
10929,GR001,Milk 1L,2,2025-03-21 05:36:00,60,3606
10929,GR003,Eggs Pack (12),7,2025-03-21 05:36:00,90,3606
10929,GR011,Bananas 1 dozen,3,2025-03-21 05:36:00,50,3606
10930,GR005,Sugar 1kg,4,2025-03-23 04:08:00,50,4507
10930,GR013,Onions 1kg,5,2025-03-23 04:08:00,35,4507
10930,GR004,Basmati Rice 1kg,2,2025-03-23 04:08:00,120,4507
10930,GR012,Potatoes 1kg,4,2025-03-23 04:08:00,30,4507
10931,GR007,Tea Powder 500g,7,2025-06-02 11:03:00,140,2247
10931,GR008,Wheat Flour 1kg,1,2025-06-02 11:03:00,55,2247
10931,GR006,Sunflower Oil 1L,1,2025-06-02 11:03:00,160,2247
10932,GR008,Wheat Flour 1kg,1,2025-06-04 09:57:00,55,4849
10933,GR002,Bread,8,2025-03-27 00:49:00,40,3414
10933,GR003,Eggs Pack (12),6,2025-03-27 00:49:00,90,3414
10933,GR004,Basmati Rice 1kg,3,2025-03-27 00:49:00,120,3414
10933,GR012,Potatoes 1kg,5,2025-03-27 00:49:00,30,3414
10933,GR001,Milk 1L,3,2025-03-27 00:49:00,60,3414
10934,GR013,Onions 1kg,2,2025-05-15 06:45:00,35,3657
10934,GR009,Butter 100g,8,2025-05-15 06:45:00,60,3657
10934,GR005,Sugar 1kg,4,2025-05-15 06:45:00,50,3657
10934,GR003,Eggs Pack (12),5,2025-05-15 06:45:00,90,3657
10935,GR009,Butter 100g,7,2025-05-13 20:40:00,60,3043
10936,GR010,Yogurt 200g,8,2025-04-16 17:33:00,25,3356
10936,GR002,Bread,6,2025-04-16 17:33:00,40,3356
10936,GR007,Tea Powder 500g,8,2025-04-16 17:33:00,140,3356
10936,GR006,Sunflower Oil 1L,6,2025-04-16 17:33:00,160,3356
10937,GR011,Bananas 1 dozen,1,2025-03-10 14:22:00,50,1611
10937,GR008,Wheat Flour 1kg,8,2025-03-10 14:22:00,55,1611
10937,GR010,Yogurt 200g,3,2025-03-10 14:22:00,25,1611
10937,GR004,Basmati Rice 1kg,1,2025-03-10 14:22:00,120,1611
10938,GR013,Onions 1kg,8,2025-04-08 18:51:00,35,2639
10938,GR012,Potatoes 1kg,4,2025-04-08 18:51:00,30,2639
10938,GR010,Yogurt 200g,5,2025-04-08 18:51:00,25,2639
10938,GR002,Bread,2,2025-04-08 18:51:00,40,2639
10939,GR012,Potatoes 1kg,1,2025-03-04 08:21:00,30,4068
10939,GR004,Basmati Rice 1kg,4,2025-03-04 08:21:00,120,4068
10939,GR014,Tomatoes 1kg,6,2025-03-04 08:21:00,40,4068
10939,GR007,Tea Powder 500g,6,2025-03-04 08:21:00,140,4068
10939,GR001,Milk 1L,5,2025-03-04 08:21:00,60,4068
10940,GR001,Milk 1L,3,2025-03-02 23:55:00,60,4099
10940,GR008,Wheat Flour 1kg,4,2025-03-02 23:55:00,55,4099
10940,GR010,Yogurt 200g,3,2025-03-02 23:55:00,25,4099
10940,GR013,Onions 1kg,5,2025-03-02 23:55:00,35,4099
10940,GR015,Salt 1kg,2,2025-03-02 23:55:00,20,4099
10940,GR005,Sugar 1kg,8,2025-03-02 23:55:00,50,4099
10941,GR015,Salt 1kg,5,2025-07-02 03:58:00,20,4944
10941,GR014,Tomatoes 1kg,4,2025-07-02 03:58:00,40,4944
10941,GR002,Bread,5,2025-07-02 03:58:00,40,4944
10941,GR009,Butter 100g,6,2025-07-02 03:58:00,60,4944
10942,GR004,Basmati Rice 1kg,5,2025-05-15 10:14:00,120,2194
10942,GR003,Eggs Pack (12),2,2025-05-15 10:14:00,90,2194
10942,GR001,Milk 1L,4,2025-05-15 10:14:00,60,2194
10943,GR006,Sunflower Oil 1L,6,2025-06-05 17:22:00,160,3346
10943,GR007,Tea Powder 500g,5,2025-06-05 17:22:00,140,3346
10943,GR001,Milk 1L,7,2025-06-05 17:22:00,60,3346
10943,GR015,Salt 1kg,1,2025-06-05 17:22:00,20,3346
10943,GR012,Potatoes 1kg,4,2025-06-05 17:22:00,30,3346
10943,GR011,Bananas 1 dozen,1,2025-06-05 17:22:00,50,3346
10944,GR015,Salt 1kg,5,2025-07-10 12:12:00,20,2450
10945,GR015,Salt 1kg,1,2025-01-13 08:45:00,20,2588
10945,GR003,Eggs Pack (12),1,2025-01-13 08:45:00,90,2588
10945,GR009,Butter 100g,8,2025-01-13 08:45:00,60,2588
10945,GR006,Sunflower Oil 1L,7,2025-01-13 08:45:00,160,2588
10945,GR004,Basmati Rice 1kg,2,2025-01-13 08:45:00,120,2588
10946,GR015,Salt 1kg,5,2025-07-13 04:38:00,20,2899
10946,GR012,Potatoes 1kg,3,2025-07-13 04:38:00,30,2899
10946,GR005,Sugar 1kg,2,2025-07-13 04:38:00,50,2899
10946,GR013,Onions 1kg,2,2025-07-13 04:38:00,35,2899
10946,GR003,Eggs Pack (12),8,2025-07-13 04:38:00,90,2899
10946,GR006,Sunflower Oil 1L,4,2025-07-13 04:38:00,160,2899
10947,GR008,Wheat Flour 1kg,6,2025-04-10 17:19:00,55,1388
10947,GR007,Tea Powder 500g,6,2025-04-10 17:19:00,140,1388
10947,GR003,Eggs Pack (12),5,2025-04-10 17:19:00,90,1388
10947,GR001,Milk 1L,3,2025-04-10 17:19:00,60,1388
10947,GR011,Bananas 1 dozen,1,2025-04-10 17:19:00,50,1388
10948,GR011,Bananas 1 dozen,8,2025-07-18 00:51:00,50,2944
10948,GR013,Onions 1kg,6,2025-07-18 00:51:00,35,2944
10948,GR005,Sugar 1kg,4,2025-07-18 00:51:00,50,2944
10948,GR004,Basmati Rice 1kg,6,2025-07-18 00:51:00,120,2944
10948,GR001,Milk 1L,6,2025-07-18 00:51:00,60,2944
10948,GR007,Tea Powder 500g,1,2025-07-18 00:51:00,140,2944
10949,GR001,Milk 1L,8,2025-03-17 23:39:00,60,1530
10950,GR007,Tea Powder 500g,5,2025-05-15 10:28:00,140,2993
10950,GR003,Eggs Pack (12),2,2025-05-15 10:28:00,90,2993
10950,GR005,Sugar 1kg,3,2025-05-15 10:28:00,50,2993
10950,GR014,Tomatoes 1kg,1,2025-05-15 10:28:00,40,2993
10951,GR006,Sunflower Oil 1L,2,2025-01-21 09:14:00,160,4491
10951,GR012,Potatoes 1kg,3,2025-01-21 09:14:00,30,4491
10951,GR013,Onions 1kg,1,2025-01-21 09:14:00,35,4491
10951,GR003,Eggs Pack (12),3,2025-01-21 09:14:00,90,4491
10952,GR014,Tomatoes 1kg,3,2025-06-19 08:05:00,40,2368
10952,GR011,Bananas 1 dozen,5,2025-06-19 08:05:00,50,2368
10952,GR008,Wheat Flour 1kg,1,2025-06-19 08:05:00,55,2368
10952,GR013,Onions 1kg,2,2025-06-19 08:05:00,35,2368
10953,GR002,Bread,7,2025-03-05 22:09:00,40,3180
10953,GR003,Eggs Pack (12),6,2025-03-05 22:09:00,90,3180
10953,GR007,Tea Powder 500g,6,2025-03-05 22:09:00,140,3180
10954,GR004,Basmati Rice 1kg,2,2025-03-14 05:26:00,120,2588
10954,GR009,Butter 100g,6,2025-03-14 05:26:00,60,2588
10955,GR014,Tomatoes 1kg,5,2025-07-09 18:14:00,40,3540
10955,GR013,Onions 1kg,5,2025-07-09 18:14:00,35,3540
10955,GR002,Bread,7,2025-07-09 18:14:00,40,3540
10955,GR004,Basmati Rice 1kg,4,2025-07-09 18:14:00,120,3540
10956,GR001,Milk 1L,5,2025-03-10 03:23:00,60,4980
10956,GR007,Tea Powder 500g,4,2025-03-10 03:23:00,140,4980
10956,GR013,Onions 1kg,8,2025-03-10 03:23:00,35,4980
10957,GR011,Bananas 1 dozen,8,2025-06-25 06:56:00,50,1530
10957,GR002,Bread,8,2025-06-25 06:56:00,40,1530
10957,GR007,Tea Powder 500g,4,2025-06-25 06:56:00,140,1530
10958,GR008,Wheat Flour 1kg,6,2025-05-08 12:47:00,55,4336
10958,GR007,Tea Powder 500g,1,2025-05-08 12:47:00,140,4336
10958,GR010,Yogurt 200g,7,2025-05-08 12:47:00,25,4336
10958,GR004,Basmati Rice 1kg,6,2025-05-08 12:47:00,120,4336
10959,GR009,Butter 100g,2,2025-04-28 07:23:00,60,1157
10959,GR007,Tea Powder 500g,5,2025-04-28 07:23:00,140,1157
10959,GR015,Salt 1kg,7,2025-04-28 07:23:00,20,1157
10959,GR010,Yogurt 200g,2,2025-04-28 07:23:00,25,1157
10959,GR012,Potatoes 1kg,7,2025-04-28 07:23:00,30,1157
10960,GR011,Bananas 1 dozen,1,2025-04-06 09:02:00,50,4948
10960,GR006,Sunflower Oil 1L,1,2025-04-06 09:02:00,160,4948
10960,GR005,Sugar 1kg,6,2025-04-06 09:02:00,50,4948
10960,GR015,Salt 1kg,5,2025-04-06 09:02:00,20,4948
10961,GR013,Onions 1kg,5,2025-06-21 22:14:00,35,1974
10961,GR014,Tomatoes 1kg,2,2025-06-21 22:14:00,40,1974
10961,GR004,Basmati Rice 1kg,5,2025-06-21 22:14:00,120,1974
10961,GR002,Bread,8,2025-06-21 22:14:00,40,1974
10961,GR010,Yogurt 200g,7,2025-06-21 22:14:00,25,1974
10962,GR008,Wheat Flour 1kg,8,2025-01-17 23:01:00,55,1384
10962,GR006,Sunflower Oil 1L,5,2025-01-17 23:01:00,160,1384
10962,GR007,Tea Powder 500g,1,2025-01-17 23:01:00,140,1384
10962,GR002,Bread,2,2025-01-17 23:01:00,40,1384
10963,GR008,Wheat Flour 1kg,2,2025-01-26 10:25:00,55,1576
10963,GR006,Sunflower Oil 1L,6,2025-01-26 10:25:00,160,1576
10964,GR005,Sugar 1kg,2,2025-03-20 06:49:00,50,2156
10964,GR011,Bananas 1 dozen,5,2025-03-20 06:49:00,50,2156
10965,GR005,Sugar 1kg,1,2025-04-10 13:48:00,50,4487
10965,GR013,Onions 1kg,7,2025-04-10 13:48:00,35,4487
10966,GR008,Wheat Flour 1kg,8,2025-06-05 23:19:00,55,1526
10966,GR013,Onions 1kg,8,2025-06-05 23:19:00,35,1526
10966,GR001,Milk 1L,1,2025-06-05 23:19:00,60,1526
10966,GR002,Bread,3,2025-06-05 23:19:00,40,1526
10966,GR005,Sugar 1kg,2,2025-06-05 23:19:00,50,1526
10967,GR001,Milk 1L,1,2025-02-20 20:18:00,60,3524
10968,GR015,Salt 1kg,6,2025-05-07 12:23:00,20,2164
10969,GR005,Sugar 1kg,7,2025-05-28 10:31:00,50,4891
10969,GR009,Butter 100g,6,2025-05-28 10:31:00,60,4891
10970,GR001,Milk 1L,8,2025-05-14 18:22:00,60,2194
10970,GR002,Bread,4,2025-05-14 18:22:00,40,2194
10970,GR012,Potatoes 1kg,1,2025-05-14 18:22:00,30,2194
10971,GR010,Yogurt 200g,3,2025-04-15 05:02:00,25,1332
10971,GR002,Bread,4,2025-04-15 05:02:00,40,1332
10971,GR004,Basmati Rice 1kg,4,2025-04-15 05:02:00,120,1332
10971,GR015,Salt 1kg,2,2025-04-15 05:02:00,20,1332
10972,GR012,Potatoes 1kg,8,2025-02-18 19:53:00,30,2914
10972,GR010,Yogurt 200g,3,2025-02-18 19:53:00,25,2914
10972,GR008,Wheat Flour 1kg,2,2025-02-18 19:53:00,55,2914
10972,GR009,Butter 100g,1,2025-02-18 19:53:00,60,2914
10972,GR004,Basmati Rice 1kg,7,2025-02-18 19:53:00,120,2914
10973,GR008,Wheat Flour 1kg,6,2025-07-03 15:03:00,55,4512
10973,GR002,Bread,5,2025-07-03 15:03:00,40,4512
10973,GR005,Sugar 1kg,1,2025-07-03 15:03:00,50,4512
10974,GR008,Wheat Flour 1kg,1,2025-04-18 20:46:00,55,2023
10974,GR013,Onions 1kg,4,2025-04-18 20:46:00,35,2023
10974,GR011,Bananas 1 dozen,1,2025-04-18 20:46:00,50,2023
10974,GR012,Potatoes 1kg,3,2025-04-18 20:46:00,30,2023
10974,GR004,Basmati Rice 1kg,2,2025-04-18 20:46:00,120,2023
10974,GR014,Tomatoes 1kg,6,2025-04-18 20:46:00,40,2023
10975,GR015,Salt 1kg,2,2025-07-04 22:45:00,20,4227
10975,GR012,Potatoes 1kg,5,2025-07-04 22:45:00,30,4227
10976,GR011,Bananas 1 dozen,6,2025-04-11 08:43:00,50,2854
10976,GR001,Milk 1L,8,2025-04-11 08:43:00,60,2854
10976,GR003,Eggs Pack (12),4,2025-04-11 08:43:00,90,2854
10976,GR005,Sugar 1kg,1,2025-04-11 08:43:00,50,2854
10977,GR011,Bananas 1 dozen,1,2025-02-18 06:53:00,50,2456
10977,GR002,Bread,5,2025-02-18 06:53:00,40,2456
10977,GR015,Salt 1kg,5,2025-02-18 06:53:00,20,2456
10977,GR005,Sugar 1kg,3,2025-02-18 06:53:00,50,2456
10977,GR006,Sunflower Oil 1L,8,2025-02-18 06:53:00,160,2456
10977,GR013,Onions 1kg,5,2025-02-18 06:53:00,35,2456
10978,GR005,Sugar 1kg,6,2025-01-12 19:37:00,50,4512
10979,GR006,Sunflower Oil 1L,3,2025-07-05 02:25:00,160,3264
10979,GR001,Milk 1L,1,2025-07-05 02:25:00,60,3264
10979,GR012,Potatoes 1kg,5,2025-07-05 02:25:00,30,3264
10979,GR003,Eggs Pack (12),4,2025-07-05 02:25:00,90,3264
10979,GR007,Tea Powder 500g,6,2025-07-05 02:25:00,140,3264
10979,GR005,Sugar 1kg,3,2025-07-05 02:25:00,50,3264
10980,GR015,Salt 1kg,7,2025-06-30 18:34:00,20,2340
10980,GR007,Tea Powder 500g,1,2025-06-30 18:34:00,140,2340
10981,GR010,Yogurt 200g,2,2025-03-12 23:50:00,25,2368
10981,GR005,Sugar 1kg,4,2025-03-12 23:50:00,50,2368
10981,GR001,Milk 1L,4,2025-03-12 23:50:00,60,2368
10981,GR004,Basmati Rice 1kg,5,2025-03-12 23:50:00,120,2368
10982,GR012,Potatoes 1kg,3,2025-04-26 14:19:00,30,2340
10982,GR003,Eggs Pack (12),2,2025-04-26 14:19:00,90,2340
10982,GR002,Bread,8,2025-04-26 14:19:00,40,2340
10982,GR006,Sunflower Oil 1L,1,2025-04-26 14:19:00,160,2340
10983,GR001,Milk 1L,1,2025-03-11 01:25:00,60,3692
10983,GR013,Onions 1kg,5,2025-03-11 01:25:00,35,3692
10983,GR012,Potatoes 1kg,6,2025-03-11 01:25:00,30,3692
10983,GR003,Eggs Pack (12),6,2025-03-11 01:25:00,90,3692
10983,GR002,Bread,8,2025-03-11 01:25:00,40,3692
10984,GR004,Basmati Rice 1kg,2,2025-06-09 10:29:00,120,2993
10984,GR005,Sugar 1kg,6,2025-06-09 10:29:00,50,2993
10984,GR012,Potatoes 1kg,4,2025-06-09 10:29:00,30,2993
10984,GR010,Yogurt 200g,5,2025-06-09 10:29:00,25,2993
10984,GR011,Bananas 1 dozen,7,2025-06-09 10:29:00,50,2993
10984,GR015,Salt 1kg,4,2025-06-09 10:29:00,20,2993
10985,GR001,Milk 1L,3,2025-02-26 01:22:00,60,4859
10985,GR011,Bananas 1 dozen,1,2025-02-26 01:22:00,50,4859
10986,GR005,Sugar 1kg,3,2025-01-25 23:10:00,50,2194
10986,GR014,Tomatoes 1kg,7,2025-01-25 23:10:00,40,2194
10987,GR003,Eggs Pack (12),3,2025-01-13 09:58:00,90,1384
10987,GR007,Tea Powder 500g,7,2025-01-13 09:58:00,140,1384
10987,GR015,Salt 1kg,7,2025-01-13 09:58:00,20,1384
10987,GR011,Bananas 1 dozen,3,2025-01-13 09:58:00,50,1384
10988,GR013,Onions 1kg,3,2025-04-03 20:32:00,35,2291
10988,GR006,Sunflower Oil 1L,3,2025-04-03 20:32:00,160,2291
10988,GR001,Milk 1L,2,2025-04-03 20:32:00,60,2291
10988,GR015,Salt 1kg,1,2025-04-03 20:32:00,20,2291
10989,GR004,Basmati Rice 1kg,5,2025-07-10 20:00:00,120,3454
10989,GR011,Bananas 1 dozen,7,2025-07-10 20:00:00,50,3454
10989,GR001,Milk 1L,2,2025-07-10 20:00:00,60,3454
10989,GR012,Potatoes 1kg,3,2025-07-10 20:00:00,30,3454
10989,GR009,Butter 100g,6,2025-07-10 20:00:00,60,3454
10990,GR015,Salt 1kg,3,2025-02-03 16:13:00,20,3968
10990,GR011,Bananas 1 dozen,7,2025-02-03 16:13:00,50,3968
10991,GR005,Sugar 1kg,4,2025-06-20 19:50:00,50,3500
10992,GR011,Bananas 1 dozen,3,2025-07-01 13:41:00,50,3033
10993,GR013,Onions 1kg,6,2025-06-29 17:51:00,35,2054
10993,GR012,Potatoes 1kg,4,2025-06-29 17:51:00,30,2054
10993,GR015,Salt 1kg,5,2025-06-29 17:51:00,20,2054
10993,GR007,Tea Powder 500g,5,2025-06-29 17:51:00,140,2054
10993,GR006,Sunflower Oil 1L,8,2025-06-29 17:51:00,160,2054
10993,GR010,Yogurt 200g,4,2025-06-29 17:51:00,25,2054
10994,GR012,Potatoes 1kg,7,2025-01-29 09:41:00,30,3041
10994,GR008,Wheat Flour 1kg,5,2025-01-29 09:41:00,55,3041
10994,GR015,Salt 1kg,4,2025-01-29 09:41:00,20,3041
10994,GR007,Tea Powder 500g,2,2025-01-29 09:41:00,140,3041
10994,GR006,Sunflower Oil 1L,1,2025-01-29 09:41:00,160,3041
10995,GR006,Sunflower Oil 1L,8,2025-07-09 12:21:00,160,2450
10995,GR005,Sugar 1kg,3,2025-07-09 12:21:00,50,2450
10995,GR002,Bread,8,2025-07-09 12:21:00,40,2450
10995,GR004,Basmati Rice 1kg,3,2025-07-09 12:21:00,120,2450
10995,GR007,Tea Powder 500g,7,2025-07-09 12:21:00,140,2450
10996,GR010,Yogurt 200g,2,2025-04-07 21:36:00,25,1116
10996,GR013,Onions 1kg,8,2025-04-07 21:36:00,35,1116
10996,GR015,Salt 1kg,8,2025-04-07 21:36:00,20,1116
10996,GR012,Potatoes 1kg,4,2025-04-07 21:36:00,30,1116
10996,GR002,Bread,4,2025-04-07 21:36:00,40,1116
10996,GR007,Tea Powder 500g,1,2025-04-07 21:36:00,140,1116
10997,GR007,Tea Powder 500g,1,2025-05-11 08:07:00,140,2450
10997,GR013,Onions 1kg,1,2025-05-11 08:07:00,35,2450
10997,GR015,Salt 1kg,4,2025-05-11 08:07:00,20,2450
10998,GR013,Onions 1kg,4,2025-07-12 07:15:00,35,3319
10998,GR015,Salt 1kg,2,2025-07-12 07:15:00,20,3319
10998,GR007,Tea Powder 500g,2,2025-07-12 07:15:00,140,3319
10999,GR002,Bread,3,2025-04-25 21:38:00,40,4407
10999,GR007,Tea Powder 500g,6,2025-04-25 21:38:00,140,4407
10999,GR006,Sunflower Oil 1L,3,2025-04-25 21:38:00,160,4407
10999,GR012,Potatoes 1kg,2,2025-04-25 21:38:00,30,4407
10999,GR003,Eggs Pack (12),8,2025-04-25 21:38:00,90,4407
10999,GR014,Tomatoes 1kg,8,2025-04-25 21:38:00,40,4407
11000,GR002,Bread,1,2025-04-18 16:58:00,40,4127
11000,GR003,Eggs Pack (12),7,2025-04-18 16:58:00,90,4127
11000,GR014,Tomatoes 1kg,2,2025-04-18 16:58:00,40,4127
11000,GR015,Salt 1kg,5,2025-04-18 16:58:00,20,4127
11001,GR001,Milk 1L,6,2025-07-01 01:11:00,60,2650
11001,GR007,Tea Powder 500g,1,2025-07-01 01:11:00,140,2650
11001,GR008,Wheat Flour 1kg,2,2025-07-01 01:11:00,55,2650
11001,GR006,Sunflower Oil 1L,7,2025-07-01 01:11:00,160,2650
11002,GR004,Basmati Rice 1kg,8,2025-04-09 17:37:00,120,2673
11003,GR001,Milk 1L,8,2025-03-21 19:05:00,60,1388
11003,GR002,Bread,6,2025-03-21 19:05:00,40,1388
11003,GR006,Sunflower Oil 1L,1,2025-03-21 19:05:00,160,1388
11003,GR009,Butter 100g,2,2025-03-21 19:05:00,60,1388
11003,GR007,Tea Powder 500g,6,2025-03-21 19:05:00,140,1388
11004,GR005,Sugar 1kg,2,2025-06-12 18:39:00,50,1603
11004,GR007,Tea Powder 500g,4,2025-06-12 18:39:00,140,1603
11004,GR013,Onions 1kg,4,2025-06-12 18:39:00,35,1603
11005,GR007,Tea Powder 500g,2,2025-05-23 15:17:00,140,2769
11006,GR006,Sunflower Oil 1L,1,2025-01-31 08:35:00,160,4063
11006,GR010,Yogurt 200g,4,2025-01-31 08:35:00,25,4063
11006,GR001,Milk 1L,3,2025-01-31 08:35:00,60,4063
11006,GR002,Bread,5,2025-01-31 08:35:00,40,4063
11007,GR012,Potatoes 1kg,8,2025-01-24 03:34:00,30,2313
11007,GR002,Bread,2,2025-01-24 03:34:00,40,2313
11007,GR009,Butter 100g,1,2025-01-24 03:34:00,60,2313
11007,GR007,Tea Powder 500g,8,2025-01-24 03:34:00,140,2313
11008,GR004,Basmati Rice 1kg,2,2025-06-29 02:33:00,120,2546
11008,GR013,Onions 1kg,8,2025-06-29 02:33:00,35,2546
11008,GR010,Yogurt 200g,1,2025-06-29 02:33:00,25,2546
11008,GR008,Wheat Flour 1kg,2,2025-06-29 02:33:00,55,2546
11008,GR005,Sugar 1kg,3,2025-06-29 02:33:00,50,2546
11008,GR006,Sunflower Oil 1L,8,2025-06-29 02:33:00,160,2546
11009,GR001,Milk 1L,6,2025-02-24 09:20:00,60,4742
11009,GR008,Wheat Flour 1kg,4,2025-02-24 09:20:00,55,4742
11010,GR011,Bananas 1 dozen,7,2025-05-15 15:28:00,50,3751
11010,GR008,Wheat Flour 1kg,3,2025-05-15 15:28:00,55,3751
11010,GR013,Onions 1kg,7,2025-05-15 15:28:00,35,3751
11010,GR010,Yogurt 200g,7,2025-05-15 15:28:00,25,3751
11010,GR009,Butter 100g,8,2025-05-15 15:28:00,60,3751
11010,GR001,Milk 1L,5,2025-05-15 15:28:00,60,3751
11011,GR009,Butter 100g,4,2025-04-08 14:27:00,60,3180
11011,GR001,Milk 1L,3,2025-04-08 14:27:00,60,3180
11011,GR011,Bananas 1 dozen,4,2025-04-08 14:27:00,50,3180
11011,GR012,Potatoes 1kg,8,2025-04-08 14:27:00,30,3180
11011,GR002,Bread,7,2025-04-08 14:27:00,40,3180
11011,GR005,Sugar 1kg,6,2025-04-08 14:27:00,50,3180
11012,GR001,Milk 1L,5,2025-01-08 13:44:00,60,4178
11012,GR010,Yogurt 200g,8,2025-01-08 13:44:00,25,4178
11012,GR015,Salt 1kg,7,2025-01-08 13:44:00,20,4178
11013,GR004,Basmati Rice 1kg,2,2025-03-16 01:12:00,120,1799
11013,GR012,Potatoes 1kg,4,2025-03-16 01:12:00,30,1799
11013,GR008,Wheat Flour 1kg,4,2025-03-16 01:12:00,55,1799
11013,GR005,Sugar 1kg,8,2025-03-16 01:12:00,50,1799
11014,GR008,Wheat Flour 1kg,5,2025-01-20 09:52:00,55,2291
11014,GR006,Sunflower Oil 1L,7,2025-01-20 09:52:00,160,2291
11014,GR009,Butter 100g,6,2025-01-20 09:52:00,60,2291
11014,GR011,Bananas 1 dozen,4,2025-01-20 09:52:00,50,2291
11014,GR015,Salt 1kg,5,2025-01-20 09:52:00,20,2291
11015,GR012,Potatoes 1kg,7,2025-04-28 11:31:00,30,2583
11015,GR003,Eggs Pack (12),3,2025-04-28 11:31:00,90,2583
11015,GR008,Wheat Flour 1kg,7,2025-04-28 11:31:00,55,2583
11015,GR011,Bananas 1 dozen,3,2025-04-28 11:31:00,50,2583
11015,GR004,Basmati Rice 1kg,6,2025-04-28 11:31:00,120,2583
11015,GR013,Onions 1kg,5,2025-04-28 11:31:00,35,2583
11016,GR003,Eggs Pack (12),4,2025-01-28 19:25:00,90,2635
11017,GR006,Sunflower Oil 1L,4,2025-06-16 10:44:00,160,1447
11017,GR015,Salt 1kg,8,2025-06-16 10:44:00,20,1447
11018,GR005,Sugar 1kg,4,2025-07-07 21:14:00,50,2053
11018,GR011,Bananas 1 dozen,3,2025-07-07 21:14:00,50,2053
11018,GR001,Milk 1L,3,2025-07-07 21:14:00,60,2053
11019,GR002,Bread,8,2025-03-30 22:02:00,40,4948
11019,GR004,Basmati Rice 1kg,3,2025-03-30 22:02:00,120,4948
11019,GR015,Salt 1kg,1,2025-03-30 22:02:00,20,4948
11019,GR003,Eggs Pack (12),4,2025-03-30 22:02:00,90,4948
11020,GR001,Milk 1L,7,2025-05-06 02:20:00,60,1157
11021,GR004,Basmati Rice 1kg,5,2025-02-11 21:34:00,120,4326
11021,GR011,Bananas 1 dozen,4,2025-02-11 21:34:00,50,4326
11021,GR010,Yogurt 200g,7,2025-02-11 21:34:00,25,4326
11022,GR014,Tomatoes 1kg,7,2025-06-17 19:10:00,40,4444
11022,GR008,Wheat Flour 1kg,5,2025-06-17 19:10:00,55,4444
11022,GR009,Butter 100g,4,2025-06-17 19:10:00,60,4444
11022,GR007,Tea Powder 500g,1,2025-06-17 19:10:00,140,4444
11022,GR005,Sugar 1kg,4,2025-06-17 19:10:00,50,4444
11023,GR004,Basmati Rice 1kg,3,2025-01-17 03:37:00,120,2368
11023,GR011,Bananas 1 dozen,6,2025-01-17 03:37:00,50,2368
11023,GR003,Eggs Pack (12),5,2025-01-17 03:37:00,90,2368
11024,GR004,Basmati Rice 1kg,7,2025-06-24 18:49:00,120,1450
11024,GR008,Wheat Flour 1kg,5,2025-06-24 18:49:00,55,1450
11025,GR012,Potatoes 1kg,3,2025-03-01 15:24:00,30,1066
11025,GR010,Yogurt 200g,3,2025-03-01 15:24:00,25,1066
11025,GR004,Basmati Rice 1kg,7,2025-03-01 15:24:00,120,1066
11025,GR005,Sugar 1kg,7,2025-03-01 15:24:00,50,1066
11026,GR002,Bread,3,2025-04-08 12:26:00,40,4099
11026,GR010,Yogurt 200g,1,2025-04-08 12:26:00,25,4099
11026,GR003,Eggs Pack (12),3,2025-04-08 12:26:00,90,4099
11027,GR002,Bread,2,2025-05-14 04:10:00,40,3315
11028,GR006,Sunflower Oil 1L,4,2025-06-09 01:41:00,160,3876
11028,GR007,Tea Powder 500g,6,2025-06-09 01:41:00,140,3876
11028,GR002,Bread,5,2025-06-09 01:41:00,40,3876
11028,GR003,Eggs Pack (12),3,2025-06-09 01:41:00,90,3876
11028,GR005,Sugar 1kg,7,2025-06-09 01:41:00,50,3876
11029,GR014,Tomatoes 1kg,4,2025-04-04 08:32:00,40,4181
11029,GR003,Eggs Pack (12),6,2025-04-04 08:32:00,90,4181
11029,GR001,Milk 1L,4,2025-04-04 08:32:00,60,4181
11029,GR005,Sugar 1kg,3,2025-04-04 08:32:00,50,4181
11030,GR001,Milk 1L,4,2025-06-28 12:06:00,60,3612
11030,GR015,Salt 1kg,4,2025-06-28 12:06:00,20,3612
11030,GR014,Tomatoes 1kg,2,2025-06-28 12:06:00,40,3612
11030,GR010,Yogurt 200g,5,2025-06-28 12:06:00,25,3612
11030,GR004,Basmati Rice 1kg,3,2025-06-28 12:06:00,120,3612
11031,GR012,Potatoes 1kg,3,2025-02-01 05:57:00,30,1741
11031,GR013,Onions 1kg,7,2025-02-01 05:57:00,35,1741
11032,GR004,Basmati Rice 1kg,2,2025-02-09 18:40:00,120,2584
11033,GR007,Tea Powder 500g,6,2025-01-12 00:28:00,140,2362
11033,GR004,Basmati Rice 1kg,7,2025-01-12 00:28:00,120,2362
11034,GR009,Butter 100g,3,2025-03-04 04:15:00,60,4560
11034,GR011,Bananas 1 dozen,5,2025-03-04 04:15:00,50,4560
11035,GR002,Bread,1,2025-02-27 12:50:00,40,4340
11035,GR015,Salt 1kg,6,2025-02-27 12:50:00,20,4340
11036,GR001,Milk 1L,1,2025-02-15 02:41:00,60,1702
11036,GR004,Basmati Rice 1kg,4,2025-02-15 02:41:00,120,1702
11036,GR014,Tomatoes 1kg,1,2025-02-15 02:41:00,40,1702
11037,GR004,Basmati Rice 1kg,3,2025-06-26 13:57:00,120,4899
11037,GR014,Tomatoes 1kg,7,2025-06-26 13:57:00,40,4899
11037,GR011,Bananas 1 dozen,7,2025-06-26 13:57:00,50,4899
11037,GR008,Wheat Flour 1kg,7,2025-06-26 13:57:00,55,4899
11037,GR006,Sunflower Oil 1L,3,2025-06-26 13:57:00,160,4899
11037,GR001,Milk 1L,3,2025-06-26 13:57:00,60,4899
11038,GR002,Bread,2,2025-06-21 04:23:00,40,2961
11038,GR015,Salt 1kg,4,2025-06-21 04:23:00,20,2961
11038,GR006,Sunflower Oil 1L,5,2025-06-21 04:23:00,160,2961
11038,GR009,Butter 100g,4,2025-06-21 04:23:00,60,2961
11038,GR014,Tomatoes 1kg,6,2025-06-21 04:23:00,40,2961
11038,GR001,Milk 1L,4,2025-06-21 04:23:00,60,2961
11039,GR005,Sugar 1kg,6,2025-01-14 12:18:00,50,3831
11040,GR009,Butter 100g,7,2025-04-01 02:31:00,60,2785
11041,GR011,Bananas 1 dozen,3,2025-01-15 15:55:00,50,1388
11042,GR003,Eggs Pack (12),8,2025-03-31 04:22:00,90,3346
11042,GR008,Wheat Flour 1kg,6,2025-03-31 04:22:00,55,3346
11042,GR012,Potatoes 1kg,1,2025-03-31 04:22:00,30,3346
11042,GR009,Butter 100g,8,2025-03-31 04:22:00,60,3346
11042,GR007,Tea Powder 500g,8,2025-03-31 04:22:00,140,3346
11043,GR014,Tomatoes 1kg,6,2025-01-09 15:46:00,40,3046
11043,GR011,Bananas 1 dozen,2,2025-01-09 15:46:00,50,3046
11043,GR007,Tea Powder 500g,1,2025-01-09 15:46:00,140,3046
11043,GR001,Milk 1L,8,2025-01-09 15:46:00,60,3046
11043,GR009,Butter 100g,8,2025-01-09 15:46:00,60,3046
11043,GR013,Onions 1kg,2,2025-01-09 15:46:00,35,3046
11044,GR014,Tomatoes 1kg,8,2025-06-26 16:54:00,40,1235
11044,GR004,Basmati Rice 1kg,4,2025-06-26 16:54:00,120,1235
11045,GR010,Yogurt 200g,8,2025-03-27 04:05:00,25,4271
11045,GR011,Bananas 1 dozen,4,2025-03-27 04:05:00,50,4271
11045,GR013,Onions 1kg,4,2025-03-27 04:05:00,35,4271
11045,GR008,Wheat Flour 1kg,7,2025-03-27 04:05:00,55,4271
11046,GR011,Bananas 1 dozen,1,2025-07-16 16:36:00,50,1035
11046,GR004,Basmati Rice 1kg,6,2025-07-16 16:36:00,120,1035
11046,GR010,Yogurt 200g,8,2025-07-16 16:36:00,25,1035
11046,GR003,Eggs Pack (12),6,2025-07-16 16:36:00,90,1035
11047,GR006,Sunflower Oil 1L,4,2025-04-24 20:52:00,160,2345
11047,GR003,Eggs Pack (12),1,2025-04-24 20:52:00,90,2345
11047,GR012,Potatoes 1kg,3,2025-04-24 20:52:00,30,2345
11047,GR013,Onions 1kg,7,2025-04-24 20:52:00,35,2345
11047,GR001,Milk 1L,8,2025-04-24 20:52:00,60,2345
11048,GR003,Eggs Pack (12),3,2025-06-18 12:19:00,90,3018
11048,GR010,Yogurt 200g,2,2025-06-18 12:19:00,25,3018
11048,GR013,Onions 1kg,5,2025-06-18 12:19:00,35,3018
11048,GR009,Butter 100g,7,2025-06-18 12:19:00,60,3018
11049,GR011,Bananas 1 dozen,1,2025-01-21 17:27:00,50,4625
11049,GR014,Tomatoes 1kg,7,2025-01-21 17:27:00,40,4625
11049,GR002,Bread,7,2025-01-21 17:27:00,40,4625
11049,GR009,Butter 100g,5,2025-01-21 17:27:00,60,4625
11049,GR008,Wheat Flour 1kg,4,2025-01-21 17:27:00,55,4625
11049,GR015,Salt 1kg,8,2025-01-21 17:27:00,20,4625
11050,GR005,Sugar 1kg,7,2025-04-17 06:32:00,50,2465
11051,GR002,Bread,2,2025-01-22 22:00:00,40,1436
11051,GR006,Sunflower Oil 1L,7,2025-01-22 22:00:00,160,1436
11052,GR003,Eggs Pack (12),5,2025-03-02 12:06:00,90,1884
11052,GR013,Onions 1kg,2,2025-03-02 12:06:00,35,1884
11052,GR008,Wheat Flour 1kg,5,2025-03-02 12:06:00,55,1884
11052,GR001,Milk 1L,4,2025-03-02 12:06:00,60,1884
11052,GR005,Sugar 1kg,8,2025-03-02 12:06:00,50,1884
11053,GR008,Wheat Flour 1kg,5,2025-02-26 09:48:00,55,1389
11053,GR007,Tea Powder 500g,4,2025-02-26 09:48:00,140,1389
11053,GR005,Sugar 1kg,2,2025-02-26 09:48:00,50,1389
11054,GR002,Bread,4,2025-04-26 04:51:00,40,4271
11054,GR008,Wheat Flour 1kg,7,2025-04-26 04:51:00,55,4271
11054,GR015,Salt 1kg,7,2025-04-26 04:51:00,20,4271
11055,GR013,Onions 1kg,4,2025-02-08 18:13:00,35,4420
11055,GR010,Yogurt 200g,8,2025-02-08 18:13:00,25,4420
11055,GR006,Sunflower Oil 1L,1,2025-02-08 18:13:00,160,4420
11055,GR009,Butter 100g,7,2025-02-08 18:13:00,60,4420
11055,GR014,Tomatoes 1kg,1,2025-02-08 18:13:00,40,4420
11056,GR007,Tea Powder 500g,8,2025-06-23 20:12:00,140,1611
11056,GR014,Tomatoes 1kg,5,2025-06-23 20:12:00,40,1611
11056,GR008,Wheat Flour 1kg,6,2025-06-23 20:12:00,55,1611
11056,GR002,Bread,3,2025-06-23 20:12:00,40,1611
11057,GR014,Tomatoes 1kg,3,2025-07-02 02:45:00,40,1662
11057,GR006,Sunflower Oil 1L,5,2025-07-02 02:45:00,160,1662
11057,GR004,Basmati Rice 1kg,4,2025-07-02 02:45:00,120,1662
11058,GR004,Basmati Rice 1kg,1,2025-03-11 23:45:00,120,1450
11058,GR014,Tomatoes 1kg,1,2025-03-11 23:45:00,40,1450
11058,GR011,Bananas 1 dozen,3,2025-03-11 23:45:00,50,1450
11058,GR005,Sugar 1kg,4,2025-03-11 23:45:00,50,1450
11058,GR001,Milk 1L,6,2025-03-11 23:45:00,60,1450
11058,GR007,Tea Powder 500g,7,2025-03-11 23:45:00,140,1450
11059,GR005,Sugar 1kg,6,2025-01-26 04:05:00,50,4844
11059,GR014,Tomatoes 1kg,7,2025-01-26 04:05:00,40,4844
11059,GR011,Bananas 1 dozen,3,2025-01-26 04:05:00,50,4844
11059,GR008,Wheat Flour 1kg,1,2025-01-26 04:05:00,55,4844
11059,GR006,Sunflower Oil 1L,2,2025-01-26 04:05:00,160,4844
11059,GR015,Salt 1kg,4,2025-01-26 04:05:00,20,4844
11060,GR010,Yogurt 200g,5,2025-04-02 03:02:00,25,2583
11060,GR011,Bananas 1 dozen,1,2025-04-02 03:02:00,50,2583
11061,GR006,Sunflower Oil 1L,8,2025-05-03 00:07:00,160,4512
11061,GR009,Butter 100g,3,2025-05-03 00:07:00,60,4512
11062,GR005,Sugar 1kg,8,2025-02-01 15:53:00,50,2769
11062,GR011,Bananas 1 dozen,8,2025-02-01 15:53:00,50,2769
11062,GR004,Basmati Rice 1kg,8,2025-02-01 15:53:00,120,2769
11062,GR008,Wheat Flour 1kg,5,2025-02-01 15:53:00,55,2769
11063,GR003,Eggs Pack (12),1,2025-05-21 21:56:00,90,3046
11063,GR013,Onions 1kg,7,2025-05-21 21:56:00,35,3046
11063,GR006,Sunflower Oil 1L,6,2025-05-21 21:56:00,160,3046
11063,GR009,Butter 100g,4,2025-05-21 21:56:00,60,3046
11063,GR011,Bananas 1 dozen,3,2025-05-21 21:56:00,50,3046
11064,GR006,Sunflower Oil 1L,2,2025-02-25 21:37:00,160,1918
11064,GR015,Salt 1kg,7,2025-02-25 21:37:00,20,1918
11064,GR013,Onions 1kg,5,2025-02-25 21:37:00,35,1918
11065,GR006,Sunflower Oil 1L,8,2025-03-25 12:33:00,160,3329
11065,GR001,Milk 1L,6,2025-03-25 12:33:00,60,3329
11066,GR006,Sunflower Oil 1L,2,2025-06-07 00:40:00,160,2207
11066,GR015,Salt 1kg,7,2025-06-07 00:40:00,20,2207
11066,GR012,Potatoes 1kg,4,2025-06-07 00:40:00,30,2207
11067,GR004,Basmati Rice 1kg,7,2025-06-11 06:10:00,120,3751
11067,GR007,Tea Powder 500g,6,2025-06-11 06:10:00,140,3751
11067,GR015,Salt 1kg,3,2025-06-11 06:10:00,20,3751
11067,GR002,Bread,2,2025-06-11 06:10:00,40,3751
11067,GR014,Tomatoes 1kg,4,2025-06-11 06:10:00,40,3751
11068,GR006,Sunflower Oil 1L,1,2025-05-28 18:33:00,160,4560
11068,GR010,Yogurt 200g,1,2025-05-28 18:33:00,25,4560
11068,GR012,Potatoes 1kg,7,2025-05-28 18:33:00,30,4560
11068,GR013,Onions 1kg,3,2025-05-28 18:33:00,35,4560
11069,GR013,Onions 1kg,1,2025-03-05 17:25:00,35,1365
11069,GR005,Sugar 1kg,6,2025-03-05 17:25:00,50,1365
11069,GR015,Salt 1kg,7,2025-03-05 17:25:00,20,1365
11069,GR008,Wheat Flour 1kg,1,2025-03-05 17:25:00,55,1365
11069,GR003,Eggs Pack (12),4,2025-03-05 17:25:00,90,1365
11070,GR005,Sugar 1kg,4,2025-01-15 00:29:00,50,1020
11070,GR002,Bread,1,2025-01-15 00:29:00,40,1020
11071,GR008,Wheat Flour 1kg,3,2025-03-30 21:18:00,55,4385
11072,GR007,Tea Powder 500g,5,2025-03-06 11:27:00,140,2457
11073,GR015,Salt 1kg,2,2025-03-07 14:29:00,20,3297
11073,GR013,Onions 1kg,3,2025-03-07 14:29:00,35,3297
11073,GR003,Eggs Pack (12),4,2025-03-07 14:29:00,90,3297
11073,GR011,Bananas 1 dozen,2,2025-03-07 14:29:00,50,3297
11073,GR008,Wheat Flour 1kg,2,2025-03-07 14:29:00,55,3297
11073,GR002,Bread,8,2025-03-07 14:29:00,40,3297
11074,GR011,Bananas 1 dozen,8,2025-04-06 10:57:00,50,1066
11074,GR002,Bread,6,2025-04-06 10:57:00,40,1066
11074,GR010,Yogurt 200g,1,2025-04-06 10:57:00,25,1066
11074,GR005,Sugar 1kg,8,2025-04-06 10:57:00,50,1066
11074,GR004,Basmati Rice 1kg,8,2025-04-06 10:57:00,120,1066
11074,GR014,Tomatoes 1kg,4,2025-04-06 10:57:00,40,1066
11075,GR010,Yogurt 200g,5,2025-04-28 19:36:00,25,2507
11075,GR005,Sugar 1kg,5,2025-04-28 19:36:00,50,2507
11075,GR001,Milk 1L,3,2025-04-28 19:36:00,60,2507
11075,GR014,Tomatoes 1kg,7,2025-04-28 19:36:00,40,2507
11075,GR013,Onions 1kg,6,2025-04-28 19:36:00,35,2507
11076,GR009,Butter 100g,4,2025-01-08 07:41:00,60,4520
11077,GR003,Eggs Pack (12),6,2025-06-14 19:04:00,90,4629
11077,GR011,Bananas 1 dozen,3,2025-06-14 19:04:00,50,4629
11077,GR001,Milk 1L,1,2025-06-14 19:04:00,60,4629
11077,GR010,Yogurt 200g,5,2025-06-14 19:04:00,25,4629
11077,GR012,Potatoes 1kg,7,2025-06-14 19:04:00,30,4629
11078,GR012,Potatoes 1kg,4,2025-06-29 23:15:00,30,4953
11078,GR013,Onions 1kg,2,2025-06-29 23:15:00,35,4953
11078,GR006,Sunflower Oil 1L,5,2025-06-29 23:15:00,160,4953
11078,GR010,Yogurt 200g,8,2025-06-29 23:15:00,25,4953
11079,GR002,Bread,2,2025-04-04 23:55:00,40,3828
11079,GR012,Potatoes 1kg,1,2025-04-04 23:55:00,30,3828
11079,GR001,Milk 1L,2,2025-04-04 23:55:00,60,3828
11079,GR003,Eggs Pack (12),7,2025-04-04 23:55:00,90,3828
11079,GR011,Bananas 1 dozen,6,2025-04-04 23:55:00,50,3828
11079,GR013,Onions 1kg,4,2025-04-04 23:55:00,35,3828
11080,GR013,Onions 1kg,6,2025-06-14 21:33:00,35,1384
11080,GR008,Wheat Flour 1kg,7,2025-06-14 21:33:00,55,1384
11080,GR009,Butter 100g,3,2025-06-14 21:33:00,60,1384
11080,GR007,Tea Powder 500g,8,2025-06-14 21:33:00,140,1384
11081,GR012,Potatoes 1kg,4,2025-04-13 21:40:00,30,3042
11081,GR014,Tomatoes 1kg,6,2025-04-13 21:40:00,40,3042
11081,GR003,Eggs Pack (12),1,2025-04-13 21:40:00,90,3042
11081,GR001,Milk 1L,5,2025-04-13 21:40:00,60,3042
11081,GR002,Bread,6,2025-04-13 21:40:00,40,3042
11082,GR002,Bread,7,2025-04-18 05:39:00,40,3421
11082,GR012,Potatoes 1kg,3,2025-04-18 05:39:00,30,3421
11083,GR015,Salt 1kg,8,2025-06-18 21:10:00,20,2596
11083,GR002,Bread,6,2025-06-18 21:10:00,40,2596
11083,GR004,Basmati Rice 1kg,2,2025-06-18 21:10:00,120,2596
11083,GR013,Onions 1kg,3,2025-06-18 21:10:00,35,2596
11083,GR011,Bananas 1 dozen,3,2025-06-18 21:10:00,50,2596
11084,GR008,Wheat Flour 1kg,1,2025-06-06 16:46:00,55,4790
11084,GR013,Onions 1kg,8,2025-06-06 16:46:00,35,4790
11084,GR006,Sunflower Oil 1L,8,2025-06-06 16:46:00,160,4790
11084,GR002,Bread,3,2025-06-06 16:46:00,40,4790
11085,GR005,Sugar 1kg,3,2025-01-03 15:38:00,50,2899
11085,GR006,Sunflower Oil 1L,2,2025-01-03 15:38:00,160,2899
11085,GR010,Yogurt 200g,3,2025-01-03 15:38:00,25,2899
11086,GR005,Sugar 1kg,7,2025-02-11 04:48:00,50,3331
11086,GR003,Eggs Pack (12),7,2025-02-11 04:48:00,90,3331
11087,GR011,Bananas 1 dozen,1,2025-07-14 20:27:00,50,2489
11087,GR009,Butter 100g,2,2025-07-14 20:27:00,60,2489
11087,GR008,Wheat Flour 1kg,5,2025-07-14 20:27:00,55,2489
11087,GR014,Tomatoes 1kg,7,2025-07-14 20:27:00,40,2489
11087,GR015,Salt 1kg,1,2025-07-14 20:27:00,20,2489
11088,GR007,Tea Powder 500g,1,2025-04-06 09:44:00,140,3297
11088,GR013,Onions 1kg,5,2025-04-06 09:44:00,35,3297
11088,GR009,Butter 100g,7,2025-04-06 09:44:00,60,3297
11088,GR012,Potatoes 1kg,8,2025-04-06 09:44:00,30,3297
11089,GR003,Eggs Pack (12),7,2025-05-19 10:46:00,90,2460
11089,GR015,Salt 1kg,6,2025-05-19 10:46:00,20,2460
11090,GR008,Wheat Flour 1kg,2,2025-02-21 05:31:00,55,2596
11090,GR010,Yogurt 200g,4,2025-02-21 05:31:00,25,2596
11091,GR013,Onions 1kg,4,2025-01-05 08:40:00,35,2673
11091,GR015,Salt 1kg,2,2025-01-05 08:40:00,20,2673
11091,GR014,Tomatoes 1kg,6,2025-01-05 08:40:00,40,2673
11091,GR010,Yogurt 200g,5,2025-01-05 08:40:00,25,2673
11092,GR010,Yogurt 200g,4,2025-07-12 23:43:00,25,4859
11092,GR002,Bread,5,2025-07-12 23:43:00,40,4859
11092,GR015,Salt 1kg,7,2025-07-12 23:43:00,20,4859
11093,GR008,Wheat Flour 1kg,7,2025-04-03 18:56:00,55,3869
11093,GR014,Tomatoes 1kg,7,2025-04-03 18:56:00,40,3869
11093,GR006,Sunflower Oil 1L,8,2025-04-03 18:56:00,160,3869
11093,GR002,Bread,7,2025-04-03 18:56:00,40,3869
11093,GR007,Tea Powder 500g,6,2025-04-03 18:56:00,140,3869
11094,GR014,Tomatoes 1kg,7,2025-04-12 15:57:00,40,1641
11095,GR004,Basmati Rice 1kg,1,2025-02-06 08:35:00,120,2460
11095,GR006,Sunflower Oil 1L,5,2025-02-06 08:35:00,160,2460
11095,GR007,Tea Powder 500g,5,2025-02-06 08:35:00,140,2460
11095,GR015,Salt 1kg,7,2025-02-06 08:35:00,20,2460
11095,GR011,Bananas 1 dozen,5,2025-02-06 08:35:00,50,2460
11096,GR010,Yogurt 200g,6,2025-07-03 08:29:00,25,3681
11096,GR015,Salt 1kg,1,2025-07-03 08:29:00,20,3681
11096,GR003,Eggs Pack (12),7,2025-07-03 08:29:00,90,3681
11096,GR014,Tomatoes 1kg,4,2025-07-03 08:29:00,40,3681
11096,GR011,Bananas 1 dozen,4,2025-07-03 08:29:00,50,3681
11096,GR001,Milk 1L,8,2025-07-03 08:29:00,60,3681
11097,GR006,Sunflower Oil 1L,3,2025-05-24 15:18:00,160,4849
11097,GR014,Tomatoes 1kg,2,2025-05-24 15:18:00,40,4849
11097,GR008,Wheat Flour 1kg,2,2025-05-24 15:18:00,55,4849
11097,GR004,Basmati Rice 1kg,2,2025-05-24 15:18:00,120,4849
11097,GR002,Bread,5,2025-05-24 15:18:00,40,4849
11097,GR009,Butter 100g,1,2025-05-24 15:18:00,60,4849
11098,GR001,Milk 1L,1,2025-02-07 18:37:00,60,4181
11098,GR013,Onions 1kg,5,2025-02-07 18:37:00,35,4181
11099,GR007,Tea Powder 500g,5,2025-01-27 18:41:00,140,4420
11099,GR013,Onions 1kg,6,2025-01-27 18:41:00,35,4420
11099,GR009,Butter 100g,6,2025-01-27 18:41:00,60,4420
11099,GR006,Sunflower Oil 1L,4,2025-01-27 18:41:00,160,4420
11099,GR012,Potatoes 1kg,8,2025-01-27 18:41:00,30,4420
11100,GR002,Bread,6,2025-05-11 23:43:00,40,4652
11100,GR013,Onions 1kg,8,2025-05-11 23:43:00,35,4652
11100,GR005,Sugar 1kg,5,2025-05-11 23:43:00,50,4652
11100,GR008,Wheat Flour 1kg,1,2025-05-11 23:43:00,55,4652
11101,GR009,Butter 100g,8,2025-02-18 05:27:00,60,3018
11101,GR015,Salt 1kg,2,2025-02-18 05:27:00,20,3018
11101,GR006,Sunflower Oil 1L,2,2025-02-18 05:27:00,160,3018
11101,GR011,Bananas 1 dozen,8,2025-02-18 05:27:00,50,3018
11101,GR014,Tomatoes 1kg,3,2025-02-18 05:27:00,40,3018
11102,GR006,Sunflower Oil 1L,7,2025-01-14 23:35:00,160,3685
11102,GR004,Basmati Rice 1kg,6,2025-01-14 23:35:00,120,3685
11103,GR010,Yogurt 200g,5,2025-06-24 19:24:00,25,1450
11103,GR014,Tomatoes 1kg,7,2025-06-24 19:24:00,40,1450
11103,GR005,Sugar 1kg,6,2025-06-24 19:24:00,50,1450
11103,GR011,Bananas 1 dozen,1,2025-06-24 19:24:00,50,1450
11103,GR015,Salt 1kg,8,2025-06-24 19:24:00,20,1450
11103,GR009,Butter 100g,7,2025-06-24 19:24:00,60,1450
11104,GR004,Basmati Rice 1kg,1,2025-02-21 12:56:00,120,1741
11105,GR001,Milk 1L,5,2025-06-16 14:11:00,60,4622
11105,GR002,Bread,8,2025-06-16 14:11:00,40,4622
11105,GR009,Butter 100g,5,2025-06-16 14:11:00,60,4622
11106,GR002,Bread,6,2025-07-13 20:38:00,40,2607
11106,GR009,Butter 100g,3,2025-07-13 20:38:00,60,2607
11106,GR015,Salt 1kg,7,2025-07-13 20:38:00,20,2607
11106,GR012,Potatoes 1kg,2,2025-07-13 20:38:00,30,2607
11106,GR004,Basmati Rice 1kg,1,2025-07-13 20:38:00,120,2607
11106,GR001,Milk 1L,8,2025-07-13 20:38:00,60,2607
11107,GR003,Eggs Pack (12),8,2025-07-10 19:56:00,90,1856
11107,GR008,Wheat Flour 1kg,1,2025-07-10 19:56:00,55,1856
11107,GR004,Basmati Rice 1kg,7,2025-07-10 19:56:00,120,1856
11107,GR006,Sunflower Oil 1L,4,2025-07-10 19:56:00,160,1856
11107,GR007,Tea Powder 500g,4,2025-07-10 19:56:00,140,1856
11107,GR013,Onions 1kg,4,2025-07-10 19:56:00,35,1856
11108,GR008,Wheat Flour 1kg,1,2025-06-11 01:10:00,55,3693
11108,GR004,Basmati Rice 1kg,1,2025-06-11 01:10:00,120,3693
11108,GR005,Sugar 1kg,2,2025-06-11 01:10:00,50,3693
11108,GR013,Onions 1kg,3,2025-06-11 01:10:00,35,3693
11108,GR003,Eggs Pack (12),8,2025-06-11 01:10:00,90,3693
11108,GR006,Sunflower Oil 1L,4,2025-06-11 01:10:00,160,3693
11109,GR009,Butter 100g,8,2025-03-23 07:40:00,60,3827
11109,GR012,Potatoes 1kg,7,2025-03-23 07:40:00,30,3827
11109,GR008,Wheat Flour 1kg,8,2025-03-23 07:40:00,55,3827
11110,GR015,Salt 1kg,4,2025-02-25 00:42:00,20,2705
11110,GR004,Basmati Rice 1kg,2,2025-02-25 00:42:00,120,2705
11110,GR006,Sunflower Oil 1L,5,2025-02-25 00:42:00,160,2705
11110,GR003,Eggs Pack (12),3,2025-02-25 00:42:00,90,2705
11110,GR012,Potatoes 1kg,7,2025-02-25 00:42:00,30,2705
11111,GR015,Salt 1kg,3,2025-01-31 20:42:00,20,3112
11111,GR011,Bananas 1 dozen,5,2025-01-31 20:42:00,50,3112
11111,GR014,Tomatoes 1kg,6,2025-01-31 20:42:00,40,3112
11111,GR002,Bread,4,2025-01-31 20:42:00,40,3112
11111,GR008,Wheat Flour 1kg,1,2025-01-31 20:42:00,55,3112
11111,GR005,Sugar 1kg,6,2025-01-31 20:42:00,50,3112
11112,GR002,Bread,2,2025-05-30 12:39:00,40,3421
11112,GR007,Tea Powder 500g,6,2025-05-30 12:39:00,140,3421
11112,GR014,Tomatoes 1kg,5,2025-05-30 12:39:00,40,3421
11112,GR006,Sunflower Oil 1L,8,2025-05-30 12:39:00,160,3421
11112,GR011,Bananas 1 dozen,2,2025-05-30 12:39:00,50,3421
11112,GR008,Wheat Flour 1kg,3,2025-05-30 12:39:00,55,3421
11113,GR012,Potatoes 1kg,6,2025-06-06 13:19:00,30,2460
11113,GR007,Tea Powder 500g,4,2025-06-06 13:19:00,140,2460
11113,GR011,Bananas 1 dozen,8,2025-06-06 13:19:00,50,2460
11114,GR014,Tomatoes 1kg,3,2025-07-19 11:43:00,40,4948
11114,GR011,Bananas 1 dozen,8,2025-07-19 11:43:00,50,4948
11115,GR005,Sugar 1kg,2,2025-03-25 12:44:00,50,4952
11115,GR014,Tomatoes 1kg,3,2025-03-25 12:44:00,40,4952
11115,GR007,Tea Powder 500g,8,2025-03-25 12:44:00,140,4952
11115,GR006,Sunflower Oil 1L,2,2025-03-25 12:44:00,160,4952
11116,GR014,Tomatoes 1kg,3,2025-01-25 12:06:00,40,4523
11116,GR013,Onions 1kg,2,2025-01-25 12:06:00,35,4523
11117,GR007,Tea Powder 500g,1,2025-03-06 13:11:00,140,1029
11117,GR004,Basmati Rice 1kg,7,2025-03-06 13:11:00,120,1029
11117,GR005,Sugar 1kg,4,2025-03-06 13:11:00,50,1029
11117,GR011,Bananas 1 dozen,1,2025-03-06 13:11:00,50,1029
11117,GR014,Tomatoes 1kg,7,2025-03-06 13:11:00,40,1029
11118,GR010,Yogurt 200g,2,2025-03-25 12:20:00,25,4547
11118,GR002,Bread,2,2025-03-25 12:20:00,40,4547
11118,GR005,Sugar 1kg,1,2025-03-25 12:20:00,50,4547
11118,GR015,Salt 1kg,2,2025-03-25 12:20:00,20,4547
11118,GR008,Wheat Flour 1kg,5,2025-03-25 12:20:00,55,4547
11119,GR001,Milk 1L,7,2025-03-05 01:02:00,60,4652
11119,GR010,Yogurt 200g,1,2025-03-05 01:02:00,25,4652
11119,GR003,Eggs Pack (12),5,2025-03-05 01:02:00,90,4652
11119,GR008,Wheat Flour 1kg,4,2025-03-05 01:02:00,55,4652
11120,GR010,Yogurt 200g,2,2025-02-25 17:12:00,25,4926
11120,GR011,Bananas 1 dozen,4,2025-02-25 17:12:00,50,4926
11120,GR006,Sunflower Oil 1L,5,2025-02-25 17:12:00,160,4926
11120,GR003,Eggs Pack (12),3,2025-02-25 17:12:00,90,4926
11120,GR008,Wheat Flour 1kg,5,2025-02-25 17:12:00,55,4926
11121,GR013,Onions 1kg,2,2025-07-07 02:32:00,35,2588
11122,GR005,Sugar 1kg,4,2025-06-30 23:38:00,50,3618
11122,GR007,Tea Powder 500g,8,2025-06-30 23:38:00,140,3618
11122,GR001,Milk 1L,5,2025-06-30 23:38:00,60,3618
11122,GR006,Sunflower Oil 1L,3,2025-06-30 23:38:00,160,3618
11123,GR010,Yogurt 200g,5,2025-06-30 06:15:00,25,3042
11123,GR003,Eggs Pack (12),5,2025-06-30 06:15:00,90,3042
11123,GR006,Sunflower Oil 1L,2,2025-06-30 06:15:00,160,3042
11123,GR015,Salt 1kg,6,2025-06-30 06:15:00,20,3042
11123,GR004,Basmati Rice 1kg,5,2025-06-30 06:15:00,120,3042
11123,GR009,Butter 100g,7,2025-06-30 06:15:00,60,3042
11124,GR015,Salt 1kg,4,2025-01-06 12:12:00,20,2588
11124,GR008,Wheat Flour 1kg,6,2025-01-06 12:12:00,55,2588
11125,GR002,Bread,8,2025-02-12 10:50:00,40,2919
11125,GR015,Salt 1kg,6,2025-02-12 10:50:00,20,2919
11125,GR014,Tomatoes 1kg,3,2025-02-12 10:50:00,40,2919
11125,GR012,Potatoes 1kg,6,2025-02-12 10:50:00,30,2919
11125,GR011,Bananas 1 dozen,6,2025-02-12 10:50:00,50,2919
11125,GR009,Butter 100g,5,2025-02-12 10:50:00,60,2919
11126,GR004,Basmati Rice 1kg,5,2025-04-06 04:06:00,120,4174
11126,GR015,Salt 1kg,2,2025-04-06 04:06:00,20,4174
11126,GR010,Yogurt 200g,8,2025-04-06 04:06:00,25,4174
11126,GR011,Bananas 1 dozen,5,2025-04-06 04:06:00,50,4174
11126,GR009,Butter 100g,2,2025-04-06 04:06:00,60,4174
11127,GR010,Yogurt 200g,4,2025-06-05 18:44:00,25,4680
11127,GR002,Bread,2,2025-06-05 18:44:00,40,4680
11127,GR007,Tea Powder 500g,3,2025-06-05 18:44:00,140,4680
11127,GR014,Tomatoes 1kg,2,2025-06-05 18:44:00,40,4680
11127,GR005,Sugar 1kg,5,2025-06-05 18:44:00,50,4680
11128,GR009,Butter 100g,3,2025-01-21 18:34:00,60,2769
11129,GR010,Yogurt 200g,4,2025-06-09 18:58:00,25,2156
11129,GR008,Wheat Flour 1kg,3,2025-06-09 18:58:00,55,2156
11130,GR007,Tea Powder 500g,4,2025-01-08 07:11:00,140,3046
11130,GR003,Eggs Pack (12),5,2025-01-08 07:11:00,90,3046
11130,GR004,Basmati Rice 1kg,1,2025-01-08 07:11:00,120,3046
11130,GR012,Potatoes 1kg,1,2025-01-08 07:11:00,30,3046
11130,GR002,Bread,7,2025-01-08 07:11:00,40,3046
11131,GR015,Salt 1kg,6,2025-06-06 09:36:00,20,3454
11132,GR015,Salt 1kg,8,2025-06-14 09:26:00,20,1020
11132,GR006,Sunflower Oil 1L,8,2025-06-14 09:26:00,160,1020
11132,GR013,Onions 1kg,2,2025-06-14 09:26:00,35,1020
11133,GR004,Basmati Rice 1kg,6,2025-03-29 09:29:00,120,2457
11133,GR013,Onions 1kg,6,2025-03-29 09:29:00,35,2457
11133,GR001,Milk 1L,4,2025-03-29 09:29:00,60,2457
11133,GR006,Sunflower Oil 1L,7,2025-03-29 09:29:00,160,2457
11133,GR003,Eggs Pack (12),3,2025-03-29 09:29:00,90,2457
11134,GR012,Potatoes 1kg,5,2025-02-16 02:40:00,30,3454
11134,GR009,Butter 100g,7,2025-02-16 02:40:00,60,3454
11134,GR002,Bread,8,2025-02-16 02:40:00,40,3454
11134,GR010,Yogurt 200g,6,2025-02-16 02:40:00,25,3454
11134,GR003,Eggs Pack (12),8,2025-02-16 02:40:00,90,3454
11134,GR015,Salt 1kg,3,2025-02-16 02:40:00,20,3454
11135,GR001,Milk 1L,6,2025-03-12 12:22:00,60,2086
11135,GR007,Tea Powder 500g,4,2025-03-12 12:22:00,140,2086
11135,GR003,Eggs Pack (12),7,2025-03-12 12:22:00,90,2086
11136,GR013,Onions 1kg,8,2025-06-25 10:16:00,35,2362
11136,GR004,Basmati Rice 1kg,4,2025-06-25 10:16:00,120,2362
11136,GR015,Salt 1kg,4,2025-06-25 10:16:00,20,2362
11137,GR011,Bananas 1 dozen,6,2025-04-19 21:12:00,50,3749
11138,GR006,Sunflower Oil 1L,3,2025-05-08 02:50:00,160,1787
11138,GR003,Eggs Pack (12),6,2025-05-08 02:50:00,90,1787
11138,GR010,Yogurt 200g,1,2025-05-08 02:50:00,25,1787
11138,GR011,Bananas 1 dozen,1,2025-05-08 02:50:00,50,1787
11139,GR012,Potatoes 1kg,4,2025-01-10 15:31:00,30,4903
11139,GR006,Sunflower Oil 1L,2,2025-01-10 15:31:00,160,4903
11140,GR002,Bread,2,2025-01-10 01:19:00,40,2313
11140,GR009,Butter 100g,2,2025-01-10 01:19:00,60,2313
11140,GR007,Tea Powder 500g,3,2025-01-10 01:19:00,140,2313
11140,GR003,Eggs Pack (12),6,2025-01-10 01:19:00,90,2313
11141,GR009,Butter 100g,1,2025-04-20 03:46:00,60,3274
11141,GR007,Tea Powder 500g,6,2025-04-20 03:46:00,140,3274
11141,GR003,Eggs Pack (12),2,2025-04-20 03:46:00,90,3274
11141,GR001,Milk 1L,5,2025-04-20 03:46:00,60,3274
11141,GR011,Bananas 1 dozen,4,2025-04-20 03:46:00,50,3274
11142,GR003,Eggs Pack (12),8,2025-01-06 14:55:00,90,3751
11142,GR004,Basmati Rice 1kg,2,2025-01-06 14:55:00,120,3751
11142,GR002,Bread,1,2025-01-06 14:55:00,40,3751
11142,GR005,Sugar 1kg,7,2025-01-06 14:55:00,50,3751
11142,GR008,Wheat Flour 1kg,5,2025-01-06 14:55:00,55,3751
11143,GR014,Tomatoes 1kg,4,2025-05-21 00:13:00,40,1611
11143,GR013,Onions 1kg,1,2025-05-21 00:13:00,35,1611
11143,GR008,Wheat Flour 1kg,4,2025-05-21 00:13:00,55,1611
11143,GR015,Salt 1kg,7,2025-05-21 00:13:00,20,1611
11143,GR001,Milk 1L,2,2025-05-21 00:13:00,60,1611
11143,GR005,Sugar 1kg,7,2025-05-21 00:13:00,50,1611
11144,GR005,Sugar 1kg,8,2025-04-23 01:19:00,50,1967
11144,GR015,Salt 1kg,6,2025-04-23 01:19:00,20,1967
11144,GR010,Yogurt 200g,6,2025-04-23 01:19:00,25,1967
11144,GR013,Onions 1kg,1,2025-04-23 01:19:00,35,1967
11144,GR007,Tea Powder 500g,6,2025-04-23 01:19:00,140,1967
11144,GR002,Bread,4,2025-04-23 01:19:00,40,1967
11145,GR007,Tea Powder 500g,7,2025-04-01 23:21:00,140,1094
11145,GR012,Potatoes 1kg,1,2025-04-01 23:21:00,30,1094
11145,GR005,Sugar 1kg,3,2025-04-01 23:21:00,50,1094
11145,GR006,Sunflower Oil 1L,8,2025-04-01 23:21:00,160,1094
11145,GR004,Basmati Rice 1kg,7,2025-04-01 23:21:00,120,1094
11146,GR013,Onions 1kg,5,2025-02-19 06:17:00,35,3524
11147,GR005,Sugar 1kg,7,2025-07-10 19:53:00,50,4952
11147,GR002,Bread,2,2025-07-10 19:53:00,40,4952
11148,GR012,Potatoes 1kg,1,2025-04-10 07:08:00,30,3100
11148,GR013,Onions 1kg,2,2025-04-10 07:08:00,35,3100
11148,GR007,Tea Powder 500g,4,2025-04-10 07:08:00,140,3100
11149,GR011,Bananas 1 dozen,1,2025-06-24 17:02:00,50,4336
11149,GR009,Butter 100g,3,2025-06-24 17:02:00,60,4336
11150,GR007,Tea Powder 500g,6,2025-05-14 20:22:00,140,4190
11150,GR003,Eggs Pack (12),6,2025-05-14 20:22:00,90,4190
11151,GR013,Onions 1kg,6,2025-05-03 07:19:00,35,2584
11151,GR001,Milk 1L,8,2025-05-03 07:19:00,60,2584
11151,GR008,Wheat Flour 1kg,7,2025-05-03 07:19:00,55,2584
11151,GR015,Salt 1kg,8,2025-05-03 07:19:00,20,2584
11151,GR002,Bread,6,2025-05-03 07:19:00,40,2584
11151,GR010,Yogurt 200g,8,2025-05-03 07:19:00,25,2584
11152,GR005,Sugar 1kg,8,2025-04-17 18:22:00,50,3788
11152,GR008,Wheat Flour 1kg,4,2025-04-17 18:22:00,55,3788
11152,GR004,Basmati Rice 1kg,4,2025-04-17 18:22:00,120,3788
11153,GR003,Eggs Pack (12),5,2025-05-07 15:02:00,90,4235
11153,GR015,Salt 1kg,3,2025-05-07 15:02:00,20,4235
11153,GR007,Tea Powder 500g,4,2025-05-07 15:02:00,140,4235
11153,GR009,Butter 100g,3,2025-05-07 15:02:00,60,4235
11153,GR008,Wheat Flour 1kg,3,2025-05-07 15:02:00,55,4235
11154,GR013,Onions 1kg,2,2025-01-21 13:13:00,35,4337
11155,GR011,Bananas 1 dozen,2,2025-05-10 15:13:00,50,2583
11155,GR013,Onions 1kg,7,2025-05-10 15:13:00,35,2583
11155,GR009,Butter 100g,4,2025-05-10 15:13:00,60,2583
11155,GR006,Sunflower Oil 1L,3,2025-05-10 15:13:00,160,2583
11155,GR012,Potatoes 1kg,6,2025-05-10 15:13:00,30,2583
11156,GR005,Sugar 1kg,7,2025-01-04 17:21:00,50,2588
11156,GR010,Yogurt 200g,7,2025-01-04 17:21:00,25,2588
11156,GR002,Bread,5,2025-01-04 17:21:00,40,2588
11156,GR013,Onions 1kg,8,2025-01-04 17:21:00,35,2588
11156,GR015,Salt 1kg,4,2025-01-04 17:21:00,20,2588
11156,GR014,Tomatoes 1kg,2,2025-01-04 17:21:00,40,2588
11157,GR013,Onions 1kg,3,2025-01-14 05:37:00,35,2313
11157,GR008,Wheat Flour 1kg,1,2025-01-14 05:37:00,55,2313
11157,GR001,Milk 1L,8,2025-01-14 05:37:00,60,2313
11157,GR006,Sunflower Oil 1L,1,2025-01-14 05:37:00,160,2313
11157,GR003,Eggs Pack (12),2,2025-01-14 05:37:00,90,2313
11158,GR011,Bananas 1 dozen,6,2025-01-24 01:02:00,50,1967
11158,GR012,Potatoes 1kg,8,2025-01-24 01:02:00,30,1967
11158,GR001,Milk 1L,2,2025-01-24 01:02:00,60,1967
11158,GR004,Basmati Rice 1kg,7,2025-01-24 01:02:00,120,1967
11159,GR012,Potatoes 1kg,1,2025-05-18 03:52:00,30,1283
11159,GR001,Milk 1L,8,2025-05-18 03:52:00,60,1283
11159,GR013,Onions 1kg,4,2025-05-18 03:52:00,35,1283
11160,GR012,Potatoes 1kg,5,2025-01-01 22:01:00,30,2340
11160,GR010,Yogurt 200g,5,2025-01-01 22:01:00,25,2340
11161,GR010,Yogurt 200g,4,2025-03-04 23:32:00,25,3513
11162,GR009,Butter 100g,6,2025-02-07 03:12:00,60,3056
11162,GR008,Wheat Flour 1kg,1,2025-02-07 03:12:00,55,3056
11162,GR011,Bananas 1 dozen,1,2025-02-07 03:12:00,50,3056
11162,GR003,Eggs Pack (12),3,2025-02-07 03:12:00,90,3056
11163,GR004,Basmati Rice 1kg,1,2025-03-11 08:23:00,120,2376
11163,GR005,Sugar 1kg,3,2025-03-11 08:23:00,50,2376
11164,GR004,Basmati Rice 1kg,3,2025-04-27 02:44:00,120,3742
11164,GR005,Sugar 1kg,2,2025-04-27 02:44:00,50,3742
11164,GR001,Milk 1L,3,2025-04-27 02:44:00,60,3742
11165,GR002,Bread,6,2025-03-05 18:24:00,40,1544
11165,GR009,Butter 100g,1,2025-03-05 18:24:00,60,1544
11165,GR011,Bananas 1 dozen,1,2025-03-05 18:24:00,50,1544
11166,GR013,Onions 1kg,4,2025-03-18 14:59:00,35,4717
11166,GR006,Sunflower Oil 1L,2,2025-03-18 14:59:00,160,4717
11166,GR010,Yogurt 200g,5,2025-03-18 14:59:00,25,4717
11166,GR011,Bananas 1 dozen,4,2025-03-18 14:59:00,50,4717
11167,GR008,Wheat Flour 1kg,2,2025-04-27 06:16:00,55,3968
11168,GR005,Sugar 1kg,8,2025-03-13 21:46:00,50,1436
11168,GR009,Butter 100g,4,2025-03-13 21:46:00,60,1436
11168,GR002,Bread,6,2025-03-13 21:46:00,40,1436
11169,GR014,Tomatoes 1kg,7,2025-01-15 16:43:00,40,4523
11169,GR015,Salt 1kg,2,2025-01-15 16:43:00,20,4523
11169,GR003,Eggs Pack (12),4,2025-01-15 16:43:00,90,4523
11169,GR009,Butter 100g,3,2025-01-15 16:43:00,60,4523
11169,GR006,Sunflower Oil 1L,8,2025-01-15 16:43:00,160,4523
11169,GR004,Basmati Rice 1kg,7,2025-01-15 16:43:00,120,4523
11170,GR002,Bread,4,2025-06-18 10:22:00,40,2914
11170,GR001,Milk 1L,3,2025-06-18 10:22:00,60,2914
11170,GR008,Wheat Flour 1kg,3,2025-06-18 10:22:00,55,2914
11170,GR009,Butter 100g,4,2025-06-18 10:22:00,60,2914
11170,GR012,Potatoes 1kg,7,2025-06-18 10:22:00,30,2914
11171,GR008,Wheat Flour 1kg,8,2025-04-04 05:34:00,55,2109
11171,GR011,Bananas 1 dozen,2,2025-04-04 05:34:00,50,2109
11171,GR005,Sugar 1kg,3,2025-04-04 05:34:00,50,2109
11172,GR013,Onions 1kg,1,2025-01-25 00:26:00,35,2156
11172,GR003,Eggs Pack (12),4,2025-01-25 00:26:00,90,2156
11172,GR009,Butter 100g,3,2025-01-25 00:26:00,60,2156
11173,GR013,Onions 1kg,3,2025-02-08 21:29:00,35,4337
11173,GR015,Salt 1kg,7,2025-02-08 21:29:00,20,4337
11174,GR010,Yogurt 200g,5,2025-01-11 06:13:00,25,4178
11174,GR013,Onions 1kg,4,2025-01-11 06:13:00,35,4178
11175,GR001,Milk 1L,3,2025-05-04 11:11:00,60,3264
11176,GR001,Milk 1L,7,2025-05-06 18:01:00,60,2156
11176,GR009,Butter 100g,1,2025-05-06 18:01:00,60,2156
11176,GR006,Sunflower Oil 1L,3,2025-05-06 18:01:00,160,2156
11176,GR004,Basmati Rice 1kg,1,2025-05-06 18:01:00,120,2156
11176,GR005,Sugar 1kg,5,2025-05-06 18:01:00,50,2156
11177,GR002,Bread,8,2025-03-31 05:52:00,40,1035
11177,GR015,Salt 1kg,4,2025-03-31 05:52:00,20,1035
11177,GR011,Bananas 1 dozen,5,2025-03-31 05:52:00,50,1035
11177,GR010,Yogurt 200g,7,2025-03-31 05:52:00,25,1035
11177,GR003,Eggs Pack (12),1,2025-03-31 05:52:00,90,1035
11177,GR012,Potatoes 1kg,5,2025-03-31 05:52:00,30,1035
11178,GR003,Eggs Pack (12),3,2025-04-26 06:29:00,90,1787
11178,GR006,Sunflower Oil 1L,1,2025-04-26 06:29:00,160,1787
11178,GR004,Basmati Rice 1kg,3,2025-04-26 06:29:00,120,1787
11179,GR005,Sugar 1kg,8,2025-07-01 01:57:00,50,2450
11179,GR014,Tomatoes 1kg,4,2025-07-01 01:57:00,40,2450
11179,GR006,Sunflower Oil 1L,6,2025-07-01 01:57:00,160,2450
11180,GR013,Onions 1kg,7,2025-07-02 10:38:00,35,3788
11180,GR012,Potatoes 1kg,2,2025-07-02 10:38:00,30,3788
11180,GR002,Bread,1,2025-07-02 10:38:00,40,3788
11181,GR006,Sunflower Oil 1L,3,2025-02-06 02:32:00,160,4851
11181,GR001,Milk 1L,7,2025-02-06 02:32:00,60,4851
11181,GR010,Yogurt 200g,8,2025-02-06 02:32:00,25,4851
11181,GR003,Eggs Pack (12),6,2025-02-06 02:32:00,90,4851
11182,GR014,Tomatoes 1kg,1,2025-03-14 10:42:00,40,2291
11182,GR004,Basmati Rice 1kg,2,2025-03-14 10:42:00,120,2291
11182,GR008,Wheat Flour 1kg,6,2025-03-14 10:42:00,55,2291
11183,GR003,Eggs Pack (12),6,2025-06-29 16:28:00,90,4385
11183,GR012,Potatoes 1kg,2,2025-06-29 16:28:00,30,4385
11184,GR001,Milk 1L,2,2025-06-22 04:50:00,60,3468
11184,GR013,Onions 1kg,7,2025-06-22 04:50:00,35,3468
11184,GR007,Tea Powder 500g,7,2025-06-22 04:50:00,140,3468
11184,GR002,Bread,4,2025-06-22 04:50:00,40,3468
11184,GR010,Yogurt 200g,8,2025-06-22 04:50:00,25,3468
11184,GR004,Basmati Rice 1kg,6,2025-06-22 04:50:00,120,3468
11185,GR009,Butter 100g,4,2025-02-28 17:57:00,60,4523
11185,GR010,Yogurt 200g,7,2025-02-28 17:57:00,25,4523
11185,GR012,Potatoes 1kg,5,2025-02-28 17:57:00,30,4523
11186,GR013,Onions 1kg,4,2025-03-13 17:30:00,35,4372
11186,GR006,Sunflower Oil 1L,6,2025-03-13 17:30:00,160,4372
11187,GR014,Tomatoes 1kg,1,2025-04-22 03:06:00,40,2811
11188,GR012,Potatoes 1kg,8,2025-06-29 23:04:00,30,1035
11188,GR001,Milk 1L,2,2025-06-29 23:04:00,60,1035
11189,GR007,Tea Powder 500g,2,2025-04-17 14:59:00,140,4345
11189,GR015,Salt 1kg,8,2025-04-17 14:59:00,20,4345
11190,GR015,Salt 1kg,6,2025-03-05 09:31:00,20,2156
11190,GR008,Wheat Flour 1kg,3,2025-03-05 09:31:00,55,2156
11190,GR003,Eggs Pack (12),6,2025-03-05 09:31:00,90,2156
11190,GR011,Bananas 1 dozen,4,2025-03-05 09:31:00,50,2156
11191,GR012,Potatoes 1kg,3,2025-06-15 15:13:00,30,1856
11192,GR006,Sunflower Oil 1L,5,2025-01-21 19:23:00,160,3050
11192,GR010,Yogurt 200g,4,2025-01-21 19:23:00,25,3050
11193,GR010,Yogurt 200g,2,2025-03-27 12:20:00,25,1332
11193,GR008,Wheat Flour 1kg,2,2025-03-27 12:20:00,55,1332
11193,GR001,Milk 1L,5,2025-03-27 12:20:00,60,1332
11193,GR006,Sunflower Oil 1L,3,2025-03-27 12:20:00,160,1332
11193,GR011,Bananas 1 dozen,7,2025-03-27 12:20:00,50,1332
11193,GR005,Sugar 1kg,1,2025-03-27 12:20:00,50,1332
11194,GR013,Onions 1kg,2,2025-01-20 19:19:00,35,4723
11194,GR001,Milk 1L,5,2025-01-20 19:19:00,60,4723
11194,GR011,Bananas 1 dozen,3,2025-01-20 19:19:00,50,4723
11194,GR003,Eggs Pack (12),8,2025-01-20 19:19:00,90,4723
11194,GR007,Tea Powder 500g,2,2025-01-20 19:19:00,140,4723
11195,GR009,Butter 100g,8,2025-06-11 13:06:00,60,1364
11195,GR010,Yogurt 200g,7,2025-06-11 13:06:00,25,1364
11195,GR007,Tea Powder 500g,4,2025-06-11 13:06:00,140,1364
11195,GR006,Sunflower Oil 1L,2,2025-06-11 13:06:00,160,1364
11195,GR011,Bananas 1 dozen,5,2025-06-11 13:06:00,50,1364
11196,GR003,Eggs Pack (12),2,2025-01-01 09:51:00,90,2583
11196,GR004,Basmati Rice 1kg,3,2025-01-01 09:51:00,120,2583
11196,GR008,Wheat Flour 1kg,2,2025-01-01 09:51:00,55,2583
11197,GR006,Sunflower Oil 1L,5,2025-01-04 01:19:00,160,1662
11197,GR007,Tea Powder 500g,1,2025-01-04 01:19:00,140,1662
11197,GR012,Potatoes 1kg,1,2025-01-04 01:19:00,30,1662
11197,GR015,Salt 1kg,6,2025-01-04 01:19:00,20,1662
11197,GR014,Tomatoes 1kg,1,2025-01-04 01:19:00,40,1662
11198,GR014,Tomatoes 1kg,8,2025-05-05 16:02:00,40,3315
11199,GR003,Eggs Pack (12),7,2025-02-02 22:25:00,90,4851
11199,GR011,Bananas 1 dozen,1,2025-02-02 22:25:00,50,4851
11199,GR001,Milk 1L,8,2025-02-02 22:25:00,60,4851
11200,GR013,Onions 1kg,4,2025-05-20 17:10:00,35,3274
11200,GR005,Sugar 1kg,5,2025-05-20 17:10:00,50,3274
11200,GR011,Bananas 1 dozen,3,2025-05-20 17:10:00,50,3274
11200,GR007,Tea Powder 500g,2,2025-05-20 17:10:00,140,3274
11200,GR014,Tomatoes 1kg,1,2025-05-20 17:10:00,40,3274
11200,GR010,Yogurt 200g,3,2025-05-20 17:10:00,25,3274
11201,GR014,Tomatoes 1kg,4,2025-01-15 13:12:00,40,1420
11201,GR013,Onions 1kg,7,2025-01-15 13:12:00,35,1420
11201,GR010,Yogurt 200g,4,2025-01-15 13:12:00,25,1420
11202,GR008,Wheat Flour 1kg,6,2025-04-16 09:35:00,55,4443
11202,GR005,Sugar 1kg,7,2025-04-16 09:35:00,50,4443
11203,GR001,Milk 1L,8,2025-05-10 00:44:00,60,2156
11204,GR010,Yogurt 200g,6,2025-02-12 01:29:00,25,4657
11205,GR012,Potatoes 1kg,5,2025-02-14 15:40:00,30,4420
11205,GR013,Onions 1kg,4,2025-02-14 15:40:00,35,4420
11205,GR002,Bread,4,2025-02-14 15:40:00,40,4420
11205,GR010,Yogurt 200g,8,2025-02-14 15:40:00,25,4420
11205,GR014,Tomatoes 1kg,3,2025-02-14 15:40:00,40,4420
11206,GR004,Basmati Rice 1kg,6,2025-07-03 01:22:00,120,3046
11206,GR005,Sugar 1kg,4,2025-07-03 01:22:00,50,3046
11206,GR006,Sunflower Oil 1L,8,2025-07-03 01:22:00,160,3046
11206,GR007,Tea Powder 500g,7,2025-07-03 01:22:00,140,3046
11207,GR002,Bread,7,2025-05-07 03:23:00,40,1702
11207,GR009,Butter 100g,2,2025-05-07 03:23:00,60,1702
11208,GR015,Salt 1kg,5,2025-03-01 21:04:00,20,1420
11208,GR001,Milk 1L,6,2025-03-01 21:04:00,60,1420
11208,GR004,Basmati Rice 1kg,8,2025-03-01 21:04:00,120,1420
11208,GR009,Butter 100g,2,2025-03-01 21:04:00,60,1420
11208,GR010,Yogurt 200g,2,2025-03-01 21:04:00,25,1420
11208,GR006,Sunflower Oil 1L,2,2025-03-01 21:04:00,160,1420
11209,GR012,Potatoes 1kg,5,2025-06-02 01:53:00,30,3618
11210,GR007,Tea Powder 500g,3,2025-03-03 21:49:00,140,4697
11211,GR006,Sunflower Oil 1L,2,2025-05-03 10:25:00,160,4944
11211,GR010,Yogurt 200g,3,2025-05-03 10:25:00,25,4944
11211,GR008,Wheat Flour 1kg,2,2025-05-03 10:25:00,55,4944
11211,GR004,Basmati Rice 1kg,4,2025-05-03 10:25:00,120,4944
11212,GR002,Bread,3,2025-04-12 09:31:00,40,4345
11212,GR003,Eggs Pack (12),5,2025-04-12 09:31:00,90,4345
11212,GR009,Butter 100g,2,2025-04-12 09:31:00,60,4345
11212,GR013,Onions 1kg,6,2025-04-12 09:31:00,35,4345
11212,GR014,Tomatoes 1kg,5,2025-04-12 09:31:00,40,4345
11213,GR015,Salt 1kg,6,2025-03-21 02:31:00,20,1544
11213,GR003,Eggs Pack (12),5,2025-03-21 02:31:00,90,1544
11214,GR013,Onions 1kg,6,2025-06-03 14:25:00,35,3264
11214,GR008,Wheat Flour 1kg,4,2025-06-03 14:25:00,55,3264
11215,GR013,Onions 1kg,7,2025-02-07 09:30:00,35,1091
11215,GR012,Potatoes 1kg,6,2025-02-07 09:30:00,30,1091
11215,GR005,Sugar 1kg,7,2025-02-07 09:30:00,50,1091
11215,GR003,Eggs Pack (12),3,2025-02-07 09:30:00,90,1091
11216,GR009,Butter 100g,7,2025-03-09 04:49:00,60,3831
11216,GR007,Tea Powder 500g,5,2025-03-09 04:49:00,140,3831
11216,GR003,Eggs Pack (12),3,2025-03-09 04:49:00,90,3831
11217,GR007,Tea Powder 500g,6,2025-03-11 09:50:00,140,4325
11217,GR008,Wheat Flour 1kg,7,2025-03-11 09:50:00,55,4325
11217,GR011,Bananas 1 dozen,7,2025-03-11 09:50:00,50,4325
11218,GR003,Eggs Pack (12),1,2025-05-23 14:01:00,90,4217
11218,GR013,Onions 1kg,3,2025-05-23 14:01:00,35,4217
11219,GR013,Onions 1kg,2,2025-06-28 23:52:00,35,2907
11219,GR007,Tea Powder 500g,7,2025-06-28 23:52:00,140,2907
11219,GR014,Tomatoes 1kg,5,2025-06-28 23:52:00,40,2907
11219,GR004,Basmati Rice 1kg,2,2025-06-28 23:52:00,120,2907
11219,GR001,Milk 1L,2,2025-06-28 23:52:00,60,2907
11219,GR015,Salt 1kg,3,2025-06-28 23:52:00,20,2907
11220,GR001,Milk 1L,4,2025-07-12 00:55:00,60,2758
11220,GR009,Butter 100g,8,2025-07-12 00:55:00,60,2758
11221,GR005,Sugar 1kg,3,2025-06-09 09:24:00,50,4217
11222,GR012,Potatoes 1kg,7,2025-05-18 03:49:00,30,4821
11222,GR009,Butter 100g,2,2025-05-18 03:49:00,60,4821
11222,GR006,Sunflower Oil 1L,3,2025-05-18 03:49:00,160,4821
11222,GR013,Onions 1kg,7,2025-05-18 03:49:00,35,4821
11223,GR011,Bananas 1 dozen,4,2025-05-06 01:43:00,50,3100
11223,GR007,Tea Powder 500g,6,2025-05-06 01:43:00,140,3100
11223,GR004,Basmati Rice 1kg,4,2025-05-06 01:43:00,120,3100
11223,GR012,Potatoes 1kg,5,2025-05-06 01:43:00,30,3100
11223,GR005,Sugar 1kg,8,2025-05-06 01:43:00,50,3100
11223,GR001,Milk 1L,1,2025-05-06 01:43:00,60,3100
11224,GR014,Tomatoes 1kg,1,2025-04-22 20:07:00,40,3341
11224,GR004,Basmati Rice 1kg,2,2025-04-22 20:07:00,120,3341
11224,GR006,Sunflower Oil 1L,4,2025-04-22 20:07:00,160,3341
11225,GR012,Potatoes 1kg,7,2025-02-06 12:05:00,30,2362
11225,GR010,Yogurt 200g,8,2025-02-06 12:05:00,25,2362
11225,GR005,Sugar 1kg,3,2025-02-06 12:05:00,50,2362
11226,GR008,Wheat Flour 1kg,4,2025-06-26 02:20:00,55,3009
11226,GR002,Bread,4,2025-06-26 02:20:00,40,3009
11226,GR011,Bananas 1 dozen,6,2025-06-26 02:20:00,50,3009
11226,GR015,Salt 1kg,6,2025-06-26 02:20:00,20,3009
11226,GR006,Sunflower Oil 1L,5,2025-06-26 02:20:00,160,3009
11227,GR014,Tomatoes 1kg,4,2025-04-28 02:03:00,40,3500
11228,GR013,Onions 1kg,8,2025-01-05 11:59:00,35,4520
11228,GR007,Tea Powder 500g,5,2025-01-05 11:59:00,140,4520
11228,GR002,Bread,8,2025-01-05 11:59:00,40,4520
11228,GR009,Butter 100g,3,2025-01-05 11:59:00,60,4520
11228,GR006,Sunflower Oil 1L,8,2025-01-05 11:59:00,160,4520
11228,GR008,Wheat Flour 1kg,7,2025-01-05 11:59:00,55,4520
11229,GR009,Butter 100g,7,2025-05-16 18:28:00,60,3440
11229,GR008,Wheat Flour 1kg,6,2025-05-16 18:28:00,55,3440
11230,GR001,Milk 1L,5,2025-04-10 13:05:00,60,4742
11230,GR006,Sunflower Oil 1L,6,2025-04-10 13:05:00,160,4742
11230,GR015,Salt 1kg,5,2025-04-10 13:05:00,20,4742
11230,GR010,Yogurt 200g,1,2025-04-10 13:05:00,25,4742
11231,GR014,Tomatoes 1kg,1,2025-04-17 10:26:00,40,2819
11231,GR011,Bananas 1 dozen,7,2025-04-17 10:26:00,50,2819
11231,GR010,Yogurt 200g,2,2025-04-17 10:26:00,25,2819
11232,GR013,Onions 1kg,5,2025-06-08 22:13:00,35,4407
11233,GR009,Butter 100g,3,2025-03-20 14:50:00,60,1900
11233,GR010,Yogurt 200g,6,2025-03-20 14:50:00,25,1900
11233,GR001,Milk 1L,4,2025-03-20 14:50:00,60,1900
11233,GR008,Wheat Flour 1kg,8,2025-03-20 14:50:00,55,1900
11234,GR005,Sugar 1kg,2,2025-03-04 03:05:00,50,4174
11235,GR006,Sunflower Oil 1L,5,2025-01-03 11:38:00,160,2207
11235,GR013,Onions 1kg,1,2025-01-03 11:38:00,35,2207
11236,GR001,Milk 1L,2,2025-01-11 07:51:00,60,3356
11236,GR004,Basmati Rice 1kg,4,2025-01-11 07:51:00,120,3356
11236,GR013,Onions 1kg,2,2025-01-11 07:51:00,35,3356
11236,GR003,Eggs Pack (12),1,2025-01-11 07:51:00,90,3356
11237,GR003,Eggs Pack (12),1,2025-05-08 02:44:00,90,1410
11238,GR008,Wheat Flour 1kg,7,2025-01-30 17:17:00,55,4952
11238,GR013,Onions 1kg,3,2025-01-30 17:17:00,35,4952
11238,GR015,Salt 1kg,8,2025-01-30 17:17:00,20,4952
11238,GR006,Sunflower Oil 1L,4,2025-01-30 17:17:00,160,4952
11238,GR012,Potatoes 1kg,4,2025-01-30 17:17:00,30,4952
11238,GR011,Bananas 1 dozen,3,2025-01-30 17:17:00,50,4952
11239,GR007,Tea Powder 500g,6,2025-01-17 03:23:00,140,1388
11239,GR003,Eggs Pack (12),4,2025-01-17 03:23:00,90,1388
11239,GR015,Salt 1kg,2,2025-01-17 03:23:00,20,1388
11239,GR002,Bread,4,2025-01-17 03:23:00,40,1388
11239,GR012,Potatoes 1kg,2,2025-01-17 03:23:00,30,1388
11239,GR005,Sugar 1kg,2,2025-01-17 03:23:00,50,1388
11240,GR013,Onions 1kg,3,2025-06-22 08:25:00,35,2376
11241,GR002,Bread,2,2025-01-20 04:37:00,40,4899
11241,GR006,Sunflower Oil 1L,8,2025-01-20 04:37:00,160,4899
11241,GR001,Milk 1L,8,2025-01-20 04:37:00,60,4899
11242,GR015,Salt 1kg,4,2025-01-27 05:36:00,20,2376
11242,GR010,Yogurt 200g,6,2025-01-27 05:36:00,25,2376
11243,GR004,Basmati Rice 1kg,6,2025-06-13 10:32:00,120,3043
11243,GR010,Yogurt 200g,3,2025-06-13 10:32:00,25,3043
11243,GR007,Tea Powder 500g,6,2025-06-13 10:32:00,140,3043
11243,GR015,Salt 1kg,5,2025-06-13 10:32:00,20,3043
11244,GR012,Potatoes 1kg,6,2025-03-26 03:20:00,30,3454
11244,GR010,Yogurt 200g,7,2025-03-26 03:20:00,25,3454
11244,GR007,Tea Powder 500g,8,2025-03-26 03:20:00,140,3454
11244,GR014,Tomatoes 1kg,2,2025-03-26 03:20:00,40,3454
11245,GR002,Bread,7,2025-03-05 15:39:00,40,1918
11245,GR007,Tea Powder 500g,3,2025-03-05 15:39:00,140,1918
11245,GR009,Butter 100g,8,2025-03-05 15:39:00,60,1918
11245,GR012,Potatoes 1kg,3,2025-03-05 15:39:00,30,1918
11246,GR008,Wheat Flour 1kg,4,2025-07-09 05:36:00,55,3283
11246,GR010,Yogurt 200g,4,2025-07-09 05:36:00,25,3283
11246,GR001,Milk 1L,6,2025-07-09 05:36:00,60,3283
11246,GR006,Sunflower Oil 1L,2,2025-07-09 05:36:00,160,3283
11247,GR008,Wheat Flour 1kg,8,2025-07-02 15:52:00,55,1420
11247,GR009,Butter 100g,7,2025-07-02 15:52:00,60,1420
11247,GR005,Sugar 1kg,6,2025-07-02 15:52:00,50,1420
11247,GR001,Milk 1L,4,2025-07-02 15:52:00,60,1420
11247,GR013,Onions 1kg,7,2025-07-02 15:52:00,35,1420
11247,GR006,Sunflower Oil 1L,2,2025-07-02 15:52:00,160,1420
11248,GR011,Bananas 1 dozen,3,2025-03-06 14:23:00,50,2854
11249,GR011,Bananas 1 dozen,6,2025-07-15 08:20:00,50,1995
11249,GR006,Sunflower Oil 1L,2,2025-07-15 08:20:00,160,1995
11249,GR003,Eggs Pack (12),6,2025-07-15 08:20:00,90,1995
11249,GR005,Sugar 1kg,7,2025-07-15 08:20:00,50,1995
11249,GR008,Wheat Flour 1kg,4,2025-07-15 08:20:00,55,1995
11250,GR005,Sugar 1kg,1,2025-03-25 13:45:00,50,3319
11250,GR002,Bread,2,2025-03-25 13:45:00,40,3319
11251,GR005,Sugar 1kg,3,2025-03-25 17:31:00,50,3274
11251,GR004,Basmati Rice 1kg,5,2025-03-25 17:31:00,120,3274
11252,GR003,Eggs Pack (12),4,2025-01-05 14:09:00,90,2078
11252,GR010,Yogurt 200g,3,2025-01-05 14:09:00,25,2078
11252,GR009,Butter 100g,2,2025-01-05 14:09:00,60,2078
11252,GR015,Salt 1kg,2,2025-01-05 14:09:00,20,2078
11253,GR010,Yogurt 200g,7,2025-07-08 09:48:00,25,1436
11254,GR002,Bread,3,2025-03-15 02:20:00,40,3332
11254,GR007,Tea Powder 500g,7,2025-03-15 02:20:00,140,3332
11254,GR008,Wheat Flour 1kg,5,2025-03-15 02:20:00,55,3332
11254,GR001,Milk 1L,4,2025-03-15 02:20:00,60,3332
11254,GR003,Eggs Pack (12),8,2025-03-15 02:20:00,90,3332
11255,GR003,Eggs Pack (12),1,2025-06-25 19:49:00,90,4680
11255,GR015,Salt 1kg,5,2025-06-25 19:49:00,20,4680
11255,GR001,Milk 1L,5,2025-06-25 19:49:00,60,4680
11255,GR011,Bananas 1 dozen,6,2025-06-25 19:49:00,50,4680
11256,GR003,Eggs Pack (12),7,2025-04-05 07:08:00,90,4340
11256,GR002,Bread,5,2025-04-05 07:08:00,40,4340
11257,GR013,Onions 1kg,2,2025-05-31 04:23:00,35,3315
11257,GR002,Bread,4,2025-05-31 04:23:00,40,3315
11257,GR011,Bananas 1 dozen,4,2025-05-31 04:23:00,50,3315
11257,GR015,Salt 1kg,3,2025-05-31 04:23:00,20,3315
11257,GR008,Wheat Flour 1kg,1,2025-05-31 04:23:00,55,3315
11257,GR012,Potatoes 1kg,6,2025-05-31 04:23:00,30,3315
11258,GR011,Bananas 1 dozen,3,2025-01-07 15:44:00,50,2221
11259,GR003,Eggs Pack (12),5,2025-04-27 17:00:00,90,4790
11259,GR002,Bread,2,2025-04-27 17:00:00,40,4790
11259,GR007,Tea Powder 500g,5,2025-04-27 17:00:00,140,4790
11259,GR001,Milk 1L,1,2025-04-27 17:00:00,60,4790
11259,GR004,Basmati Rice 1kg,8,2025-04-27 17:00:00,120,4790
11260,GR008,Wheat Flour 1kg,7,2025-01-26 18:18:00,55,3773
11260,GR001,Milk 1L,3,2025-01-26 18:18:00,60,3773
11260,GR002,Bread,6,2025-01-26 18:18:00,40,3773
11260,GR012,Potatoes 1kg,7,2025-01-26 18:18:00,30,3773
11260,GR015,Salt 1kg,8,2025-01-26 18:18:00,20,3773
11260,GR004,Basmati Rice 1kg,1,2025-01-26 18:18:00,120,3773
11261,GR009,Butter 100g,2,2025-01-14 07:20:00,60,2625
11261,GR012,Potatoes 1kg,1,2025-01-14 07:20:00,30,2625
11261,GR007,Tea Powder 500g,1,2025-01-14 07:20:00,140,2625
11261,GR006,Sunflower Oil 1L,7,2025-01-14 07:20:00,160,2625
11261,GR013,Onions 1kg,7,2025-01-14 07:20:00,35,2625
11261,GR011,Bananas 1 dozen,1,2025-01-14 07:20:00,50,2625
11262,GR004,Basmati Rice 1kg,4,2025-03-16 07:21:00,120,1747
11263,GR015,Salt 1kg,8,2025-04-14 01:29:00,20,4849
11263,GR005,Sugar 1kg,8,2025-04-14 01:29:00,50,4849
11263,GR002,Bread,2,2025-04-14 01:29:00,40,4849
11263,GR009,Butter 100g,5,2025-04-14 01:29:00,60,4849
11263,GR013,Onions 1kg,1,2025-04-14 01:29:00,35,4849
11263,GR011,Bananas 1 dozen,1,2025-04-14 01:29:00,50,4849
11264,GR007,Tea Powder 500g,2,2025-05-12 10:12:00,140,4629
11264,GR008,Wheat Flour 1kg,3,2025-05-12 10:12:00,55,4629
11264,GR006,Sunflower Oil 1L,6,2025-05-12 10:12:00,160,4629
11264,GR001,Milk 1L,4,2025-05-12 10:12:00,60,4629
11264,GR004,Basmati Rice 1kg,1,2025-05-12 10:12:00,120,4629
11265,GR007,Tea Powder 500g,6,2025-06-28 14:47:00,140,2457
11265,GR005,Sugar 1kg,5,2025-06-28 14:47:00,50,2457
11265,GR010,Yogurt 200g,6,2025-06-28 14:47:00,25,2457
11265,GR006,Sunflower Oil 1L,3,2025-06-28 14:47:00,160,2457
11265,GR008,Wheat Flour 1kg,3,2025-06-28 14:47:00,55,2457
11265,GR015,Salt 1kg,8,2025-06-28 14:47:00,20,2457
11266,GR004,Basmati Rice 1kg,6,2025-07-04 18:06:00,120,4407
11266,GR006,Sunflower Oil 1L,7,2025-07-04 18:06:00,160,4407
11267,GR004,Basmati Rice 1kg,5,2025-07-20 01:03:00,120,1091
11267,GR002,Bread,1,2025-07-20 01:03:00,40,1091
11267,GR005,Sugar 1kg,3,2025-07-20 01:03:00,50,1091
11267,GR015,Salt 1kg,4,2025-07-20 01:03:00,20,1091
11268,GR006,Sunflower Oil 1L,1,2025-07-04 14:23:00,160,4235
11268,GR009,Butter 100g,2,2025-07-04 14:23:00,60,4235
11268,GR011,Bananas 1 dozen,8,2025-07-04 14:23:00,50,4235
11268,GR008,Wheat Flour 1kg,4,2025-07-04 14:23:00,55,4235
11268,GR007,Tea Powder 500g,3,2025-07-04 14:23:00,140,4235
11268,GR014,Tomatoes 1kg,5,2025-07-04 14:23:00,40,4235
11269,GR002,Bread,2,2025-03-03 00:11:00,40,2583
11269,GR009,Butter 100g,5,2025-03-03 00:11:00,60,2583
11270,GR007,Tea Powder 500g,7,2025-05-16 22:56:00,140,3009
11270,GR008,Wheat Flour 1kg,2,2025-05-16 22:56:00,55,3009
11270,GR012,Potatoes 1kg,6,2025-05-16 22:56:00,30,3009
11270,GR005,Sugar 1kg,2,2025-05-16 22:56:00,50,3009
11270,GR011,Bananas 1 dozen,7,2025-05-16 22:56:00,50,3009
11271,GR008,Wheat Flour 1kg,7,2025-04-27 05:19:00,55,2981
11271,GR012,Potatoes 1kg,2,2025-04-27 05:19:00,30,2981
11271,GR005,Sugar 1kg,2,2025-04-27 05:19:00,50,2981
11272,GR006,Sunflower Oil 1L,3,2025-07-03 12:18:00,160,4560
11272,GR011,Bananas 1 dozen,2,2025-07-03 12:18:00,50,4560
11272,GR015,Salt 1kg,6,2025-07-03 12:18:00,20,4560
11272,GR007,Tea Powder 500g,8,2025-07-03 12:18:00,140,4560
11272,GR005,Sugar 1kg,5,2025-07-03 12:18:00,50,4560
11272,GR004,Basmati Rice 1kg,3,2025-07-03 12:18:00,120,4560
11273,GR001,Milk 1L,7,2025-05-30 00:44:00,60,1020
11273,GR009,Butter 100g,8,2025-05-30 00:44:00,60,1020
11273,GR014,Tomatoes 1kg,4,2025-05-30 00:44:00,40,1020
11273,GR011,Bananas 1 dozen,5,2025-05-30 00:44:00,50,1020
11273,GR003,Eggs Pack (12),5,2025-05-30 00:44:00,90,1020
11273,GR010,Yogurt 200g,4,2025-05-30 00:44:00,25,1020
11274,GR002,Bread,2,2025-03-03 07:22:00,40,3742
11274,GR014,Tomatoes 1kg,2,2025-03-03 07:22:00,40,3742
11274,GR009,Butter 100g,7,2025-03-03 07:22:00,60,3742
11274,GR004,Basmati Rice 1kg,8,2025-03-03 07:22:00,120,3742
11274,GR005,Sugar 1kg,2,2025-03-03 07:22:00,50,3742
11275,GR014,Tomatoes 1kg,7,2025-07-19 02:53:00,40,1603
11275,GR008,Wheat Flour 1kg,6,2025-07-19 02:53:00,55,1603
11275,GR013,Onions 1kg,2,2025-07-19 02:53:00,35,1603
11275,GR007,Tea Powder 500g,1,2025-07-19 02:53:00,140,1603
11275,GR012,Potatoes 1kg,7,2025-07-19 02:53:00,30,1603
11276,GR011,Bananas 1 dozen,6,2025-06-18 07:01:00,50,4127
11277,GR012,Potatoes 1kg,6,2025-04-30 02:53:00,30,1641
11278,GR009,Butter 100g,5,2025-02-23 20:09:00,60,4326
11278,GR015,Salt 1kg,4,2025-02-23 20:09:00,20,4326
11279,GR012,Potatoes 1kg,6,2025-01-02 06:42:00,30,2584
11279,GR002,Bread,2,2025-01-02 06:42:00,40,2584
11280,GR004,Basmati Rice 1kg,8,2025-07-03 22:25:00,120,2345
11280,GR001,Milk 1L,5,2025-07-03 22:25:00,60,2345
11281,GR011,Bananas 1 dozen,4,2025-02-16 15:13:00,50,3144
11281,GR008,Wheat Flour 1kg,5,2025-02-16 15:13:00,55,3144
11282,GR014,Tomatoes 1kg,6,2025-03-08 02:51:00,40,4553
11282,GR013,Onions 1kg,4,2025-03-08 02:51:00,35,4553
11282,GR005,Sugar 1kg,2,2025-03-08 02:51:00,50,4553
11283,GR009,Butter 100g,6,2025-01-24 10:19:00,60,1995
11283,GR012,Potatoes 1kg,2,2025-01-24 10:19:00,30,1995
11283,GR014,Tomatoes 1kg,5,2025-01-24 10:19:00,40,1995
11284,GR015,Salt 1kg,4,2025-02-09 15:43:00,20,1384
11284,GR011,Bananas 1 dozen,6,2025-02-09 15:43:00,50,1384
11285,GR006,Sunflower Oil 1L,1,2025-04-17 14:57:00,160,2583
11285,GR004,Basmati Rice 1kg,2,2025-04-17 14:57:00,120,2583
11285,GR015,Salt 1kg,7,2025-04-17 14:57:00,20,2583
11286,GR003,Eggs Pack (12),3,2025-07-07 23:43:00,90,4851
11286,GR015,Salt 1kg,6,2025-07-07 23:43:00,20,4851
11287,GR007,Tea Powder 500g,3,2025-04-03 03:24:00,140,3100
11287,GR005,Sugar 1kg,8,2025-04-03 03:24:00,50,3100
11287,GR010,Yogurt 200g,5,2025-04-03 03:24:00,25,3100
11287,GR013,Onions 1kg,8,2025-04-03 03:24:00,35,3100
11288,GR011,Bananas 1 dozen,8,2025-02-15 09:52:00,50,1311
11289,GR006,Sunflower Oil 1L,8,2025-05-30 07:18:00,160,3100
11289,GR009,Butter 100g,7,2025-05-30 07:18:00,60,3100
11289,GR007,Tea Powder 500g,4,2025-05-30 07:18:00,140,3100
11289,GR011,Bananas 1 dozen,3,2025-05-30 07:18:00,50,3100
11289,GR010,Yogurt 200g,6,2025-05-30 07:18:00,25,3100
11289,GR005,Sugar 1kg,7,2025-05-30 07:18:00,50,3100
11290,GR013,Onions 1kg,5,2025-01-17 09:41:00,35,3100
11290,GR002,Bread,1,2025-01-17 09:41:00,40,3100
11290,GR005,Sugar 1kg,5,2025-01-17 09:41:00,50,3100
11290,GR006,Sunflower Oil 1L,1,2025-01-17 09:41:00,160,3100
11291,GR001,Milk 1L,7,2025-03-03 13:47:00,60,3601
11291,GR007,Tea Powder 500g,5,2025-03-03 13:47:00,140,3601
11292,GR001,Milk 1L,5,2025-03-23 18:59:00,60,4693
11292,GR008,Wheat Flour 1kg,5,2025-03-23 18:59:00,55,4693
11292,GR007,Tea Powder 500g,2,2025-03-23 18:59:00,140,4693
11292,GR014,Tomatoes 1kg,1,2025-03-23 18:59:00,40,4693
11293,GR004,Basmati Rice 1kg,1,2025-05-10 14:03:00,120,3056
11293,GR015,Salt 1kg,2,2025-05-10 14:03:00,20,3056
11293,GR011,Bananas 1 dozen,5,2025-05-10 14:03:00,50,3056
11294,GR015,Salt 1kg,2,2025-02-25 03:54:00,20,4548
11294,GR013,Onions 1kg,2,2025-02-25 03:54:00,35,4548
11294,GR008,Wheat Flour 1kg,7,2025-02-25 03:54:00,55,4548
11295,GR012,Potatoes 1kg,2,2025-01-19 06:22:00,30,4558
11296,GR015,Salt 1kg,3,2025-06-19 06:21:00,20,2733
11296,GR001,Milk 1L,4,2025-06-19 06:21:00,60,2733
11297,GR015,Salt 1kg,6,2025-01-06 00:44:00,20,1029
11297,GR013,Onions 1kg,3,2025-01-06 00:44:00,35,1029
11297,GR010,Yogurt 200g,1,2025-01-06 00:44:00,25,1029
11297,GR006,Sunflower Oil 1L,3,2025-01-06 00:44:00,160,1029
11298,GR013,Onions 1kg,4,2025-03-08 21:49:00,35,2078
11298,GR004,Basmati Rice 1kg,1,2025-03-08 21:49:00,120,2078
11298,GR009,Butter 100g,1,2025-03-08 21:49:00,60,2078
11298,GR014,Tomatoes 1kg,2,2025-03-08 21:49:00,40,2078
11298,GR001,Milk 1L,1,2025-03-08 21:49:00,60,2078
11299,GR001,Milk 1L,3,2025-06-17 15:51:00,60,3144
11300,GR011,Bananas 1 dozen,2,2025-07-07 08:19:00,50,1125
11300,GR008,Wheat Flour 1kg,7,2025-07-07 08:19:00,55,1125
11300,GR010,Yogurt 200g,7,2025-07-07 08:19:00,25,1125
11300,GR009,Butter 100g,7,2025-07-07 08:19:00,60,1125
11300,GR015,Salt 1kg,6,2025-07-07 08:19:00,20,1125
11300,GR003,Eggs Pack (12),5,2025-07-07 08:19:00,90,1125
11301,GR014,Tomatoes 1kg,1,2025-04-23 15:46:00,40,1436
11301,GR006,Sunflower Oil 1L,5,2025-04-23 15:46:00,160,1436
11301,GR008,Wheat Flour 1kg,6,2025-04-23 15:46:00,55,1436
11301,GR013,Onions 1kg,8,2025-04-23 15:46:00,35,1436
11301,GR005,Sugar 1kg,1,2025-04-23 15:46:00,50,1436
11302,GR008,Wheat Flour 1kg,6,2025-06-13 05:15:00,55,2546
11302,GR009,Butter 100g,4,2025-06-13 05:15:00,60,2546
11303,GR009,Butter 100g,3,2025-03-31 11:20:00,60,2489
11303,GR010,Yogurt 200g,4,2025-03-31 11:20:00,25,2489
11303,GR012,Potatoes 1kg,3,2025-03-31 11:20:00,30,2489
11304,GR012,Potatoes 1kg,1,2025-05-04 03:10:00,30,1436
11304,GR008,Wheat Flour 1kg,4,2025-05-04 03:10:00,55,1436
11305,GR013,Onions 1kg,4,2025-03-07 14:57:00,35,1761
11305,GR003,Eggs Pack (12),2,2025-03-07 14:57:00,90,1761
11305,GR012,Potatoes 1kg,4,2025-03-07 14:57:00,30,1761
11305,GR009,Butter 100g,3,2025-03-07 14:57:00,60,1761
11305,GR006,Sunflower Oil 1L,8,2025-03-07 14:57:00,160,1761
11306,GR010,Yogurt 200g,5,2025-02-14 15:26:00,25,2635
11306,GR004,Basmati Rice 1kg,8,2025-02-14 15:26:00,120,2635
11306,GR009,Butter 100g,2,2025-02-14 15:26:00,60,2635
11306,GR007,Tea Powder 500g,5,2025-02-14 15:26:00,140,2635
11307,GR004,Basmati Rice 1kg,7,2025-05-04 02:58:00,120,4444
11307,GR010,Yogurt 200g,7,2025-05-04 02:58:00,25,4444
11307,GR008,Wheat Flour 1kg,4,2025-05-04 02:58:00,55,4444
11307,GR007,Tea Powder 500g,1,2025-05-04 02:58:00,140,4444
11307,GR014,Tomatoes 1kg,3,2025-05-04 02:58:00,40,4444
11308,GR003,Eggs Pack (12),6,2025-03-23 16:59:00,90,4210
11308,GR006,Sunflower Oil 1L,3,2025-03-23 16:59:00,160,4210
11308,GR008,Wheat Flour 1kg,5,2025-03-23 16:59:00,55,4210
11308,GR014,Tomatoes 1kg,8,2025-03-23 16:59:00,40,4210
11308,GR015,Salt 1kg,2,2025-03-23 16:59:00,20,4210
11308,GR005,Sugar 1kg,7,2025-03-23 16:59:00,50,4210
11309,GR012,Potatoes 1kg,6,2025-01-11 14:33:00,30,4790
11309,GR002,Bread,1,2025-01-11 14:33:00,40,4790
11309,GR008,Wheat Flour 1kg,2,2025-01-11 14:33:00,55,4790
11310,GR002,Bread,7,2025-03-11 14:59:00,40,4178
11310,GR003,Eggs Pack (12),2,2025-03-11 14:59:00,90,4178
11310,GR009,Butter 100g,1,2025-03-11 14:59:00,60,4178
11310,GR012,Potatoes 1kg,8,2025-03-11 14:59:00,30,4178
11311,GR002,Bread,2,2025-03-31 13:44:00,40,2345
11311,GR004,Basmati Rice 1kg,4,2025-03-31 13:44:00,120,2345
11311,GR014,Tomatoes 1kg,6,2025-03-31 13:44:00,40,2345
11312,GR011,Bananas 1 dozen,3,2025-05-17 10:15:00,50,1487
11312,GR005,Sugar 1kg,2,2025-05-17 10:15:00,50,1487
11312,GR013,Onions 1kg,1,2025-05-17 10:15:00,35,1487
11313,GR003,Eggs Pack (12),3,2025-07-15 17:52:00,90,1066
11313,GR010,Yogurt 200g,1,2025-07-15 17:52:00,25,1066
11313,GR009,Butter 100g,3,2025-07-15 17:52:00,60,1066
11313,GR014,Tomatoes 1kg,5,2025-07-15 17:52:00,40,1066
11314,GR004,Basmati Rice 1kg,2,2025-05-02 22:13:00,120,4210
11314,GR012,Potatoes 1kg,7,2025-05-02 22:13:00,30,4210
11314,GR003,Eggs Pack (12),2,2025-05-02 22:13:00,90,4210
11314,GR002,Bread,2,2025-05-02 22:13:00,40,4210
11314,GR007,Tea Powder 500g,8,2025-05-02 22:13:00,140,4210
11315,GR014,Tomatoes 1kg,6,2025-04-03 13:55:00,40,3046
11315,GR006,Sunflower Oil 1L,5,2025-04-03 13:55:00,160,3046
11316,GR002,Bread,6,2025-03-26 01:47:00,40,2489
11316,GR013,Onions 1kg,6,2025-03-26 01:47:00,35,2489
11316,GR011,Bananas 1 dozen,3,2025-03-26 01:47:00,50,2489
11316,GR008,Wheat Flour 1kg,4,2025-03-26 01:47:00,55,2489
11317,GR005,Sugar 1kg,1,2025-02-11 07:08:00,50,4860
11317,GR008,Wheat Flour 1kg,3,2025-02-11 07:08:00,55,4860
11317,GR015,Salt 1kg,5,2025-02-11 07:08:00,20,4860
11317,GR012,Potatoes 1kg,5,2025-02-11 07:08:00,30,4860
11317,GR011,Bananas 1 dozen,2,2025-02-11 07:08:00,50,4860
11317,GR014,Tomatoes 1kg,2,2025-02-11 07:08:00,40,4860
11318,GR012,Potatoes 1kg,2,2025-02-27 07:49:00,30,3693
11318,GR008,Wheat Flour 1kg,6,2025-02-27 07:49:00,55,3693
11318,GR011,Bananas 1 dozen,1,2025-02-27 07:49:00,50,3693
11319,GR004,Basmati Rice 1kg,5,2025-02-26 23:11:00,120,2862
11319,GR015,Salt 1kg,7,2025-02-26 23:11:00,20,2862
11319,GR010,Yogurt 200g,3,2025-02-26 23:11:00,25,2862
11319,GR013,Onions 1kg,2,2025-02-26 23:11:00,35,2862
11320,GR003,Eggs Pack (12),7,2025-03-21 23:20:00,90,3454
11320,GR002,Bread,3,2025-03-21 23:20:00,40,3454
11320,GR008,Wheat Flour 1kg,5,2025-03-21 23:20:00,55,3454
11321,GR007,Tea Powder 500g,4,2025-06-25 01:35:00,140,3211
11321,GR013,Onions 1kg,2,2025-06-25 01:35:00,35,3211
11321,GR001,Milk 1L,1,2025-06-25 01:35:00,60,3211
11321,GR006,Sunflower Oil 1L,8,2025-06-25 01:35:00,160,3211
11321,GR009,Butter 100g,1,2025-06-25 01:35:00,60,3211
11321,GR005,Sugar 1kg,4,2025-06-25 01:35:00,50,3211
11322,GR013,Onions 1kg,6,2025-05-23 02:12:00,35,4099
11322,GR004,Basmati Rice 1kg,4,2025-05-23 02:12:00,120,4099
11322,GR006,Sunflower Oil 1L,2,2025-05-23 02:12:00,160,4099
11323,GR008,Wheat Flour 1kg,1,2025-03-05 03:55:00,55,1321
11323,GR004,Basmati Rice 1kg,7,2025-03-05 03:55:00,120,1321
11324,GR009,Butter 100g,4,2025-02-07 21:13:00,60,1572
11324,GR015,Salt 1kg,4,2025-02-07 21:13:00,20,1572
11324,GR006,Sunflower Oil 1L,2,2025-02-07 21:13:00,160,1572
11324,GR005,Sugar 1kg,4,2025-02-07 21:13:00,50,1572
11324,GR010,Yogurt 200g,1,2025-02-07 21:13:00,25,1572
11325,GR013,Onions 1kg,1,2025-06-04 04:06:00,35,4443
11325,GR015,Salt 1kg,2,2025-06-04 04:06:00,20,4443
11325,GR014,Tomatoes 1kg,3,2025-06-04 04:06:00,40,4443
11325,GR006,Sunflower Oil 1L,3,2025-06-04 04:06:00,160,4443
11325,GR003,Eggs Pack (12),1,2025-06-04 04:06:00,90,4443
11326,GR001,Milk 1L,5,2025-02-09 04:07:00,60,4099
11326,GR014,Tomatoes 1kg,4,2025-02-09 04:07:00,40,4099
11326,GR009,Butter 100g,3,2025-02-09 04:07:00,60,4099
11326,GR003,Eggs Pack (12),6,2025-02-09 04:07:00,90,4099
11326,GR002,Bread,4,2025-02-09 04:07:00,40,4099
11326,GR007,Tea Powder 500g,5,2025-02-09 04:07:00,140,4099
11327,GR013,Onions 1kg,7,2025-02-03 18:20:00,35,2150
11327,GR007,Tea Powder 500g,2,2025-02-03 18:20:00,140,2150
11327,GR010,Yogurt 200g,1,2025-02-03 18:20:00,25,2150
11327,GR005,Sugar 1kg,7,2025-02-03 18:20:00,50,2150
11328,GR003,Eggs Pack (12),4,2025-06-08 11:34:00,90,1967
11328,GR006,Sunflower Oil 1L,8,2025-06-08 11:34:00,160,1967
11328,GR001,Milk 1L,8,2025-06-08 11:34:00,60,1967
11328,GR008,Wheat Flour 1kg,7,2025-06-08 11:34:00,55,1967
11328,GR015,Salt 1kg,8,2025-06-08 11:34:00,20,1967
11328,GR013,Onions 1kg,6,2025-06-08 11:34:00,35,1967
11329,GR002,Bread,3,2025-06-27 08:54:00,40,4337
11329,GR004,Basmati Rice 1kg,1,2025-06-27 08:54:00,120,4337
11330,GR003,Eggs Pack (12),5,2025-05-28 20:41:00,90,2156
11330,GR008,Wheat Flour 1kg,8,2025-05-28 20:41:00,55,2156
11330,GR005,Sugar 1kg,1,2025-05-28 20:41:00,50,2156
11330,GR006,Sunflower Oil 1L,2,2025-05-28 20:41:00,160,2156
11331,GR003,Eggs Pack (12),4,2025-05-24 07:27:00,90,2862
11332,GR003,Eggs Pack (12),1,2025-03-19 21:40:00,90,1662
11332,GR008,Wheat Flour 1kg,8,2025-03-19 21:40:00,55,1662
11332,GR007,Tea Powder 500g,8,2025-03-19 21:40:00,140,1662
11332,GR014,Tomatoes 1kg,3,2025-03-19 21:40:00,40,1662
11332,GR010,Yogurt 200g,7,2025-03-19 21:40:00,25,1662
11332,GR011,Bananas 1 dozen,5,2025-03-19 21:40:00,50,1662
11333,GR009,Butter 100g,2,2025-02-04 02:58:00,60,3346
11333,GR008,Wheat Flour 1kg,8,2025-02-04 02:58:00,55,3346
11333,GR003,Eggs Pack (12),4,2025-02-04 02:58:00,90,3346
11334,GR008,Wheat Flour 1kg,4,2025-03-30 06:57:00,55,3618
11334,GR007,Tea Powder 500g,2,2025-03-30 06:57:00,140,3618
11334,GR009,Butter 100g,3,2025-03-30 06:57:00,60,3618
11335,GR011,Bananas 1 dozen,2,2025-01-20 13:16:00,50,4497
11336,GR002,Bread,6,2025-04-21 16:27:00,40,3112
11336,GR006,Sunflower Oil 1L,4,2025-04-21 16:27:00,160,3112
11336,GR012,Potatoes 1kg,4,2025-04-21 16:27:00,30,3112
11337,GR002,Bread,2,2025-05-10 02:41:00,40,4016
11337,GR007,Tea Powder 500g,6,2025-05-10 02:41:00,140,4016
11337,GR012,Potatoes 1kg,2,2025-05-10 02:41:00,30,4016
11338,GR008,Wheat Flour 1kg,6,2025-05-24 06:05:00,55,2705
11338,GR002,Bread,3,2025-05-24 06:05:00,40,2705
11339,GR003,Eggs Pack (12),2,2025-02-21 21:06:00,90,3524
11339,GR012,Potatoes 1kg,4,2025-02-21 21:06:00,30,3524
11339,GR014,Tomatoes 1kg,5,2025-02-21 21:06:00,40,3524
11340,GR006,Sunflower Oil 1L,6,2025-03-27 13:06:00,160,4337
11340,GR002,Bread,7,2025-03-27 13:06:00,40,4337
11340,GR010,Yogurt 200g,2,2025-03-27 13:06:00,25,4337
11340,GR001,Milk 1L,5,2025-03-27 13:06:00,60,4337
11340,GR011,Bananas 1 dozen,4,2025-03-27 13:06:00,50,4337
11340,GR015,Salt 1kg,1,2025-03-27 13:06:00,20,4337
11341,GR002,Bread,6,2025-06-15 01:05:00,40,2313
11341,GR013,Onions 1kg,2,2025-06-15 01:05:00,35,2313
11341,GR015,Salt 1kg,8,2025-06-15 01:05:00,20,2313
11342,GR015,Salt 1kg,6,2025-02-10 20:42:00,20,4742
11342,GR013,Onions 1kg,1,2025-02-10 20:42:00,35,4742
11342,GR002,Bread,5,2025-02-10 20:42:00,40,4742
11342,GR010,Yogurt 200g,1,2025-02-10 20:42:00,25,4742
11342,GR011,Bananas 1 dozen,5,2025-02-10 20:42:00,50,4742
11342,GR012,Potatoes 1kg,8,2025-02-10 20:42:00,30,4742
11343,GR003,Eggs Pack (12),1,2025-02-03 18:21:00,90,2583
11343,GR005,Sugar 1kg,4,2025-02-03 18:21:00,50,2583
11343,GR013,Onions 1kg,8,2025-02-03 18:21:00,35,2583
11343,GR001,Milk 1L,4,2025-02-03 18:21:00,60,2583
11343,GR010,Yogurt 200g,2,2025-02-03 18:21:00,25,2583
11343,GR014,Tomatoes 1kg,5,2025-02-03 18:21:00,40,2583
11344,GR001,Milk 1L,1,2025-01-05 02:44:00,60,4190
11344,GR014,Tomatoes 1kg,5,2025-01-05 02:44:00,40,4190
11344,GR008,Wheat Flour 1kg,4,2025-01-05 02:44:00,55,4190
11344,GR015,Salt 1kg,6,2025-01-05 02:44:00,20,4190
11344,GR009,Butter 100g,5,2025-01-05 02:44:00,60,4190
11345,GR008,Wheat Flour 1kg,2,2025-07-10 05:22:00,55,4680
11345,GR002,Bread,6,2025-07-10 05:22:00,40,4680
11345,GR013,Onions 1kg,3,2025-07-10 05:22:00,35,4680
11345,GR005,Sugar 1kg,1,2025-07-10 05:22:00,50,4680
11345,GR011,Bananas 1 dozen,2,2025-07-10 05:22:00,50,4680
11345,GR009,Butter 100g,5,2025-07-10 05:22:00,60,4680
11346,GR008,Wheat Flour 1kg,8,2025-03-11 17:35:00,55,1332
11346,GR013,Onions 1kg,3,2025-03-11 17:35:00,35,1332
11346,GR005,Sugar 1kg,3,2025-03-11 17:35:00,50,1332
11347,GR007,Tea Powder 500g,1,2025-02-02 22:22:00,140,2457
11347,GR004,Basmati Rice 1kg,5,2025-02-02 22:22:00,120,2457
11347,GR011,Bananas 1 dozen,5,2025-02-02 22:22:00,50,2457
11347,GR013,Onions 1kg,5,2025-02-02 22:22:00,35,2457
11347,GR012,Potatoes 1kg,3,2025-02-02 22:22:00,30,2457
11347,GR006,Sunflower Oil 1L,2,2025-02-02 22:22:00,160,2457
11348,GR002,Bread,1,2025-07-04 06:14:00,40,3513
11348,GR011,Bananas 1 dozen,5,2025-07-04 06:14:00,50,3513
11349,GR001,Milk 1L,5,2025-02-04 21:17:00,60,2259
11349,GR003,Eggs Pack (12),7,2025-02-04 21:17:00,90,2259
11350,GR001,Milk 1L,6,2025-03-01 17:16:00,60,1813
11350,GR014,Tomatoes 1kg,6,2025-03-01 17:16:00,40,1813
11350,GR002,Bread,7,2025-03-01 17:16:00,40,1813
11350,GR015,Salt 1kg,2,2025-03-01 17:16:00,20,1813
11350,GR010,Yogurt 200g,1,2025-03-01 17:16:00,25,1813
11350,GR003,Eggs Pack (12),8,2025-03-01 17:16:00,90,1813
11351,GR015,Salt 1kg,5,2025-05-19 22:36:00,20,3968
11351,GR008,Wheat Flour 1kg,3,2025-05-19 22:36:00,55,3968
11351,GR002,Bread,8,2025-05-19 22:36:00,40,3968
11351,GR004,Basmati Rice 1kg,1,2025-05-19 22:36:00,120,3968
11352,GR005,Sugar 1kg,3,2025-06-18 05:47:00,50,3888
11352,GR010,Yogurt 200g,7,2025-06-18 05:47:00,25,3888
11352,GR008,Wheat Flour 1kg,8,2025-06-18 05:47:00,55,3888
11352,GR014,Tomatoes 1kg,8,2025-06-18 05:47:00,40,3888
11352,GR015,Salt 1kg,2,2025-06-18 05:47:00,20,3888
11352,GR009,Butter 100g,1,2025-06-18 05:47:00,60,3888
11353,GR011,Bananas 1 dozen,2,2025-01-26 18:08:00,50,4477
11353,GR008,Wheat Flour 1kg,7,2025-01-26 18:08:00,55,4477
11353,GR006,Sunflower Oil 1L,8,2025-01-26 18:08:00,160,4477
11353,GR014,Tomatoes 1kg,2,2025-01-26 18:08:00,40,4477
11353,GR005,Sugar 1kg,4,2025-01-26 18:08:00,50,4477
11353,GR001,Milk 1L,3,2025-01-26 18:08:00,60,4477
11354,GR008,Wheat Flour 1kg,8,2025-03-23 14:54:00,55,3440
11355,GR006,Sunflower Oil 1L,2,2025-03-31 16:18:00,160,4300
11355,GR002,Bread,4,2025-03-31 16:18:00,40,4300
11355,GR004,Basmati Rice 1kg,5,2025-03-31 16:18:00,120,4300
11355,GR009,Butter 100g,3,2025-03-31 16:18:00,60,4300
11355,GR013,Onions 1kg,2,2025-03-31 16:18:00,35,4300
11355,GR003,Eggs Pack (12),1,2025-03-31 16:18:00,90,4300
11356,GR010,Yogurt 200g,7,2025-02-10 13:28:00,25,2635
11356,GR009,Butter 100g,6,2025-02-10 13:28:00,60,2635
11357,GR008,Wheat Flour 1kg,1,2025-05-13 02:53:00,55,2919
11357,GR001,Milk 1L,1,2025-05-13 02:53:00,60,2919
11357,GR012,Potatoes 1kg,5,2025-05-13 02:53:00,30,2919
11357,GR003,Eggs Pack (12),8,2025-05-13 02:53:00,90,2919
11357,GR014,Tomatoes 1kg,5,2025-05-13 02:53:00,40,2919
11357,GR015,Salt 1kg,2,2025-05-13 02:53:00,20,2919
11358,GR008,Wheat Flour 1kg,7,2025-05-23 20:20:00,55,3788
11358,GR013,Onions 1kg,3,2025-05-23 20:20:00,35,3788
11359,GR012,Potatoes 1kg,7,2025-01-12 15:12:00,30,4385
11359,GR006,Sunflower Oil 1L,2,2025-01-12 15:12:00,160,4385
11359,GR014,Tomatoes 1kg,8,2025-01-12 15:12:00,40,4385
11359,GR011,Bananas 1 dozen,5,2025-01-12 15:12:00,50,4385
11359,GR001,Milk 1L,6,2025-01-12 15:12:00,60,4385
11360,GR010,Yogurt 200g,8,2025-02-23 15:26:00,25,1420
11360,GR015,Salt 1kg,8,2025-02-23 15:26:00,20,1420
11360,GR008,Wheat Flour 1kg,5,2025-02-23 15:26:00,55,1420
11360,GR002,Bread,5,2025-02-23 15:26:00,40,1420
11360,GR013,Onions 1kg,5,2025-02-23 15:26:00,35,1420
11361,GR013,Onions 1kg,2,2025-04-05 08:01:00,35,2854
11362,GR007,Tea Powder 500g,7,2025-07-20 08:35:00,140,1813
11362,GR011,Bananas 1 dozen,4,2025-07-20 08:35:00,50,1813
11362,GR005,Sugar 1kg,5,2025-07-20 08:35:00,50,1813
11362,GR014,Tomatoes 1kg,4,2025-07-20 08:35:00,40,1813
11362,GR009,Butter 100g,7,2025-07-20 08:35:00,60,1813
11362,GR012,Potatoes 1kg,6,2025-07-20 08:35:00,30,1813
11363,GR009,Butter 100g,6,2025-07-13 11:53:00,60,2673
11364,GR002,Bread,4,2025-07-15 10:24:00,40,3692
11364,GR005,Sugar 1kg,2,2025-07-15 10:24:00,50,3692
11365,GR012,Potatoes 1kg,8,2025-06-05 12:00:00,30,4860
11365,GR010,Yogurt 200g,2,2025-06-05 12:00:00,25,4860
11365,GR004,Basmati Rice 1kg,3,2025-06-05 12:00:00,120,4860
11365,GR003,Eggs Pack (12),7,2025-06-05 12:00:00,90,4860
11365,GR006,Sunflower Oil 1L,5,2025-06-05 12:00:00,160,4860
11365,GR013,Onions 1kg,3,2025-06-05 12:00:00,35,4860
11366,GR014,Tomatoes 1kg,4,2025-04-09 22:56:00,40,3346
11366,GR002,Bread,1,2025-04-09 22:56:00,40,3346
11366,GR004,Basmati Rice 1kg,6,2025-04-09 22:56:00,120,3346
11366,GR008,Wheat Flour 1kg,7,2025-04-09 22:56:00,55,3346
11366,GR003,Eggs Pack (12),3,2025-04-09 22:56:00,90,3346
11366,GR006,Sunflower Oil 1L,2,2025-04-09 22:56:00,160,3346
11367,GR004,Basmati Rice 1kg,7,2025-05-22 05:29:00,120,3100
11367,GR001,Milk 1L,2,2025-05-22 05:29:00,60,3100
11368,GR015,Salt 1kg,5,2025-05-04 13:07:00,20,4629
11368,GR006,Sunflower Oil 1L,3,2025-05-04 13:07:00,160,4629
11369,GR008,Wheat Flour 1kg,7,2025-03-13 00:42:00,55,2146
11369,GR005,Sugar 1kg,4,2025-03-13 00:42:00,50,2146
11369,GR002,Bread,1,2025-03-13 00:42:00,40,2146
11370,GR012,Potatoes 1kg,8,2025-05-09 04:01:00,30,4891
11371,GR010,Yogurt 200g,4,2025-02-08 17:14:00,25,3329
11371,GR009,Butter 100g,6,2025-02-08 17:14:00,60,3329
11371,GR014,Tomatoes 1kg,3,2025-02-08 17:14:00,40,3329
11371,GR012,Potatoes 1kg,5,2025-02-08 17:14:00,30,3329
11371,GR013,Onions 1kg,7,2025-02-08 17:14:00,35,3329
11371,GR002,Bread,8,2025-02-08 17:14:00,40,3329
11372,GR015,Salt 1kg,5,2025-01-13 07:39:00,20,4953
11372,GR014,Tomatoes 1kg,6,2025-01-13 07:39:00,40,4953
11372,GR012,Potatoes 1kg,5,2025-01-13 07:39:00,30,4953
11372,GR009,Butter 100g,3,2025-01-13 07:39:00,60,4953
11372,GR013,Onions 1kg,3,2025-01-13 07:39:00,35,4953
11373,GR007,Tea Powder 500g,1,2025-01-10 15:09:00,140,3043
11373,GR015,Salt 1kg,5,2025-01-10 15:09:00,20,3043
11373,GR012,Potatoes 1kg,2,2025-01-10 15:09:00,30,3043
11373,GR006,Sunflower Oil 1L,8,2025-01-10 15:09:00,160,3043
11374,GR007,Tea Powder 500g,6,2025-01-09 09:22:00,140,4625
11374,GR006,Sunflower Oil 1L,1,2025-01-09 09:22:00,160,4625
11374,GR014,Tomatoes 1kg,7,2025-01-09 09:22:00,40,4625
11375,GR009,Butter 100g,2,2025-07-02 19:21:00,60,2862
11375,GR010,Yogurt 200g,7,2025-07-02 19:21:00,25,2862
11375,GR007,Tea Powder 500g,1,2025-07-02 19:21:00,140,2862
11376,GR007,Tea Powder 500g,5,2025-06-28 09:03:00,140,3612
11376,GR002,Bread,7,2025-06-28 09:03:00,40,3612
11377,GR010,Yogurt 200g,7,2025-04-19 00:09:00,25,2914
11377,GR006,Sunflower Oil 1L,8,2025-04-19 00:09:00,160,2914
11377,GR007,Tea Powder 500g,4,2025-04-19 00:09:00,140,2914
11378,GR012,Potatoes 1kg,7,2025-06-02 01:16:00,30,1813
11379,GR008,Wheat Flour 1kg,3,2025-04-01 05:53:00,55,3297
11379,GR012,Potatoes 1kg,3,2025-04-01 05:53:00,30,3297
11379,GR010,Yogurt 200g,8,2025-04-01 05:53:00,25,3297
11379,GR015,Salt 1kg,5,2025-04-01 05:53:00,20,3297
11379,GR013,Onions 1kg,4,2025-04-01 05:53:00,35,3297
11379,GR001,Milk 1L,3,2025-04-01 05:53:00,60,3297
11380,GR013,Onions 1kg,1,2025-07-15 08:59:00,35,3042
11381,GR013,Onions 1kg,4,2025-04-15 05:23:00,35,4487
11382,GR002,Bread,3,2025-04-08 14:21:00,40,4953
11382,GR013,Onions 1kg,6,2025-04-08 14:21:00,35,4953
11382,GR014,Tomatoes 1kg,6,2025-04-08 14:21:00,40,4953
11382,GR009,Butter 100g,3,2025-04-08 14:21:00,60,4953
11383,GR002,Bread,4,2025-06-02 01:22:00,40,3049
11383,GR012,Potatoes 1kg,5,2025-06-02 01:22:00,30,3049
11383,GR004,Basmati Rice 1kg,8,2025-06-02 01:22:00,120,3049
11384,GR006,Sunflower Oil 1L,8,2025-06-27 08:16:00,160,4385
11384,GR014,Tomatoes 1kg,2,2025-06-27 08:16:00,40,4385
11385,GR005,Sugar 1kg,8,2025-05-01 19:10:00,50,4953
11385,GR011,Bananas 1 dozen,2,2025-05-01 19:10:00,50,4953
11385,GR002,Bread,5,2025-05-01 19:10:00,40,4953
11385,GR007,Tea Powder 500g,6,2025-05-01 19:10:00,140,4953
11386,GR007,Tea Powder 500g,3,2025-07-19 08:47:00,140,4693
11386,GR001,Milk 1L,6,2025-07-19 08:47:00,60,4693
11386,GR009,Butter 100g,2,2025-07-19 08:47:00,60,4693
11386,GR011,Bananas 1 dozen,3,2025-07-19 08:47:00,50,4693
11387,GR009,Butter 100g,7,2025-01-17 21:50:00,60,3180
11388,GR009,Butter 100g,2,2025-04-15 17:17:00,60,4652
11388,GR003,Eggs Pack (12),4,2025-04-15 17:17:00,90,4652
11388,GR010,Yogurt 200g,2,2025-04-15 17:17:00,25,4652
11389,GR004,Basmati Rice 1kg,6,2025-05-17 13:36:00,120,2907
11389,GR002,Bread,3,2025-05-17 13:36:00,40,2907
11389,GR001,Milk 1L,6,2025-05-17 13:36:00,60,2907
11389,GR012,Potatoes 1kg,3,2025-05-17 13:36:00,30,2907
11390,GR009,Butter 100g,1,2025-06-19 04:00:00,60,3264
11390,GR004,Basmati Rice 1kg,1,2025-06-19 04:00:00,120,3264
11390,GR014,Tomatoes 1kg,2,2025-06-19 04:00:00,40,3264
11390,GR012,Potatoes 1kg,2,2025-06-19 04:00:00,30,3264
11391,GR007,Tea Powder 500g,3,2025-03-11 04:21:00,140,3508
11391,GR003,Eggs Pack (12),4,2025-03-11 04:21:00,90,3508
11391,GR005,Sugar 1kg,8,2025-03-11 04:21:00,50,3508
11392,GR007,Tea Powder 500g,1,2025-02-18 17:28:00,140,1526
11393,GR009,Butter 100g,7,2025-02-02 11:41:00,60,2374
11393,GR012,Potatoes 1kg,8,2025-02-02 11:41:00,30,2374
11393,GR006,Sunflower Oil 1L,6,2025-02-02 11:41:00,160,2374
11393,GR015,Salt 1kg,3,2025-02-02 11:41:00,20,2374
11393,GR008,Wheat Flour 1kg,3,2025-02-02 11:41:00,55,2374
11394,GR011,Bananas 1 dozen,1,2025-04-25 04:44:00,50,3180
11395,GR014,Tomatoes 1kg,1,2025-05-21 00:24:00,40,2680
11395,GR015,Salt 1kg,1,2025-05-21 00:24:00,20,2680
11395,GR009,Butter 100g,8,2025-05-21 00:24:00,60,2680
11396,GR002,Bread,3,2025-07-08 01:33:00,40,4742
11397,GR011,Bananas 1 dozen,8,2025-06-11 15:20:00,50,3112
11397,GR002,Bread,2,2025-06-11 15:20:00,40,3112
11397,GR008,Wheat Flour 1kg,3,2025-06-11 15:20:00,55,3112
11397,GR014,Tomatoes 1kg,1,2025-06-11 15:20:00,40,3112
11397,GR010,Yogurt 200g,4,2025-06-11 15:20:00,25,3112
11397,GR013,Onions 1kg,5,2025-06-11 15:20:00,35,3112
11398,GR015,Salt 1kg,1,2025-03-30 16:13:00,20,4016
11398,GR010,Yogurt 200g,5,2025-03-30 16:13:00,25,4016
11398,GR001,Milk 1L,8,2025-03-30 16:13:00,60,4016
11399,GR002,Bread,7,2025-03-07 12:29:00,40,2032
11399,GR003,Eggs Pack (12),2,2025-03-07 12:29:00,90,2032
11400,GR002,Bread,4,2025-01-15 21:23:00,40,2507
11400,GR011,Bananas 1 dozen,3,2025-01-15 21:23:00,50,2507
11400,GR014,Tomatoes 1kg,2,2025-01-15 21:23:00,40,2507
11400,GR008,Wheat Flour 1kg,8,2025-01-15 21:23:00,55,2507
11400,GR009,Butter 100g,5,2025-01-15 21:23:00,60,2507
11400,GR015,Salt 1kg,2,2025-01-15 21:23:00,20,2507
11401,GR013,Onions 1kg,5,2025-01-25 23:37:00,35,3297
11401,GR009,Butter 100g,1,2025-01-25 23:37:00,60,3297
11402,GR002,Bread,5,2025-06-27 18:35:00,40,4190
11402,GR012,Potatoes 1kg,2,2025-06-27 18:35:00,30,4190
11403,GR012,Potatoes 1kg,1,2025-01-10 16:58:00,30,4881
11403,GR003,Eggs Pack (12),4,2025-01-10 16:58:00,90,4881
11404,GR007,Tea Powder 500g,3,2025-06-09 07:20:00,140,3049
11404,GR010,Yogurt 200g,5,2025-06-09 07:20:00,25,3049
11404,GR006,Sunflower Oil 1L,1,2025-06-09 07:20:00,160,3049
11404,GR009,Butter 100g,6,2025-06-09 07:20:00,60,3049
11404,GR008,Wheat Flour 1kg,8,2025-06-09 07:20:00,55,3049
11404,GR002,Bread,6,2025-06-09 07:20:00,40,3049
11405,GR014,Tomatoes 1kg,5,2025-01-09 17:11:00,40,3606
11405,GR008,Wheat Flour 1kg,2,2025-01-09 17:11:00,55,3606
11405,GR006,Sunflower Oil 1L,6,2025-01-09 17:11:00,160,3606
11405,GR005,Sugar 1kg,2,2025-01-09 17:11:00,50,3606
11406,GR001,Milk 1L,4,2025-05-21 17:59:00,60,4547
11406,GR008,Wheat Flour 1kg,3,2025-05-21 17:59:00,55,4547
11406,GR006,Sunflower Oil 1L,1,2025-05-21 17:59:00,160,4547
11406,GR013,Onions 1kg,2,2025-05-21 17:59:00,35,4547
11406,GR015,Salt 1kg,6,2025-05-21 17:59:00,20,4547
11407,GR003,Eggs Pack (12),2,2025-03-12 15:07:00,90,1856
11407,GR004,Basmati Rice 1kg,6,2025-03-12 15:07:00,120,1856
11407,GR008,Wheat Flour 1kg,1,2025-03-12 15:07:00,55,1856
11407,GR005,Sugar 1kg,6,2025-03-12 15:07:00,50,1856
11407,GR001,Milk 1L,7,2025-03-12 15:07:00,60,1856
11408,GR014,Tomatoes 1kg,3,2025-04-12 03:54:00,40,4980
11408,GR010,Yogurt 200g,3,2025-04-12 03:54:00,25,4980
11408,GR006,Sunflower Oil 1L,1,2025-04-12 03:54:00,160,4980
11408,GR015,Salt 1kg,6,2025-04-12 03:54:00,20,4980
11409,GR011,Bananas 1 dozen,6,2025-02-28 12:39:00,50,1544
11409,GR009,Butter 100g,3,2025-02-28 12:39:00,60,1544
11409,GR003,Eggs Pack (12),8,2025-02-28 12:39:00,90,1544
11410,GR006,Sunflower Oil 1L,6,2025-01-31 16:14:00,160,4385
11411,GR004,Basmati Rice 1kg,2,2025-03-01 16:43:00,120,3618
11411,GR007,Tea Powder 500g,3,2025-03-01 16:43:00,140,3618
11411,GR005,Sugar 1kg,5,2025-03-01 16:43:00,50,3618
11411,GR013,Onions 1kg,2,2025-03-01 16:43:00,35,3618
11411,GR011,Bananas 1 dozen,2,2025-03-01 16:43:00,50,3618
11411,GR006,Sunflower Oil 1L,5,2025-03-01 16:43:00,160,3618
11412,GR011,Bananas 1 dozen,8,2025-05-28 21:49:00,50,2345
11412,GR006,Sunflower Oil 1L,5,2025-05-28 21:49:00,160,2345
11412,GR007,Tea Powder 500g,1,2025-05-28 21:49:00,140,2345
11412,GR002,Bread,8,2025-05-28 21:49:00,40,2345
11412,GR012,Potatoes 1kg,3,2025-05-28 21:49:00,30,2345
11413,GR007,Tea Powder 500g,6,2025-01-10 14:13:00,140,4899
11414,GR004,Basmati Rice 1kg,2,2025-02-12 01:41:00,120,1890
11414,GR011,Bananas 1 dozen,2,2025-02-12 01:41:00,50,1890
11414,GR009,Butter 100g,6,2025-02-12 01:41:00,60,1890
11415,GR008,Wheat Flour 1kg,2,2025-06-28 01:09:00,55,4444
11415,GR005,Sugar 1kg,5,2025-06-28 01:09:00,50,4444
11416,GR008,Wheat Flour 1kg,7,2025-03-16 17:36:00,55,2376
11416,GR015,Salt 1kg,4,2025-03-16 17:36:00,20,2376
11416,GR001,Milk 1L,8,2025-03-16 17:36:00,60,2376
11416,GR005,Sugar 1kg,5,2025-03-16 17:36:00,50,2376
11417,GR003,Eggs Pack (12),2,2025-07-04 07:40:00,90,4880
11417,GR002,Bread,1,2025-07-04 07:40:00,40,4880
11417,GR009,Butter 100g,8,2025-07-04 07:40:00,60,4880
11417,GR007,Tea Powder 500g,5,2025-07-04 07:40:00,140,4880
11417,GR010,Yogurt 200g,4,2025-07-04 07:40:00,25,4880
11417,GR012,Potatoes 1kg,1,2025-07-04 07:40:00,30,4880
11418,GR012,Potatoes 1kg,7,2025-06-03 11:08:00,30,1066
11418,GR003,Eggs Pack (12),8,2025-06-03 11:08:00,90,1066
11418,GR014,Tomatoes 1kg,1,2025-06-03 11:08:00,40,1066
11418,GR002,Bread,1,2025-06-03 11:08:00,40,1066
11419,GR005,Sugar 1kg,8,2025-05-10 07:19:00,50,4190
11419,GR001,Milk 1L,2,2025-05-10 07:19:00,60,4190
11419,GR015,Salt 1kg,6,2025-05-10 07:19:00,20,4190
11419,GR006,Sunflower Oil 1L,7,2025-05-10 07:19:00,160,4190
11420,GR008,Wheat Flour 1kg,6,2025-04-19 12:29:00,55,3264
11421,GR009,Butter 100g,1,2025-01-03 02:35:00,60,3831
11421,GR014,Tomatoes 1kg,1,2025-01-03 02:35:00,40,3831
11421,GR001,Milk 1L,6,2025-01-03 02:35:00,60,3831
11421,GR008,Wheat Flour 1kg,7,2025-01-03 02:35:00,55,3831
11421,GR012,Potatoes 1kg,4,2025-01-03 02:35:00,30,3831
11422,GR004,Basmati Rice 1kg,4,2025-06-12 01:00:00,120,4227
11423,GR013,Onions 1kg,2,2025-07-03 16:53:00,35,4099
11423,GR015,Salt 1kg,6,2025-07-03 16:53:00,20,4099
11423,GR001,Milk 1L,5,2025-07-03 16:53:00,60,4099
11424,GR013,Onions 1kg,6,2025-02-01 07:02:00,35,1487
11424,GR004,Basmati Rice 1kg,8,2025-02-01 07:02:00,120,1487
11424,GR008,Wheat Flour 1kg,8,2025-02-01 07:02:00,55,1487
11424,GR006,Sunflower Oil 1L,6,2025-02-01 07:02:00,160,1487
11424,GR015,Salt 1kg,2,2025-02-01 07:02:00,20,1487
11425,GR008,Wheat Flour 1kg,2,2025-05-18 11:30:00,55,1182
11425,GR010,Yogurt 200g,2,2025-05-18 11:30:00,25,1182
11426,GR006,Sunflower Oil 1L,4,2025-04-16 20:38:00,160,2730
11426,GR012,Potatoes 1kg,6,2025-04-16 20:38:00,30,2730
11427,GR011,Bananas 1 dozen,6,2025-02-05 15:29:00,50,4657
11427,GR003,Eggs Pack (12),3,2025-02-05 15:29:00,90,4657
11427,GR002,Bread,6,2025-02-05 15:29:00,40,4657
11427,GR010,Yogurt 200g,5,2025-02-05 15:29:00,25,4657
11427,GR012,Potatoes 1kg,1,2025-02-05 15:29:00,30,4657
11427,GR015,Salt 1kg,7,2025-02-05 15:29:00,20,4657
11428,GR014,Tomatoes 1kg,5,2025-03-19 05:16:00,40,1035
11428,GR010,Yogurt 200g,2,2025-03-19 05:16:00,25,1035
11428,GR013,Onions 1kg,3,2025-03-19 05:16:00,35,1035
11428,GR002,Bread,4,2025-03-19 05:16:00,40,1035
11428,GR011,Bananas 1 dozen,5,2025-03-19 05:16:00,50,1035
11428,GR012,Potatoes 1kg,2,2025-03-19 05:16:00,30,1035
11429,GR013,Onions 1kg,1,2025-06-26 20:17:00,35,2583
11429,GR011,Bananas 1 dozen,7,2025-06-26 20:17:00,50,2583
11429,GR015,Salt 1kg,6,2025-06-26 20:17:00,20,2583
11430,GR002,Bread,1,2025-03-24 22:54:00,40,2981
11430,GR015,Salt 1kg,6,2025-03-24 22:54:00,20,2981
11430,GR004,Basmati Rice 1kg,8,2025-03-24 22:54:00,120,2981
11430,GR013,Onions 1kg,4,2025-03-24 22:54:00,35,2981
11430,GR006,Sunflower Oil 1L,3,2025-03-24 22:54:00,160,2981
11431,GR006,Sunflower Oil 1L,3,2025-06-06 19:14:00,160,1799
11431,GR001,Milk 1L,2,2025-06-06 19:14:00,60,1799
11431,GR004,Basmati Rice 1kg,4,2025-06-06 19:14:00,120,1799
11431,GR015,Salt 1kg,2,2025-06-06 19:14:00,20,1799
11432,GR010,Yogurt 200g,6,2025-01-21 22:24:00,25,2489
11432,GR008,Wheat Flour 1kg,3,2025-01-21 22:24:00,55,2489
11432,GR005,Sugar 1kg,2,2025-01-21 22:24:00,50,2489
11432,GR004,Basmati Rice 1kg,1,2025-01-21 22:24:00,120,2489
11432,GR014,Tomatoes 1kg,6,2025-01-21 22:24:00,40,2489
11432,GR007,Tea Powder 500g,2,2025-01-21 22:24:00,140,2489
11433,GR010,Yogurt 200g,2,2025-03-23 22:35:00,25,4952
11434,GR012,Potatoes 1kg,5,2025-01-03 12:04:00,30,4063
11434,GR010,Yogurt 200g,8,2025-01-03 12:04:00,25,4063
11434,GR013,Onions 1kg,4,2025-01-03 12:04:00,35,4063
11434,GR008,Wheat Flour 1kg,4,2025-01-03 12:04:00,55,4063
11434,GR014,Tomatoes 1kg,8,2025-01-03 12:04:00,40,4063
11435,GR015,Salt 1kg,7,2025-02-25 13:31:00,20,1667
11435,GR013,Onions 1kg,4,2025-02-25 13:31:00,35,1667
11436,GR004,Basmati Rice 1kg,7,2025-05-17 20:40:00,120,1890
11437,GR013,Onions 1kg,6,2025-03-22 02:43:00,35,4063
11437,GR015,Salt 1kg,6,2025-03-22 02:43:00,20,4063
11437,GR007,Tea Powder 500g,5,2025-03-22 02:43:00,140,4063
11437,GR008,Wheat Flour 1kg,3,2025-03-22 02:43:00,55,4063
11437,GR009,Butter 100g,5,2025-03-22 02:43:00,60,4063
11437,GR014,Tomatoes 1kg,2,2025-03-22 02:43:00,40,4063
11438,GR003,Eggs Pack (12),1,2025-04-21 06:23:00,90,4235
11438,GR009,Butter 100g,2,2025-04-21 06:23:00,60,4235
11438,GR006,Sunflower Oil 1L,5,2025-04-21 06:23:00,160,4235
11438,GR014,Tomatoes 1kg,7,2025-04-21 06:23:00,40,4235
11438,GR015,Salt 1kg,7,2025-04-21 06:23:00,20,4235
11438,GR001,Milk 1L,2,2025-04-21 06:23:00,60,4235
11439,GR015,Salt 1kg,6,2025-04-16 01:38:00,20,2819
11439,GR001,Milk 1L,3,2025-04-16 01:38:00,60,2819
11439,GR008,Wheat Flour 1kg,6,2025-04-16 01:38:00,55,2819
11439,GR011,Bananas 1 dozen,3,2025-04-16 01:38:00,50,2819
11439,GR002,Bread,5,2025-04-16 01:38:00,40,2819
11439,GR003,Eggs Pack (12),7,2025-04-16 01:38:00,90,2819
11440,GR015,Salt 1kg,5,2025-06-06 23:56:00,20,2705
11440,GR007,Tea Powder 500g,3,2025-06-06 23:56:00,140,2705
11440,GR011,Bananas 1 dozen,3,2025-06-06 23:56:00,50,2705
11441,GR015,Salt 1kg,6,2025-05-12 01:19:00,20,4512
11442,GR013,Onions 1kg,5,2025-05-22 21:07:00,35,4617
11442,GR014,Tomatoes 1kg,1,2025-05-22 21:07:00,40,4617
11443,GR013,Onions 1kg,3,2025-02-09 05:38:00,35,2040
11443,GR015,Salt 1kg,8,2025-02-09 05:38:00,20,2040
11443,GR002,Bread,6,2025-02-09 05:38:00,40,2040
11443,GR004,Basmati Rice 1kg,1,2025-02-09 05:38:00,120,2040
11443,GR012,Potatoes 1kg,8,2025-02-09 05:38:00,30,2040
11444,GR003,Eggs Pack (12),1,2025-07-17 08:07:00,90,2625
11444,GR013,Onions 1kg,7,2025-07-17 08:07:00,35,2625
11444,GR008,Wheat Flour 1kg,4,2025-07-17 08:07:00,55,2625
11445,GR009,Butter 100g,1,2025-02-11 02:08:00,60,1447
11445,GR013,Onions 1kg,1,2025-02-11 02:08:00,35,1447
11445,GR012,Potatoes 1kg,5,2025-02-11 02:08:00,30,1447
11445,GR008,Wheat Flour 1kg,8,2025-02-11 02:08:00,55,1447
11445,GR002,Bread,4,2025-02-11 02:08:00,40,1447
11446,GR013,Onions 1kg,8,2025-05-26 23:08:00,35,2259
11446,GR014,Tomatoes 1kg,2,2025-05-26 23:08:00,40,2259
11446,GR002,Bread,3,2025-05-26 23:08:00,40,2259
11446,GR012,Potatoes 1kg,3,2025-05-26 23:08:00,30,2259
11446,GR015,Salt 1kg,2,2025-05-26 23:08:00,20,2259
11447,GR006,Sunflower Oil 1L,4,2025-04-29 22:06:00,160,3540
11448,GR014,Tomatoes 1kg,4,2025-01-06 18:01:00,40,4227
11448,GR002,Bread,1,2025-01-06 18:01:00,40,4227
11449,GR012,Potatoes 1kg,4,2025-02-28 16:40:00,30,4948
11449,GR002,Bread,7,2025-02-28 16:40:00,40,4948
11450,GR011,Bananas 1 dozen,7,2025-06-07 01:54:00,50,4507
11450,GR012,Potatoes 1kg,3,2025-06-07 01:54:00,30,4507
11450,GR015,Salt 1kg,1,2025-06-07 01:54:00,20,4507
11450,GR014,Tomatoes 1kg,2,2025-06-07 01:54:00,40,4507
11450,GR005,Sugar 1kg,1,2025-06-07 01:54:00,50,4507
11450,GR013,Onions 1kg,2,2025-06-07 01:54:00,35,4507
11451,GR011,Bananas 1 dozen,4,2025-06-21 01:42:00,50,2733
11451,GR002,Bread,4,2025-06-21 01:42:00,40,2733
11452,GR013,Onions 1kg,3,2025-02-19 18:23:00,35,1481
11453,GR015,Salt 1kg,2,2025-01-04 06:59:00,20,1654
11453,GR006,Sunflower Oil 1L,3,2025-01-04 06:59:00,160,1654
11454,GR015,Salt 1kg,4,2025-03-26 07:13:00,20,4849
11454,GR007,Tea Powder 500g,8,2025-03-26 07:13:00,140,4849
11454,GR005,Sugar 1kg,6,2025-03-26 07:13:00,50,4849
11454,GR006,Sunflower Oil 1L,5,2025-03-26 07:13:00,160,4849
11454,GR011,Bananas 1 dozen,6,2025-03-26 07:13:00,50,4849
11454,GR013,Onions 1kg,7,2025-03-26 07:13:00,35,4849
11455,GR006,Sunflower Oil 1L,4,2025-01-27 10:20:00,160,4851
11455,GR005,Sugar 1kg,1,2025-01-27 10:20:00,50,4851
11455,GR011,Bananas 1 dozen,7,2025-01-27 10:20:00,50,4851
11455,GR014,Tomatoes 1kg,6,2025-01-27 10:20:00,40,4851
11455,GR007,Tea Powder 500g,4,2025-01-27 10:20:00,140,4851
11456,GR005,Sugar 1kg,5,2025-03-17 11:01:00,50,2368
11456,GR004,Basmati Rice 1kg,2,2025-03-17 11:01:00,120,2368
11456,GR003,Eggs Pack (12),8,2025-03-17 11:01:00,90,2368
11456,GR008,Wheat Flour 1kg,3,2025-03-17 11:01:00,55,2368
11456,GR007,Tea Powder 500g,5,2025-03-17 11:01:00,140,2368
11457,GR008,Wheat Flour 1kg,7,2025-05-19 13:48:00,55,4016
11457,GR006,Sunflower Oil 1L,6,2025-05-19 13:48:00,160,4016
11457,GR012,Potatoes 1kg,5,2025-05-19 13:48:00,30,4016
11458,GR007,Tea Powder 500g,2,2025-01-14 02:31:00,140,2785
11458,GR013,Onions 1kg,8,2025-01-14 02:31:00,35,2785
11458,GR001,Milk 1L,5,2025-01-14 02:31:00,60,2785
11458,GR006,Sunflower Oil 1L,7,2025-01-14 02:31:00,160,2785
11459,GR013,Onions 1kg,3,2025-04-30 00:58:00,35,2460
11460,GR014,Tomatoes 1kg,4,2025-07-18 19:36:00,40,2368
11460,GR015,Salt 1kg,3,2025-07-18 19:36:00,20,2368
11460,GR007,Tea Powder 500g,6,2025-07-18 19:36:00,140,2368
11460,GR010,Yogurt 200g,6,2025-07-18 19:36:00,25,2368
11461,GR010,Yogurt 200g,3,2025-04-17 12:48:00,25,1884
11462,GR004,Basmati Rice 1kg,3,2025-05-29 04:47:00,120,4717
11462,GR015,Salt 1kg,6,2025-05-29 04:47:00,20,4717
11462,GR002,Bread,5,2025-05-29 04:47:00,40,4717
11462,GR001,Milk 1L,1,2025-05-29 04:47:00,60,4717
11463,GR003,Eggs Pack (12),5,2025-04-30 21:06:00,90,4016
11463,GR013,Onions 1kg,5,2025-04-30 21:06:00,35,4016
11464,GR002,Bread,4,2025-05-10 04:25:00,40,4325
11464,GR006,Sunflower Oil 1L,4,2025-05-10 04:25:00,160,4325
11464,GR008,Wheat Flour 1kg,6,2025-05-10 04:25:00,55,4325
11465,GR015,Salt 1kg,5,2025-06-10 12:16:00,20,4851
11466,GR002,Bread,4,2025-01-09 09:21:00,40,1384
11466,GR007,Tea Powder 500g,4,2025-01-09 09:21:00,140,1384
11467,GR012,Potatoes 1kg,7,2025-06-30 01:01:00,30,1131
11467,GR002,Bread,2,2025-06-30 01:01:00,40,1131
11467,GR005,Sugar 1kg,7,2025-06-30 01:01:00,50,1131
11467,GR001,Milk 1L,2,2025-06-30 01:01:00,60,1131
11468,GR004,Basmati Rice 1kg,3,2025-02-14 04:17:00,120,2054
11468,GR012,Potatoes 1kg,6,2025-02-14 04:17:00,30,2054
11468,GR007,Tea Powder 500g,5,2025-02-14 04:17:00,140,2054
11468,GR002,Bread,7,2025-02-14 04:17:00,40,2054
11468,GR014,Tomatoes 1kg,5,2025-02-14 04:17:00,40,2054
11468,GR011,Bananas 1 dozen,7,2025-02-14 04:17:00,50,2054
11469,GR001,Milk 1L,3,2025-02-01 17:54:00,60,4063
11469,GR007,Tea Powder 500g,6,2025-02-01 17:54:00,140,4063
11469,GR015,Salt 1kg,3,2025-02-01 17:54:00,20,4063
11469,GR009,Butter 100g,3,2025-02-01 17:54:00,60,4063
11470,GR012,Potatoes 1kg,2,2025-01-09 22:43:00,30,2583
11470,GR013,Onions 1kg,4,2025-01-09 22:43:00,35,2583
11471,GR003,Eggs Pack (12),3,2025-01-02 15:37:00,90,4235
11471,GR013,Onions 1kg,1,2025-01-02 15:37:00,35,4235
11471,GR011,Bananas 1 dozen,6,2025-01-02 15:37:00,50,4235
11471,GR014,Tomatoes 1kg,2,2025-01-02 15:37:00,40,4235
11471,GR015,Salt 1kg,3,2025-01-02 15:37:00,20,4235
11471,GR001,Milk 1L,6,2025-01-02 15:37:00,60,4235
11472,GR012,Potatoes 1kg,6,2025-03-23 23:42:00,30,3875
11472,GR001,Milk 1L,2,2025-03-23 23:42:00,60,3875
11472,GR005,Sugar 1kg,4,2025-03-23 23:42:00,50,3875
11473,GR007,Tea Powder 500g,2,2025-04-21 02:15:00,140,3828
11473,GR013,Onions 1kg,6,2025-04-21 02:15:00,35,3828
11473,GR005,Sugar 1kg,4,2025-04-21 02:15:00,50,3828
11474,GR007,Tea Powder 500g,1,2025-01-04 01:45:00,140,1020
11474,GR014,Tomatoes 1kg,3,2025-01-04 01:45:00,40,1020
11474,GR002,Bread,8,2025-01-04 01:45:00,40,1020
11475,GR007,Tea Powder 500g,2,2025-05-16 15:46:00,140,4345
11475,GR003,Eggs Pack (12),3,2025-05-16 15:46:00,90,4345
11475,GR011,Bananas 1 dozen,5,2025-05-16 15:46:00,50,4345
11476,GR010,Yogurt 200g,1,2025-02-08 10:35:00,25,4790
11477,GR005,Sugar 1kg,2,2025-05-26 23:16:00,50,1702
11477,GR014,Tomatoes 1kg,8,2025-05-26 23:16:00,40,1702
11477,GR011,Bananas 1 dozen,2,2025-05-26 23:16:00,50,1702
11477,GR013,Onions 1kg,3,2025-05-26 23:16:00,35,1702
11478,GR003,Eggs Pack (12),4,2025-01-31 01:12:00,90,3612
11478,GR010,Yogurt 200g,2,2025-01-31 01:12:00,25,3612
11479,GR001,Milk 1L,7,2025-01-06 04:14:00,60,4952
11479,GR002,Bread,7,2025-01-06 04:14:00,40,4952
11479,GR005,Sugar 1kg,2,2025-01-06 04:14:00,50,4952
11479,GR011,Bananas 1 dozen,3,2025-01-06 04:14:00,50,4952
11480,GR001,Milk 1L,7,2025-04-13 02:50:00,60,2673
11480,GR010,Yogurt 200g,3,2025-04-13 02:50:00,25,2673
11480,GR014,Tomatoes 1kg,6,2025-04-13 02:50:00,40,2673
11480,GR011,Bananas 1 dozen,5,2025-04-13 02:50:00,50,2673
11481,GR012,Potatoes 1kg,5,2025-02-17 20:32:00,30,2457
11481,GR008,Wheat Flour 1kg,5,2025-02-17 20:32:00,55,2457
11481,GR009,Butter 100g,8,2025-02-17 20:32:00,60,2457
11481,GR015,Salt 1kg,6,2025-02-17 20:32:00,20,2457
11482,GR011,Bananas 1 dozen,6,2025-04-12 21:22:00,50,2247
11482,GR013,Onions 1kg,8,2025-04-12 21:22:00,35,2247
11483,GR010,Yogurt 200g,1,2025-06-05 08:48:00,25,2340
11483,GR011,Bananas 1 dozen,1,2025-06-05 08:48:00,50,2340
11484,GR015,Salt 1kg,6,2025-02-03 21:20:00,20,1029
11484,GR006,Sunflower Oil 1L,5,2025-02-03 21:20:00,160,1029
11484,GR007,Tea Powder 500g,7,2025-02-03 21:20:00,140,1029
11484,GR004,Basmati Rice 1kg,4,2025-02-03 21:20:00,120,1029
11484,GR002,Bread,1,2025-02-03 21:20:00,40,1029
11484,GR005,Sugar 1kg,7,2025-02-03 21:20:00,50,1029
11485,GR011,Bananas 1 dozen,8,2025-05-03 12:45:00,50,2073
11485,GR008,Wheat Flour 1kg,5,2025-05-03 12:45:00,55,2073
11485,GR007,Tea Powder 500g,7,2025-05-03 12:45:00,140,2073
11485,GR002,Bread,1,2025-05-03 12:45:00,40,2073
11486,GR005,Sugar 1kg,7,2025-02-06 23:48:00,50,1066
11486,GR008,Wheat Flour 1kg,4,2025-02-06 23:48:00,55,1066
11486,GR009,Butter 100g,7,2025-02-06 23:48:00,60,1066
11486,GR013,Onions 1kg,1,2025-02-06 23:48:00,35,1066
11487,GR007,Tea Powder 500g,2,2025-03-27 02:46:00,140,2730
11487,GR003,Eggs Pack (12),6,2025-03-27 02:46:00,90,2730
11487,GR011,Bananas 1 dozen,2,2025-03-27 02:46:00,50,2730
11487,GR010,Yogurt 200g,6,2025-03-27 02:46:00,25,2730
11487,GR013,Onions 1kg,8,2025-03-27 02:46:00,35,2730
11488,GR004,Basmati Rice 1kg,4,2025-07-01 17:00:00,120,3827
11488,GR012,Potatoes 1kg,1,2025-07-01 17:00:00,30,3827
11489,GR008,Wheat Flour 1kg,4,2025-03-03 09:58:00,55,2733
11489,GR009,Butter 100g,8,2025-03-03 09:58:00,60,2733
11489,GR002,Bread,5,2025-03-03 09:58:00,40,2733
11489,GR015,Salt 1kg,8,2025-03-03 09:58:00,20,2733
11489,GR005,Sugar 1kg,4,2025-03-03 09:58:00,50,2733
11489,GR012,Potatoes 1kg,8,2025-03-03 09:58:00,30,2733
11490,GR007,Tea Powder 500g,2,2025-02-03 12:54:00,140,4548
11490,GR014,Tomatoes 1kg,7,2025-02-03 12:54:00,40,4548
11490,GR010,Yogurt 200g,1,2025-02-03 12:54:00,25,4548
11490,GR015,Salt 1kg,7,2025-02-03 12:54:00,20,4548
11490,GR009,Butter 100g,6,2025-02-03 12:54:00,60,4548
11491,GR011,Bananas 1 dozen,4,2025-03-14 16:45:00,50,3319
11492,GR002,Bread,5,2025-06-24 10:01:00,40,1884
11492,GR014,Tomatoes 1kg,4,2025-06-24 10:01:00,40,1884
11492,GR015,Salt 1kg,6,2025-06-24 10:01:00,20,1884
11493,GR007,Tea Powder 500g,7,2025-02-14 12:50:00,140,2705
11494,GR001,Milk 1L,8,2025-02-10 17:36:00,60,4844
11494,GR009,Butter 100g,5,2025-02-10 17:36:00,60,4844
11494,GR005,Sugar 1kg,5,2025-02-10 17:36:00,50,4844
11494,GR002,Bread,5,2025-02-10 17:36:00,40,4844
11494,GR015,Salt 1kg,6,2025-02-10 17:36:00,20,4844
11494,GR014,Tomatoes 1kg,7,2025-02-10 17:36:00,40,4844
11495,GR005,Sugar 1kg,5,2025-01-30 05:52:00,50,1131
11495,GR013,Onions 1kg,2,2025-01-30 05:52:00,35,1131
11495,GR010,Yogurt 200g,7,2025-01-30 05:52:00,25,1131
11495,GR007,Tea Powder 500g,8,2025-01-30 05:52:00,140,1131
11496,GR014,Tomatoes 1kg,1,2025-01-13 13:02:00,40,1450
11496,GR005,Sugar 1kg,2,2025-01-13 13:02:00,50,1450
11497,GR010,Yogurt 200g,5,2025-02-02 03:29:00,25,2302
11497,GR014,Tomatoes 1kg,3,2025-02-02 03:29:00,40,2302
11497,GR015,Salt 1kg,7,2025-02-02 03:29:00,20,2302
11497,GR002,Bread,7,2025-02-02 03:29:00,40,2302
11497,GR004,Basmati Rice 1kg,4,2025-02-02 03:29:00,120,2302
11498,GR008,Wheat Flour 1kg,8,2025-07-15 16:46:00,55,4127
11498,GR003,Eggs Pack (12),4,2025-07-15 16:46:00,90,4127
11498,GR004,Basmati Rice 1kg,1,2025-07-15 16:46:00,120,4127
11498,GR005,Sugar 1kg,8,2025-07-15 16:46:00,50,4127
11498,GR001,Milk 1L,2,2025-07-15 16:46:00,60,4127
11499,GR003,Eggs Pack (12),6,2025-04-18 11:52:00,90,4444
11499,GR009,Butter 100g,7,2025-04-18 11:52:00,60,4444
11499,GR007,Tea Powder 500g,6,2025-04-18 11:52:00,140,4444
11499,GR015,Salt 1kg,8,2025-04-18 11:52:00,20,4444
11499,GR006,Sunflower Oil 1L,3,2025-04-18 11:52:00,160,4444
11499,GR014,Tomatoes 1kg,2,2025-04-18 11:52:00,40,4444
11500,GR002,Bread,3,2025-03-29 04:04:00,40,1091
11500,GR015,Salt 1kg,7,2025-03-29 04:04:00,20,1091
11500,GR011,Bananas 1 dozen,5,2025-03-29 04:04:00,50,1091
11501,GR005,Sugar 1kg,3,2025-07-17 13:52:00,50,3692
11501,GR007,Tea Powder 500g,5,2025-07-17 13:52:00,140,3692
11502,GR005,Sugar 1kg,3,2025-07-19 05:37:00,50,2811
11502,GR004,Basmati Rice 1kg,4,2025-07-19 05:37:00,120,2811
11502,GR002,Bread,4,2025-07-19 05:37:00,40,2811
11503,GR015,Salt 1kg,5,2025-04-25 23:32:00,20,3780
11503,GR013,Onions 1kg,7,2025-04-25 23:32:00,35,3780
11503,GR003,Eggs Pack (12),5,2025-04-25 23:32:00,90,3780
11503,GR004,Basmati Rice 1kg,7,2025-04-25 23:32:00,120,3780
11503,GR005,Sugar 1kg,1,2025-04-25 23:32:00,50,3780
11504,GR014,Tomatoes 1kg,2,2025-06-19 17:48:00,40,2150
11504,GR011,Bananas 1 dozen,2,2025-06-19 17:48:00,50,2150
11504,GR008,Wheat Flour 1kg,3,2025-06-19 17:48:00,55,2150
11504,GR001,Milk 1L,6,2025-06-19 17:48:00,60,2150
11505,GR010,Yogurt 200g,6,2025-04-22 20:31:00,25,2313
11505,GR009,Butter 100g,3,2025-04-22 20:31:00,60,2313
11505,GR015,Salt 1kg,2,2025-04-22 20:31:00,20,2313
11505,GR013,Onions 1kg,2,2025-04-22 20:31:00,35,2313
11505,GR006,Sunflower Oil 1L,8,2025-04-22 20:31:00,160,2313
11506,GR004,Basmati Rice 1kg,7,2025-06-12 19:15:00,120,4487
11506,GR015,Salt 1kg,2,2025-06-12 19:15:00,20,4487
11506,GR003,Eggs Pack (12),5,2025-06-12 19:15:00,90,4487
11506,GR011,Bananas 1 dozen,3,2025-06-12 19:15:00,50,4487
11507,GR005,Sugar 1kg,6,2025-02-19 17:56:00,50,1332
11507,GR002,Bread,4,2025-02-19 17:56:00,40,1332
11507,GR009,Butter 100g,3,2025-02-19 17:56:00,60,1332
11507,GR006,Sunflower Oil 1L,7,2025-02-19 17:56:00,160,1332
11508,GR015,Salt 1kg,4,2025-01-05 11:28:00,20,4326
11509,GR008,Wheat Flour 1kg,4,2025-06-07 02:09:00,55,4697
11509,GR011,Bananas 1 dozen,8,2025-06-07 02:09:00,50,4697
11509,GR001,Milk 1L,6,2025-06-07 02:09:00,60,4697
11509,GR013,Onions 1kg,5,2025-06-07 02:09:00,35,4697
11509,GR003,Eggs Pack (12),1,2025-06-07 02:09:00,90,4697
11509,GR014,Tomatoes 1kg,4,2025-06-07 02:09:00,40,4697
11510,GR014,Tomatoes 1kg,2,2025-01-11 01:20:00,40,3980
11510,GR006,Sunflower Oil 1L,8,2025-01-11 01:20:00,160,3980
11510,GR005,Sugar 1kg,1,2025-01-11 01:20:00,50,3980
11510,GR007,Tea Powder 500g,1,2025-01-11 01:20:00,140,3980
11510,GR003,Eggs Pack (12),6,2025-01-11 01:20:00,90,3980
11511,GR009,Butter 100g,1,2025-05-01 06:30:00,60,2374
11511,GR011,Bananas 1 dozen,8,2025-05-01 06:30:00,50,2374
11511,GR006,Sunflower Oil 1L,3,2025-05-01 06:30:00,160,2374
11511,GR013,Onions 1kg,4,2025-05-01 06:30:00,35,2374
11511,GR002,Bread,6,2025-05-01 06:30:00,40,2374
11512,GR009,Butter 100g,1,2025-03-05 03:50:00,60,4742
11512,GR006,Sunflower Oil 1L,4,2025-03-05 03:50:00,160,4742
11512,GR012,Potatoes 1kg,8,2025-03-05 03:50:00,30,4742
11512,GR002,Bread,5,2025-03-05 03:50:00,40,4742
11513,GR004,Basmati Rice 1kg,2,2025-01-08 21:10:00,120,4617
11513,GR008,Wheat Flour 1kg,4,2025-01-08 21:10:00,55,4617
11513,GR002,Bread,2,2025-01-08 21:10:00,40,4617
11513,GR005,Sugar 1kg,3,2025-01-08 21:10:00,50,4617
11514,GR009,Butter 100g,2,2025-06-20 04:22:00,60,1884
11514,GR011,Bananas 1 dozen,4,2025-06-20 04:22:00,50,1884
11514,GR015,Salt 1kg,7,2025-06-20 04:22:00,20,1884
11515,GR005,Sugar 1kg,4,2025-01-12 18:44:00,50,4477
11515,GR012,Potatoes 1kg,7,2025-01-12 18:44:00,30,4477
11516,GR011,Bananas 1 dozen,4,2025-06-23 11:37:00,50,3454
11516,GR005,Sugar 1kg,8,2025-06-23 11:37:00,50,3454
11516,GR006,Sunflower Oil 1L,1,2025-06-23 11:37:00,160,3454
11516,GR002,Bread,4,2025-06-23 11:37:00,40,3454
11517,GR013,Onions 1kg,6,2025-06-20 04:55:00,35,1995
11518,GR011,Bananas 1 dozen,4,2025-02-17 19:02:00,50,1846
11518,GR006,Sunflower Oil 1L,3,2025-02-17 19:02:00,160,1846
11518,GR001,Milk 1L,6,2025-02-17 19:02:00,60,1846
11518,GR014,Tomatoes 1kg,4,2025-02-17 19:02:00,40,1846
11519,GR001,Milk 1L,5,2025-05-05 22:19:00,60,1859
11520,GR014,Tomatoes 1kg,6,2025-06-12 02:58:00,40,2596
11520,GR004,Basmati Rice 1kg,7,2025-06-12 02:58:00,120,2596
11521,GR011,Bananas 1 dozen,7,2025-03-31 06:16:00,50,3112
11521,GR013,Onions 1kg,8,2025-03-31 06:16:00,35,3112
11521,GR005,Sugar 1kg,2,2025-03-31 06:16:00,50,3112
11521,GR006,Sunflower Oil 1L,4,2025-03-31 06:16:00,160,3112
11521,GR003,Eggs Pack (12),5,2025-03-31 06:16:00,90,3112
11522,GR012,Potatoes 1kg,7,2025-06-11 11:04:00,30,3100
11522,GR005,Sugar 1kg,7,2025-06-11 11:04:00,50,3100
11523,GR011,Bananas 1 dozen,6,2025-02-28 12:24:00,50,2376
11523,GR015,Salt 1kg,1,2025-02-28 12:24:00,20,2376
11523,GR006,Sunflower Oil 1L,3,2025-02-28 12:24:00,160,2376
11523,GR009,Butter 100g,1,2025-02-28 12:24:00,60,2376
11523,GR002,Bread,2,2025-02-28 12:24:00,40,2376
11523,GR008,Wheat Flour 1kg,5,2025-02-28 12:24:00,55,2376
11524,GR005,Sugar 1kg,7,2025-07-17 16:49:00,50,1436
11524,GR015,Salt 1kg,6,2025-07-17 16:49:00,20,1436
11524,GR013,Onions 1kg,2,2025-07-17 16:49:00,35,1436
11525,GR012,Potatoes 1kg,2,2025-03-21 23:54:00,30,1091
11526,GR010,Yogurt 200g,4,2025-04-12 10:36:00,25,4629
11526,GR001,Milk 1L,6,2025-04-12 10:36:00,60,4629
11527,GR012,Potatoes 1kg,7,2025-03-05 02:38:00,30,4512
11527,GR010,Yogurt 200g,1,2025-03-05 02:38:00,25,4512
11527,GR009,Butter 100g,7,2025-03-05 02:38:00,60,4512
11527,GR011,Bananas 1 dozen,5,2025-03-05 02:38:00,50,4512
11528,GR011,Bananas 1 dozen,1,2025-02-28 09:12:00,50,4217
11528,GR006,Sunflower Oil 1L,5,2025-02-28 09:12:00,160,4217
11528,GR001,Milk 1L,2,2025-02-28 09:12:00,60,4217
11528,GR003,Eggs Pack (12),8,2025-02-28 09:12:00,90,4217
11528,GR015,Salt 1kg,6,2025-02-28 09:12:00,20,4217
11529,GR001,Milk 1L,3,2025-02-03 08:11:00,60,3382
11529,GR011,Bananas 1 dozen,6,2025-02-03 08:11:00,50,3382
11529,GR012,Potatoes 1kg,4,2025-02-03 08:11:00,30,3382
11529,GR006,Sunflower Oil 1L,3,2025-02-03 08:11:00,160,3382
11529,GR004,Basmati Rice 1kg,8,2025-02-03 08:11:00,120,3382
11529,GR007,Tea Powder 500g,4,2025-02-03 08:11:00,140,3382
11530,GR011,Bananas 1 dozen,2,2025-02-01 10:38:00,50,2032
11530,GR014,Tomatoes 1kg,4,2025-02-01 10:38:00,40,2032
11530,GR007,Tea Powder 500g,3,2025-02-01 10:38:00,140,2032
11530,GR012,Potatoes 1kg,4,2025-02-01 10:38:00,30,2032
11531,GR001,Milk 1L,5,2025-04-21 21:02:00,60,4980
11532,GR003,Eggs Pack (12),6,2025-01-22 15:08:00,90,4420
11532,GR006,Sunflower Oil 1L,7,2025-01-22 15:08:00,160,4420
11532,GR014,Tomatoes 1kg,6,2025-01-22 15:08:00,40,4420
11532,GR005,Sugar 1kg,7,2025-01-22 15:08:00,50,4420
11532,GR001,Milk 1L,6,2025-01-22 15:08:00,60,4420
11533,GR010,Yogurt 200g,4,2025-02-26 00:05:00,25,2673
11533,GR007,Tea Powder 500g,3,2025-02-26 00:05:00,140,2673
11534,GR007,Tea Powder 500g,4,2025-07-16 03:59:00,140,2465
11534,GR008,Wheat Flour 1kg,2,2025-07-16 03:59:00,55,2465
11534,GR012,Potatoes 1kg,6,2025-07-16 03:59:00,30,2465
11535,GR010,Yogurt 200g,8,2025-07-08 00:03:00,25,2588
11536,GR015,Salt 1kg,5,2025-05-05 06:07:00,20,4948
11536,GR014,Tomatoes 1kg,8,2025-05-05 06:07:00,40,4948
11536,GR012,Potatoes 1kg,6,2025-05-05 06:07:00,30,4948
11536,GR001,Milk 1L,5,2025-05-05 06:07:00,60,4948
11537,GR006,Sunflower Oil 1L,3,2025-02-28 11:24:00,160,2961
11537,GR003,Eggs Pack (12),3,2025-02-28 11:24:00,90,2961
11538,GR002,Bread,1,2025-05-22 20:48:00,40,3421
11538,GR015,Salt 1kg,5,2025-05-22 20:48:00,20,3421
11538,GR003,Eggs Pack (12),2,2025-05-22 20:48:00,90,3421
11538,GR010,Yogurt 200g,7,2025-05-22 20:48:00,25,3421
11539,GR010,Yogurt 200g,5,2025-06-28 10:09:00,25,3828
11539,GR009,Butter 100g,4,2025-06-28 10:09:00,60,3828
11539,GR013,Onions 1kg,5,2025-06-28 10:09:00,35,3828
11540,GR006,Sunflower Oil 1L,8,2025-05-30 10:12:00,160,3831
11540,GR004,Basmati Rice 1kg,6,2025-05-30 10:12:00,120,3831
11540,GR011,Bananas 1 dozen,3,2025-05-30 10:12:00,50,3831
11541,GR015,Salt 1kg,4,2025-05-01 00:27:00,20,1332
11542,GR002,Bread,4,2025-01-26 10:07:00,40,4560
11543,GR011,Bananas 1 dozen,3,2025-03-29 23:21:00,50,4469
11543,GR007,Tea Powder 500g,3,2025-03-29 23:21:00,140,4469
11544,GR003,Eggs Pack (12),3,2025-01-07 17:42:00,90,2489
11544,GR013,Onions 1kg,6,2025-01-07 17:42:00,35,2489
11544,GR012,Potatoes 1kg,2,2025-01-07 17:42:00,30,2489
11544,GR004,Basmati Rice 1kg,3,2025-01-07 17:42:00,120,2489
11544,GR008,Wheat Flour 1kg,1,2025-01-07 17:42:00,55,2489
11544,GR015,Salt 1kg,3,2025-01-07 17:42:00,20,2489
11545,GR001,Milk 1L,1,2025-04-23 08:24:00,60,1846
11546,GR014,Tomatoes 1kg,6,2025-02-22 17:16:00,40,4944
11546,GR007,Tea Powder 500g,5,2025-02-22 17:16:00,140,4944
11546,GR004,Basmati Rice 1kg,7,2025-02-22 17:16:00,120,4944
11547,GR015,Salt 1kg,1,2025-05-16 14:08:00,20,1856
11547,GR011,Bananas 1 dozen,3,2025-05-16 14:08:00,50,1856
11547,GR010,Yogurt 200g,2,2025-05-16 14:08:00,25,1856
11547,GR005,Sugar 1kg,7,2025-05-16 14:08:00,50,1856
11547,GR012,Potatoes 1kg,4,2025-05-16 14:08:00,30,1856
11548,GR010,Yogurt 200g,1,2025-05-18 12:04:00,25,2164
11548,GR002,Bread,6,2025-05-18 12:04:00,40,2164
11549,GR008,Wheat Flour 1kg,6,2025-05-04 08:13:00,55,2460
11549,GR013,Onions 1kg,1,2025-05-04 08:13:00,35,2460
11549,GR011,Bananas 1 dozen,3,2025-05-04 08:13:00,50,2460
11550,GR007,Tea Powder 500g,7,2025-04-08 00:39:00,140,4322
11550,GR005,Sugar 1kg,4,2025-04-08 00:39:00,50,4322
11550,GR013,Onions 1kg,3,2025-04-08 00:39:00,35,4322
11550,GR001,Milk 1L,4,2025-04-08 00:39:00,60,4322
11551,GR012,Potatoes 1kg,6,2025-06-26 23:53:00,30,2302
11551,GR008,Wheat Flour 1kg,3,2025-06-26 23:53:00,55,2302
11551,GR009,Butter 100g,7,2025-06-26 23:53:00,60,2302
11551,GR015,Salt 1kg,2,2025-06-26 23:53:00,20,2302
11552,GR011,Bananas 1 dozen,5,2025-03-02 02:28:00,50,2769
11552,GR009,Butter 100g,5,2025-03-02 02:28:00,60,2769
11552,GR015,Salt 1kg,2,2025-03-02 02:28:00,20,2769
11552,GR002,Bread,2,2025-03-02 02:28:00,40,2769
11552,GR001,Milk 1L,6,2025-03-02 02:28:00,60,2769
11552,GR006,Sunflower Oil 1L,7,2025-03-02 02:28:00,160,2769
11553,GR012,Potatoes 1kg,4,2025-02-27 17:23:00,30,4980
11553,GR001,Milk 1L,1,2025-02-27 17:23:00,60,4980
11553,GR011,Bananas 1 dozen,3,2025-02-27 17:23:00,50,4980
11553,GR004,Basmati Rice 1kg,7,2025-02-27 17:23:00,120,4980
11553,GR010,Yogurt 200g,1,2025-02-27 17:23:00,25,4980
11553,GR003,Eggs Pack (12),8,2025-02-27 17:23:00,90,4980
11554,GR014,Tomatoes 1kg,4,2025-04-16 12:00:00,40,2291
11554,GR015,Salt 1kg,3,2025-04-16 12:00:00,20,2291
11554,GR011,Bananas 1 dozen,2,2025-04-16 12:00:00,50,2291
11554,GR005,Sugar 1kg,1,2025-04-16 12:00:00,50,2291
11554,GR013,Onions 1kg,1,2025-04-16 12:00:00,35,2291
11555,GR001,Milk 1L,3,2025-02-25 15:33:00,60,4487
11555,GR012,Potatoes 1kg,4,2025-02-25 15:33:00,30,4487
11555,GR005,Sugar 1kg,4,2025-02-25 15:33:00,50,4487
11556,GR004,Basmati Rice 1kg,5,2025-07-10 08:12:00,120,2053
11556,GR002,Bread,5,2025-07-10 08:12:00,40,2053
11557,GR012,Potatoes 1kg,6,2025-01-24 20:56:00,30,1787
11557,GR001,Milk 1L,5,2025-01-24 20:56:00,60,1787
11557,GR002,Bread,4,2025-01-24 20:56:00,40,1787
11558,GR001,Milk 1L,6,2025-02-15 18:37:00,60,1157
11559,GR011,Bananas 1 dozen,7,2025-02-12 10:54:00,50,4477
11559,GR006,Sunflower Oil 1L,2,2025-02-12 10:54:00,160,4477
11559,GR007,Tea Powder 500g,1,2025-02-12 10:54:00,140,4477
11559,GR005,Sugar 1kg,1,2025-02-12 10:54:00,50,4477
11560,GR001,Milk 1L,5,2025-06-28 01:37:00,60,3283
11560,GR012,Potatoes 1kg,3,2025-06-28 01:37:00,30,3283
11561,GR002,Bread,3,2025-03-15 11:24:00,40,2507
11562,GR015,Salt 1kg,4,2025-03-31 13:57:00,20,4443
11562,GR004,Basmati Rice 1kg,4,2025-03-31 13:57:00,120,4443
11563,GR012,Potatoes 1kg,7,2025-07-06 03:42:00,30,3468
11563,GR002,Bread,4,2025-07-06 03:42:00,40,3468
11563,GR008,Wheat Flour 1kg,1,2025-07-06 03:42:00,55,3468
11564,GR001,Milk 1L,5,2025-02-20 04:36:00,60,4693
11565,GR013,Onions 1kg,3,2025-04-28 07:45:00,35,2635
11565,GR005,Sugar 1kg,7,2025-04-28 07:45:00,50,2635
11565,GR006,Sunflower Oil 1L,3,2025-04-28 07:45:00,160,2635
11565,GR008,Wheat Flour 1kg,5,2025-04-28 07:45:00,55,2635
11565,GR001,Milk 1L,8,2025-04-28 07:45:00,60,2635
11566,GR013,Onions 1kg,5,2025-04-05 12:55:00,35,1741
11566,GR014,Tomatoes 1kg,5,2025-04-05 12:55:00,40,1741
11566,GR010,Yogurt 200g,3,2025-04-05 12:55:00,25,1741
11566,GR015,Salt 1kg,4,2025-04-05 12:55:00,20,1741
11566,GR005,Sugar 1kg,6,2025-04-05 12:55:00,50,1741
11566,GR002,Bread,8,2025-04-05 12:55:00,40,1741
11567,GR009,Butter 100g,2,2025-02-26 21:26:00,60,3498
11567,GR002,Bread,4,2025-02-26 21:26:00,40,3498
11567,GR012,Potatoes 1kg,8,2025-02-26 21:26:00,30,3498
11568,GR004,Basmati Rice 1kg,8,2025-03-30 19:19:00,120,4520
11568,GR008,Wheat Flour 1kg,2,2025-03-30 19:19:00,55,4520
11568,GR001,Milk 1L,1,2025-03-30 19:19:00,60,4520
11568,GR009,Butter 100g,8,2025-03-30 19:19:00,60,4520
11568,GR006,Sunflower Oil 1L,3,2025-03-30 19:19:00,160,4520
11569,GR014,Tomatoes 1kg,6,2025-06-05 20:36:00,40,4173
11569,GR001,Milk 1L,8,2025-06-05 20:36:00,60,4173
11569,GR012,Potatoes 1kg,6,2025-06-05 20:36:00,30,4173
11569,GR013,Onions 1kg,3,2025-06-05 20:36:00,35,4173
11569,GR003,Eggs Pack (12),2,2025-06-05 20:36:00,90,4173
11570,GR012,Potatoes 1kg,3,2025-04-28 06:13:00,30,1799
11570,GR010,Yogurt 200g,4,2025-04-28 06:13:00,25,1799
11571,GR004,Basmati Rice 1kg,2,2025-03-15 09:21:00,120,2313
11571,GR009,Butter 100g,2,2025-03-15 09:21:00,60,2313
11571,GR007,Tea Powder 500g,6,2025-03-15 09:21:00,140,2313
11571,GR005,Sugar 1kg,4,2025-03-15 09:21:00,50,2313
11571,GR010,Yogurt 200g,7,2025-03-15 09:21:00,25,2313
11571,GR008,Wheat Flour 1kg,2,2025-03-15 09:21:00,55,2313
11572,GR004,Basmati Rice 1kg,5,2025-03-01 03:09:00,120,2146
11573,GR013,Onions 1kg,3,2025-04-27 20:08:00,35,2733
11573,GR009,Butter 100g,6,2025-04-27 20:08:00,60,2733
11574,GR009,Butter 100g,3,2025-04-15 01:18:00,60,4622
11574,GR003,Eggs Pack (12),8,2025-04-15 01:18:00,90,4622
11574,GR014,Tomatoes 1kg,8,2025-04-15 01:18:00,40,4622
11574,GR004,Basmati Rice 1kg,2,2025-04-15 01:18:00,120,4622
11575,GR002,Bread,4,2025-03-23 13:53:00,40,1667
11575,GR003,Eggs Pack (12),3,2025-03-23 13:53:00,90,1667
11575,GR004,Basmati Rice 1kg,7,2025-03-23 13:53:00,120,1667
11575,GR005,Sugar 1kg,3,2025-03-23 13:53:00,50,1667
11575,GR010,Yogurt 200g,7,2025-03-23 13:53:00,25,1667
11575,GR012,Potatoes 1kg,4,2025-03-23 13:53:00,30,1667
11576,GR013,Onions 1kg,1,2025-04-25 22:04:00,35,3831
11576,GR006,Sunflower Oil 1L,3,2025-04-25 22:04:00,160,3831
11576,GR009,Butter 100g,6,2025-04-25 22:04:00,60,3831
11576,GR011,Bananas 1 dozen,1,2025-04-25 22:04:00,50,3831
11576,GR015,Salt 1kg,2,2025-04-25 22:04:00,20,3831
11576,GR014,Tomatoes 1kg,6,2025-04-25 22:04:00,40,3831
11577,GR007,Tea Powder 500g,1,2025-04-23 09:10:00,140,3041
11577,GR001,Milk 1L,4,2025-04-23 09:10:00,60,3041
11577,GR003,Eggs Pack (12),3,2025-04-23 09:10:00,90,3041
11577,GR014,Tomatoes 1kg,6,2025-04-23 09:10:00,40,3041
11577,GR013,Onions 1kg,3,2025-04-23 09:10:00,35,3041
11578,GR002,Bread,6,2025-06-24 02:57:00,40,2109
11578,GR007,Tea Powder 500g,2,2025-06-24 02:57:00,140,2109
11579,GR005,Sugar 1kg,7,2025-06-05 06:54:00,50,3780
11579,GR014,Tomatoes 1kg,2,2025-06-05 06:54:00,40,3780
11579,GR015,Salt 1kg,5,2025-06-05 06:54:00,20,3780
11579,GR006,Sunflower Oil 1L,5,2025-06-05 06:54:00,160,3780
11579,GR013,Onions 1kg,2,2025-06-05 06:54:00,35,3780
11579,GR003,Eggs Pack (12),3,2025-06-05 06:54:00,90,3780
11580,GR007,Tea Powder 500g,2,2025-02-14 12:31:00,140,4903
11580,GR006,Sunflower Oil 1L,3,2025-02-14 12:31:00,160,4903
11581,GR003,Eggs Pack (12),6,2025-03-26 00:03:00,90,2801
11581,GR004,Basmati Rice 1kg,3,2025-03-26 00:03:00,120,2801
11581,GR012,Potatoes 1kg,6,2025-03-26 00:03:00,30,2801
11581,GR013,Onions 1kg,3,2025-03-26 00:03:00,35,2801
11581,GR011,Bananas 1 dozen,1,2025-03-26 00:03:00,50,2801
11582,GR005,Sugar 1kg,6,2025-01-03 12:34:00,50,1606
11582,GR004,Basmati Rice 1kg,6,2025-01-03 12:34:00,120,1606
11582,GR006,Sunflower Oil 1L,5,2025-01-03 12:34:00,160,1606
11582,GR014,Tomatoes 1kg,5,2025-01-03 12:34:00,40,1606
11583,GR004,Basmati Rice 1kg,3,2025-04-30 20:57:00,120,1572
11583,GR008,Wheat Flour 1kg,6,2025-04-30 20:57:00,55,1572
11583,GR002,Bread,6,2025-04-30 20:57:00,40,1572
11584,GR012,Potatoes 1kg,5,2025-02-22 18:31:00,30,1702
11584,GR010,Yogurt 200g,4,2025-02-22 18:31:00,25,1702
11584,GR003,Eggs Pack (12),4,2025-02-22 18:31:00,90,1702
11584,GR004,Basmati Rice 1kg,4,2025-02-22 18:31:00,120,1702
11584,GR009,Butter 100g,7,2025-02-22 18:31:00,60,1702
11585,GR003,Eggs Pack (12),7,2025-01-13 18:10:00,90,4322
11585,GR008,Wheat Flour 1kg,3,2025-01-13 18:10:00,55,4322
11585,GR009,Butter 100g,5,2025-01-13 18:10:00,60,4322
11585,GR010,Yogurt 200g,6,2025-01-13 18:10:00,25,4322
11585,GR013,Onions 1kg,7,2025-01-13 18:10:00,35,4322
11586,GR013,Onions 1kg,8,2025-06-16 06:29:00,35,2944
11586,GR009,Butter 100g,5,2025-06-16 06:29:00,60,2944
11586,GR015,Salt 1kg,3,2025-06-16 06:29:00,20,2944
11587,GR011,Bananas 1 dozen,3,2025-04-03 16:36:00,50,3041
11587,GR001,Milk 1L,4,2025-04-03 16:36:00,60,3041
11587,GR012,Potatoes 1kg,2,2025-04-03 16:36:00,30,3041
11587,GR015,Salt 1kg,8,2025-04-03 16:36:00,20,3041
11587,GR004,Basmati Rice 1kg,3,2025-04-03 16:36:00,120,3041
11587,GR007,Tea Powder 500g,5,2025-04-03 16:36:00,140,3041
11588,GR008,Wheat Flour 1kg,4,2025-06-22 22:25:00,55,1884
11588,GR015,Salt 1kg,7,2025-06-22 22:25:00,20,1884
11588,GR009,Butter 100g,1,2025-06-22 22:25:00,60,1884
11589,GR006,Sunflower Oil 1L,8,2025-03-01 12:50:00,160,1020
11589,GR011,Bananas 1 dozen,2,2025-03-01 12:50:00,50,1020
11589,GR008,Wheat Flour 1kg,2,2025-03-01 12:50:00,55,1020
11589,GR012,Potatoes 1kg,6,2025-03-01 12:50:00,30,1020
11589,GR005,Sugar 1kg,2,2025-03-01 12:50:00,50,1020
11590,GR015,Salt 1kg,5,2025-06-03 05:23:00,20,2607
11590,GR014,Tomatoes 1kg,8,2025-06-03 05:23:00,40,2607
11590,GR003,Eggs Pack (12),4,2025-06-03 05:23:00,90,2607
11590,GR001,Milk 1L,4,2025-06-03 05:23:00,60,2607
11591,GR010,Yogurt 200g,1,2025-04-16 08:02:00,25,4507
11591,GR004,Basmati Rice 1kg,3,2025-04-16 08:02:00,120,4507
11592,GR013,Onions 1kg,3,2025-06-24 19:45:00,35,4723
11593,GR012,Potatoes 1kg,5,2025-06-01 14:57:00,30,1388
11594,GR010,Yogurt 200g,5,2025-01-20 18:46:00,25,4851
11594,GR013,Onions 1kg,2,2025-01-20 18:46:00,35,4851
11594,GR015,Salt 1kg,5,2025-01-20 18:46:00,20,4851
11594,GR003,Eggs Pack (12),3,2025-01-20 18:46:00,90,4851
11594,GR005,Sugar 1kg,8,2025-01-20 18:46:00,50,4851
11594,GR002,Bread,7,2025-01-20 18:46:00,40,4851
11595,GR015,Salt 1kg,5,2025-03-22 12:02:00,20,1787
11595,GR014,Tomatoes 1kg,6,2025-03-22 12:02:00,40,1787
11595,GR006,Sunflower Oil 1L,8,2025-03-22 12:02:00,160,1787
11596,GR013,Onions 1kg,6,2025-03-21 12:55:00,35,3049
11596,GR002,Bread,1,2025-03-21 12:55:00,40,3049
11597,GR012,Potatoes 1kg,1,2025-04-12 15:06:00,30,1365
11597,GR009,Butter 100g,6,2025-04-12 15:06:00,60,1365
11597,GR007,Tea Powder 500g,6,2025-04-12 15:06:00,140,1365
11597,GR006,Sunflower Oil 1L,8,2025-04-12 15:06:00,160,1365
11598,GR002,Bread,2,2025-03-13 23:20:00,40,3211
11598,GR003,Eggs Pack (12),3,2025-03-13 23:20:00,90,3211
11598,GR013,Onions 1kg,3,2025-03-13 23:20:00,35,3211
11598,GR012,Potatoes 1kg,8,2025-03-13 23:20:00,30,3211
11599,GR015,Salt 1kg,1,2025-05-01 01:58:00,20,1384
11599,GR004,Basmati Rice 1kg,5,2025-05-01 01:58:00,120,1384
11599,GR008,Wheat Flour 1kg,6,2025-05-01 01:58:00,55,1384
11600,GR010,Yogurt 200g,4,2025-02-04 13:52:00,25,2635
11600,GR006,Sunflower Oil 1L,1,2025-02-04 13:52:00,160,2635
11600,GR004,Basmati Rice 1kg,1,2025-02-04 13:52:00,120,2635
11600,GR015,Salt 1kg,4,2025-02-04 13:52:00,20,2635
11600,GR011,Bananas 1 dozen,4,2025-02-04 13:52:00,50,2635
11600,GR002,Bread,4,2025-02-04 13:52:00,40,2635
11601,GR010,Yogurt 200g,6,2025-07-17 14:29:00,25,1967
11601,GR002,Bread,1,2025-07-17 14:29:00,40,1967
11601,GR005,Sugar 1kg,5,2025-07-17 14:29:00,50,1967
11602,GR003,Eggs Pack (12),4,2025-01-18 05:54:00,90,3454
11602,GR006,Sunflower Oil 1L,2,2025-01-18 05:54:00,160,3454
11603,GR003,Eggs Pack (12),4,2025-02-03 07:03:00,90,1734
11604,GR015,Salt 1kg,6,2025-05-30 10:59:00,20,2919
11604,GR007,Tea Powder 500g,7,2025-05-30 10:59:00,140,2919
11605,GR009,Butter 100g,8,2025-06-02 16:41:00,60,4325
11605,GR014,Tomatoes 1kg,5,2025-06-02 16:41:00,40,4325
11605,GR001,Milk 1L,1,2025-06-02 16:41:00,60,4325
11605,GR015,Salt 1kg,7,2025-06-02 16:41:00,20,4325
11605,GR011,Bananas 1 dozen,4,2025-06-02 16:41:00,50,4325
11606,GR007,Tea Powder 500g,5,2025-05-02 13:13:00,140,2086
11606,GR013,Onions 1kg,3,2025-05-02 13:13:00,35,2086
11606,GR006,Sunflower Oil 1L,6,2025-05-02 13:13:00,160,2086
11606,GR009,Butter 100g,6,2025-05-02 13:13:00,60,2086
11606,GR003,Eggs Pack (12),7,2025-05-02 13:13:00,90,2086
11607,GR009,Butter 100g,6,2025-04-19 16:05:00,60,2588
11607,GR006,Sunflower Oil 1L,3,2025-04-19 16:05:00,160,2588
11607,GR005,Sugar 1kg,3,2025-04-19 16:05:00,50,2588
11607,GR008,Wheat Flour 1kg,8,2025-04-19 16:05:00,55,2588
11607,GR013,Onions 1kg,5,2025-04-19 16:05:00,35,2588
11608,GR008,Wheat Flour 1kg,4,2025-01-29 02:50:00,55,4099
11609,GR014,Tomatoes 1kg,3,2025-07-07 19:00:00,40,3742
11609,GR006,Sunflower Oil 1L,6,2025-07-07 19:00:00,160,3742
11609,GR003,Eggs Pack (12),4,2025-07-07 19:00:00,90,3742
11609,GR005,Sugar 1kg,3,2025-07-07 19:00:00,50,3742
11609,GR009,Butter 100g,6,2025-07-07 19:00:00,60,3742
11610,GR003,Eggs Pack (12),6,2025-05-05 17:11:00,90,2607
11610,GR008,Wheat Flour 1kg,3,2025-05-05 17:11:00,55,2607
11610,GR001,Milk 1L,5,2025-05-05 17:11:00,60,2607
11611,GR004,Basmati Rice 1kg,3,2025-02-11 04:00:00,120,4337
11611,GR001,Milk 1L,8,2025-02-11 04:00:00,60,4337
11611,GR003,Eggs Pack (12),6,2025-02-11 04:00:00,90,4337
11611,GR013,Onions 1kg,2,2025-02-11 04:00:00,35,4337
11612,GR012,Potatoes 1kg,4,2025-04-27 20:53:00,30,3332
11612,GR003,Eggs Pack (12),5,2025-04-27 20:53:00,90,3332
11612,GR001,Milk 1L,5,2025-04-27 20:53:00,60,3332
11612,GR002,Bread,7,2025-04-27 20:53:00,40,3332
11613,GR006,Sunflower Oil 1L,8,2025-07-17 09:46:00,160,1654
11613,GR008,Wheat Flour 1kg,1,2025-07-17 09:46:00,55,1654
11614,GR003,Eggs Pack (12),1,2025-06-03 09:15:00,90,4859
11614,GR008,Wheat Flour 1kg,8,2025-06-03 09:15:00,55,4859
11614,GR009,Butter 100g,2,2025-06-03 09:15:00,60,4859
11614,GR004,Basmati Rice 1kg,1,2025-06-03 09:15:00,120,4859
11614,GR012,Potatoes 1kg,1,2025-06-03 09:15:00,30,4859
11614,GR006,Sunflower Oil 1L,2,2025-06-03 09:15:00,160,4859
11615,GR009,Butter 100g,2,2025-03-04 17:18:00,60,2109
11616,GR012,Potatoes 1kg,8,2025-05-17 02:08:00,30,3414
11617,GR015,Salt 1kg,3,2025-04-17 01:01:00,20,3100
11617,GR006,Sunflower Oil 1L,8,2025-04-17 01:01:00,160,3100
11617,GR013,Onions 1kg,5,2025-04-17 01:01:00,35,3100
11617,GR008,Wheat Flour 1kg,1,2025-04-17 01:01:00,55,3100
11617,GR007,Tea Powder 500g,5,2025-04-17 01:01:00,140,3100
11617,GR010,Yogurt 200g,6,2025-04-17 01:01:00,25,3100
11618,GR005,Sugar 1kg,5,2025-05-25 21:28:00,50,1432
11618,GR003,Eggs Pack (12),3,2025-05-25 21:28:00,90,1432
11618,GR004,Basmati Rice 1kg,7,2025-05-25 21:28:00,120,1432
11618,GR009,Butter 100g,2,2025-05-25 21:28:00,60,1432
11618,GR002,Bread,3,2025-05-25 21:28:00,40,1432
11618,GR006,Sunflower Oil 1L,3,2025-05-25 21:28:00,160,1432
11619,GR002,Bread,7,2025-03-14 01:50:00,40,4849
11619,GR005,Sugar 1kg,8,2025-03-14 01:50:00,50,4849
11619,GR011,Bananas 1 dozen,5,2025-03-14 01:50:00,50,4849
11619,GR012,Potatoes 1kg,6,2025-03-14 01:50:00,30,4849
11619,GR008,Wheat Flour 1kg,5,2025-03-14 01:50:00,55,4849
11620,GR003,Eggs Pack (12),6,2025-02-16 14:30:00,90,4903
11620,GR010,Yogurt 200g,7,2025-02-16 14:30:00,25,4903
11620,GR012,Potatoes 1kg,4,2025-02-16 14:30:00,30,4903
11620,GR007,Tea Powder 500g,1,2025-02-16 14:30:00,140,4903
11620,GR014,Tomatoes 1kg,3,2025-02-16 14:30:00,40,4903
11620,GR002,Bread,7,2025-02-16 14:30:00,40,4903
11621,GR012,Potatoes 1kg,6,2025-03-22 18:06:00,30,3341
11621,GR015,Salt 1kg,7,2025-03-22 18:06:00,20,3341
11621,GR005,Sugar 1kg,5,2025-03-22 18:06:00,50,3341
11621,GR001,Milk 1L,4,2025-03-22 18:06:00,60,3341
11622,GR001,Milk 1L,5,2025-02-19 19:34:00,60,4507
11622,GR004,Basmati Rice 1kg,2,2025-02-19 19:34:00,120,4507
11623,GR014,Tomatoes 1kg,4,2025-06-06 22:19:00,40,4336
11623,GR015,Salt 1kg,3,2025-06-06 22:19:00,20,4336
11623,GR010,Yogurt 200g,4,2025-06-06 22:19:00,25,4336
11623,GR006,Sunflower Oil 1L,7,2025-06-06 22:19:00,160,4336
11623,GR011,Bananas 1 dozen,6,2025-06-06 22:19:00,50,4336
11623,GR005,Sugar 1kg,6,2025-06-06 22:19:00,50,4336
11624,GR003,Eggs Pack (12),3,2025-04-02 17:52:00,90,4980
11624,GR015,Salt 1kg,6,2025-04-02 17:52:00,20,4980
11624,GR008,Wheat Flour 1kg,5,2025-04-02 17:52:00,55,4980
11624,GR005,Sugar 1kg,7,2025-04-02 17:52:00,50,4980
11624,GR013,Onions 1kg,4,2025-04-02 17:52:00,35,4980
11625,GR004,Basmati Rice 1kg,1,2025-05-11 17:50:00,120,1823
11625,GR003,Eggs Pack (12),4,2025-05-11 17:50:00,90,1823
11626,GR008,Wheat Flour 1kg,8,2025-07-14 02:46:00,55,1493
11627,GR014,Tomatoes 1kg,1,2025-01-06 09:49:00,40,1856
11627,GR011,Bananas 1 dozen,1,2025-01-06 09:49:00,50,1856
11628,GR003,Eggs Pack (12),6,2025-02-20 01:49:00,90,4497
11628,GR006,Sunflower Oil 1L,3,2025-02-20 01:49:00,160,4497
11628,GR007,Tea Powder 500g,2,2025-02-20 01:49:00,140,4497
11628,GR008,Wheat Flour 1kg,6,2025-02-20 01:49:00,55,4497
11629,GR012,Potatoes 1kg,6,2025-03-30 17:33:00,30,4560
11629,GR004,Basmati Rice 1kg,8,2025-03-30 17:33:00,120,4560
11629,GR013,Onions 1kg,4,2025-03-30 17:33:00,35,4560
11629,GR007,Tea Powder 500g,1,2025-03-30 17:33:00,140,4560
11630,GR006,Sunflower Oil 1L,3,2025-04-27 18:49:00,160,1544
11631,GR009,Butter 100g,1,2025-06-01 18:04:00,60,1958
11631,GR003,Eggs Pack (12),7,2025-06-01 18:04:00,90,1958
11632,GR003,Eggs Pack (12),7,2025-02-12 06:19:00,90,1493
11632,GR005,Sugar 1kg,5,2025-02-12 06:19:00,50,1493
11632,GR006,Sunflower Oil 1L,8,2025-02-12 06:19:00,160,1493
11632,GR013,Onions 1kg,5,2025-02-12 06:19:00,35,1493
11632,GR014,Tomatoes 1kg,4,2025-02-12 06:19:00,40,1493
11632,GR004,Basmati Rice 1kg,8,2025-02-12 06:19:00,120,1493
11633,GR014,Tomatoes 1kg,4,2025-04-12 13:04:00,40,2164
11634,GR009,Butter 100g,7,2025-04-12 01:03:00,60,3876
11634,GR002,Bread,3,2025-04-12 01:03:00,40,3876
11634,GR015,Salt 1kg,4,2025-04-12 01:03:00,20,3876
11634,GR014,Tomatoes 1kg,7,2025-04-12 01:03:00,40,3876
11634,GR010,Yogurt 200g,3,2025-04-12 01:03:00,25,3876
11635,GR010,Yogurt 200g,5,2025-01-29 06:13:00,25,3043
11635,GR011,Bananas 1 dozen,7,2025-01-29 06:13:00,50,3043
11635,GR007,Tea Powder 500g,5,2025-01-29 06:13:00,140,3043
11635,GR005,Sugar 1kg,8,2025-01-29 06:13:00,50,3043
11635,GR003,Eggs Pack (12),2,2025-01-29 06:13:00,90,3043
11635,GR012,Potatoes 1kg,1,2025-01-29 06:13:00,30,3043
11636,GR008,Wheat Flour 1kg,1,2025-02-09 03:16:00,55,1768
11636,GR007,Tea Powder 500g,5,2025-02-09 03:16:00,140,1768
11636,GR002,Bread,3,2025-02-09 03:16:00,40,1768
11636,GR014,Tomatoes 1kg,4,2025-02-09 03:16:00,40,1768
11637,GR006,Sunflower Oil 1L,5,2025-05-15 07:18:00,160,1450
11637,GR002,Bread,1,2025-05-15 07:18:00,40,1450
11637,GR004,Basmati Rice 1kg,6,2025-05-15 07:18:00,120,1450
11638,GR005,Sugar 1kg,3,2025-07-18 14:30:00,50,1020
11638,GR010,Yogurt 200g,1,2025-07-18 14:30:00,25,1020
11638,GR002,Bread,1,2025-07-18 14:30:00,40,1020
11639,GR015,Salt 1kg,8,2025-01-13 01:34:00,20,2883
11639,GR006,Sunflower Oil 1L,7,2025-01-13 01:34:00,160,2883
11639,GR002,Bread,2,2025-01-13 01:34:00,40,2883
11639,GR009,Butter 100g,8,2025-01-13 01:34:00,60,2883
11639,GR005,Sugar 1kg,4,2025-01-13 01:34:00,50,2883
11639,GR001,Milk 1L,6,2025-01-13 01:34:00,60,2883
11640,GR009,Butter 100g,6,2025-01-17 03:13:00,60,4657
11640,GR012,Potatoes 1kg,6,2025-01-17 03:13:00,30,4657
11640,GR010,Yogurt 200g,1,2025-01-17 03:13:00,25,4657
11641,GR008,Wheat Flour 1kg,7,2025-01-03 23:09:00,55,4548
11641,GR012,Potatoes 1kg,6,2025-01-03 23:09:00,30,4548
11641,GR007,Tea Powder 500g,3,2025-01-03 23:09:00,140,4548
11641,GR006,Sunflower Oil 1L,2,2025-01-03 23:09:00,160,4548
11641,GR001,Milk 1L,6,2025-01-03 23:09:00,60,4548
11642,GR011,Bananas 1 dozen,1,2025-03-04 19:45:00,50,1481
11642,GR008,Wheat Flour 1kg,4,2025-03-04 19:45:00,55,1481
11643,GR012,Potatoes 1kg,3,2025-03-28 04:45:00,30,1493
11643,GR011,Bananas 1 dozen,3,2025-03-28 04:45:00,50,1493
11644,GR013,Onions 1kg,4,2025-02-11 06:56:00,35,4487
11644,GR008,Wheat Flour 1kg,1,2025-02-11 06:56:00,55,4487
11645,GR006,Sunflower Oil 1L,4,2025-01-22 23:22:00,160,4444
11645,GR015,Salt 1kg,5,2025-01-22 23:22:00,20,4444
11645,GR012,Potatoes 1kg,5,2025-01-22 23:22:00,30,4444
11645,GR009,Butter 100g,1,2025-01-22 23:22:00,60,4444
11646,GR001,Milk 1L,8,2025-06-25 20:08:00,60,2758
11646,GR008,Wheat Flour 1kg,8,2025-06-25 20:08:00,55,2758
11646,GR015,Salt 1kg,3,2025-06-25 20:08:00,20,2758
11647,GR010,Yogurt 200g,7,2025-04-09 16:45:00,25,2194
11647,GR013,Onions 1kg,6,2025-04-09 16:45:00,35,2194
11647,GR008,Wheat Flour 1kg,4,2025-04-09 16:45:00,55,2194
11647,GR006,Sunflower Oil 1L,7,2025-04-09 16:45:00,160,2194
11647,GR007,Tea Powder 500g,5,2025-04-09 16:45:00,140,2194
11647,GR014,Tomatoes 1kg,8,2025-04-09 16:45:00,40,2194
11648,GR007,Tea Powder 500g,4,2025-02-22 04:33:00,140,3468
11649,GR008,Wheat Flour 1kg,1,2025-01-13 02:52:00,55,3500
11650,GR005,Sugar 1kg,1,2025-03-02 05:12:00,50,1859
11650,GR002,Bread,1,2025-03-02 05:12:00,40,1859
11650,GR014,Tomatoes 1kg,5,2025-03-02 05:12:00,40,1859
11651,GR013,Onions 1kg,7,2025-07-19 05:38:00,35,4880
11651,GR008,Wheat Flour 1kg,8,2025-07-19 05:38:00,55,4880
11651,GR010,Yogurt 200g,6,2025-07-19 05:38:00,25,4880
11651,GR003,Eggs Pack (12),7,2025-07-19 05:38:00,90,4880
11651,GR012,Potatoes 1kg,4,2025-07-19 05:38:00,30,4880
11651,GR009,Butter 100g,5,2025-07-19 05:38:00,60,4880
11652,GR012,Potatoes 1kg,3,2025-04-20 10:56:00,30,2801
11652,GR015,Salt 1kg,3,2025-04-20 10:56:00,20,2801
11652,GR010,Yogurt 200g,1,2025-04-20 10:56:00,25,2801
11652,GR001,Milk 1L,5,2025-04-20 10:56:00,60,2801
11652,GR003,Eggs Pack (12),6,2025-04-20 10:56:00,90,2801
11652,GR009,Butter 100g,1,2025-04-20 10:56:00,60,2801
11653,GR004,Basmati Rice 1kg,5,2025-01-15 06:02:00,120,2583
11654,GR011,Bananas 1 dozen,7,2025-03-11 16:33:00,50,2040
11654,GR010,Yogurt 200g,6,2025-03-11 16:33:00,25,2040
11654,GR002,Bread,2,2025-03-11 16:33:00,40,2040
11654,GR015,Salt 1kg,5,2025-03-11 16:33:00,20,2040
11655,GR012,Potatoes 1kg,3,2025-02-01 03:11:00,30,4742
11655,GR001,Milk 1L,3,2025-02-01 03:11:00,60,4742
11655,GR002,Bread,7,2025-02-01 03:11:00,40,4742
11655,GR011,Bananas 1 dozen,5,2025-02-01 03:11:00,50,4742
11656,GR008,Wheat Flour 1kg,4,2025-05-30 00:01:00,55,2730
11657,GR015,Salt 1kg,8,2025-06-25 01:25:00,20,4235
11657,GR006,Sunflower Oil 1L,8,2025-06-25 01:25:00,160,4235
11657,GR009,Butter 100g,5,2025-06-25 01:25:00,60,4235
11657,GR010,Yogurt 200g,4,2025-06-25 01:25:00,25,4235
11657,GR007,Tea Powder 500g,8,2025-06-25 01:25:00,140,4235
11657,GR005,Sugar 1kg,1,2025-06-25 01:25:00,50,4235
11658,GR005,Sugar 1kg,3,2025-04-20 03:53:00,50,1283
11658,GR002,Bread,4,2025-04-20 03:53:00,40,1283
11658,GR006,Sunflower Oil 1L,8,2025-04-20 03:53:00,160,1283
11659,GR009,Butter 100g,8,2025-03-15 20:57:00,60,4178
11659,GR011,Bananas 1 dozen,2,2025-03-15 20:57:00,50,4178
11659,GR003,Eggs Pack (12),6,2025-03-15 20:57:00,90,4178
11660,GR004,Basmati Rice 1kg,6,2025-02-11 17:21:00,120,2819
11660,GR012,Potatoes 1kg,6,2025-02-11 17:21:00,30,2819
11660,GR010,Yogurt 200g,8,2025-02-11 17:21:00,25,2819
11660,GR008,Wheat Flour 1kg,8,2025-02-11 17:21:00,55,2819
11660,GR007,Tea Powder 500g,3,2025-02-11 17:21:00,140,2819
11660,GR002,Bread,8,2025-02-11 17:21:00,40,2819
11661,GR014,Tomatoes 1kg,2,2025-07-01 17:28:00,40,1388
11661,GR009,Butter 100g,5,2025-07-01 17:28:00,60,1388
11662,GR008,Wheat Flour 1kg,1,2025-06-28 12:17:00,55,1131
11662,GR010,Yogurt 200g,5,2025-06-28 12:17:00,25,1131
11662,GR002,Bread,3,2025-06-28 12:17:00,40,1131
11662,GR004,Basmati Rice 1kg,1,2025-06-28 12:17:00,120,1131
11662,GR003,Eggs Pack (12),3,2025-06-28 12:17:00,90,1131
11662,GR006,Sunflower Oil 1L,7,2025-06-28 12:17:00,160,1131
11663,GR009,Butter 100g,1,2025-03-15 12:06:00,60,4523
11663,GR006,Sunflower Oil 1L,5,2025-03-15 12:06:00,160,4523
11664,GR006,Sunflower Oil 1L,4,2025-05-18 13:02:00,160,4325
11665,GR004,Basmati Rice 1kg,8,2025-03-16 20:12:00,120,3382
11665,GR003,Eggs Pack (12),6,2025-03-16 20:12:00,90,3382
11665,GR008,Wheat Flour 1kg,8,2025-03-16 20:12:00,55,3382
11665,GR007,Tea Powder 500g,5,2025-03-16 20:12:00,140,3382
11666,GR003,Eggs Pack (12),8,2025-05-02 14:27:00,90,4350
11666,GR011,Bananas 1 dozen,2,2025-05-02 14:27:00,50,4350
11666,GR007,Tea Powder 500g,2,2025-05-02 14:27:00,140,4350
11666,GR006,Sunflower Oil 1L,8,2025-05-02 14:27:00,160,4350
11666,GR010,Yogurt 200g,8,2025-05-02 14:27:00,25,4350
11666,GR009,Butter 100g,2,2025-05-02 14:27:00,60,4350
11667,GR002,Bread,1,2025-06-06 17:58:00,40,1384
11667,GR008,Wheat Flour 1kg,4,2025-06-06 17:58:00,55,1384
11667,GR006,Sunflower Oil 1L,7,2025-06-06 17:58:00,160,1384
11667,GR004,Basmati Rice 1kg,2,2025-06-06 17:58:00,120,1384
11667,GR015,Salt 1kg,1,2025-06-06 17:58:00,20,1384
11668,GR014,Tomatoes 1kg,3,2025-04-04 12:48:00,40,1856
11668,GR004,Basmati Rice 1kg,3,2025-04-04 12:48:00,120,1856
11668,GR002,Bread,7,2025-04-04 12:48:00,40,1856
11669,GR008,Wheat Flour 1kg,3,2025-07-09 16:14:00,55,2146
11670,GR003,Eggs Pack (12),3,2025-06-23 10:35:00,90,1447
11671,GR008,Wheat Flour 1kg,4,2025-02-03 17:59:00,55,2313
11671,GR014,Tomatoes 1kg,5,2025-02-03 17:59:00,40,2313
11671,GR013,Onions 1kg,4,2025-02-03 17:59:00,35,2313
11671,GR010,Yogurt 200g,6,2025-02-03 17:59:00,25,2313
11672,GR007,Tea Powder 500g,5,2025-03-01 10:12:00,140,4849
11672,GR010,Yogurt 200g,6,2025-03-01 10:12:00,25,4849
11673,GR015,Salt 1kg,8,2025-02-09 03:36:00,20,2207
11673,GR004,Basmati Rice 1kg,3,2025-02-09 03:36:00,120,2207
11673,GR003,Eggs Pack (12),2,2025-02-09 03:36:00,90,2207
11674,GR002,Bread,2,2025-02-09 19:27:00,40,4948
11674,GR015,Salt 1kg,8,2025-02-09 19:27:00,20,4948
11674,GR006,Sunflower Oil 1L,1,2025-02-09 19:27:00,160,4948
11674,GR009,Butter 100g,7,2025-02-09 19:27:00,60,4948
11674,GR005,Sugar 1kg,3,2025-02-09 19:27:00,50,4948
11674,GR008,Wheat Flour 1kg,3,2025-02-09 19:27:00,55,4948
11675,GR007,Tea Powder 500g,3,2025-02-25 07:26:00,140,4697
11676,GR002,Bread,4,2025-05-08 16:27:00,40,2287
11676,GR013,Onions 1kg,4,2025-05-08 16:27:00,35,2287
11676,GR003,Eggs Pack (12),2,2025-05-08 16:27:00,90,2287
11676,GR004,Basmati Rice 1kg,4,2025-05-08 16:27:00,120,2287
11676,GR005,Sugar 1kg,8,2025-05-08 16:27:00,50,2287
11676,GR006,Sunflower Oil 1L,4,2025-05-08 16:27:00,160,2287
11677,GR013,Onions 1kg,5,2025-04-28 19:46:00,35,2583
11677,GR006,Sunflower Oil 1L,3,2025-04-28 19:46:00,160,2583
11677,GR005,Sugar 1kg,3,2025-04-28 19:46:00,50,2583
11677,GR004,Basmati Rice 1kg,2,2025-04-28 19:46:00,120,2583
11677,GR009,Butter 100g,3,2025-04-28 19:46:00,60,2583
11678,GR001,Milk 1L,7,2025-06-18 01:52:00,60,4680
11678,GR010,Yogurt 200g,4,2025-06-18 01:52:00,25,4680
11678,GR012,Potatoes 1kg,1,2025-06-18 01:52:00,30,4680
11678,GR006,Sunflower Oil 1L,2,2025-06-18 01:52:00,160,4680
11679,GR003,Eggs Pack (12),8,2025-04-24 04:49:00,90,4742
11679,GR008,Wheat Flour 1kg,7,2025-04-24 04:49:00,55,4742
11679,GR010,Yogurt 200g,3,2025-04-24 04:49:00,25,4742
11680,GR005,Sugar 1kg,1,2025-03-25 21:31:00,50,2456
11680,GR007,Tea Powder 500g,7,2025-03-25 21:31:00,140,2456
11680,GR014,Tomatoes 1kg,1,2025-03-25 21:31:00,40,2456
11681,GR009,Butter 100g,8,2025-03-18 22:05:00,60,3540
11681,GR012,Potatoes 1kg,3,2025-03-18 22:05:00,30,3540
11681,GR011,Bananas 1 dozen,4,2025-03-18 22:05:00,50,3540
11681,GR001,Milk 1L,4,2025-03-18 22:05:00,60,3540
11682,GR003,Eggs Pack (12),5,2025-03-18 11:09:00,90,4903
11682,GR013,Onions 1kg,1,2025-03-18 11:09:00,35,4903
11682,GR014,Tomatoes 1kg,1,2025-03-18 11:09:00,40,4903
11682,GR005,Sugar 1kg,3,2025-03-18 11:09:00,50,4903
11682,GR007,Tea Powder 500g,3,2025-03-18 11:09:00,140,4903
11682,GR002,Bread,3,2025-03-18 11:09:00,40,4903
11683,GR006,Sunflower Oil 1L,7,2025-06-19 01:01:00,160,4235
11683,GR010,Yogurt 200g,8,2025-06-19 01:01:00,25,4235
11683,GR008,Wheat Flour 1kg,7,2025-06-19 01:01:00,55,4235
11683,GR009,Butter 100g,7,2025-06-19 01:01:00,60,4235
11684,GR004,Basmati Rice 1kg,8,2025-04-26 08:02:00,120,4881
11685,GR001,Milk 1L,8,2025-07-15 10:05:00,60,2680
11685,GR004,Basmati Rice 1kg,4,2025-07-15 10:05:00,120,2680
11685,GR014,Tomatoes 1kg,5,2025-07-15 10:05:00,40,2680
11685,GR003,Eggs Pack (12),3,2025-07-15 10:05:00,90,2680
11685,GR008,Wheat Flour 1kg,3,2025-07-15 10:05:00,55,2680
11685,GR010,Yogurt 200g,7,2025-07-15 10:05:00,25,2680
11686,GR007,Tea Powder 500g,4,2025-05-11 01:49:00,140,3693
11687,GR010,Yogurt 200g,7,2025-07-15 13:40:00,25,1235
11688,GR002,Bread,4,2025-04-22 15:34:00,40,4880
11688,GR001,Milk 1L,6,2025-04-22 15:34:00,60,4880
11688,GR008,Wheat Flour 1kg,2,2025-04-22 15:34:00,55,4880
11688,GR004,Basmati Rice 1kg,6,2025-04-22 15:34:00,120,4880
11688,GR014,Tomatoes 1kg,7,2025-04-22 15:34:00,40,4880
11688,GR015,Salt 1kg,6,2025-04-22 15:34:00,20,4880
11689,GR015,Salt 1kg,6,2025-07-11 21:03:00,20,2040
11689,GR011,Bananas 1 dozen,2,2025-07-11 21:03:00,50,2040
11689,GR003,Eggs Pack (12),1,2025-07-11 21:03:00,90,2040
11689,GR008,Wheat Flour 1kg,4,2025-07-11 21:03:00,55,2040
11689,GR004,Basmati Rice 1kg,8,2025-07-11 21:03:00,120,2040
11690,GR013,Onions 1kg,1,2025-01-07 04:47:00,35,4444
11690,GR012,Potatoes 1kg,5,2025-01-07 04:47:00,30,4444
11690,GR006,Sunflower Oil 1L,1,2025-01-07 04:47:00,160,4444
11690,GR008,Wheat Flour 1kg,8,2025-01-07 04:47:00,55,4444
11690,GR014,Tomatoes 1kg,2,2025-01-07 04:47:00,40,4444
11691,GR012,Potatoes 1kg,2,2025-04-11 03:05:00,30,2376
11692,GR014,Tomatoes 1kg,8,2025-07-16 15:01:00,40,4190
11692,GR005,Sugar 1kg,5,2025-07-16 15:01:00,50,4190
11693,GR015,Salt 1kg,6,2025-05-01 19:09:00,20,2919
11693,GR004,Basmati Rice 1kg,8,2025-05-01 19:09:00,120,2919
11693,GR008,Wheat Flour 1kg,8,2025-05-01 19:09:00,55,2919
11693,GR002,Bread,4,2025-05-01 19:09:00,40,2919
11693,GR003,Eggs Pack (12),1,2025-05-01 19:09:00,90,2919
11693,GR010,Yogurt 200g,2,2025-05-01 19:09:00,25,2919
11694,GR012,Potatoes 1kg,4,2025-07-19 16:24:00,30,4354
11694,GR011,Bananas 1 dozen,7,2025-07-19 16:24:00,50,4354
11695,GR008,Wheat Flour 1kg,5,2025-02-15 06:29:00,55,1388
11696,GR011,Bananas 1 dozen,8,2025-03-25 00:00:00,50,4491
11696,GR004,Basmati Rice 1kg,2,2025-03-25 00:00:00,120,4491
11696,GR003,Eggs Pack (12),4,2025-03-25 00:00:00,90,4491
11696,GR002,Bread,6,2025-03-25 00:00:00,40,4491
11696,GR006,Sunflower Oil 1L,3,2025-03-25 00:00:00,160,4491
11697,GR002,Bread,4,2025-07-11 08:24:00,40,1576
11698,GR010,Yogurt 200g,7,2025-02-15 20:44:00,25,3681
11699,GR005,Sugar 1kg,3,2025-01-29 16:16:00,50,3009
11699,GR007,Tea Powder 500g,2,2025-01-29 16:16:00,140,3009
11699,GR009,Butter 100g,3,2025-01-29 16:16:00,60,3009
11699,GR014,Tomatoes 1kg,3,2025-01-29 16:16:00,40,3009
11700,GR003,Eggs Pack (12),1,2025-02-08 09:17:00,90,2907
11700,GR015,Salt 1kg,1,2025-02-08 09:17:00,20,2907
11700,GR011,Bananas 1 dozen,2,2025-02-08 09:17:00,50,2907
11700,GR009,Butter 100g,6,2025-02-08 09:17:00,60,2907
11700,GR010,Yogurt 200g,3,2025-02-08 09:17:00,25,2907
11700,GR006,Sunflower Oil 1L,4,2025-02-08 09:17:00,160,2907
11701,GR001,Milk 1L,4,2025-06-25 14:52:00,60,1526
11701,GR012,Potatoes 1kg,8,2025-06-25 14:52:00,30,1526
11701,GR005,Sugar 1kg,5,2025-06-25 14:52:00,50,1526
11701,GR006,Sunflower Oil 1L,6,2025-06-25 14:52:00,160,1526
11701,GR013,Onions 1kg,6,2025-06-25 14:52:00,35,1526
11702,GR011,Bananas 1 dozen,1,2025-06-03 00:54:00,50,4271
11703,GR005,Sugar 1kg,3,2025-05-29 07:46:00,50,1235
11704,GR009,Butter 100g,7,2025-01-28 05:11:00,60,4469
11704,GR015,Salt 1kg,1,2025-01-28 05:11:00,20,4469
11704,GR001,Milk 1L,2,2025-01-28 05:11:00,60,4469
11704,GR007,Tea Powder 500g,1,2025-01-28 05:11:00,140,4469
11704,GR011,Bananas 1 dozen,7,2025-01-28 05:11:00,50,4469
11705,GR007,Tea Powder 500g,3,2025-06-11 09:47:00,140,1799
11706,GR015,Salt 1kg,7,2025-04-15 00:26:00,20,2362
11707,GR002,Bread,5,2025-01-18 00:09:00,40,4697
11707,GR013,Onions 1kg,4,2025-01-18 00:09:00,35,4697
11707,GR009,Butter 100g,7,2025-01-18 00:09:00,60,4697
11707,GR006,Sunflower Oil 1L,8,2025-01-18 00:09:00,160,4697
11707,GR005,Sugar 1kg,8,2025-01-18 00:09:00,50,4697
11708,GR014,Tomatoes 1kg,8,2025-03-08 19:57:00,40,2345
11708,GR007,Tea Powder 500g,6,2025-03-08 19:57:00,140,2345
11709,GR006,Sunflower Oil 1L,7,2025-07-11 22:25:00,160,2078
11709,GR005,Sugar 1kg,7,2025-07-11 22:25:00,50,2078
11709,GR013,Onions 1kg,3,2025-07-11 22:25:00,35,2078
11709,GR001,Milk 1L,6,2025-07-11 22:25:00,60,2078
11710,GR010,Yogurt 200g,6,2025-03-25 03:13:00,25,3828
11710,GR015,Salt 1kg,6,2025-03-25 03:13:00,20,3828
11711,GR012,Potatoes 1kg,7,2025-05-19 07:04:00,30,3331
11711,GR005,Sugar 1kg,3,2025-05-19 07:04:00,50,3331
11711,GR008,Wheat Flour 1kg,3,2025-05-19 07:04:00,55,3331
11711,GR004,Basmati Rice 1kg,3,2025-05-19 07:04:00,120,3331
11711,GR007,Tea Powder 500g,2,2025-05-19 07:04:00,140,3331
11711,GR003,Eggs Pack (12),2,2025-05-19 07:04:00,90,3331
11712,GR015,Salt 1kg,1,2025-02-01 11:44:00,20,2114
11713,GR003,Eggs Pack (12),1,2025-01-06 00:55:00,90,3009
11714,GR012,Potatoes 1kg,7,2025-06-05 01:38:00,30,4477
11714,GR010,Yogurt 200g,8,2025-06-05 01:38:00,25,4477
11714,GR006,Sunflower Oil 1L,2,2025-06-05 01:38:00,160,4477
11715,GR003,Eggs Pack (12),8,2025-04-21 00:39:00,90,2374
11715,GR013,Onions 1kg,2,2025-04-21 00:39:00,35,2374
11715,GR005,Sugar 1kg,2,2025-04-21 00:39:00,50,2374
11715,GR010,Yogurt 200g,3,2025-04-21 00:39:00,25,2374
11715,GR012,Potatoes 1kg,7,2025-04-21 00:39:00,30,2374
11715,GR006,Sunflower Oil 1L,1,2025-04-21 00:39:00,160,2374
11716,GR007,Tea Powder 500g,7,2025-03-26 05:30:00,140,3454
11716,GR001,Milk 1L,4,2025-03-26 05:30:00,60,3454
11716,GR014,Tomatoes 1kg,1,2025-03-26 05:30:00,40,3454
11716,GR013,Onions 1kg,4,2025-03-26 05:30:00,35,3454
11716,GR010,Yogurt 200g,8,2025-03-26 05:30:00,25,3454
11717,GR009,Butter 100g,6,2025-06-04 05:40:00,60,1311
11717,GR013,Onions 1kg,8,2025-06-04 05:40:00,35,1311
11717,GR004,Basmati Rice 1kg,8,2025-06-04 05:40:00,120,1311
11718,GR011,Bananas 1 dozen,2,2025-04-03 08:55:00,50,4174
11718,GR013,Onions 1kg,3,2025-04-03 08:55:00,35,4174
11719,GR015,Salt 1kg,7,2025-07-07 12:04:00,20,1029
11719,GR001,Milk 1L,7,2025-07-07 12:04:00,60,1029
11720,GR011,Bananas 1 dozen,6,2025-04-22 03:36:00,50,3382
11720,GR012,Potatoes 1kg,7,2025-04-22 03:36:00,30,3382
11720,GR004,Basmati Rice 1kg,6,2025-04-22 03:36:00,120,3382
11720,GR003,Eggs Pack (12),8,2025-04-22 03:36:00,90,3382
11720,GR006,Sunflower Oil 1L,5,2025-04-22 03:36:00,160,3382
11720,GR009,Butter 100g,7,2025-04-22 03:36:00,60,3382
11721,GR012,Potatoes 1kg,6,2025-03-21 15:35:00,30,2981
11722,GR012,Potatoes 1kg,5,2025-02-08 04:32:00,30,2507
11722,GR002,Bread,8,2025-02-08 04:32:00,40,2507
11723,GR001,Milk 1L,3,2025-03-28 12:05:00,60,1544
11723,GR005,Sugar 1kg,5,2025-03-28 12:05:00,50,1544
11723,GR011,Bananas 1 dozen,3,2025-03-28 12:05:00,50,1544
11724,GR003,Eggs Pack (12),8,2025-02-12 08:41:00,90,3498
11724,GR014,Tomatoes 1kg,8,2025-02-12 08:41:00,40,3498
11725,GR001,Milk 1L,4,2025-05-20 15:30:00,60,4173
11725,GR009,Butter 100g,3,2025-05-20 15:30:00,60,4173
11725,GR003,Eggs Pack (12),1,2025-05-20 15:30:00,90,4173
11725,GR010,Yogurt 200g,2,2025-05-20 15:30:00,25,4173
11725,GR013,Onions 1kg,4,2025-05-20 15:30:00,35,4173
11725,GR011,Bananas 1 dozen,1,2025-05-20 15:30:00,50,4173
11726,GR006,Sunflower Oil 1L,1,2025-07-18 09:23:00,160,1741
11726,GR009,Butter 100g,8,2025-07-18 09:23:00,60,1741
11726,GR007,Tea Powder 500g,8,2025-07-18 09:23:00,140,1741
11726,GR005,Sugar 1kg,3,2025-07-18 09:23:00,50,1741
11726,GR008,Wheat Flour 1kg,6,2025-07-18 09:23:00,55,1741
11727,GR005,Sugar 1kg,8,2025-04-13 15:05:00,50,2313
11728,GR002,Bread,1,2025-02-04 00:06:00,40,1365
11728,GR003,Eggs Pack (12),2,2025-02-04 00:06:00,90,1365
11728,GR011,Bananas 1 dozen,1,2025-02-04 00:06:00,50,1365
11728,GR006,Sunflower Oil 1L,5,2025-02-04 00:06:00,160,1365
11728,GR013,Onions 1kg,8,2025-02-04 00:06:00,35,1365
11729,GR007,Tea Powder 500g,3,2025-06-08 23:54:00,140,2769
11729,GR006,Sunflower Oil 1L,3,2025-06-08 23:54:00,160,2769
11730,GR011,Bananas 1 dozen,3,2025-04-04 06:45:00,50,1235
11730,GR001,Milk 1L,8,2025-04-04 06:45:00,60,1235
11730,GR010,Yogurt 200g,2,2025-04-04 06:45:00,25,1235
11730,GR014,Tomatoes 1kg,1,2025-04-04 06:45:00,40,1235
11730,GR009,Butter 100g,2,2025-04-04 06:45:00,60,1235
11731,GR003,Eggs Pack (12),4,2025-05-02 15:16:00,90,4487
11731,GR012,Potatoes 1kg,3,2025-05-02 15:16:00,30,4487
11732,GR008,Wheat Flour 1kg,8,2025-01-25 16:09:00,55,4851
11732,GR009,Butter 100g,5,2025-01-25 16:09:00,60,4851
11732,GR011,Bananas 1 dozen,2,2025-01-25 16:09:00,50,4851
11732,GR015,Salt 1kg,8,2025-01-25 16:09:00,20,4851
11732,GR002,Bread,6,2025-01-25 16:09:00,40,4851
11733,GR013,Onions 1kg,4,2025-06-07 09:29:00,35,4844
11733,GR014,Tomatoes 1kg,5,2025-06-07 09:29:00,40,4844
11733,GR011,Bananas 1 dozen,6,2025-06-07 09:29:00,50,4844
11734,GR002,Bread,3,2025-02-22 19:06:00,40,2207
11735,GR012,Potatoes 1kg,6,2025-03-11 12:56:00,30,2156
11735,GR008,Wheat Flour 1kg,2,2025-03-11 12:56:00,55,2156
11735,GR003,Eggs Pack (12),4,2025-03-11 12:56:00,90,2156
11735,GR004,Basmati Rice 1kg,4,2025-03-11 12:56:00,120,2156
11736,GR014,Tomatoes 1kg,7,2025-05-18 19:09:00,40,3274
11737,GR004,Basmati Rice 1kg,3,2025-04-25 07:39:00,120,1641
11737,GR005,Sugar 1kg,4,2025-04-25 07:39:00,50,1641
11737,GR015,Salt 1kg,8,2025-04-25 07:39:00,20,1641
11738,GR001,Milk 1L,8,2025-02-08 04:53:00,60,4717
11738,GR008,Wheat Flour 1kg,4,2025-02-08 04:53:00,55,4717
11739,GR001,Milk 1L,6,2025-05-08 10:37:00,60,1125
11739,GR007,Tea Powder 500g,5,2025-05-08 10:37:00,140,1125
11739,GR002,Bread,8,2025-05-08 10:37:00,40,1125
11739,GR009,Butter 100g,7,2025-05-08 10:37:00,60,1125
11739,GR013,Onions 1kg,7,2025-05-08 10:37:00,35,1125
11740,GR004,Basmati Rice 1kg,7,2025-02-19 18:00:00,120,3742
11740,GR001,Milk 1L,6,2025-02-19 18:00:00,60,3742
11741,GR004,Basmati Rice 1kg,4,2025-02-26 06:03:00,120,3788
11741,GR005,Sugar 1kg,8,2025-02-26 06:03:00,50,3788
11741,GR011,Bananas 1 dozen,2,2025-02-26 06:03:00,50,3788
11742,GR002,Bread,3,2025-04-15 14:13:00,40,4322
11742,GR015,Salt 1kg,7,2025-04-15 14:13:00,20,4322
11742,GR008,Wheat Flour 1kg,5,2025-04-15 14:13:00,55,4322
11742,GR014,Tomatoes 1kg,7,2025-04-15 14:13:00,40,4322
11742,GR004,Basmati Rice 1kg,1,2025-04-15 14:13:00,120,4322
11743,GR014,Tomatoes 1kg,6,2025-02-28 17:32:00,40,1238
11743,GR013,Onions 1kg,8,2025-02-28 17:32:00,35,1238
11743,GR011,Bananas 1 dozen,1,2025-02-28 17:32:00,50,1238
11743,GR002,Bread,8,2025-02-28 17:32:00,40,1238
11744,GR011,Bananas 1 dozen,5,2025-03-08 18:05:00,50,2457
11744,GR004,Basmati Rice 1kg,7,2025-03-08 18:05:00,120,2457
11744,GR005,Sugar 1kg,6,2025-03-08 18:05:00,50,2457
11744,GR002,Bread,1,2025-03-08 18:05:00,40,2457
11745,GR012,Potatoes 1kg,3,2025-06-06 21:13:00,30,2862
11745,GR005,Sugar 1kg,3,2025-06-06 21:13:00,50,2862
11745,GR007,Tea Powder 500g,1,2025-06-06 21:13:00,140,2862
11745,GR006,Sunflower Oil 1L,2,2025-06-06 21:13:00,160,2862
11746,GR013,Onions 1kg,7,2025-04-18 01:45:00,35,4790
11746,GR003,Eggs Pack (12),8,2025-04-18 01:45:00,90,4790
11746,GR011,Bananas 1 dozen,7,2025-04-18 01:45:00,50,4790
11746,GR015,Salt 1kg,6,2025-04-18 01:45:00,20,4790
11746,GR014,Tomatoes 1kg,1,2025-04-18 01:45:00,40,4790
11747,GR015,Salt 1kg,5,2025-02-15 16:14:00,20,3869
11747,GR013,Onions 1kg,8,2025-02-15 16:14:00,35,3869
11747,GR008,Wheat Flour 1kg,3,2025-02-15 16:14:00,55,3869
11747,GR005,Sugar 1kg,6,2025-02-15 16:14:00,50,3869
11747,GR004,Basmati Rice 1kg,5,2025-02-15 16:14:00,120,3869
11748,GR005,Sugar 1kg,6,2025-02-27 03:06:00,50,1029
11748,GR007,Tea Powder 500g,3,2025-02-27 03:06:00,140,1029
11748,GR010,Yogurt 200g,4,2025-02-27 03:06:00,25,1029
11748,GR004,Basmati Rice 1kg,7,2025-02-27 03:06:00,120,1029
11749,GR008,Wheat Flour 1kg,4,2025-05-14 13:21:00,55,3033
11749,GR015,Salt 1kg,1,2025-05-14 13:21:00,20,3033
11749,GR011,Bananas 1 dozen,8,2025-05-14 13:21:00,50,3033
11749,GR013,Onions 1kg,2,2025-05-14 13:21:00,35,3033
11749,GR004,Basmati Rice 1kg,8,2025-05-14 13:21:00,120,3033
11750,GR014,Tomatoes 1kg,7,2025-07-17 10:17:00,40,3980
11751,GR009,Butter 100g,6,2025-07-18 03:25:00,60,1238
11751,GR001,Milk 1L,1,2025-07-18 03:25:00,60,1238
11751,GR012,Potatoes 1kg,5,2025-07-18 03:25:00,30,1238
11751,GR007,Tea Powder 500g,7,2025-07-18 03:25:00,140,1238
11751,GR011,Bananas 1 dozen,7,2025-07-18 03:25:00,50,1238
11751,GR013,Onions 1kg,8,2025-07-18 03:25:00,35,1238
11752,GR005,Sugar 1kg,6,2025-05-19 02:24:00,50,4385
11752,GR010,Yogurt 200g,4,2025-05-19 02:24:00,25,4385
11752,GR008,Wheat Flour 1kg,1,2025-05-19 02:24:00,55,4385
11752,GR004,Basmati Rice 1kg,1,2025-05-19 02:24:00,120,4385
11752,GR012,Potatoes 1kg,1,2025-05-19 02:24:00,30,4385
11752,GR007,Tea Powder 500g,1,2025-05-19 02:24:00,140,4385
11753,GR005,Sugar 1kg,5,2025-01-29 15:15:00,50,4325
11753,GR003,Eggs Pack (12),3,2025-01-29 15:15:00,90,4325
11753,GR010,Yogurt 200g,3,2025-01-29 15:15:00,25,4325
11754,GR002,Bread,3,2025-02-22 21:28:00,40,4340
11754,GR015,Salt 1kg,1,2025-02-22 21:28:00,20,4340
11754,GR010,Yogurt 200g,4,2025-02-22 21:28:00,25,4340
11755,GR008,Wheat Flour 1kg,7,2025-02-10 23:41:00,55,1526
11756,GR001,Milk 1L,8,2025-05-10 03:09:00,60,4891
11756,GR005,Sugar 1kg,8,2025-05-10 03:09:00,50,4891
11757,GR004,Basmati Rice 1kg,5,2025-04-29 14:58:00,120,4227
11757,GR015,Salt 1kg,4,2025-04-29 14:58:00,20,4227
11757,GR002,Bread,6,2025-04-29 14:58:00,40,4227
11758,GR014,Tomatoes 1kg,7,2025-02-02 19:44:00,40,2981
11758,GR010,Yogurt 200g,1,2025-02-02 19:44:00,25,2981
11758,GR013,Onions 1kg,4,2025-02-02 19:44:00,35,2981
11758,GR006,Sunflower Oil 1L,4,2025-02-02 19:44:00,160,2981
11759,GR008,Wheat Flour 1kg,7,2025-07-11 10:39:00,55,2673
11760,GR008,Wheat Flour 1kg,8,2025-04-09 06:55:00,55,1283
11760,GR011,Bananas 1 dozen,1,2025-04-09 06:55:00,50,1283
11760,GR013,Onions 1kg,2,2025-04-09 06:55:00,35,1283
11760,GR004,Basmati Rice 1kg,2,2025-04-09 06:55:00,120,1283
11760,GR003,Eggs Pack (12),5,2025-04-09 06:55:00,90,1283
11761,GR014,Tomatoes 1kg,8,2025-05-10 22:53:00,40,1654
11761,GR009,Butter 100g,8,2025-05-10 22:53:00,60,1654
11761,GR008,Wheat Flour 1kg,3,2025-05-10 22:53:00,55,1654
11761,GR011,Bananas 1 dozen,4,2025-05-10 22:53:00,50,1654
11761,GR015,Salt 1kg,8,2025-05-10 22:53:00,20,1654
11762,GR006,Sunflower Oil 1L,6,2025-01-04 07:56:00,160,1641
11762,GR002,Bread,2,2025-01-04 07:56:00,40,1641
11762,GR004,Basmati Rice 1kg,4,2025-01-04 07:56:00,120,1641
11762,GR010,Yogurt 200g,3,2025-01-04 07:56:00,25,1641
11762,GR013,Onions 1kg,6,2025-01-04 07:56:00,35,1641
11763,GR005,Sugar 1kg,3,2025-05-20 19:56:00,50,4372
11763,GR015,Salt 1kg,5,2025-05-20 19:56:00,20,4372
11764,GR009,Butter 100g,6,2025-03-27 20:59:00,60,1741
11764,GR015,Salt 1kg,2,2025-03-27 20:59:00,20,1741
11764,GR006,Sunflower Oil 1L,8,2025-03-27 20:59:00,160,1741
11764,GR004,Basmati Rice 1kg,5,2025-03-27 20:59:00,120,1741
11764,GR007,Tea Powder 500g,7,2025-03-27 20:59:00,140,1741
11764,GR008,Wheat Flour 1kg,7,2025-03-27 20:59:00,55,1741
11765,GR015,Salt 1kg,3,2025-03-03 01:13:00,20,1603
11765,GR004,Basmati Rice 1kg,1,2025-03-03 01:13:00,120,1603
11765,GR012,Potatoes 1kg,1,2025-03-03 01:13:00,30,1603
11765,GR002,Bread,3,2025-03-03 01:13:00,40,1603
11765,GR008,Wheat Flour 1kg,8,2025-03-03 01:13:00,55,1603
11766,GR008,Wheat Flour 1kg,6,2025-01-28 14:32:00,55,1667
11766,GR011,Bananas 1 dozen,2,2025-01-28 14:32:00,50,1667
11766,GR014,Tomatoes 1kg,2,2025-01-28 14:32:00,40,1667
11766,GR010,Yogurt 200g,8,2025-01-28 14:32:00,25,1667
11766,GR004,Basmati Rice 1kg,1,2025-01-28 14:32:00,120,1667
11767,GR010,Yogurt 200g,3,2025-04-10 19:53:00,25,4407
11767,GR001,Milk 1L,6,2025-04-10 19:53:00,60,4407
11768,GR010,Yogurt 200g,7,2025-06-14 07:36:00,25,2450
11768,GR006,Sunflower Oil 1L,3,2025-06-14 07:36:00,160,2450
11768,GR002,Bread,8,2025-06-14 07:36:00,40,2450
11769,GR014,Tomatoes 1kg,6,2025-05-26 06:39:00,40,2313
11769,GR012,Potatoes 1kg,3,2025-05-26 06:39:00,30,2313
11769,GR011,Bananas 1 dozen,7,2025-05-26 06:39:00,50,2313
11769,GR002,Bread,4,2025-05-26 06:39:00,40,2313
11769,GR015,Salt 1kg,6,2025-05-26 06:39:00,20,2313
11770,GR001,Milk 1L,1,2025-06-25 10:09:00,60,1364
11770,GR004,Basmati Rice 1kg,3,2025-06-25 10:09:00,120,1364
11770,GR006,Sunflower Oil 1L,7,2025-06-25 10:09:00,160,1364
11770,GR014,Tomatoes 1kg,1,2025-06-25 10:09:00,40,1364
11771,GR015,Salt 1kg,5,2025-01-03 06:37:00,20,2457
11771,GR012,Potatoes 1kg,7,2025-01-03 06:37:00,30,2457
11771,GR001,Milk 1L,2,2025-01-03 06:37:00,60,2457
11771,GR010,Yogurt 200g,5,2025-01-03 06:37:00,25,2457
11771,GR013,Onions 1kg,3,2025-01-03 06:37:00,35,2457
11772,GR009,Butter 100g,3,2025-01-11 21:41:00,60,1544
11772,GR015,Salt 1kg,2,2025-01-11 21:41:00,20,1544
11772,GR003,Eggs Pack (12),8,2025-01-11 21:41:00,90,1544
11772,GR008,Wheat Flour 1kg,4,2025-01-11 21:41:00,55,1544
11772,GR001,Milk 1L,5,2025-01-11 21:41:00,60,1544
11773,GR002,Bread,7,2025-01-15 07:01:00,40,2919
11773,GR014,Tomatoes 1kg,1,2025-01-15 07:01:00,40,2919
11773,GR011,Bananas 1 dozen,1,2025-01-15 07:01:00,50,2919
11774,GR010,Yogurt 200g,1,2025-07-20 13:39:00,25,4099
11774,GR007,Tea Powder 500g,6,2025-07-20 13:39:00,140,4099
11774,GR003,Eggs Pack (12),5,2025-07-20 13:39:00,90,4099
11774,GR012,Potatoes 1kg,4,2025-07-20 13:39:00,30,4099
11774,GR001,Milk 1L,8,2025-07-20 13:39:00,60,4099
11774,GR011,Bananas 1 dozen,6,2025-07-20 13:39:00,50,4099
11775,GR003,Eggs Pack (12),7,2025-05-30 01:03:00,90,3751
11776,GR004,Basmati Rice 1kg,6,2025-02-16 00:49:00,120,1533
11776,GR007,Tea Powder 500g,6,2025-02-16 00:49:00,140,1533
11777,GR006,Sunflower Oil 1L,1,2025-07-09 19:39:00,160,1066
11777,GR003,Eggs Pack (12),7,2025-07-09 19:39:00,90,1066
11777,GR005,Sugar 1kg,6,2025-07-09 19:39:00,50,1066
11777,GR012,Potatoes 1kg,6,2025-07-09 19:39:00,30,1066
11778,GR005,Sugar 1kg,2,2025-01-21 12:39:00,50,4560
11778,GR010,Yogurt 200g,2,2025-01-21 12:39:00,25,4560
11779,GR011,Bananas 1 dozen,2,2025-05-18 04:39:00,50,4431
11780,GR015,Salt 1kg,4,2025-06-10 17:50:00,20,3875
11780,GR006,Sunflower Oil 1L,4,2025-06-10 17:50:00,160,3875
11780,GR003,Eggs Pack (12),8,2025-06-10 17:50:00,90,3875
11780,GR010,Yogurt 200g,5,2025-06-10 17:50:00,25,3875
11780,GR014,Tomatoes 1kg,3,2025-06-10 17:50:00,40,3875
11780,GR012,Potatoes 1kg,2,2025-06-10 17:50:00,30,3875
11781,GR007,Tea Powder 500g,2,2025-02-26 20:39:00,140,1020
11781,GR008,Wheat Flour 1kg,7,2025-02-26 20:39:00,55,1020
11781,GR003,Eggs Pack (12),5,2025-02-26 20:39:00,90,1020
11781,GR010,Yogurt 200g,5,2025-02-26 20:39:00,25,1020
11782,GR001,Milk 1L,1,2025-07-14 04:17:00,60,1918
11782,GR003,Eggs Pack (12),3,2025-07-14 04:17:00,90,1918
11782,GR007,Tea Powder 500g,6,2025-07-14 04:17:00,140,1918
11782,GR009,Butter 100g,8,2025-07-14 04:17:00,60,1918
11782,GR014,Tomatoes 1kg,8,2025-07-14 04:17:00,40,1918
11782,GR012,Potatoes 1kg,5,2025-07-14 04:17:00,30,1918
11783,GR009,Butter 100g,5,2025-04-30 04:01:00,60,1741
11784,GR004,Basmati Rice 1kg,7,2025-03-12 06:50:00,120,4190
11784,GR009,Butter 100g,6,2025-03-12 06:50:00,60,4190
11784,GR008,Wheat Flour 1kg,7,2025-03-12 06:50:00,55,4190
11784,GR012,Potatoes 1kg,4,2025-03-12 06:50:00,30,4190
11785,GR010,Yogurt 200g,8,2025-03-10 01:40:00,25,3749
11785,GR002,Bread,8,2025-03-10 01:40:00,40,3749
11785,GR009,Butter 100g,3,2025-03-10 01:40:00,60,3749
11785,GR003,Eggs Pack (12),8,2025-03-10 01:40:00,90,3749
11785,GR015,Salt 1kg,4,2025-03-10 01:40:00,20,3749
11785,GR007,Tea Powder 500g,6,2025-03-10 01:40:00,140,3749
11786,GR013,Onions 1kg,7,2025-03-28 14:32:00,35,1641
11787,GR001,Milk 1L,1,2025-06-22 16:50:00,60,4742
11787,GR008,Wheat Flour 1kg,2,2025-06-22 16:50:00,55,4742
11788,GR004,Basmati Rice 1kg,8,2025-06-30 04:36:00,120,1283
11788,GR011,Bananas 1 dozen,3,2025-06-30 04:36:00,50,1283
11788,GR013,Onions 1kg,7,2025-06-30 04:36:00,35,1283
11788,GR002,Bread,3,2025-06-30 04:36:00,40,1283
11789,GR014,Tomatoes 1kg,1,2025-04-09 08:03:00,40,2811
11789,GR012,Potatoes 1kg,4,2025-04-09 08:03:00,30,2811
11789,GR015,Salt 1kg,7,2025-04-09 08:03:00,20,2811
11789,GR010,Yogurt 200g,6,2025-04-09 08:03:00,25,2811
11790,GR011,Bananas 1 dozen,1,2025-05-05 17:31:00,50,4443
11790,GR006,Sunflower Oil 1L,5,2025-05-05 17:31:00,160,4443
11791,GR005,Sugar 1kg,8,2025-04-16 15:45:00,50,1741
11791,GR004,Basmati Rice 1kg,6,2025-04-16 15:45:00,120,1741
11791,GR014,Tomatoes 1kg,4,2025-04-16 15:45:00,40,1741
11791,GR012,Potatoes 1kg,6,2025-04-16 15:45:00,30,1741
11792,GR002,Bread,4,2025-02-13 01:18:00,40,2899
11792,GR012,Potatoes 1kg,8,2025-02-13 01:18:00,30,2899
11793,GR010,Yogurt 200g,6,2025-04-16 20:32:00,25,3033
11794,GR004,Basmati Rice 1kg,5,2025-06-19 09:04:00,120,3346
11795,GR005,Sugar 1kg,4,2025-04-03 02:44:00,50,2376
11795,GR013,Onions 1kg,2,2025-04-03 02:44:00,35,2376
11795,GR003,Eggs Pack (12),8,2025-04-03 02:44:00,90,2376
11795,GR015,Salt 1kg,8,2025-04-03 02:44:00,20,2376
11796,GR004,Basmati Rice 1kg,4,2025-01-21 02:16:00,120,1388
11796,GR006,Sunflower Oil 1L,7,2025-01-21 02:16:00,160,1388
11796,GR013,Onions 1kg,8,2025-01-21 02:16:00,35,1388
11796,GR012,Potatoes 1kg,4,2025-01-21 02:16:00,30,1388
11797,GR014,Tomatoes 1kg,7,2025-04-23 00:11:00,40,4173
11798,GR004,Basmati Rice 1kg,4,2025-01-06 05:18:00,120,4952
11798,GR013,Onions 1kg,8,2025-01-06 05:18:00,35,4952
11798,GR006,Sunflower Oil 1L,4,2025-01-06 05:18:00,160,4952
11798,GR011,Bananas 1 dozen,6,2025-01-06 05:18:00,50,4952
11798,GR012,Potatoes 1kg,8,2025-01-06 05:18:00,30,4952
11798,GR007,Tea Powder 500g,1,2025-01-06 05:18:00,140,4952
11799,GR011,Bananas 1 dozen,2,2025-04-13 03:32:00,50,1131
11799,GR002,Bread,7,2025-04-13 03:32:00,40,1131
11799,GR009,Butter 100g,5,2025-04-13 03:32:00,60,1131
11799,GR003,Eggs Pack (12),6,2025-04-13 03:32:00,90,1131
11799,GR001,Milk 1L,5,2025-04-13 03:32:00,60,1131
11799,GR015,Salt 1kg,3,2025-04-13 03:32:00,20,1131
11800,GR005,Sugar 1kg,3,2025-07-08 15:18:00,50,4812
11800,GR010,Yogurt 200g,4,2025-07-08 15:18:00,25,4812
11800,GR007,Tea Powder 500g,8,2025-07-08 15:18:00,140,4812
11800,GR003,Eggs Pack (12),6,2025-07-08 15:18:00,90,4812
11800,GR001,Milk 1L,5,2025-07-08 15:18:00,60,4812
11800,GR012,Potatoes 1kg,1,2025-07-08 15:18:00,30,4812
11801,GR006,Sunflower Oil 1L,4,2025-01-07 05:22:00,160,2450
11802,GR006,Sunflower Oil 1L,7,2025-05-29 15:43:00,160,1283
11803,GR003,Eggs Pack (12),5,2025-04-04 03:52:00,90,3888
11804,GR002,Bread,3,2025-04-02 07:08:00,40,2350
11804,GR003,Eggs Pack (12),2,2025-04-02 07:08:00,90,2350
11804,GR009,Butter 100g,6,2025-04-02 07:08:00,60,2350
11804,GR001,Milk 1L,8,2025-04-02 07:08:00,60,2350
11805,GR014,Tomatoes 1kg,7,2025-04-15 23:56:00,40,3831
11805,GR009,Butter 100g,8,2025-04-15 23:56:00,60,3831
11805,GR004,Basmati Rice 1kg,4,2025-04-15 23:56:00,120,3831
11805,GR013,Onions 1kg,1,2025-04-15 23:56:00,35,3831
11805,GR002,Bread,7,2025-04-15 23:56:00,40,3831
11806,GR007,Tea Powder 500g,1,2025-07-03 13:08:00,140,3498
11806,GR011,Bananas 1 dozen,6,2025-07-03 13:08:00,50,3498
11807,GR001,Milk 1L,6,2025-02-10 15:32:00,60,1217
11807,GR004,Basmati Rice 1kg,6,2025-02-10 15:32:00,120,1217
11807,GR013,Onions 1kg,4,2025-02-10 15:32:00,35,1217
11808,GR015,Salt 1kg,2,2025-04-28 00:51:00,20,3033
11808,GR012,Potatoes 1kg,6,2025-04-28 00:51:00,30,3033
11808,GR003,Eggs Pack (12),4,2025-04-28 00:51:00,90,3033
11808,GR005,Sugar 1kg,4,2025-04-28 00:51:00,50,3033
11809,GR013,Onions 1kg,3,2025-02-21 14:18:00,35,4322
11809,GR014,Tomatoes 1kg,4,2025-02-21 14:18:00,40,4322
11809,GR015,Salt 1kg,1,2025-02-21 14:18:00,20,4322
11809,GR010,Yogurt 200g,8,2025-02-21 14:18:00,25,4322
11809,GR009,Butter 100g,6,2025-02-21 14:18:00,60,4322
11809,GR007,Tea Powder 500g,7,2025-02-21 14:18:00,140,4322
11810,GR005,Sugar 1kg,5,2025-03-10 14:18:00,50,4622
11810,GR012,Potatoes 1kg,8,2025-03-10 14:18:00,30,4622
11810,GR004,Basmati Rice 1kg,4,2025-03-10 14:18:00,120,4622
11810,GR010,Yogurt 200g,1,2025-03-10 14:18:00,25,4622
11810,GR003,Eggs Pack (12),5,2025-03-10 14:18:00,90,4622
11811,GR006,Sunflower Oil 1L,7,2025-07-20 09:10:00,160,4608
11812,GR011,Bananas 1 dozen,7,2025-01-31 21:49:00,50,4520
11812,GR015,Salt 1kg,2,2025-01-31 21:49:00,20,4520
11812,GR008,Wheat Flour 1kg,2,2025-01-31 21:49:00,55,4520
11813,GR008,Wheat Flour 1kg,1,2025-06-10 22:01:00,55,2150
11813,GR014,Tomatoes 1kg,1,2025-06-10 22:01:00,40,2150
11814,GR003,Eggs Pack (12),8,2025-04-13 13:11:00,90,4697
11814,GR006,Sunflower Oil 1L,3,2025-04-13 13:11:00,160,4697
11814,GR011,Bananas 1 dozen,2,2025-04-13 13:11:00,50,4697
11815,GR012,Potatoes 1kg,3,2025-02-18 19:51:00,30,2146
11815,GR009,Butter 100g,7,2025-02-18 19:51:00,60,2146
11815,GR005,Sugar 1kg,3,2025-02-18 19:51:00,50,2146
11816,GR009,Butter 100g,5,2025-04-22 23:03:00,60,3297
11816,GR002,Bread,5,2025-04-22 23:03:00,40,3297
11816,GR013,Onions 1kg,6,2025-04-22 23:03:00,35,3297
11816,GR005,Sugar 1kg,1,2025-04-22 23:03:00,50,3297
11816,GR001,Milk 1L,1,2025-04-22 23:03:00,60,3297
11816,GR012,Potatoes 1kg,5,2025-04-22 23:03:00,30,3297
11817,GR013,Onions 1kg,3,2025-02-01 01:55:00,35,4487
11817,GR001,Milk 1L,3,2025-02-01 01:55:00,60,4487
11817,GR006,Sunflower Oil 1L,1,2025-02-01 01:55:00,160,4487
11818,GR001,Milk 1L,3,2025-05-16 04:18:00,60,3788
11819,GR002,Bread,3,2025-05-11 09:32:00,40,2345
11819,GR003,Eggs Pack (12),6,2025-05-11 09:32:00,90,2345
11819,GR007,Tea Powder 500g,5,2025-05-11 09:32:00,140,2345
11819,GR010,Yogurt 200g,2,2025-05-11 09:32:00,25,2345
11819,GR009,Butter 100g,1,2025-05-11 09:32:00,60,2345
11819,GR014,Tomatoes 1kg,8,2025-05-11 09:32:00,40,2345
11820,GR004,Basmati Rice 1kg,2,2025-01-02 19:27:00,120,3618
11820,GR005,Sugar 1kg,1,2025-01-02 19:27:00,50,3618
11820,GR013,Onions 1kg,7,2025-01-02 19:27:00,35,3618
11820,GR009,Butter 100g,7,2025-01-02 19:27:00,60,3618
11820,GR007,Tea Powder 500g,1,2025-01-02 19:27:00,140,3618
11820,GR014,Tomatoes 1kg,5,2025-01-02 19:27:00,40,3618
11821,GR005,Sugar 1kg,7,2025-05-20 23:46:00,50,2596
11822,GR009,Butter 100g,6,2025-01-21 19:29:00,60,1654
11822,GR013,Onions 1kg,4,2025-01-21 19:29:00,35,1654
11822,GR015,Salt 1kg,3,2025-01-21 19:29:00,20,1654
11823,GR005,Sugar 1kg,5,2025-02-23 08:57:00,50,4903
11823,GR007,Tea Powder 500g,4,2025-02-23 08:57:00,140,4903
11823,GR003,Eggs Pack (12),7,2025-02-23 08:57:00,90,4903
11823,GR006,Sunflower Oil 1L,5,2025-02-23 08:57:00,160,4903
11824,GR002,Bread,7,2025-01-28 14:43:00,40,4629
11824,GR007,Tea Powder 500g,5,2025-01-28 14:43:00,140,4629
11824,GR010,Yogurt 200g,2,2025-01-28 14:43:00,25,4629
11824,GR003,Eggs Pack (12),7,2025-01-28 14:43:00,90,4629
11824,GR005,Sugar 1kg,5,2025-01-28 14:43:00,50,4629
11825,GR002,Bread,5,2025-04-24 20:17:00,40,3831
11825,GR015,Salt 1kg,5,2025-04-24 20:17:00,20,3831
11825,GR006,Sunflower Oil 1L,4,2025-04-24 20:17:00,160,3831
11825,GR007,Tea Powder 500g,3,2025-04-24 20:17:00,140,3831
11826,GR011,Bananas 1 dozen,3,2025-06-08 08:13:00,50,3264
11827,GR011,Bananas 1 dozen,7,2025-03-31 06:13:00,50,2150
11827,GR012,Potatoes 1kg,6,2025-03-31 06:13:00,30,2150
11827,GR010,Yogurt 200g,5,2025-03-31 06:13:00,25,2150
11828,GR014,Tomatoes 1kg,2,2025-07-15 18:20:00,40,2114
11828,GR007,Tea Powder 500g,1,2025-07-15 18:20:00,140,2114
11828,GR012,Potatoes 1kg,6,2025-07-15 18:20:00,30,2114
11828,GR005,Sugar 1kg,4,2025-07-15 18:20:00,50,2114
11828,GR006,Sunflower Oil 1L,2,2025-07-15 18:20:00,160,2114
11828,GR008,Wheat Flour 1kg,4,2025-07-15 18:20:00,55,2114
11829,GR002,Bread,1,2025-02-15 00:09:00,40,4443
11829,GR006,Sunflower Oil 1L,3,2025-02-15 00:09:00,160,4443
11829,GR004,Basmati Rice 1kg,1,2025-02-15 00:09:00,120,4443
11829,GR009,Butter 100g,6,2025-02-15 00:09:00,60,4443
11830,GR007,Tea Powder 500g,3,2025-01-01 01:11:00,140,3498
11830,GR014,Tomatoes 1kg,8,2025-01-01 01:11:00,40,3498
11830,GR015,Salt 1kg,3,2025-01-01 01:11:00,20,3498
11830,GR013,Onions 1kg,3,2025-01-01 01:11:00,35,3498
11831,GR009,Butter 100g,5,2025-04-27 12:43:00,60,1766
11831,GR005,Sugar 1kg,4,2025-04-27 12:43:00,50,1766
11831,GR004,Basmati Rice 1kg,5,2025-04-27 12:43:00,120,1766
11831,GR013,Onions 1kg,3,2025-04-27 12:43:00,35,1766
11832,GR004,Basmati Rice 1kg,4,2025-01-14 06:03:00,120,4300
11832,GR002,Bread,5,2025-01-14 06:03:00,40,4300
11832,GR011,Bananas 1 dozen,7,2025-01-14 06:03:00,50,4300
11832,GR007,Tea Powder 500g,3,2025-01-14 06:03:00,140,4300
11832,GR009,Butter 100g,5,2025-01-14 06:03:00,60,4300
11833,GR015,Salt 1kg,1,2025-05-25 02:35:00,20,1410
11833,GR003,Eggs Pack (12),5,2025-05-25 02:35:00,90,1410
11834,GR008,Wheat Flour 1kg,1,2025-07-08 21:35:00,55,3828
11834,GR003,Eggs Pack (12),2,2025-07-08 21:35:00,90,3828
11834,GR002,Bread,5,2025-07-08 21:35:00,40,3828
11835,GR005,Sugar 1kg,7,2025-07-19 00:03:00,50,4336
11835,GR010,Yogurt 200g,1,2025-07-19 00:03:00,25,4336
11835,GR007,Tea Powder 500g,2,2025-07-19 00:03:00,140,4336
11835,GR009,Butter 100g,5,2025-07-19 00:03:00,60,4336
11835,GR006,Sunflower Oil 1L,5,2025-07-19 00:03:00,160,4336
11835,GR008,Wheat Flour 1kg,3,2025-07-19 00:03:00,55,4336
11836,GR004,Basmati Rice 1kg,7,2025-04-25 14:51:00,120,1035
11836,GR006,Sunflower Oil 1L,5,2025-04-25 14:51:00,160,1035
11836,GR003,Eggs Pack (12),8,2025-04-25 14:51:00,90,1035
11836,GR002,Bread,1,2025-04-25 14:51:00,40,1035
11837,GR005,Sugar 1kg,1,2025-01-02 20:52:00,50,4742
11837,GR006,Sunflower Oil 1L,4,2025-01-02 20:52:00,160,4742
11837,GR004,Basmati Rice 1kg,1,2025-01-02 20:52:00,120,4742
11837,GR014,Tomatoes 1kg,6,2025-01-02 20:52:00,40,4742
11837,GR007,Tea Powder 500g,1,2025-01-02 20:52:00,140,4742
11837,GR010,Yogurt 200g,4,2025-01-02 20:52:00,25,4742
11838,GR005,Sugar 1kg,5,2025-03-06 20:13:00,50,3112
11838,GR007,Tea Powder 500g,5,2025-03-06 20:13:00,140,3112
11838,GR010,Yogurt 200g,1,2025-03-06 20:13:00,25,3112
11839,GR001,Milk 1L,5,2025-01-15 18:46:00,60,4693
11839,GR002,Bread,7,2025-01-15 18:46:00,40,4693
11839,GR009,Butter 100g,4,2025-01-15 18:46:00,60,4693
11840,GR004,Basmati Rice 1kg,6,2025-04-09 22:06:00,120,4420
11840,GR010,Yogurt 200g,5,2025-04-09 22:06:00,25,4420
11840,GR011,Bananas 1 dozen,2,2025-04-09 22:06:00,50,4420
11840,GR015,Salt 1kg,2,2025-04-09 22:06:00,20,4420
11840,GR013,Onions 1kg,1,2025-04-09 22:06:00,35,4420
11841,GR012,Potatoes 1kg,6,2025-05-31 03:39:00,30,4523
11841,GR007,Tea Powder 500g,3,2025-05-31 03:39:00,140,4523
11842,GR005,Sugar 1kg,3,2025-02-10 15:52:00,50,1389
11842,GR010,Yogurt 200g,4,2025-02-10 15:52:00,25,1389
11842,GR015,Salt 1kg,8,2025-02-10 15:52:00,20,1389
11843,GR011,Bananas 1 dozen,7,2025-01-05 22:10:00,50,1662
11843,GR014,Tomatoes 1kg,6,2025-01-05 22:10:00,40,1662
11843,GR007,Tea Powder 500g,8,2025-01-05 22:10:00,140,1662
11844,GR008,Wheat Flour 1kg,5,2025-05-26 03:04:00,55,4210
11844,GR001,Milk 1L,8,2025-05-26 03:04:00,60,4210
11844,GR010,Yogurt 200g,5,2025-05-26 03:04:00,25,4210
11844,GR012,Potatoes 1kg,7,2025-05-26 03:04:00,30,4210
11845,GR007,Tea Powder 500g,5,2025-01-24 19:25:00,140,3346
11845,GR013,Onions 1kg,8,2025-01-24 19:25:00,35,3346
11845,GR015,Salt 1kg,4,2025-01-24 19:25:00,20,3346
11845,GR011,Bananas 1 dozen,6,2025-01-24 19:25:00,50,3346
11845,GR008,Wheat Flour 1kg,4,2025-01-24 19:25:00,55,3346
11845,GR003,Eggs Pack (12),5,2025-01-24 19:25:00,90,3346
11846,GR010,Yogurt 200g,3,2025-01-19 19:57:00,25,1388
11846,GR008,Wheat Flour 1kg,6,2025-01-19 19:57:00,55,1388
11846,GR003,Eggs Pack (12),6,2025-01-19 19:57:00,90,1388
11846,GR014,Tomatoes 1kg,4,2025-01-19 19:57:00,40,1388
11846,GR009,Butter 100g,8,2025-01-19 19:57:00,60,1388
11847,GR011,Bananas 1 dozen,7,2025-04-12 02:46:00,50,1365
11847,GR003,Eggs Pack (12),7,2025-04-12 02:46:00,90,1365
11847,GR013,Onions 1kg,5,2025-04-12 02:46:00,35,1365
11847,GR009,Butter 100g,5,2025-04-12 02:46:00,60,1365
11847,GR002,Bread,7,2025-04-12 02:46:00,40,1365
11847,GR006,Sunflower Oil 1L,3,2025-04-12 02:46:00,160,1365
11848,GR015,Salt 1kg,7,2025-02-05 16:15:00,20,3018
11848,GR004,Basmati Rice 1kg,7,2025-02-05 16:15:00,120,3018
11848,GR008,Wheat Flour 1kg,1,2025-02-05 16:15:00,55,3018
11848,GR011,Bananas 1 dozen,5,2025-02-05 16:15:00,50,3018
11848,GR002,Bread,5,2025-02-05 16:15:00,40,3018
11848,GR005,Sugar 1kg,5,2025-02-05 16:15:00,50,3018
11849,GR002,Bread,4,2025-03-21 07:41:00,40,2730
11849,GR012,Potatoes 1kg,5,2025-03-21 07:41:00,30,2730
11849,GR010,Yogurt 200g,2,2025-03-21 07:41:00,25,2730
11849,GR005,Sugar 1kg,6,2025-03-21 07:41:00,50,2730
11849,GR007,Tea Powder 500g,4,2025-03-21 07:41:00,140,2730
11850,GR003,Eggs Pack (12),4,2025-06-26 03:00:00,90,2588
11850,GR015,Salt 1kg,8,2025-06-26 03:00:00,20,2588
11850,GR006,Sunflower Oil 1L,8,2025-06-26 03:00:00,160,2588
11850,GR011,Bananas 1 dozen,5,2025-06-26 03:00:00,50,2588
11850,GR004,Basmati Rice 1kg,3,2025-06-26 03:00:00,120,2588
11851,GR010,Yogurt 200g,6,2025-01-04 21:47:00,25,2376
11852,GR006,Sunflower Oil 1L,3,2025-03-20 11:35:00,160,3112
11852,GR013,Onions 1kg,2,2025-03-20 11:35:00,35,3112
11852,GR010,Yogurt 200g,8,2025-03-20 11:35:00,25,3112
11852,GR015,Salt 1kg,8,2025-03-20 11:35:00,20,3112
11852,GR011,Bananas 1 dozen,5,2025-03-20 11:35:00,50,3112
11853,GR008,Wheat Flour 1kg,3,2025-07-16 01:18:00,55,1662
11853,GR002,Bread,1,2025-07-16 01:18:00,40,1662
11853,GR007,Tea Powder 500g,4,2025-07-16 01:18:00,140,1662
11853,GR001,Milk 1L,3,2025-07-16 01:18:00,60,1662
11854,GR010,Yogurt 200g,2,2025-01-07 16:07:00,25,3612
11854,GR008,Wheat Flour 1kg,2,2025-01-07 16:07:00,55,3612
11854,GR015,Salt 1kg,5,2025-01-07 16:07:00,20,3612
11855,GR004,Basmati Rice 1kg,8,2025-04-15 02:30:00,120,1389
11856,GR003,Eggs Pack (12),6,2025-06-16 10:43:00,90,4548
11856,GR014,Tomatoes 1kg,5,2025-06-16 10:43:00,40,4548
11856,GR006,Sunflower Oil 1L,5,2025-06-16 10:43:00,160,4548
11857,GR004,Basmati Rice 1kg,7,2025-02-16 18:55:00,120,2086
11857,GR007,Tea Powder 500g,6,2025-02-16 18:55:00,140,2086
11857,GR015,Salt 1kg,4,2025-02-16 18:55:00,20,2086
11857,GR001,Milk 1L,6,2025-02-16 18:55:00,60,2086
11857,GR013,Onions 1kg,7,2025-02-16 18:55:00,35,2086
11857,GR014,Tomatoes 1kg,3,2025-02-16 18:55:00,40,2086
11858,GR013,Onions 1kg,7,2025-05-05 16:16:00,35,2635
11858,GR007,Tea Powder 500g,1,2025-05-05 16:16:00,140,2635
11859,GR010,Yogurt 200g,2,2025-01-04 06:06:00,25,3968
11860,GR013,Onions 1kg,3,2025-06-06 10:37:00,35,4181
11861,GR012,Potatoes 1kg,4,2025-07-11 12:20:00,30,4477
11861,GR006,Sunflower Oil 1L,7,2025-07-11 12:20:00,160,4477
11861,GR001,Milk 1L,2,2025-07-11 12:20:00,60,4477
11861,GR011,Bananas 1 dozen,3,2025-07-11 12:20:00,50,4477
11861,GR013,Onions 1kg,5,2025-07-11 12:20:00,35,4477
11862,GR007,Tea Powder 500g,5,2025-04-28 04:06:00,140,3500
11862,GR008,Wheat Flour 1kg,7,2025-04-28 04:06:00,55,3500
11862,GR006,Sunflower Oil 1L,7,2025-04-28 04:06:00,160,3500
11863,GR012,Potatoes 1kg,7,2025-05-11 11:14:00,30,2054
11863,GR007,Tea Powder 500g,1,2025-05-11 11:14:00,140,2054
11863,GR013,Onions 1kg,4,2025-05-11 11:14:00,35,2054
11863,GR003,Eggs Pack (12),3,2025-05-11 11:14:00,90,2054
11863,GR004,Basmati Rice 1kg,8,2025-05-11 11:14:00,120,2054
11863,GR009,Butter 100g,1,2025-05-11 11:14:00,60,2054
11864,GR007,Tea Powder 500g,4,2025-06-15 11:20:00,140,4903
11864,GR003,Eggs Pack (12),5,2025-06-15 11:20:00,90,4903
11864,GR002,Bread,8,2025-06-15 11:20:00,40,4903
11865,GR005,Sugar 1kg,6,2025-03-21 02:04:00,50,4821
11865,GR007,Tea Powder 500g,5,2025-03-21 02:04:00,140,4821
11865,GR015,Salt 1kg,5,2025-03-21 02:04:00,20,4821
11865,GR001,Milk 1L,6,2025-03-21 02:04:00,60,4821
11865,GR006,Sunflower Oil 1L,6,2025-03-21 02:04:00,160,4821
11865,GR010,Yogurt 200g,3,2025-03-21 02:04:00,25,4821
11866,GR012,Potatoes 1kg,5,2025-02-21 03:33:00,30,4717
11866,GR001,Milk 1L,5,2025-02-21 03:33:00,60,4717
11867,GR010,Yogurt 200g,8,2025-01-22 04:55:00,25,1603
11867,GR003,Eggs Pack (12),2,2025-01-22 04:55:00,90,1603
11868,GR015,Salt 1kg,3,2025-04-21 03:30:00,20,3612
11868,GR011,Bananas 1 dozen,8,2025-04-21 03:30:00,50,3612
11868,GR005,Sugar 1kg,7,2025-04-21 03:30:00,50,3612
11869,GR011,Bananas 1 dozen,1,2025-03-05 20:28:00,50,3274
11869,GR005,Sugar 1kg,2,2025-03-05 20:28:00,50,3274
11869,GR007,Tea Powder 500g,4,2025-03-05 20:28:00,140,3274
11869,GR003,Eggs Pack (12),6,2025-03-05 20:28:00,90,3274
11869,GR009,Butter 100g,7,2025-03-05 20:28:00,60,3274
11869,GR013,Onions 1kg,3,2025-03-05 20:28:00,35,3274
11870,GR001,Milk 1L,4,2025-03-28 10:39:00,60,4629
11871,GR010,Yogurt 200g,3,2025-04-06 17:23:00,25,2146
11871,GR011,Bananas 1 dozen,2,2025-04-06 17:23:00,50,2146
11871,GR015,Salt 1kg,8,2025-04-06 17:23:00,20,2146
11871,GR008,Wheat Flour 1kg,8,2025-04-06 17:23:00,55,2146
11871,GR003,Eggs Pack (12),3,2025-04-06 17:23:00,90,2146
11871,GR013,Onions 1kg,7,2025-04-06 17:23:00,35,2146
11872,GR011,Bananas 1 dozen,7,2025-02-17 08:58:00,50,2465
11872,GR009,Butter 100g,5,2025-02-17 08:58:00,60,2465
11872,GR007,Tea Powder 500g,4,2025-02-17 08:58:00,140,2465
11873,GR014,Tomatoes 1kg,3,2025-05-23 04:47:00,40,3180
11873,GR001,Milk 1L,4,2025-05-23 04:47:00,60,3180
11873,GR005,Sugar 1kg,2,2025-05-23 04:47:00,50,3180
11873,GR003,Eggs Pack (12),5,2025-05-23 04:47:00,90,3180
11873,GR004,Basmati Rice 1kg,8,2025-05-23 04:47:00,120,3180
11873,GR006,Sunflower Oil 1L,7,2025-05-23 04:47:00,160,3180
11874,GR008,Wheat Flour 1kg,1,2025-02-06 01:09:00,55,1839
11874,GR004,Basmati Rice 1kg,6,2025-02-06 01:09:00,120,1839
11875,GR002,Bread,3,2025-02-18 14:51:00,40,2607
11875,GR014,Tomatoes 1kg,3,2025-02-18 14:51:00,40,2607
11875,GR003,Eggs Pack (12),4,2025-02-18 14:51:00,90,2607
11875,GR015,Salt 1kg,8,2025-02-18 14:51:00,20,2607
11875,GR009,Butter 100g,2,2025-02-18 14:51:00,60,2607
11876,GR010,Yogurt 200g,8,2025-02-07 00:59:00,25,2465
11876,GR015,Salt 1kg,7,2025-02-07 00:59:00,20,2465
11876,GR012,Potatoes 1kg,8,2025-02-07 00:59:00,30,2465
11876,GR002,Bread,2,2025-02-07 00:59:00,40,2465
11876,GR003,Eggs Pack (12),8,2025-02-07 00:59:00,90,2465
11877,GR015,Salt 1kg,2,2025-02-17 02:15:00,20,3346
11877,GR005,Sugar 1kg,8,2025-02-17 02:15:00,50,3346
11877,GR001,Milk 1L,3,2025-02-17 02:15:00,60,3346
11877,GR009,Butter 100g,4,2025-02-17 02:15:00,60,3346
11877,GR002,Bread,8,2025-02-17 02:15:00,40,3346
11878,GR003,Eggs Pack (12),6,2025-07-10 12:38:00,90,3968
11878,GR010,Yogurt 200g,1,2025-07-10 12:38:00,25,3968
11879,GR003,Eggs Pack (12),4,2025-01-23 07:33:00,90,4178
11879,GR014,Tomatoes 1kg,6,2025-01-23 07:33:00,40,4178
11879,GR012,Potatoes 1kg,3,2025-01-23 07:33:00,30,4178
11879,GR005,Sugar 1kg,6,2025-01-23 07:33:00,50,4178
11879,GR009,Butter 100g,1,2025-01-23 07:33:00,60,4178
11880,GR004,Basmati Rice 1kg,7,2025-06-15 11:23:00,120,1029
11880,GR006,Sunflower Oil 1L,4,2025-06-15 11:23:00,160,1029
11880,GR003,Eggs Pack (12),6,2025-06-15 11:23:00,90,1029
11880,GR015,Salt 1kg,8,2025-06-15 11:23:00,20,1029
11881,GR013,Onions 1kg,8,2025-01-18 14:10:00,35,2733
11882,GR009,Butter 100g,4,2025-03-18 23:54:00,60,4337
11882,GR008,Wheat Flour 1kg,1,2025-03-18 23:54:00,55,4337
11882,GR003,Eggs Pack (12),8,2025-03-18 23:54:00,90,4337
11882,GR012,Potatoes 1kg,7,2025-03-18 23:54:00,30,4337
11882,GR006,Sunflower Oil 1L,2,2025-03-18 23:54:00,160,4337
11883,GR009,Butter 100g,6,2025-02-15 04:41:00,60,4851
11883,GR003,Eggs Pack (12),7,2025-02-15 04:41:00,90,4851
11883,GR002,Bread,5,2025-02-15 04:41:00,40,4851
11884,GR010,Yogurt 200g,4,2025-04-14 10:21:00,25,4948
11884,GR002,Bread,8,2025-04-14 10:21:00,40,4948
11884,GR001,Milk 1L,1,2025-04-14 10:21:00,60,4948
11884,GR008,Wheat Flour 1kg,7,2025-04-14 10:21:00,55,4948
11884,GR012,Potatoes 1kg,1,2025-04-14 10:21:00,30,4948
11885,GR011,Bananas 1 dozen,8,2025-01-09 18:00:00,50,2368
11885,GR004,Basmati Rice 1kg,5,2025-01-09 18:00:00,120,2368
11885,GR009,Butter 100g,7,2025-01-09 18:00:00,60,2368
11886,GR004,Basmati Rice 1kg,1,2025-03-08 02:55:00,120,4420
11886,GR003,Eggs Pack (12),5,2025-03-08 02:55:00,90,4420
11886,GR014,Tomatoes 1kg,5,2025-03-08 02:55:00,40,4420
11886,GR001,Milk 1L,1,2025-03-08 02:55:00,60,4420
11886,GR015,Salt 1kg,2,2025-03-08 02:55:00,20,4420
11886,GR007,Tea Powder 500g,5,2025-03-08 02:55:00,140,4420
11887,GR001,Milk 1L,1,2025-01-02 12:08:00,60,1768
11888,GR011,Bananas 1 dozen,8,2025-07-20 17:20:00,50,3681
11888,GR005,Sugar 1kg,2,2025-07-20 17:20:00,50,3681
11888,GR013,Onions 1kg,1,2025-07-20 17:20:00,35,3681
11889,GR001,Milk 1L,5,2025-03-31 04:41:00,60,4548
11889,GR009,Butter 100g,5,2025-03-31 04:41:00,60,4548
11889,GR006,Sunflower Oil 1L,8,2025-03-31 04:41:00,160,4548
11889,GR011,Bananas 1 dozen,4,2025-03-31 04:41:00,50,4548
11889,GR015,Salt 1kg,2,2025-03-31 04:41:00,20,4548
11890,GR015,Salt 1kg,8,2025-05-11 07:18:00,20,1702
11890,GR004,Basmati Rice 1kg,6,2025-05-11 07:18:00,120,1702
11891,GR007,Tea Powder 500g,7,2025-06-28 13:07:00,140,2607
11891,GR010,Yogurt 200g,6,2025-06-28 13:07:00,25,2607
11891,GR013,Onions 1kg,5,2025-06-28 13:07:00,35,2607
11891,GR009,Butter 100g,4,2025-06-28 13:07:00,60,2607
11891,GR014,Tomatoes 1kg,6,2025-06-28 13:07:00,40,2607
11891,GR002,Bread,4,2025-06-28 13:07:00,40,2607
11892,GR015,Salt 1kg,1,2025-07-12 19:50:00,20,3144
11892,GR002,Bread,2,2025-07-12 19:50:00,40,3144
11892,GR011,Bananas 1 dozen,2,2025-07-12 19:50:00,50,3144
11892,GR004,Basmati Rice 1kg,6,2025-07-12 19:50:00,120,3144
11892,GR006,Sunflower Oil 1L,7,2025-07-12 19:50:00,160,3144
11892,GR014,Tomatoes 1kg,6,2025-07-12 19:50:00,40,3144
11893,GR002,Bread,7,2025-01-13 03:37:00,40,1846
11893,GR009,Butter 100g,6,2025-01-13 03:37:00,60,1846
11894,GR010,Yogurt 200g,7,2025-04-11 22:45:00,25,1389
11894,GR013,Onions 1kg,4,2025-04-11 22:45:00,35,1389
11894,GR014,Tomatoes 1kg,7,2025-04-11 22:45:00,40,1389
11894,GR006,Sunflower Oil 1L,8,2025-04-11 22:45:00,160,1389
11894,GR003,Eggs Pack (12),6,2025-04-11 22:45:00,90,1389
11895,GR007,Tea Powder 500g,1,2025-01-12 16:14:00,140,3018
11895,GR012,Potatoes 1kg,7,2025-01-12 16:14:00,30,3018
11895,GR006,Sunflower Oil 1L,2,2025-01-12 16:14:00,160,3018
11895,GR004,Basmati Rice 1kg,4,2025-01-12 16:14:00,120,3018
11896,GR011,Bananas 1 dozen,1,2025-05-07 22:04:00,50,3513
11896,GR008,Wheat Flour 1kg,1,2025-05-07 22:04:00,55,3513
11896,GR007,Tea Powder 500g,5,2025-05-07 22:04:00,140,3513
11896,GR012,Potatoes 1kg,1,2025-05-07 22:04:00,30,3513
11896,GR014,Tomatoes 1kg,5,2025-05-07 22:04:00,40,3513
11896,GR006,Sunflower Oil 1L,6,2025-05-07 22:04:00,160,3513
11897,GR013,Onions 1kg,4,2025-05-13 09:45:00,35,2456
11897,GR001,Milk 1L,6,2025-05-13 09:45:00,60,2456
11897,GR004,Basmati Rice 1kg,4,2025-05-13 09:45:00,120,2456
11897,GR008,Wheat Flour 1kg,3,2025-05-13 09:45:00,55,2456
11897,GR006,Sunflower Oil 1L,7,2025-05-13 09:45:00,160,2456
11897,GR012,Potatoes 1kg,5,2025-05-13 09:45:00,30,2456
11898,GR004,Basmati Rice 1kg,1,2025-01-05 07:00:00,120,2350
11898,GR011,Bananas 1 dozen,2,2025-01-05 07:00:00,50,2350
11899,GR003,Eggs Pack (12),2,2025-06-12 15:42:00,90,2040
11899,GR015,Salt 1kg,8,2025-06-12 15:42:00,20,2040
11899,GR001,Milk 1L,3,2025-06-12 15:42:00,60,2040
11899,GR011,Bananas 1 dozen,3,2025-06-12 15:42:00,50,2040
11900,GR001,Milk 1L,5,2025-07-11 22:29:00,60,1035
11900,GR010,Yogurt 200g,3,2025-07-11 22:29:00,25,1035
11900,GR011,Bananas 1 dozen,7,2025-07-11 22:29:00,50,1035
11901,GR010,Yogurt 200g,7,2025-03-09 20:48:00,25,3648
11902,GR015,Salt 1kg,6,2025-03-09 14:49:00,20,3468
11903,GR015,Salt 1kg,2,2025-03-01 04:18:00,20,1125
11903,GR011,Bananas 1 dozen,4,2025-03-01 04:18:00,50,1125
11903,GR012,Potatoes 1kg,5,2025-03-01 04:18:00,30,1125
11903,GR013,Onions 1kg,7,2025-03-01 04:18:00,35,1125
11903,GR014,Tomatoes 1kg,8,2025-03-01 04:18:00,40,1125
11903,GR003,Eggs Pack (12),6,2025-03-01 04:18:00,90,1125
11904,GR013,Onions 1kg,7,2025-04-30 16:11:00,35,1283
11904,GR003,Eggs Pack (12),3,2025-04-30 16:11:00,90,1283
11904,GR009,Butter 100g,6,2025-04-30 16:11:00,60,1283
11904,GR004,Basmati Rice 1kg,7,2025-04-30 16:11:00,120,1283
11905,GR007,Tea Powder 500g,6,2025-04-28 04:19:00,140,2635
11905,GR001,Milk 1L,3,2025-04-28 04:19:00,60,2635
11905,GR003,Eggs Pack (12),8,2025-04-28 04:19:00,90,2635
11906,GR006,Sunflower Oil 1L,8,2025-01-18 03:19:00,160,1365
11906,GR004,Basmati Rice 1kg,5,2025-01-18 03:19:00,120,1365
11907,GR002,Bread,8,2025-05-17 18:13:00,40,4431
11907,GR004,Basmati Rice 1kg,6,2025-05-17 18:13:00,120,4431
11907,GR010,Yogurt 200g,5,2025-05-17 18:13:00,25,4431
11908,GR015,Salt 1kg,8,2025-05-16 17:22:00,20,1662
11908,GR005,Sugar 1kg,3,2025-05-16 17:22:00,50,1662
11908,GR013,Onions 1kg,7,2025-05-16 17:22:00,35,1662
11909,GR006,Sunflower Oil 1L,5,2025-05-06 19:09:00,160,3685
11909,GR002,Bread,3,2025-05-06 19:09:00,40,3685
11909,GR010,Yogurt 200g,5,2025-05-06 19:09:00,25,3685
11909,GR005,Sugar 1kg,4,2025-05-06 19:09:00,50,3685
11909,GR012,Potatoes 1kg,1,2025-05-06 19:09:00,30,3685
11909,GR007,Tea Powder 500g,5,2025-05-06 19:09:00,140,3685
11910,GR011,Bananas 1 dozen,3,2025-04-28 13:28:00,50,1958
11910,GR002,Bread,4,2025-04-28 13:28:00,40,1958
11910,GR009,Butter 100g,2,2025-04-28 13:28:00,60,1958
11910,GR014,Tomatoes 1kg,5,2025-04-28 13:28:00,40,1958
11911,GR006,Sunflower Oil 1L,4,2025-02-10 09:54:00,160,4036
11911,GR002,Bread,8,2025-02-10 09:54:00,40,4036
11911,GR015,Salt 1kg,8,2025-02-10 09:54:00,20,4036
11912,GR013,Onions 1kg,8,2025-02-15 18:46:00,35,2211
11912,GR008,Wheat Flour 1kg,1,2025-02-15 18:46:00,55,2211
11912,GR009,Butter 100g,5,2025-02-15 18:46:00,60,2211
11913,GR010,Yogurt 200g,8,2025-05-29 19:50:00,25,2635
11914,GR011,Bananas 1 dozen,2,2025-01-15 00:01:00,50,4680
11914,GR001,Milk 1L,7,2025-01-15 00:01:00,60,4680
11915,GR010,Yogurt 200g,1,2025-03-17 05:35:00,25,3319
11915,GR014,Tomatoes 1kg,1,2025-03-17 05:35:00,40,3319
11916,GR009,Butter 100g,2,2025-03-29 13:31:00,60,2362
11916,GR012,Potatoes 1kg,4,2025-03-29 13:31:00,30,2362
11917,GR004,Basmati Rice 1kg,2,2025-02-06 05:11:00,120,1839
11917,GR013,Onions 1kg,8,2025-02-06 05:11:00,35,1839
11918,GR015,Salt 1kg,6,2025-01-16 02:51:00,20,1182
11918,GR003,Eggs Pack (12),3,2025-01-16 02:51:00,90,1182
11918,GR007,Tea Powder 500g,2,2025-01-16 02:51:00,140,1182
11918,GR006,Sunflower Oil 1L,2,2025-01-16 02:51:00,160,1182
11919,GR014,Tomatoes 1kg,7,2025-06-29 12:11:00,40,1523
11919,GR007,Tea Powder 500g,8,2025-06-29 12:11:00,140,1523
11919,GR015,Salt 1kg,6,2025-06-29 12:11:00,20,1523
11919,GR009,Butter 100g,2,2025-06-29 12:11:00,60,1523
11920,GR001,Milk 1L,2,2025-07-19 17:07:00,60,2053
11921,GR004,Basmati Rice 1kg,4,2025-07-19 08:18:00,120,2981
11921,GR013,Onions 1kg,6,2025-07-19 08:18:00,35,2981
11921,GR009,Butter 100g,6,2025-07-19 08:18:00,60,2981
11921,GR015,Salt 1kg,1,2025-07-19 08:18:00,20,2981
11921,GR003,Eggs Pack (12),1,2025-07-19 08:18:00,90,2981
11921,GR007,Tea Powder 500g,2,2025-07-19 08:18:00,140,2981
11922,GR007,Tea Powder 500g,5,2025-03-25 04:48:00,140,1766
11922,GR015,Salt 1kg,3,2025-03-25 04:48:00,20,1766
11922,GR004,Basmati Rice 1kg,3,2025-03-25 04:48:00,120,1766
11922,GR006,Sunflower Oil 1L,4,2025-03-25 04:48:00,160,1766
11922,GR012,Potatoes 1kg,6,2025-03-25 04:48:00,30,1766
11922,GR010,Yogurt 200g,2,2025-03-25 04:48:00,25,1766
11923,GR007,Tea Powder 500g,1,2025-04-04 17:45:00,140,3315
11924,GR011,Bananas 1 dozen,2,2025-01-27 09:55:00,50,3225
11924,GR006,Sunflower Oil 1L,2,2025-01-27 09:55:00,160,3225
11924,GR013,Onions 1kg,4,2025-01-27 09:55:00,35,3225
11924,GR007,Tea Powder 500g,1,2025-01-27 09:55:00,140,3225
11924,GR003,Eggs Pack (12),5,2025-01-27 09:55:00,90,3225
11925,GR010,Yogurt 200g,2,2025-01-04 07:19:00,25,4491
11925,GR002,Bread,6,2025-01-04 07:19:00,40,4491
11926,GR014,Tomatoes 1kg,1,2025-01-01 04:38:00,40,3454
11926,GR005,Sugar 1kg,7,2025-01-01 04:38:00,50,3454
11927,GR014,Tomatoes 1kg,2,2025-05-07 12:24:00,40,1741
11928,GR005,Sugar 1kg,1,2025-06-08 11:42:00,50,1544
11928,GR013,Onions 1kg,7,2025-06-08 11:42:00,35,1544
11928,GR003,Eggs Pack (12),1,2025-06-08 11:42:00,90,1544
11928,GR014,Tomatoes 1kg,8,2025-06-08 11:42:00,40,1544
11928,GR011,Bananas 1 dozen,4,2025-06-08 11:42:00,50,1544
11928,GR004,Basmati Rice 1kg,4,2025-06-08 11:42:00,120,1544
11929,GR006,Sunflower Oil 1L,8,2025-07-11 12:35:00,160,2040
11929,GR003,Eggs Pack (12),6,2025-07-11 12:35:00,90,2040
11930,GR012,Potatoes 1kg,1,2025-05-03 23:11:00,30,4217
11931,GR015,Salt 1kg,4,2025-05-06 12:18:00,20,4629
11931,GR013,Onions 1kg,4,2025-05-06 12:18:00,35,4629
11931,GR011,Bananas 1 dozen,4,2025-05-06 12:18:00,50,4629
11931,GR004,Basmati Rice 1kg,3,2025-05-06 12:18:00,120,4629
11931,GR009,Butter 100g,1,2025-05-06 12:18:00,60,4629
11931,GR010,Yogurt 200g,1,2025-05-06 12:18:00,25,4629
11932,GR014,Tomatoes 1kg,2,2025-05-20 06:57:00,40,3283
11932,GR002,Bread,5,2025-05-20 06:57:00,40,3283
11932,GR008,Wheat Flour 1kg,3,2025-05-20 06:57:00,55,3283
11932,GR006,Sunflower Oil 1L,2,2025-05-20 06:57:00,160,3283
11932,GR001,Milk 1L,5,2025-05-20 06:57:00,60,3283
11933,GR005,Sugar 1kg,1,2025-04-05 12:40:00,50,2287
11933,GR002,Bread,3,2025-04-05 12:40:00,40,2287
11933,GR006,Sunflower Oil 1L,8,2025-04-05 12:40:00,160,2287
11934,GR013,Onions 1kg,4,2025-07-20 04:32:00,35,1761
11934,GR011,Bananas 1 dozen,2,2025-07-20 04:32:00,50,1761
11934,GR015,Salt 1kg,4,2025-07-20 04:32:00,20,1761
11934,GR003,Eggs Pack (12),4,2025-07-20 04:32:00,90,1761
11935,GR001,Milk 1L,2,2025-06-17 19:06:00,60,4174
11936,GR003,Eggs Pack (12),4,2025-04-14 02:52:00,90,1388
11936,GR015,Salt 1kg,2,2025-04-14 02:52:00,20,1388
11936,GR008,Wheat Flour 1kg,8,2025-04-14 02:52:00,55,1388
11936,GR004,Basmati Rice 1kg,6,2025-04-14 02:52:00,120,1388
11937,GR001,Milk 1L,4,2025-02-01 02:32:00,60,4657
11937,GR006,Sunflower Oil 1L,1,2025-02-01 02:32:00,160,4657
11937,GR010,Yogurt 200g,7,2025-02-01 02:32:00,25,4657
11937,GR015,Salt 1kg,8,2025-02-01 02:32:00,20,4657
11938,GR010,Yogurt 200g,5,2025-07-20 02:07:00,25,2259
11938,GR007,Tea Powder 500g,6,2025-07-20 02:07:00,140,2259
11938,GR014,Tomatoes 1kg,2,2025-07-20 02:07:00,40,2259
11938,GR001,Milk 1L,3,2025-07-20 02:07:00,60,2259
11938,GR003,Eggs Pack (12),2,2025-07-20 02:07:00,90,2259
11938,GR011,Bananas 1 dozen,8,2025-07-20 02:07:00,50,2259
11939,GR014,Tomatoes 1kg,4,2025-01-25 03:53:00,40,2811
11939,GR013,Onions 1kg,7,2025-01-25 03:53:00,35,2811
11939,GR008,Wheat Flour 1kg,8,2025-01-25 03:53:00,55,2811
11939,GR006,Sunflower Oil 1L,1,2025-01-25 03:53:00,160,2811
11939,GR007,Tea Powder 500g,5,2025-01-25 03:53:00,140,2811
11940,GR002,Bread,8,2025-05-02 05:37:00,40,1447
11940,GR009,Butter 100g,8,2025-05-02 05:37:00,60,1447
11941,GR002,Bread,7,2025-04-09 23:08:00,40,2457
11941,GR013,Onions 1kg,7,2025-04-09 23:08:00,35,2457
11942,GR005,Sugar 1kg,2,2025-07-18 02:08:00,50,3274
11942,GR009,Butter 100g,8,2025-07-18 02:08:00,60,3274
11942,GR010,Yogurt 200g,2,2025-07-18 02:08:00,25,3274
11942,GR006,Sunflower Oil 1L,8,2025-07-18 02:08:00,160,3274
11943,GR010,Yogurt 200g,4,2025-04-14 08:21:00,25,1493
11944,GR003,Eggs Pack (12),5,2025-01-29 02:18:00,90,4608
11945,GR012,Potatoes 1kg,2,2025-03-02 19:36:00,30,3692
11945,GR015,Salt 1kg,8,2025-03-02 19:36:00,20,3692
11945,GR009,Butter 100g,2,2025-03-02 19:36:00,60,3692
11945,GR013,Onions 1kg,5,2025-03-02 19:36:00,35,3692
11945,GR004,Basmati Rice 1kg,2,2025-03-02 19:36:00,120,3692
11946,GR009,Butter 100g,8,2025-06-18 20:00:00,60,3009
11946,GR011,Bananas 1 dozen,5,2025-06-18 20:00:00,50,3009
11946,GR003,Eggs Pack (12),1,2025-06-18 20:00:00,90,3009
11946,GR001,Milk 1L,2,2025-06-18 20:00:00,60,3009
11946,GR015,Salt 1kg,6,2025-06-18 20:00:00,20,3009
11946,GR005,Sugar 1kg,4,2025-06-18 20:00:00,50,3009
11947,GR015,Salt 1kg,8,2025-06-27 11:43:00,20,1388
11947,GR007,Tea Powder 500g,8,2025-06-27 11:43:00,140,1388
11948,GR009,Butter 100g,2,2025-03-01 16:23:00,60,1364
11948,GR012,Potatoes 1kg,5,2025-03-01 16:23:00,30,1364
11948,GR002,Bread,1,2025-03-01 16:23:00,40,1364
11949,GR010,Yogurt 200g,2,2025-01-30 07:58:00,25,1641
11949,GR006,Sunflower Oil 1L,3,2025-01-30 07:58:00,160,1641
11949,GR002,Bread,1,2025-01-30 07:58:00,40,1641
11949,GR015,Salt 1kg,5,2025-01-30 07:58:00,20,1641
11949,GR003,Eggs Pack (12),2,2025-01-30 07:58:00,90,1641
11950,GR015,Salt 1kg,3,2025-05-27 20:36:00,20,2489
11950,GR012,Potatoes 1kg,3,2025-05-27 20:36:00,30,2489
11950,GR013,Onions 1kg,1,2025-05-27 20:36:00,35,2489
11950,GR007,Tea Powder 500g,7,2025-05-27 20:36:00,140,2489
11950,GR005,Sugar 1kg,8,2025-05-27 20:36:00,50,2489
11950,GR004,Basmati Rice 1kg,8,2025-05-27 20:36:00,120,2489
11951,GR013,Onions 1kg,2,2025-02-20 14:44:00,35,3498
11951,GR006,Sunflower Oil 1L,2,2025-02-20 14:44:00,160,3498
11951,GR012,Potatoes 1kg,7,2025-02-20 14:44:00,30,3498
11951,GR011,Bananas 1 dozen,4,2025-02-20 14:44:00,50,3498
11951,GR005,Sugar 1kg,1,2025-02-20 14:44:00,50,3498
11951,GR008,Wheat Flour 1kg,1,2025-02-20 14:44:00,55,3498
11952,GR005,Sugar 1kg,5,2025-05-05 01:54:00,50,3693
11952,GR002,Bread,2,2025-05-05 01:54:00,40,3693
11952,GR014,Tomatoes 1kg,5,2025-05-05 01:54:00,40,3693
11952,GR001,Milk 1L,3,2025-05-05 01:54:00,60,3693
11953,GR009,Butter 100g,1,2025-05-22 19:30:00,60,4227
11953,GR013,Onions 1kg,4,2025-05-22 19:30:00,35,4227
11953,GR010,Yogurt 200g,2,2025-05-22 19:30:00,25,4227
11954,GR005,Sugar 1kg,2,2025-05-26 10:47:00,50,2078
11954,GR007,Tea Powder 500g,6,2025-05-26 10:47:00,140,2078
11955,GR006,Sunflower Oil 1L,5,2025-05-07 08:43:00,160,4099
11955,GR009,Butter 100g,4,2025-05-07 08:43:00,60,4099
11955,GR010,Yogurt 200g,1,2025-05-07 08:43:00,25,4099
11955,GR008,Wheat Flour 1kg,8,2025-05-07 08:43:00,55,4099
11956,GR002,Bread,3,2025-04-12 02:47:00,40,1020
11956,GR007,Tea Powder 500g,3,2025-04-12 02:47:00,140,1020
11956,GR011,Bananas 1 dozen,7,2025-04-12 02:47:00,50,1020
11956,GR009,Butter 100g,3,2025-04-12 02:47:00,60,1020
11956,GR001,Milk 1L,5,2025-04-12 02:47:00,60,1020
11956,GR014,Tomatoes 1kg,2,2025-04-12 02:47:00,40,1020
11957,GR007,Tea Powder 500g,8,2025-01-25 12:33:00,140,4849
11957,GR011,Bananas 1 dozen,7,2025-01-25 12:33:00,50,4849
11957,GR005,Sugar 1kg,6,2025-01-25 12:33:00,50,4849
11957,GR006,Sunflower Oil 1L,7,2025-01-25 12:33:00,160,4849
11957,GR015,Salt 1kg,2,2025-01-25 12:33:00,20,4849
11958,GR008,Wheat Flour 1kg,6,2025-05-03 12:52:00,55,4548
11958,GR009,Butter 100g,7,2025-05-03 12:52:00,60,4548
11958,GR012,Potatoes 1kg,6,2025-05-03 12:52:00,30,4548
11958,GR007,Tea Powder 500g,7,2025-05-03 12:52:00,140,4548
11958,GR015,Salt 1kg,4,2025-05-03 12:52:00,20,4548
11958,GR004,Basmati Rice 1kg,4,2025-05-03 12:52:00,120,4548
11959,GR010,Yogurt 200g,8,2025-06-16 11:43:00,25,3749
11959,GR008,Wheat Flour 1kg,3,2025-06-16 11:43:00,55,3749
11960,GR015,Salt 1kg,2,2025-05-14 12:34:00,20,2607
11961,GR013,Onions 1kg,1,2025-04-15 13:40:00,35,3780
11961,GR008,Wheat Flour 1kg,4,2025-04-15 13:40:00,55,3780
11961,GR004,Basmati Rice 1kg,1,2025-04-15 13:40:00,120,3780
11961,GR012,Potatoes 1kg,6,2025-04-15 13:40:00,30,3780
11961,GR010,Yogurt 200g,5,2025-04-15 13:40:00,25,3780
11961,GR003,Eggs Pack (12),1,2025-04-15 13:40:00,90,3780
11962,GR011,Bananas 1 dozen,6,2025-05-03 23:32:00,50,1029
11962,GR007,Tea Powder 500g,4,2025-05-03 23:32:00,140,1029
11962,GR004,Basmati Rice 1kg,7,2025-05-03 23:32:00,120,1029
11962,GR001,Milk 1L,2,2025-05-03 23:32:00,60,1029
11962,GR009,Butter 100g,2,2025-05-03 23:32:00,60,1029
11962,GR013,Onions 1kg,8,2025-05-03 23:32:00,35,1029
11963,GR011,Bananas 1 dozen,7,2025-03-28 11:55:00,50,1611
11963,GR010,Yogurt 200g,2,2025-03-28 11:55:00,25,1611
11963,GR003,Eggs Pack (12),6,2025-03-28 11:55:00,90,1611
11963,GR014,Tomatoes 1kg,5,2025-03-28 11:55:00,40,1611
11963,GR002,Bread,7,2025-03-28 11:55:00,40,1611
11964,GR012,Potatoes 1kg,5,2025-04-20 16:01:00,30,4190
11964,GR008,Wheat Flour 1kg,5,2025-04-20 16:01:00,55,4190
11964,GR010,Yogurt 200g,1,2025-04-20 16:01:00,25,4190
11965,GR003,Eggs Pack (12),8,2025-07-09 02:49:00,90,1364
11965,GR008,Wheat Flour 1kg,5,2025-07-09 02:49:00,55,1364
11965,GR001,Milk 1L,2,2025-07-09 02:49:00,60,1364
11966,GR012,Potatoes 1kg,4,2025-04-26 10:39:00,30,4512
11966,GR001,Milk 1L,4,2025-04-26 10:39:00,60,4512
11966,GR006,Sunflower Oil 1L,3,2025-04-26 10:39:00,160,4512
11967,GR004,Basmati Rice 1kg,8,2025-06-11 18:00:00,120,2583
11967,GR007,Tea Powder 500g,6,2025-06-11 18:00:00,140,2583
11967,GR003,Eggs Pack (12),6,2025-06-11 18:00:00,90,2583
11968,GR009,Butter 100g,8,2025-03-12 05:14:00,60,1654
11969,GR004,Basmati Rice 1kg,4,2025-02-15 05:19:00,120,3827
11969,GR014,Tomatoes 1kg,7,2025-02-15 05:19:00,40,3827
11969,GR008,Wheat Flour 1kg,2,2025-02-15 05:19:00,55,3827
11969,GR003,Eggs Pack (12),3,2025-02-15 05:19:00,90,3827
11969,GR001,Milk 1L,5,2025-02-15 05:19:00,60,3827
11970,GR015,Salt 1kg,8,2025-02-06 07:50:00,20,1125
11971,GR009,Butter 100g,8,2025-01-06 06:24:00,60,2376
11972,GR008,Wheat Flour 1kg,2,2025-05-15 20:33:00,55,2625
11972,GR013,Onions 1kg,6,2025-05-15 20:33:00,35,2625
11972,GR015,Salt 1kg,5,2025-05-15 20:33:00,20,2625
11972,GR009,Butter 100g,7,2025-05-15 20:33:00,60,2625
11972,GR011,Bananas 1 dozen,5,2025-05-15 20:33:00,50,2625
11973,GR007,Tea Powder 500g,7,2025-03-17 07:39:00,140,3692
11973,GR010,Yogurt 200g,8,2025-03-17 07:39:00,25,3692
11973,GR004,Basmati Rice 1kg,2,2025-03-17 07:39:00,120,3692
11973,GR003,Eggs Pack (12),7,2025-03-17 07:39:00,90,3692
11974,GR002,Bread,3,2025-01-17 19:33:00,40,4558
11974,GR003,Eggs Pack (12),1,2025-01-17 19:33:00,90,4558
11974,GR014,Tomatoes 1kg,8,2025-01-17 19:33:00,40,4558
11974,GR009,Butter 100g,7,2025-01-17 19:33:00,60,4558
11974,GR008,Wheat Flour 1kg,7,2025-01-17 19:33:00,55,4558
11974,GR006,Sunflower Oil 1L,1,2025-01-17 19:33:00,160,4558
11975,GR012,Potatoes 1kg,5,2025-02-08 05:19:00,30,1967
11975,GR015,Salt 1kg,2,2025-02-08 05:19:00,20,1967
11975,GR005,Sugar 1kg,5,2025-02-08 05:19:00,50,1967
11975,GR007,Tea Powder 500g,5,2025-02-08 05:19:00,140,1967
11975,GR009,Butter 100g,6,2025-02-08 05:19:00,60,1967
11975,GR011,Bananas 1 dozen,7,2025-02-08 05:19:00,50,1967
11976,GR004,Basmati Rice 1kg,5,2025-04-08 13:51:00,120,4178
11976,GR001,Milk 1L,8,2025-04-08 13:51:00,60,4178
11976,GR013,Onions 1kg,6,2025-04-08 13:51:00,35,4178
11976,GR008,Wheat Flour 1kg,1,2025-04-08 13:51:00,55,4178
11977,GR010,Yogurt 200g,4,2025-02-18 00:28:00,25,4469
11977,GR005,Sugar 1kg,1,2025-02-18 00:28:00,50,4469
11978,GR011,Bananas 1 dozen,7,2025-07-19 19:04:00,50,1094
11979,GR003,Eggs Pack (12),3,2025-05-23 01:10:00,90,2368
11979,GR007,Tea Powder 500g,1,2025-05-23 01:10:00,140,2368
11979,GR009,Butter 100g,3,2025-05-23 01:10:00,60,2368
11979,GR012,Potatoes 1kg,3,2025-05-23 01:10:00,30,2368
11979,GR013,Onions 1kg,4,2025-05-23 01:10:00,35,2368
11980,GR014,Tomatoes 1kg,7,2025-04-26 13:49:00,40,1859
11980,GR008,Wheat Flour 1kg,7,2025-04-26 13:49:00,55,1859
11980,GR015,Salt 1kg,7,2025-04-26 13:49:00,20,1859
11980,GR012,Potatoes 1kg,4,2025-04-26 13:49:00,30,1859
11980,GR013,Onions 1kg,6,2025-04-26 13:49:00,35,1859
11981,GR012,Potatoes 1kg,8,2025-04-29 12:10:00,30,4742
11981,GR009,Butter 100g,1,2025-04-29 12:10:00,60,4742
11981,GR013,Onions 1kg,1,2025-04-29 12:10:00,35,4742
11981,GR006,Sunflower Oil 1L,6,2025-04-29 12:10:00,160,4742
11982,GR005,Sugar 1kg,5,2025-03-27 09:18:00,50,1918
11982,GR015,Salt 1kg,5,2025-03-27 09:18:00,20,1918
11982,GR014,Tomatoes 1kg,4,2025-03-27 09:18:00,40,1918
11982,GR008,Wheat Flour 1kg,8,2025-03-27 09:18:00,55,1918
11983,GR014,Tomatoes 1kg,3,2025-01-08 01:41:00,40,3831
11984,GR001,Milk 1L,5,2025-01-19 15:58:00,60,2053
11984,GR015,Salt 1kg,3,2025-01-19 15:58:00,20,2053
11984,GR006,Sunflower Oil 1L,1,2025-01-19 15:58:00,160,2053
11984,GR007,Tea Powder 500g,7,2025-01-19 15:58:00,140,2053
11985,GR004,Basmati Rice 1kg,5,2025-02-12 10:24:00,120,2680
11985,GR002,Bread,5,2025-02-12 10:24:00,40,2680
11986,GR007,Tea Powder 500g,8,2025-02-02 10:57:00,140,2247
11986,GR010,Yogurt 200g,8,2025-02-02 10:57:00,25,2247
11987,GR006,Sunflower Oil 1L,6,2025-04-15 22:48:00,160,3828
11987,GR014,Tomatoes 1kg,1,2025-04-15 22:48:00,40,3828
11988,GR008,Wheat Flour 1kg,7,2025-05-21 21:44:00,55,4491
11988,GR011,Bananas 1 dozen,7,2025-05-21 21:44:00,50,4491
11988,GR010,Yogurt 200g,6,2025-05-21 21:44:00,25,4491
11989,GR006,Sunflower Oil 1L,5,2025-04-29 08:28:00,160,2040
11989,GR013,Onions 1kg,2,2025-04-29 08:28:00,35,2040
11990,GR015,Salt 1kg,1,2025-05-07 07:11:00,20,4063
11991,GR010,Yogurt 200g,3,2025-01-28 18:26:00,25,1066
11992,GR009,Butter 100g,6,2025-04-07 16:01:00,60,3968
11992,GR014,Tomatoes 1kg,5,2025-04-07 16:01:00,40,3968
11992,GR005,Sugar 1kg,5,2025-04-07 16:01:00,50,3968
11993,GR002,Bread,4,2025-03-02 08:57:00,40,1890
11993,GR007,Tea Powder 500g,4,2025-03-02 08:57:00,140,1890
11994,GR011,Bananas 1 dozen,5,2025-04-04 07:41:00,50,2109
11995,GR004,Basmati Rice 1kg,4,2025-05-11 15:25:00,120,4469
11995,GR015,Salt 1kg,1,2025-05-11 15:25:00,20,4469
11995,GR006,Sunflower Oil 1L,4,2025-05-11 15:25:00,160,4469
11996,GR014,Tomatoes 1kg,3,2025-06-12 10:29:00,40,3681
11996,GR004,Basmati Rice 1kg,3,2025-06-12 10:29:00,120,3681
11996,GR003,Eggs Pack (12),5,2025-06-12 10:29:00,90,3681
11996,GR012,Potatoes 1kg,3,2025-06-12 10:29:00,30,3681
11996,GR007,Tea Powder 500g,1,2025-06-12 10:29:00,140,3681
11997,GR003,Eggs Pack (12),8,2025-06-08 07:43:00,90,1526
11997,GR007,Tea Powder 500g,6,2025-06-08 07:43:00,140,1526
11998,GR005,Sugar 1kg,1,2025-04-09 03:52:00,50,2460
11998,GR008,Wheat Flour 1kg,1,2025-04-09 03:52:00,55,2460
11998,GR011,Bananas 1 dozen,8,2025-04-09 03:52:00,50,2460
11999,GR010,Yogurt 200g,4,2025-03-02 05:17:00,25,1654
11999,GR011,Bananas 1 dozen,3,2025-03-02 05:17:00,50,1654
11999,GR002,Bread,8,2025-03-02 05:17:00,40,1654
