supplier_id,sku,category
SUP052,BB-10257,Baby Care
SUP051,BB-10257,Baby Care
SUP051,BB-10369,Baby Care
SUP052,BB-10369,Baby Care
SUP053,BB-10419,Baby Care
SUP051,BB-10419,Baby Care
SUP052,BB-10515,Baby Care
SUP053,BB-10515,Baby Care
SUP051,BB-10515,Baby Care
SUP051,BB-10996,Baby Care
SUP052,BB-10996,Baby Care
SUP053,BB-10996,Baby Care
SUP053,BB-110,Baby Care
SUP052,BB-110,Baby Care
SUP051,BB-110,Baby Care
SUP052,BB-11323,Baby Care
SUP053,BB-11323,Baby Care
SUP051,BB-11792,Baby Care
SUP052,BB-11792,Baby Care
SUP053,BB-12220,Baby Care
SUP051,BB-12220,Baby Care
SUP052,BB-12288,Baby Care
SUP053,BB-12288,Baby Care
SUP051,BB-1301,Baby Care
SUP052,BB-1301,Baby Care
SUP053,BB-1301,Baby Care
SUP053,BB-1303,Baby Care
SUP051,BB-1303,Baby Care
SUP052,BB-13130,Baby Care
SUP053,BB-13130,Baby Care
SUP051,BB-13148,Baby Care
SUP052,BB-13148,Baby Care
SUP053,BB-13148,Baby Care
SUP053,BB-13647,Baby Care
SUP051,BB-13647,Baby Care
SUP052,BB-13647,Baby Care
SUP052,BB-14614,Baby Care
SUP051,BB-14614,Baby Care
SUP051,BB-14685,Baby Care
SUP052,BB-14685,Baby Care
SUP053,BB-14685,Baby Care
SUP053,BB-16050,Baby Care
SUP051,BB-16050,Baby Care
SUP052,BB-16050,Baby Care
SUP052,BB-16284,Baby Care
SUP053,BB-16284,Baby Care
SUP051,BB-17185,Baby Care
SUP052,BB-17185,Baby Care
SUP053,BB-17185,Baby Care
SUP053,BB-17232,Baby Care
SUP051,BB-17232,Baby Care
SUP052,BB-17232,Baby Care
SUP052,BB-17341,Baby Care
SUP051,BB-17341,Baby Care
SUP051,BB-17812,Baby Care
SUP053,BB-17812,Baby Care
SUP053,BB-19375,Baby Care
SUP051,BB-19375,Baby Care
SUP052,BB-19375,Baby Care
SUP052,BB-19474,Baby Care
SUP053,BB-19474,Baby Care
SUP051,BB-20190,Baby Care
SUP052,BB-20190,Baby Care
SUP053,BB-22055,Baby Care
SUP051,BB-22055,Baby Care
SUP052,BB-22485,Baby Care
SUP053,BB-22485,Baby Care
SUP051,BB-22485,Baby Care
SUP051,BB-22996,Baby Care
SUP052,BB-22996,Baby Care
SUP053,BB-22996,Baby Care
SUP053,BB-2346,Baby Care
SUP051,BB-2346,Baby Care
SUP052,BB-2346,Baby Care
SUP052,BB-23514,Baby Care
SUP053,BB-23514,Baby Care
SUP051,BB-23514,Baby Care
SUP051,BB-23860,Baby Care
SUP052,BB-23860,Baby Care
SUP053,BB-23860,Baby Care
SUP053,BB-23909,Baby Care
SUP051,BB-23909,Baby Care
SUP052,BB-23909,Baby Care
SUP052,BB-25088,Baby Care
SUP053,BB-25088,Baby Care
SUP051,BB-25867,Baby Care
SUP052,BB-25867,Baby Care
SUP053,BB-25867,Baby Care
SUP053,BB-26135,Baby Care
SUP051,BB-26135,Baby Care
SUP052,BB-26135,Baby Care
SUP052,BB-26579,Baby Care
SUP051,BB-26579,Baby Care
SUP053,BB-26579,Baby Care
SUP051,BB-26892,Baby Care
SUP052,BB-26892,Baby Care
SUP053,BB-26892,Baby Care
SUP053,BB-27045,Baby Care
SUP051,BB-27045,Baby Care
SUP052,BB-27045,Baby Care
SUP052,BB-27373,Baby Care
SUP051,BB-27373,Baby Care
SUP053,BB-27373,Baby Care
SUP051,BB-27384,Baby Care
SUP052,BB-27384,Baby Care
SUP053,BB-3100,Baby Care
SUP051,BB-3100,Baby Care
SUP052,BB-3459,Baby Care
SUP053,BB-3459,Baby Care
SUP051,BB-3620,Baby Care
SUP052,BB-3620,Baby Care
SUP053,BB-3740,Baby Care
SUP051,BB-3740,Baby Care
SUP052,BB-4545,Baby Care
SUP053,BB-4545,Baby Care
SUP051,BB-4614,Baby Care
SUP052,BB-4614,Baby Care
SUP053,BB-501,Baby Care
SUP051,BB-501,Baby Care
SUP052,BB-501,Baby Care
SUP052,BB-5896,Baby Care
SUP053,BB-5896,Baby Care
SUP051,BB-6648,Baby Care
SUP053,BB-6648,Baby Care
SUP053,BB-6768,Baby Care
SUP051,BB-6768,Baby Care
SUP052,BB-6790,Baby Care
SUP051,BB-6790,Baby Care
SUP051,BB-6965,Baby Care
SUP052,BB-6965,Baby Care
SUP053,BB-6965,Baby Care
SUP053,BB-7726,Baby Care
SUP051,BB-7726,Baby Care
SUP052,BB-7726,Baby Care
SUP052,BB-8658,Baby Care
SUP053,BB-8658,Baby Care
SUP051,BB-8658,Baby Care
SUP051,BB-8784,Baby Care
SUP052,BB-8784,Baby Care
SUP053,BB-8791,Baby Care
SUP051,BB-8791,Baby Care
SUP052,BB-8791,Baby Care
SUP052,BB-9119,Baby Care
SUP053,BB-9119,Baby Care
SUP051,BB-9368,Baby Care
SUP053,BB-9368,Baby Care
SUP053,BB-9928,Baby Care
SUP051,BB-9928,Baby Care
SUP052,BB-9928,Baby Care
SUP047,BB-10263,"Bakery, Cakes & Dairy"
SUP048,BB-10263,"Bakery, Cakes & Dairy"
SUP049,BB-10263,"Bakery, Cakes & Dairy"
SUP050,BB-10280,"Bakery, Cakes & Dairy"
SUP047,BB-10280,"Bakery, Cakes & Dairy"
SUP048,BB-10280,"Bakery, Cakes & Dairy"
SUP049,BB-1037,"Bakery, Cakes & Dairy"
SUP050,BB-1037,"Bakery, Cakes & Dairy"
SUP048,BB-10592,"Bakery, Cakes & Dairy"
SUP049,BB-10592,"Bakery, Cakes & Dairy"
SUP047,BB-10863,"Bakery, Cakes & Dairy"
SUP050,BB-10863,"Bakery, Cakes & Dairy"
SUP050,BB-11230,"Bakery, Cakes & Dairy"
SUP047,BB-11230,"Bakery, Cakes & Dairy"
SUP049,BB-12118,"Bakery, Cakes & Dairy"
SUP048,BB-12118,"Bakery, Cakes & Dairy"
SUP048,BB-1232,"Bakery, Cakes & Dairy"
SUP049,BB-1232,"Bakery, Cakes & Dairy"
SUP050,BB-1232,"Bakery, Cakes & Dairy"
SUP047,BB-1232,"Bakery, Cakes & Dairy"
SUP047,BB-12818,"Bakery, Cakes & Dairy"
SUP048,BB-12818,"Bakery, Cakes & Dairy"
SUP049,BB-12818,"Bakery, Cakes & Dairy"
SUP050,BB-12818,"Bakery, Cakes & Dairy"
SUP050,BB-13288,"Bakery, Cakes & Dairy"
SUP047,BB-13288,"Bakery, Cakes & Dairy"
SUP049,BB-13297,"Bakery, Cakes & Dairy"
SUP048,BB-13297,"Bakery, Cakes & Dairy"
SUP050,BB-13297,"Bakery, Cakes & Dairy"
SUP048,BB-13880,"Bakery, Cakes & Dairy"
SUP049,BB-13880,"Bakery, Cakes & Dairy"
SUP047,BB-14226,"Bakery, Cakes & Dairy"
SUP048,BB-14226,"Bakery, Cakes & Dairy"
SUP049,BB-14226,"Bakery, Cakes & Dairy"
SUP050,BB-14226,"Bakery, Cakes & Dairy"
SUP050,BB-14766,"Bakery, Cakes & Dairy"
SUP047,BB-14766,"Bakery, Cakes & Dairy"
SUP049,BB-14907,"Bakery, Cakes & Dairy"
SUP047,BB-14907,"Bakery, Cakes & Dairy"
SUP048,BB-1492,"Bakery, Cakes & Dairy"
SUP049,BB-1492,"Bakery, Cakes & Dairy"
SUP047,BB-15013,"Bakery, Cakes & Dairy"
SUP048,BB-15013,"Bakery, Cakes & Dairy"
SUP050,BB-15013,"Bakery, Cakes & Dairy"
SUP050,BB-15077,"Bakery, Cakes & Dairy"
SUP047,BB-15077,"Bakery, Cakes & Dairy"
SUP049,BB-15115,"Bakery, Cakes & Dairy"
SUP048,BB-15115,"Bakery, Cakes & Dairy"
SUP050,BB-15115,"Bakery, Cakes & Dairy"
SUP048,BB-16242,"Bakery, Cakes & Dairy"
SUP049,BB-16242,"Bakery, Cakes & Dairy"
SUP047,BB-16242,"Bakery, Cakes & Dairy"
SUP050,BB-16242,"Bakery, Cakes & Dairy"
SUP047,BB-16388,"Bakery, Cakes & Dairy"
SUP048,BB-16388,"Bakery, Cakes & Dairy"
SUP050,BB-16474,"Bakery, Cakes & Dairy"
SUP049,BB-16474,"Bakery, Cakes & Dairy"
SUP049,BB-16746,"Bakery, Cakes & Dairy"
SUP047,BB-16746,"Bakery, Cakes & Dairy"
SUP048,BB-16746,"Bakery, Cakes & Dairy"
SUP050,BB-16746,"Bakery, Cakes & Dairy"
SUP048,BB-16844,"Bakery, Cakes & Dairy"
SUP049,BB-16844,"Bakery, Cakes & Dairy"
SUP047,BB-16844,"Bakery, Cakes & Dairy"
SUP047,BB-16870,"Bakery, Cakes & Dairy"
SUP048,BB-16870,"Bakery, Cakes & Dairy"
SUP050,BB-17025,"Bakery, Cakes & Dairy"
SUP049,BB-17025,"Bakery, Cakes & Dairy"
SUP049,BB-17849,"Bakery, Cakes & Dairy"
SUP050,BB-17849,"Bakery, Cakes & Dairy"
SUP048,BB-18677,"Bakery, Cakes & Dairy"
SUP047,BB-18677,"Bakery, Cakes & Dairy"
SUP049,BB-18677,"Bakery, Cakes & Dairy"
SUP047,BB-19048,"Bakery, Cakes & Dairy"
SUP048,BB-19048,"Bakery, Cakes & Dairy"
SUP050,BB-19048,"Bakery, Cakes & Dairy"
SUP050,BB-19539,"Bakery, Cakes & Dairy"
SUP047,BB-19539,"Bakery, Cakes & Dairy"
SUP049,BB-20174,"Bakery, Cakes & Dairy"
SUP048,BB-20174,"Bakery, Cakes & Dairy"
SUP048,BB-20888,"Bakery, Cakes & Dairy"
SUP049,BB-20888,"Bakery, Cakes & Dairy"
SUP047,BB-21005,"Bakery, Cakes & Dairy"
SUP050,BB-21005,"Bakery, Cakes & Dairy"
SUP048,BB-21005,"Bakery, Cakes & Dairy"
SUP049,BB-21005,"Bakery, Cakes & Dairy"
SUP050,BB-21122,"Bakery, Cakes & Dairy"
SUP047,BB-21122,"Bakery, Cakes & Dairy"
SUP048,BB-21122,"Bakery, Cakes & Dairy"
SUP049,BB-21312,"Bakery, Cakes & Dairy"
SUP050,BB-21312,"Bakery, Cakes & Dairy"
SUP047,BB-21312,"Bakery, Cakes & Dairy"
SUP048,BB-21312,"Bakery, Cakes & Dairy"
SUP048,BB-22031,"Bakery, Cakes & Dairy"
SUP049,BB-22031,"Bakery, Cakes & Dairy"
SUP050,BB-22031,"Bakery, Cakes & Dairy"
SUP047,BB-22031,"Bakery, Cakes & Dairy"
SUP047,BB-22107,"Bakery, Cakes & Dairy"
SUP049,BB-22107,"Bakery, Cakes & Dairy"
SUP050,BB-22230,"Bakery, Cakes & Dairy"
SUP047,BB-22230,"Bakery, Cakes & Dairy"
SUP048,BB-22230,"Bakery, Cakes & Dairy"
SUP049,BB-22255,"Bakery, Cakes & Dairy"
SUP050,BB-22255,"Bakery, Cakes & Dairy"
SUP047,BB-22255,"Bakery, Cakes & Dairy"
SUP048,BB-22274,"Bakery, Cakes & Dairy"
SUP049,BB-22274,"Bakery, Cakes & Dairy"
SUP050,BB-22274,"Bakery, Cakes & Dairy"
SUP047,BB-22570,"Bakery, Cakes & Dairy"
SUP048,BB-22570,"Bakery, Cakes & Dairy"
SUP050,BB-22607,"Bakery, Cakes & Dairy"
SUP049,BB-22607,"Bakery, Cakes & Dairy"
SUP047,BB-22607,"Bakery, Cakes & Dairy"
SUP049,BB-24264,"Bakery, Cakes & Dairy"
SUP050,BB-24264,"Bakery, Cakes & Dairy"
SUP048,BB-24659,"Bakery, Cakes & Dairy"
SUP049,BB-24659,"Bakery, Cakes & Dairy"
SUP047,BB-2531,"Bakery, Cakes & Dairy"
SUP048,BB-2531,"Bakery, Cakes & Dairy"
SUP050,BB-25373,"Bakery, Cakes & Dairy"
SUP047,BB-25373,"Bakery, Cakes & Dairy"
SUP048,BB-25373,"Bakery, Cakes & Dairy"
SUP049,BB-25373,"Bakery, Cakes & Dairy"
SUP049,BB-25383,"Bakery, Cakes & Dairy"
SUP050,BB-25383,"Bakery, Cakes & Dairy"
SUP047,BB-25383,"Bakery, Cakes & Dairy"
SUP048,BB-25383,"Bakery, Cakes & Dairy"
SUP048,BB-2545,"Bakery, Cakes & Dairy"
SUP050,BB-2545,"Bakery, Cakes & Dairy"
SUP047,BB-25455,"Bakery, Cakes & Dairy"
SUP049,BB-25455,"Bakery, Cakes & Dairy"
SUP050,BB-25455,"Bakery, Cakes & Dairy"
SUP050,BB-25838,"Bakery, Cakes & Dairy"
SUP047,BB-25838,"Bakery, Cakes & Dairy"
SUP049,BB-25866,"Bakery, Cakes & Dairy"
SUP048,BB-25866,"Bakery, Cakes & Dairy"
SUP050,BB-25866,"Bakery, Cakes & Dairy"
SUP047,BB-25866,"Bakery, Cakes & Dairy"
SUP048,BB-25914,"Bakery, Cakes & Dairy"
SUP049,BB-25914,"Bakery, Cakes & Dairy"
SUP050,BB-25914,"Bakery, Cakes & Dairy"
SUP047,BB-25914,"Bakery, Cakes & Dairy"
SUP047,BB-26190,"Bakery, Cakes & Dairy"
SUP048,BB-26190,"Bakery, Cakes & Dairy"
SUP050,BB-26571,"Bakery, Cakes & Dairy"
SUP049,BB-26571,"Bakery, Cakes & Dairy"
SUP048,BB-26571,"Bakery, Cakes & Dairy"
SUP049,BB-26987,"Bakery, Cakes & Dairy"
SUP050,BB-26987,"Bakery, Cakes & Dairy"
SUP047,BB-26987,"Bakery, Cakes & Dairy"
SUP048,BB-27188,"Bakery, Cakes & Dairy"
SUP049,BB-27188,"Bakery, Cakes & Dairy"
SUP047,BB-3171,"Bakery, Cakes & Dairy"
SUP048,BB-3171,"Bakery, Cakes & Dairy"
SUP049,BB-3171,"Bakery, Cakes & Dairy"
SUP050,BB-3426,"Bakery, Cakes & Dairy"
SUP047,BB-3426,"Bakery, Cakes & Dairy"
SUP048,BB-3426,"Bakery, Cakes & Dairy"
SUP049,BB-3976,"Bakery, Cakes & Dairy"
SUP050,BB-3976,"Bakery, Cakes & Dairy"
SUP047,BB-3976,"Bakery, Cakes & Dairy"
SUP048,BB-4481,"Bakery, Cakes & Dairy"
SUP049,BB-4481,"Bakery, Cakes & Dairy"
SUP050,BB-4481,"Bakery, Cakes & Dairy"
SUP047,BB-4544,"Bakery, Cakes & Dairy"
SUP048,BB-4544,"Bakery, Cakes & Dairy"
SUP050,BB-5551,"Bakery, Cakes & Dairy"
SUP049,BB-5551,"Bakery, Cakes & Dairy"
SUP049,BB-6284,"Bakery, Cakes & Dairy"
SUP050,BB-6284,"Bakery, Cakes & Dairy"
SUP048,BB-6320,"Bakery, Cakes & Dairy"
SUP047,BB-6320,"Bakery, Cakes & Dairy"
SUP049,BB-6320,"Bakery, Cakes & Dairy"
SUP050,BB-6320,"Bakery, Cakes & Dairy"
SUP047,BB-6326,"Bakery, Cakes & Dairy"
SUP048,BB-6326,"Bakery, Cakes & Dairy"
SUP049,BB-6326,"Bakery, Cakes & Dairy"
SUP050,BB-6326,"Bakery, Cakes & Dairy"
SUP050,BB-6997,"Bakery, Cakes & Dairy"
SUP047,BB-6997,"Bakery, Cakes & Dairy"
SUP048,BB-6997,"Bakery, Cakes & Dairy"
SUP049,BB-7006,"Bakery, Cakes & Dairy"
SUP047,BB-7006,"Bakery, Cakes & Dairy"
SUP048,BB-7052,"Bakery, Cakes & Dairy"
SUP049,BB-7052,"Bakery, Cakes & Dairy"
SUP047,BB-7287,"Bakery, Cakes & Dairy"
SUP048,BB-7287,"Bakery, Cakes & Dairy"
SUP050,BB-7287,"Bakery, Cakes & Dairy"
SUP049,BB-7287,"Bakery, Cakes & Dairy"
SUP050,BB-7914,"Bakery, Cakes & Dairy"
SUP047,BB-7914,"Bakery, Cakes & Dairy"
SUP048,BB-7914,"Bakery, Cakes & Dairy"
SUP049,BB-7914,"Bakery, Cakes & Dairy"
SUP049,BB-8656,"Bakery, Cakes & Dairy"
SUP050,BB-8656,"Bakery, Cakes & Dairy"
SUP048,BB-8887,"Bakery, Cakes & Dairy"
SUP047,BB-8887,"Bakery, Cakes & Dairy"
SUP047,BB-9187,"Bakery, Cakes & Dairy"
SUP048,BB-9187,"Bakery, Cakes & Dairy"
SUP050,BB-9373,"Bakery, Cakes & Dairy"
SUP047,BB-9373,"Bakery, Cakes & Dairy"
SUP048,BB-9373,"Bakery, Cakes & Dairy"
SUP049,BB-965,"Bakery, Cakes & Dairy"
SUP050,BB-965,"Bakery, Cakes & Dairy"
SUP047,BB-965,"Bakery, Cakes & Dairy"
SUP048,BB-9758,"Bakery, Cakes & Dairy"
SUP049,BB-9758,"Bakery, Cakes & Dairy"
SUP047,BB-9912,"Bakery, Cakes & Dairy"
SUP050,BB-9912,"Bakery, Cakes & Dairy"
SUP006,BB-10007,Beauty & Hygiene
SUP003,BB-10007,Beauty & Hygiene
SUP004,BB-10007,Beauty & Hygiene
SUP001,BB-10026,Beauty & Hygiene
SUP005,BB-10026,Beauty & Hygiene
SUP010,BB-10087,Beauty & Hygiene
SUP007,BB-10087,Beauty & Hygiene
SUP008,BB-10087,Beauty & Hygiene
SUP002,BB-10133,Beauty & Hygiene
SUP009,BB-10133,Beauty & Hygiene
SUP004,BB-10165,Beauty & Hygiene
SUP001,BB-10165,Beauty & Hygiene
SUP002,BB-10165,Beauty & Hygiene
SUP003,BB-10165,Beauty & Hygiene
SUP007,BB-10185,Beauty & Hygiene
SUP004,BB-10185,Beauty & Hygiene
SUP008,BB-10212,Beauty & Hygiene
SUP005,BB-10212,Beauty & Hygiene
SUP005,BB-10248,Beauty & Hygiene
SUP006,BB-10248,Beauty & Hygiene
SUP003,BB-103,Beauty & Hygiene
SUP007,BB-103,Beauty & Hygiene
SUP009,BB-10306,Beauty & Hygiene
SUP008,BB-10306,Beauty & Hygiene
SUP010,BB-10306,Beauty & Hygiene
SUP006,BB-10373,Beauty & Hygiene
SUP009,BB-10373,Beauty & Hygiene
SUP001,BB-10373,Beauty & Hygiene
SUP001,BB-10381,Beauty & Hygiene
SUP002,BB-10381,Beauty & Hygiene
SUP010,BB-10392,Beauty & Hygiene
SUP003,BB-10392,Beauty & Hygiene
SUP004,BB-10392,Beauty & Hygiene
SUP002,BB-10445,Beauty & Hygiene
SUP005,BB-10445,Beauty & Hygiene
SUP004,BB-10453,Beauty & Hygiene
SUP006,BB-10453,Beauty & Hygiene
SUP007,BB-10491,Beauty & Hygiene
SUP008,BB-10491,Beauty & Hygiene
SUP008,BB-10534,Beauty & Hygiene
SUP007,BB-10534,Beauty & Hygiene
SUP005,BB-10540,Beauty & Hygiene
SUP009,BB-10540,Beauty & Hygiene
SUP010,BB-10540,Beauty & Hygiene
SUP003,BB-10545,Beauty & Hygiene
SUP001,BB-10545,Beauty & Hygiene
SUP009,BB-10549,Beauty & Hygiene
SUP002,BB-10549,Beauty & Hygiene
SUP006,BB-10600,Beauty & Hygiene
SUP003,BB-10600,Beauty & Hygiene
SUP004,BB-10600,Beauty & Hygiene
SUP001,BB-10628,Beauty & Hygiene
SUP005,BB-10628,Beauty & Hygiene
SUP006,BB-10628,Beauty & Hygiene
SUP010,BB-10647,Beauty & Hygiene
SUP007,BB-10647,Beauty & Hygiene
SUP008,BB-10647,Beauty & Hygiene
SUP009,BB-10647,Beauty & Hygiene
SUP002,BB-10722,Beauty & Hygiene
SUP010,BB-10722,Beauty & Hygiene
SUP001,BB-10722,Beauty & Hygiene
SUP004,BB-10825,Beauty & Hygiene
SUP002,BB-10825,Beauty & Hygiene
SUP007,BB-10884,Beauty & Hygiene
SUP003,BB-10884,Beauty & Hygiene
SUP008,BB-10899,Beauty & Hygiene
SUP004,BB-10899,Beauty & Hygiene
SUP005,BB-10918,Beauty & Hygiene
SUP006,BB-10918,Beauty & Hygiene
SUP003,BB-10937,Beauty & Hygiene
SUP005,BB-10937,Beauty & Hygiene
SUP007,BB-10937,Beauty & Hygiene
SUP009,BB-10958,Beauty & Hygiene
SUP008,BB-10958,Beauty & Hygiene
SUP006,BB-10962,Beauty & Hygiene
SUP009,BB-10962,Beauty & Hygiene
SUP001,BB-10992,Beauty & Hygiene
SUP010,BB-10992,Beauty & Hygiene
SUP002,BB-10992,Beauty & Hygiene
SUP003,BB-10992,Beauty & Hygiene
SUP010,BB-11097,Beauty & Hygiene
SUP001,BB-11097,Beauty & Hygiene
SUP002,BB-1112,Beauty & Hygiene
SUP004,BB-1112,Beauty & Hygiene
SUP005,BB-1112,Beauty & Hygiene
SUP004,BB-11179,Beauty & Hygiene
SUP006,BB-11179,Beauty & Hygiene
SUP007,BB-11179,Beauty & Hygiene
SUP007,BB-11197,Beauty & Hygiene
SUP008,BB-11197,Beauty & Hygiene
SUP008,BB-11216,Beauty & Hygiene
SUP009,BB-11216,Beauty & Hygiene
SUP010,BB-11216,Beauty & Hygiene
SUP005,BB-11233,Beauty & Hygiene
SUP001,BB-11233,Beauty & Hygiene
SUP002,BB-11233,Beauty & Hygiene
SUP003,BB-11239,Beauty & Hygiene
SUP004,BB-11239,Beauty & Hygiene
SUP009,BB-11269,Beauty & Hygiene
SUP003,BB-11269,Beauty & Hygiene
SUP006,BB-1133,Beauty & Hygiene
SUP005,BB-1133,Beauty & Hygiene
SUP007,BB-1133,Beauty & Hygiene
SUP001,BB-1141,Beauty & Hygiene
SUP006,BB-1141,Beauty & Hygiene
SUP010,BB-11415,Beauty & Hygiene
SUP008,BB-11415,Beauty & Hygiene
SUP002,BB-1143,Beauty & Hygiene
SUP009,BB-1143,Beauty & Hygiene
SUP004,BB-11456,Beauty & Hygiene
SUP010,BB-11456,Beauty & Hygiene
SUP001,BB-11456,Beauty & Hygiene
SUP002,BB-11456,Beauty & Hygiene
SUP007,BB-115,Beauty & Hygiene
SUP003,BB-115,Beauty & Hygiene
SUP008,BB-11631,Beauty & Hygiene
SUP004,BB-11631,Beauty & Hygiene
SUP005,BB-11631,Beauty & Hygiene
SUP005,BB-11636,Beauty & Hygiene
SUP006,BB-11636,Beauty & Hygiene
SUP007,BB-11636,Beauty & Hygiene
SUP008,BB-11636,Beauty & Hygiene
SUP003,BB-1170,Beauty & Hygiene
SUP009,BB-1170,Beauty & Hygiene
SUP009,BB-11790,Beauty & Hygiene
SUP010,BB-11790,Beauty & Hygiene
SUP001,BB-11790,Beauty & Hygiene
SUP006,BB-1182,Beauty & Hygiene
SUP002,BB-1182,Beauty & Hygiene
SUP003,BB-1182,Beauty & Hygiene
SUP001,BB-11823,Beauty & Hygiene
SUP004,BB-11823,Beauty & Hygiene
SUP010,BB-1187,Beauty & Hygiene
SUP005,BB-1187,Beauty & Hygiene
SUP002,BB-11944,Beauty & Hygiene
SUP006,BB-11944,Beauty & Hygiene
SUP007,BB-11944,Beauty & Hygiene
SUP004,BB-11971,Beauty & Hygiene
SUP008,BB-11971,Beauty & Hygiene
SUP007,BB-11994,Beauty & Hygiene
SUP009,BB-11994,Beauty & Hygiene
SUP008,BB-12027,Beauty & Hygiene
SUP010,BB-12027,Beauty & Hygiene
SUP005,BB-12042,Beauty & Hygiene
SUP001,BB-12042,Beauty & Hygiene
SUP002,BB-12042,Beauty & Hygiene
SUP003,BB-12042,Beauty & Hygiene
SUP003,BB-12051,Beauty & Hygiene
SUP004,BB-12051,Beauty & Hygiene
SUP005,BB-12051,Beauty & Hygiene
SUP006,BB-12051,Beauty & Hygiene
SUP009,BB-12078,Beauty & Hygiene
SUP007,BB-12078,Beauty & Hygiene
SUP006,BB-12093,Beauty & Hygiene
SUP008,BB-12093,Beauty & Hygiene
SUP001,BB-12134,Beauty & Hygiene
SUP009,BB-12134,Beauty & Hygiene
SUP010,BB-12165,Beauty & Hygiene
SUP001,BB-12165,Beauty & Hygiene
SUP002,BB-12165,Beauty & Hygiene
SUP003,BB-12165,Beauty & Hygiene
SUP002,BB-12175,Beauty & Hygiene
SUP010,BB-12175,Beauty & Hygiene
SUP004,BB-12175,Beauty & Hygiene
SUP004,BB-12193,Beauty & Hygiene
SUP005,BB-12193,Beauty & Hygiene
SUP007,BB-12250,Beauty & Hygiene
SUP006,BB-12250,Beauty & Hygiene
SUP008,BB-12250,Beauty & Hygiene
SUP008,BB-1237,Beauty & Hygiene
SUP007,BB-1237,Beauty & Hygiene
SUP009,BB-1237,Beauty & Hygiene
SUP005,BB-12380,Beauty & Hygiene
SUP010,BB-12380,Beauty & Hygiene
SUP001,BB-12380,Beauty & Hygiene
SUP003,BB-12419,Beauty & Hygiene
SUP002,BB-12419,Beauty & Hygiene
SUP004,BB-12419,Beauty & Hygiene
SUP009,BB-12443,Beauty & Hygiene
SUP003,BB-12443,Beauty & Hygiene
SUP006,BB-1246,Beauty & Hygiene
SUP005,BB-1246,Beauty & Hygiene
SUP001,BB-12512,Beauty & Hygiene
SUP006,BB-12512,Beauty & Hygiene
SUP010,BB-12557,Beauty & Hygiene
SUP007,BB-12557,Beauty & Hygiene
SUP002,BB-12594,Beauty & Hygiene
SUP008,BB-12594,Beauty & Hygiene
SUP009,BB-12594,Beauty & Hygiene
SUP004,BB-12660,Beauty & Hygiene
SUP010,BB-12660,Beauty & Hygiene
SUP007,BB-12714,Beauty & Hygiene
SUP001,BB-12714,Beauty & Hygiene
SUP008,BB-12738,Beauty & Hygiene
SUP002,BB-12738,Beauty & Hygiene
SUP005,BB-12875,Beauty & Hygiene
SUP003,BB-12875,Beauty & Hygiene
SUP003,BB-12937,Beauty & Hygiene
SUP004,BB-12937,Beauty & Hygiene
SUP005,BB-12937,Beauty & Hygiene
SUP006,BB-12937,Beauty & Hygiene
SUP009,BB-12944,Beauty & Hygiene
SUP007,BB-12944,Beauty & Hygiene
SUP008,BB-12944,Beauty & Hygiene
SUP006,BB-12989,Beauty & Hygiene
SUP009,BB-12989,Beauty & Hygiene
SUP001,BB-13033,Beauty & Hygiene
SUP010,BB-13033,Beauty & Hygiene
SUP002,BB-13033,Beauty & Hygiene
SUP010,BB-13056,Beauty & Hygiene
SUP001,BB-13056,Beauty & Hygiene
SUP003,BB-13056,Beauty & Hygiene
SUP004,BB-13056,Beauty & Hygiene
SUP002,BB-13135,Beauty & Hygiene
SUP005,BB-13135,Beauty & Hygiene
SUP004,BB-13220,Beauty & Hygiene
SUP006,BB-13220,Beauty & Hygiene
SUP007,BB-13246,Beauty & Hygiene
SUP008,BB-13246,Beauty & Hygiene
SUP009,BB-13246,Beauty & Hygiene
SUP010,BB-13246,Beauty & Hygiene
SUP008,BB-13254,Beauty & Hygiene
SUP007,BB-13254,Beauty & Hygiene
SUP005,BB-13267,Beauty & Hygiene
SUP001,BB-13267,Beauty & Hygiene
SUP002,BB-13267,Beauty & Hygiene
SUP003,BB-13267,Beauty & Hygiene
SUP003,BB-13276,Beauty & Hygiene
SUP004,BB-13276,Beauty & Hygiene
SUP005,BB-13276,Beauty & Hygiene
SUP009,BB-13403,Beauty & Hygiene
SUP006,BB-13403,Beauty & Hygiene
SUP007,BB-13403,Beauty & Hygiene
SUP006,BB-13512,Beauty & Hygiene
SUP008,BB-13512,Beauty & Hygiene
SUP001,BB-13550,Beauty & Hygiene
SUP009,BB-13550,Beauty & Hygiene
SUP010,BB-13561,Beauty & Hygiene
SUP001,BB-13561,Beauty & Hygiene
SUP002,BB-13561,Beauty & Hygiene
SUP002,BB-1357,Beauty & Hygiene
SUP010,BB-1357,Beauty & Hygiene
SUP003,BB-1357,Beauty & Hygiene
SUP004,BB-13572,Beauty & Hygiene
SUP005,BB-13572,Beauty & Hygiene
SUP007,BB-13606,Beauty & Hygiene
SUP004,BB-13606,Beauty & Hygiene
SUP008,BB-13630,Beauty & Hygiene
SUP006,BB-13630,Beauty & Hygiene
SUP007,BB-13630,Beauty & Hygiene
SUP005,BB-13661,Beauty & Hygiene
SUP008,BB-13661,Beauty & Hygiene
SUP003,BB-13697,Beauty & Hygiene
SUP009,BB-13697,Beauty & Hygiene
SUP009,BB-13774,Beauty & Hygiene
SUP010,BB-13774,Beauty & Hygiene
SUP006,BB-13798,Beauty & Hygiene
SUP001,BB-13798,Beauty & Hygiene
SUP002,BB-13798,Beauty & Hygiene
SUP001,BB-13826,Beauty & Hygiene
SUP003,BB-13826,Beauty & Hygiene
SUP010,BB-13852,Beauty & Hygiene
SUP004,BB-13852,Beauty & Hygiene
SUP005,BB-13852,Beauty & Hygiene
SUP006,BB-13852,Beauty & Hygiene
SUP002,BB-13971,Beauty & Hygiene
SUP007,BB-13971,Beauty & Hygiene
SUP008,BB-13971,Beauty & Hygiene
SUP009,BB-13971,Beauty & Hygiene
SUP004,BB-1403,Beauty & Hygiene
SUP010,BB-1403,Beauty & Hygiene
SUP007,BB-14064,Beauty & Hygiene
SUP001,BB-14064,Beauty & Hygiene
SUP002,BB-14064,Beauty & Hygiene
SUP008,BB-14113,Beauty & Hygiene
SUP003,BB-14113,Beauty & Hygiene
SUP004,BB-14113,Beauty & Hygiene
SUP005,BB-14190,Beauty & Hygiene
SUP006,BB-14190,Beauty & Hygiene
SUP003,BB-14241,Beauty & Hygiene
SUP005,BB-14241,Beauty & Hygiene
SUP007,BB-14241,Beauty & Hygiene
SUP009,BB-14272,Beauty & Hygiene
SUP008,BB-14272,Beauty & Hygiene
SUP010,BB-14272,Beauty & Hygiene
SUP006,BB-14286,Beauty & Hygiene
SUP009,BB-14286,Beauty & Hygiene
SUP001,BB-14373,Beauty & Hygiene
SUP002,BB-14373,Beauty & Hygiene
SUP010,BB-14491,Beauty & Hygiene
SUP001,BB-14491,Beauty & Hygiene
SUP002,BB-14547,Beauty & Hygiene
SUP003,BB-14547,Beauty & Hygiene
SUP004,BB-14554,Beauty & Hygiene
SUP005,BB-14554,Beauty & Hygiene
SUP007,BB-1463,Beauty & Hygiene
SUP004,BB-1463,Beauty & Hygiene
SUP008,BB-14638,Beauty & Hygiene
SUP006,BB-14638,Beauty & Hygiene
SUP007,BB-14638,Beauty & Hygiene
SUP005,BB-14672,Beauty & Hygiene
SUP008,BB-14672,Beauty & Hygiene
SUP003,BB-14680,Beauty & Hygiene
SUP009,BB-14680,Beauty & Hygiene
SUP010,BB-14680,Beauty & Hygiene
SUP001,BB-14680,Beauty & Hygiene
SUP009,BB-14741,Beauty & Hygiene
SUP002,BB-14741,Beauty & Hygiene
SUP003,BB-14741,Beauty & Hygiene
SUP006,BB-14776,Beauty & Hygiene
SUP004,BB-14776,Beauty & Hygiene
SUP005,BB-14776,Beauty & Hygiene
SUP001,BB-14869,Beauty & Hygiene
SUP006,BB-14869,Beauty & Hygiene
SUP007,BB-14869,Beauty & Hygiene
SUP010,BB-14883,Beauty & Hygiene
SUP008,BB-14883,Beauty & Hygiene
SUP009,BB-14883,Beauty & Hygiene
SUP002,BB-14925,Beauty & Hygiene
SUP010,BB-14925,Beauty & Hygiene
SUP001,BB-14925,Beauty & Hygiene
SUP003,BB-14925,Beauty & Hygiene
SUP004,BB-14948,Beauty & Hygiene
SUP002,BB-14948,Beauty & Hygiene
SUP007,BB-15007,Beauty & Hygiene
SUP004,BB-15007,Beauty & Hygiene
SUP005,BB-15007,Beauty & Hygiene
SUP006,BB-15007,Beauty & Hygiene
SUP008,BB-15053,Beauty & Hygiene
SUP007,BB-15053,Beauty & Hygiene
SUP005,BB-15093,Beauty & Hygiene
SUP008,BB-15093,Beauty & Hygiene
SUP009,BB-15093,Beauty & Hygiene
SUP010,BB-15093,Beauty & Hygiene
SUP003,BB-15180,Beauty & Hygiene
SUP001,BB-15180,Beauty & Hygiene
SUP002,BB-15180,Beauty & Hygiene
SUP009,BB-15199,Beauty & Hygiene
SUP003,BB-15199,Beauty & Hygiene
SUP006,BB-15228,Beauty & Hygiene
SUP004,BB-15228,Beauty & Hygiene
SUP001,BB-15252,Beauty & Hygiene
SUP005,BB-15252,Beauty & Hygiene
SUP010,BB-15262,Beauty & Hygiene
SUP006,BB-15262,Beauty & Hygiene
SUP002,BB-15325,Beauty & Hygiene
SUP007,BB-15325,Beauty & Hygiene
SUP008,BB-15325,Beauty & Hygiene
SUP004,BB-15349,Beauty & Hygiene
SUP009,BB-15349,Beauty & Hygiene
SUP010,BB-15349,Beauty & Hygiene
SUP001,BB-15349,Beauty & Hygiene
SUP007,BB-15364,Beauty & Hygiene
SUP002,BB-15364,Beauty & Hygiene
SUP003,BB-15364,Beauty & Hygiene
SUP008,BB-15429,Beauty & Hygiene
SUP004,BB-15429,Beauty & Hygiene
SUP005,BB-15449,Beauty & Hygiene
SUP006,BB-15449,Beauty & Hygiene
SUP007,BB-15449,Beauty & Hygiene
SUP008,BB-15449,Beauty & Hygiene
SUP003,BB-15462,Beauty & Hygiene
SUP005,BB-15462,Beauty & Hygiene
SUP009,BB-15474,Beauty & Hygiene
SUP010,BB-15474,Beauty & Hygiene
SUP001,BB-15474,Beauty & Hygiene
SUP006,BB-15496,Beauty & Hygiene
SUP009,BB-15496,Beauty & Hygiene
SUP002,BB-15496,Beauty & Hygiene
SUP001,BB-155,Beauty & Hygiene
SUP003,BB-155,Beauty & Hygiene
SUP010,BB-1552,Beauty & Hygiene
SUP004,BB-1552,Beauty & Hygiene
SUP002,BB-15544,Beauty & Hygiene
SUP005,BB-15544,Beauty & Hygiene
SUP004,BB-15546,Beauty & Hygiene
SUP006,BB-15546,Beauty & Hygiene
SUP007,BB-15546,Beauty & Hygiene
SUP008,BB-15546,Beauty & Hygiene
SUP007,BB-15593,Beauty & Hygiene
SUP009,BB-15593,Beauty & Hygiene
SUP008,BB-15597,Beauty & Hygiene
SUP010,BB-15597,Beauty & Hygiene
SUP005,BB-15649,Beauty & Hygiene
SUP001,BB-15649,Beauty & Hygiene
SUP002,BB-15649,Beauty & Hygiene
SUP003,BB-15678,Beauty & Hygiene
SUP004,BB-15678,Beauty & Hygiene
SUP005,BB-15678,Beauty & Hygiene
SUP009,BB-15693,Beauty & Hygiene
SUP003,BB-15693,Beauty & Hygiene
SUP006,BB-15704,Beauty & Hygiene
SUP007,BB-15704,Beauty & Hygiene
SUP008,BB-15704,Beauty & Hygiene
SUP009,BB-15704,Beauty & Hygiene
SUP001,BB-15730,Beauty & Hygiene
SUP006,BB-15730,Beauty & Hygiene
SUP010,BB-15730,Beauty & Hygiene
SUP010,BB-15808,Beauty & Hygiene
SUP001,BB-15808,Beauty & Hygiene
SUP002,BB-15856,Beauty & Hygiene
SUP003,BB-15856,Beauty & Hygiene
SUP004,BB-15860,Beauty & Hygiene
SUP002,BB-15860,Beauty & Hygiene
SUP007,BB-15872,Beauty & Hygiene
SUP004,BB-15872,Beauty & Hygiene
SUP005,BB-15872,Beauty & Hygiene
SUP008,BB-15885,Beauty & Hygiene
SUP006,BB-15885,Beauty & Hygiene
SUP005,BB-1589,Beauty & Hygiene
SUP007,BB-1589,Beauty & Hygiene
SUP003,BB-16026,Beauty & Hygiene
SUP008,BB-16026,Beauty & Hygiene
SUP009,BB-16049,Beauty & Hygiene
SUP010,BB-16049,Beauty & Hygiene
SUP001,BB-16049,Beauty & Hygiene
SUP002,BB-16049,Beauty & Hygiene
SUP006,BB-16101,Beauty & Hygiene
SUP009,BB-16101,Beauty & Hygiene
SUP003,BB-16101,Beauty & Hygiene
SUP004,BB-16101,Beauty & Hygiene
SUP001,BB-16105,Beauty & Hygiene
SUP005,BB-16105,Beauty & Hygiene
SUP010,BB-16108,Beauty & Hygiene
SUP006,BB-16108,Beauty & Hygiene
SUP002,BB-1612,Beauty & Hygiene
SUP007,BB-1612,Beauty & Hygiene
SUP008,BB-1612,Beauty & Hygiene
SUP004,BB-16146,Beauty & Hygiene
SUP009,BB-16146,Beauty & Hygiene
SUP010,BB-16146,Beauty & Hygiene
SUP007,BB-16152,Beauty & Hygiene
SUP001,BB-16152,Beauty & Hygiene
SUP008,BB-16155,Beauty & Hygiene
SUP002,BB-16155,Beauty & Hygiene
SUP003,BB-16155,Beauty & Hygiene
SUP005,BB-16220,Beauty & Hygiene
SUP004,BB-16220,Beauty & Hygiene
SUP006,BB-16220,Beauty & Hygiene
SUP007,BB-16220,Beauty & Hygiene
SUP003,BB-16245,Beauty & Hygiene
SUP005,BB-16245,Beauty & Hygiene
SUP008,BB-16245,Beauty & Hygiene
SUP009,BB-16245,Beauty & Hygiene
SUP009,BB-16255,Beauty & Hygiene
SUP010,BB-16255,Beauty & Hygiene
SUP001,BB-16255,Beauty & Hygiene
SUP006,BB-16326,Beauty & Hygiene
SUP002,BB-16326,Beauty & Hygiene
SUP003,BB-16326,Beauty & Hygiene
SUP004,BB-16326,Beauty & Hygiene
SUP001,BB-1634,Beauty & Hygiene
SUP005,BB-1634,Beauty & Hygiene
SUP010,BB-16346,Beauty & Hygiene
SUP006,BB-16346,Beauty & Hygiene
SUP002,BB-16358,Beauty & Hygiene
SUP007,BB-16358,Beauty & Hygiene
SUP008,BB-16358,Beauty & Hygiene
SUP004,BB-16380,Beauty & Hygiene
SUP009,BB-16380,Beauty & Hygiene
SUP007,BB-16392,Beauty & Hygiene
SUP010,BB-16392,Beauty & Hygiene
SUP008,BB-16426,Beauty & Hygiene
SUP001,BB-16426,Beauty & Hygiene
SUP005,BB-16469,Beauty & Hygiene
SUP002,BB-16469,Beauty & Hygiene
SUP003,BB-16469,Beauty & Hygiene
SUP004,BB-16469,Beauty & Hygiene
SUP003,BB-16500,Beauty & Hygiene
SUP005,BB-16500,Beauty & Hygiene
SUP006,BB-16500,Beauty & Hygiene
SUP009,BB-16528,Beauty & Hygiene
SUP007,BB-16528,Beauty & Hygiene
SUP006,BB-1653,Beauty & Hygiene
SUP008,BB-1653,Beauty & Hygiene
SUP009,BB-1653,Beauty & Hygiene
SUP001,BB-16530,Beauty & Hygiene
SUP010,BB-16530,Beauty & Hygiene
SUP002,BB-16530,Beauty & Hygiene
SUP010,BB-16539,Beauty & Hygiene
SUP001,BB-16539,Beauty & Hygiene
SUP002,BB-1667,Beauty & Hygiene
SUP003,BB-1667,Beauty & Hygiene
SUP004,BB-16679,Beauty & Hygiene
SUP005,BB-16679,Beauty & Hygiene
SUP006,BB-16679,Beauty & Hygiene
SUP007,BB-16719,Beauty & Hygiene
SUP004,BB-16719,Beauty & Hygiene
SUP008,BB-16780,Beauty & Hygiene
SUP007,BB-16780,Beauty & Hygiene
SUP005,BB-16784,Beauty & Hygiene
SUP008,BB-16784,Beauty & Hygiene
SUP003,BB-16799,Beauty & Hygiene
SUP009,BB-16799,Beauty & Hygiene
SUP009,BB-1692,Beauty & Hygiene
SUP010,BB-1692,Beauty & Hygiene
SUP001,BB-1692,Beauty & Hygiene
SUP002,BB-1692,Beauty & Hygiene
SUP006,BB-16948,Beauty & Hygiene
SUP003,BB-16948,Beauty & Hygiene
SUP001,BB-16974,Beauty & Hygiene
SUP004,BB-16974,Beauty & Hygiene
SUP005,BB-16974,Beauty & Hygiene
SUP010,BB-16978,Beauty & Hygiene
SUP006,BB-16978,Beauty & Hygiene
SUP007,BB-16978,Beauty & Hygiene
SUP008,BB-16978,Beauty & Hygiene
SUP002,BB-16988,Beauty & Hygiene
SUP009,BB-16988,Beauty & Hygiene
SUP004,BB-1707,Beauty & Hygiene
SUP010,BB-1707,Beauty & Hygiene
SUP001,BB-1707,Beauty & Hygiene
SUP007,BB-17075,Beauty & Hygiene
SUP002,BB-17075,Beauty & Hygiene
SUP008,BB-17121,Beauty & Hygiene
SUP003,BB-17121,Beauty & Hygiene
SUP005,BB-17134,Beauty & Hygiene
SUP004,BB-17134,Beauty & Hygiene
SUP003,BB-17176,Beauty & Hygiene
SUP005,BB-17176,Beauty & Hygiene
SUP006,BB-17176,Beauty & Hygiene
SUP009,BB-17182,Beauty & Hygiene
SUP007,BB-17182,Beauty & Hygiene
SUP006,BB-17184,Beauty & Hygiene
SUP008,BB-17184,Beauty & Hygiene
SUP009,BB-17184,Beauty & Hygiene
SUP001,BB-17253,Beauty & Hygiene
SUP010,BB-17253,Beauty & Hygiene
SUP002,BB-17253,Beauty & Hygiene
SUP010,BB-17269,Beauty & Hygiene
SUP001,BB-17269,Beauty & Hygiene
SUP003,BB-17269,Beauty & Hygiene
SUP002,BB-17292,Beauty & Hygiene
SUP004,BB-17292,Beauty & Hygiene
SUP004,BB-17334,Beauty & Hygiene
SUP005,BB-17334,Beauty & Hygiene
SUP007,BB-17348,Beauty & Hygiene
SUP006,BB-17348,Beauty & Hygiene
SUP008,BB-17348,Beauty & Hygiene
SUP009,BB-17348,Beauty & Hygiene
SUP008,BB-17391,Beauty & Hygiene
SUP007,BB-17391,Beauty & Hygiene
SUP005,BB-17397,Beauty & Hygiene
SUP010,BB-17397,Beauty & Hygiene
SUP001,BB-17397,Beauty & Hygiene
SUP003,BB-17431,Beauty & Hygiene
SUP002,BB-17431,Beauty & Hygiene
SUP004,BB-17431,Beauty & Hygiene
SUP005,BB-17431,Beauty & Hygiene
SUP009,BB-17438,Beauty & Hygiene
SUP003,BB-17438,Beauty & Hygiene
SUP006,BB-17440,Beauty & Hygiene
SUP007,BB-17440,Beauty & Hygiene
SUP008,BB-17440,Beauty & Hygiene
SUP001,BB-17450,Beauty & Hygiene
SUP006,BB-17450,Beauty & Hygiene
SUP010,BB-17503,Beauty & Hygiene
SUP009,BB-17503,Beauty & Hygiene
SUP001,BB-17503,Beauty & Hygiene
SUP002,BB-17531,Beauty & Hygiene
SUP010,BB-17531,Beauty & Hygiene
SUP004,BB-17604,Beauty & Hygiene
SUP002,BB-17604,Beauty & Hygiene
SUP003,BB-17604,Beauty & Hygiene
SUP005,BB-17604,Beauty & Hygiene
SUP007,BB-1762,Beauty & Hygiene
SUP004,BB-1762,Beauty & Hygiene
SUP008,BB-1765,Beauty & Hygiene
SUP006,BB-1765,Beauty & Hygiene
SUP007,BB-1765,Beauty & Hygiene
SUP009,BB-1765,Beauty & Hygiene
SUP005,BB-17654,Beauty & Hygiene
SUP008,BB-17654,Beauty & Hygiene
SUP003,BB-17710,Beauty & Hygiene
SUP010,BB-17710,Beauty & Hygiene
SUP009,BB-17763,Beauty & Hygiene
SUP001,BB-17763,Beauty & Hygiene
SUP006,BB-17768,Beauty & Hygiene
SUP002,BB-17768,Beauty & Hygiene
SUP003,BB-17768,Beauty & Hygiene
SUP001,BB-17792,Beauty & Hygiene
SUP004,BB-17792,Beauty & Hygiene
SUP005,BB-17792,Beauty & Hygiene
SUP010,BB-17797,Beauty & Hygiene
SUP006,BB-17797,Beauty & Hygiene
SUP007,BB-17797,Beauty & Hygiene
SUP002,BB-17824,Beauty & Hygiene
SUP008,BB-17824,Beauty & Hygiene
SUP009,BB-17824,Beauty & Hygiene
SUP010,BB-17824,Beauty & Hygiene
SUP004,BB-17825,Beauty & Hygiene
SUP001,BB-17825,Beauty & Hygiene
SUP002,BB-17825,Beauty & Hygiene
SUP007,BB-17876,Beauty & Hygiene
SUP003,BB-17876,Beauty & Hygiene
SUP008,BB-17890,Beauty & Hygiene
SUP004,BB-17890,Beauty & Hygiene
SUP005,BB-1791,Beauty & Hygiene
SUP006,BB-1791,Beauty & Hygiene
SUP007,BB-1791,Beauty & Hygiene
SUP008,BB-1791,Beauty & Hygiene
SUP003,BB-17968,Beauty & Hygiene
SUP005,BB-17968,Beauty & Hygiene
SUP009,BB-17968,Beauty & Hygiene
SUP010,BB-17968,Beauty & Hygiene
SUP009,BB-18009,Beauty & Hygiene
SUP001,BB-18009,Beauty & Hygiene
SUP002,BB-18009,Beauty & Hygiene
SUP006,BB-18050,Beauty & Hygiene
SUP003,BB-18050,Beauty & Hygiene
SUP004,BB-18050,Beauty & Hygiene
SUP001,BB-18079,Beauty & Hygiene
SUP005,BB-18079,Beauty & Hygiene
SUP010,BB-18133,Beauty & Hygiene
SUP006,BB-18133,Beauty & Hygiene
SUP007,BB-18133,Beauty & Hygiene
SUP008,BB-18133,Beauty & Hygiene
SUP002,BB-18137,Beauty & Hygiene
SUP009,BB-18137,Beauty & Hygiene
SUP010,BB-18137,Beauty & Hygiene
SUP004,BB-1815,Beauty & Hygiene
SUP001,BB-1815,Beauty & Hygiene
SUP002,BB-1815,Beauty & Hygiene
SUP007,BB-18159,Beauty & Hygiene
SUP003,BB-18159,Beauty & Hygiene
SUP008,BB-18169,Beauty & Hygiene
SUP004,BB-18169,Beauty & Hygiene
SUP005,BB-18169,Beauty & Hygiene
SUP005,BB-18264,Beauty & Hygiene
SUP006,BB-18264,Beauty & Hygiene
SUP007,BB-18264,Beauty & Hygiene
SUP003,BB-18293,Beauty & Hygiene
SUP008,BB-18293,Beauty & Hygiene
SUP009,BB-18326,Beauty & Hygiene
SUP010,BB-18326,Beauty & Hygiene
SUP001,BB-18326,Beauty & Hygiene
SUP006,BB-1833,Beauty & Hygiene
SUP009,BB-1833,Beauty & Hygiene
SUP001,BB-18353,Beauty & Hygiene
SUP002,BB-18353,Beauty & Hygiene
SUP003,BB-18353,Beauty & Hygiene
SUP010,BB-18370,Beauty & Hygiene
SUP004,BB-18370,Beauty & Hygiene
SUP002,BB-18382,Beauty & Hygiene
SUP005,BB-18382,Beauty & Hygiene
SUP006,BB-18382,Beauty & Hygiene
SUP004,BB-18405,Beauty & Hygiene
SUP007,BB-18405,Beauty & Hygiene
SUP007,BB-18452,Beauty & Hygiene
SUP008,BB-18452,Beauty & Hygiene
SUP009,BB-18452,Beauty & Hygiene
SUP008,BB-18498,Beauty & Hygiene
SUP010,BB-18498,Beauty & Hygiene
SUP005,BB-18512,Beauty & Hygiene
SUP001,BB-18512,Beauty & Hygiene
SUP003,BB-18518,Beauty & Hygiene
SUP002,BB-18518,Beauty & Hygiene
SUP004,BB-18518,Beauty & Hygiene
SUP009,BB-18563,Beauty & Hygiene
SUP003,BB-18563,Beauty & Hygiene
SUP005,BB-18563,Beauty & Hygiene
SUP006,BB-1861,Beauty & Hygiene
SUP007,BB-1861,Beauty & Hygiene
SUP001,BB-18615,Beauty & Hygiene
SUP006,BB-18615,Beauty & Hygiene
SUP010,BB-18619,Beauty & Hygiene
SUP008,BB-18619,Beauty & Hygiene
SUP009,BB-18619,Beauty & Hygiene
SUP002,BB-18648,Beauty & Hygiene
SUP010,BB-18648,Beauty & Hygiene
SUP001,BB-18648,Beauty & Hygiene
SUP004,BB-18674,Beauty & Hygiene
SUP002,BB-18674,Beauty & Hygiene
SUP003,BB-18674,Beauty & Hygiene
SUP007,BB-18697,Beauty & Hygiene
SUP004,BB-18697,Beauty & Hygiene
SUP005,BB-18697,Beauty & Hygiene
SUP006,BB-18697,Beauty & Hygiene
SUP008,BB-18737,Beauty & Hygiene
SUP007,BB-18737,Beauty & Hygiene
SUP009,BB-18737,Beauty & Hygiene
SUP005,BB-18749,Beauty & Hygiene
SUP008,BB-18749,Beauty & Hygiene
SUP010,BB-18749,Beauty & Hygiene
SUP003,BB-18756,Beauty & Hygiene
SUP001,BB-18756,Beauty & Hygiene
SUP009,BB-18833,Beauty & Hygiene
SUP002,BB-18833,Beauty & Hygiene
SUP003,BB-18833,Beauty & Hygiene
SUP006,BB-18834,Beauty & Hygiene
SUP004,BB-18834,Beauty & Hygiene
SUP005,BB-18834,Beauty & Hygiene
SUP001,BB-18856,Beauty & Hygiene
SUP006,BB-18856,Beauty & Hygiene
SUP010,BB-18874,Beauty & Hygiene
SUP007,BB-18874,Beauty & Hygiene
SUP008,BB-18874,Beauty & Hygiene
SUP009,BB-18874,Beauty & Hygiene
SUP002,BB-19001,Beauty & Hygiene
SUP010,BB-19001,Beauty & Hygiene
SUP004,BB-19007,Beauty & Hygiene
SUP001,BB-19007,Beauty & Hygiene
SUP007,BB-19020,Beauty & Hygiene
SUP002,BB-19020,Beauty & Hygiene
SUP003,BB-19020,Beauty & Hygiene
SUP008,BB-19028,Beauty & Hygiene
SUP004,BB-19028,Beauty & Hygiene
SUP005,BB-19041,Beauty & Hygiene
SUP006,BB-19041,Beauty & Hygiene
SUP003,BB-1908,Beauty & Hygiene
SUP005,BB-1908,Beauty & Hygiene
SUP007,BB-1908,Beauty & Hygiene
SUP008,BB-1908,Beauty & Hygiene
SUP009,BB-19080,Beauty & Hygiene
SUP010,BB-19080,Beauty & Hygiene
SUP001,BB-19080,Beauty & Hygiene
SUP006,BB-19115,Beauty & Hygiene
SUP009,BB-19115,Beauty & Hygiene
SUP002,BB-19115,Beauty & Hygiene
SUP001,BB-19118,Beauty & Hygiene
SUP003,BB-19118,Beauty & Hygiene
SUP010,BB-19142,Beauty & Hygiene
SUP004,BB-19142,Beauty & Hygiene
SUP005,BB-19142,Beauty & Hygiene
SUP006,BB-19142,Beauty & Hygiene
SUP002,BB-1919,Beauty & Hygiene
SUP007,BB-1919,Beauty & Hygiene
SUP008,BB-1919,Beauty & Hygiene
SUP004,BB-19251,Beauty & Hygiene
SUP009,BB-19251,Beauty & Hygiene
SUP010,BB-19251,Beauty & Hygiene
SUP007,BB-193,Beauty & Hygiene
SUP001,BB-193,Beauty & Hygiene
SUP008,BB-19319,Beauty & Hygiene
SUP002,BB-19319,Beauty & Hygiene
SUP005,BB-1932,Beauty & Hygiene
SUP003,BB-1932,Beauty & Hygiene
SUP003,BB-19334,Beauty & Hygiene
SUP004,BB-19334,Beauty & Hygiene
SUP005,BB-19334,Beauty & Hygiene
SUP009,BB-19362,Beauty & Hygiene
SUP006,BB-19362,Beauty & Hygiene
SUP007,BB-19362,Beauty & Hygiene
SUP008,BB-19362,Beauty & Hygiene
SUP006,BB-1937,Beauty & Hygiene
SUP009,BB-1937,Beauty & Hygiene
SUP010,BB-1937,Beauty & Hygiene
SUP001,BB-1937,Beauty & Hygiene
SUP001,BB-19403,Beauty & Hygiene
SUP002,BB-19403,Beauty & Hygiene
SUP003,BB-19403,Beauty & Hygiene
SUP004,BB-19403,Beauty & Hygiene
SUP010,BB-19487,Beauty & Hygiene
SUP005,BB-19487,Beauty & Hygiene
SUP006,BB-19487,Beauty & Hygiene
SUP002,BB-19597,Beauty & Hygiene
SUP007,BB-19597,Beauty & Hygiene
SUP004,BB-19599,Beauty & Hygiene
SUP008,BB-19599,Beauty & Hygiene
SUP009,BB-19599,Beauty & Hygiene
SUP007,BB-19614,Beauty & Hygiene
SUP010,BB-19614,Beauty & Hygiene
SUP001,BB-19614,Beauty & Hygiene
SUP008,BB-19690,Beauty & Hygiene
SUP002,BB-19690,Beauty & Hygiene
SUP005,BB-19716,Beauty & Hygiene
SUP003,BB-19716,Beauty & Hygiene
SUP004,BB-19716,Beauty & Hygiene
SUP003,BB-19734,Beauty & Hygiene
SUP005,BB-19734,Beauty & Hygiene
SUP006,BB-19734,Beauty & Hygiene
SUP007,BB-19734,Beauty & Hygiene
SUP009,BB-19768,Beauty & Hygiene
SUP008,BB-19768,Beauty & Hygiene
SUP006,BB-1992,Beauty & Hygiene
SUP009,BB-1992,Beauty & Hygiene
SUP001,BB-19923,Beauty & Hygiene
SUP010,BB-19923,Beauty & Hygiene
SUP010,BB-19952,Beauty & Hygiene
SUP001,BB-19952,Beauty & Hygiene
SUP002,BB-19952,Beauty & Hygiene
SUP002,BB-19968,Beauty & Hygiene
SUP003,BB-19968,Beauty & Hygiene
SUP004,BB-19968,Beauty & Hygiene
SUP004,BB-19978,Beauty & Hygiene
SUP005,BB-19978,Beauty & Hygiene
SUP007,BB-20031,Beauty & Hygiene
SUP006,BB-20031,Beauty & Hygiene
SUP008,BB-20031,Beauty & Hygiene
SUP008,BB-20050,Beauty & Hygiene
SUP007,BB-20050,Beauty & Hygiene
SUP005,BB-20054,Beauty & Hygiene
SUP009,BB-20054,Beauty & Hygiene
SUP010,BB-20054,Beauty & Hygiene
SUP003,BB-20104,Beauty & Hygiene
SUP001,BB-20104,Beauty & Hygiene
SUP002,BB-20104,Beauty & Hygiene
SUP004,BB-20104,Beauty & Hygiene
SUP009,BB-20108,Beauty & Hygiene
SUP003,BB-20108,Beauty & Hygiene
SUP006,BB-20171,Beauty & Hygiene
SUP005,BB-20171,Beauty & Hygiene
SUP007,BB-20171,Beauty & Hygiene
SUP008,BB-20171,Beauty & Hygiene
SUP001,BB-20194,Beauty & Hygiene
SUP006,BB-20194,Beauty & Hygiene
SUP010,BB-20235,Beauty & Hygiene
SUP009,BB-20235,Beauty & Hygiene
SUP002,BB-20327,Beauty & Hygiene
SUP010,BB-20327,Beauty & Hygiene
SUP001,BB-20327,Beauty & Hygiene
SUP003,BB-20327,Beauty & Hygiene
SUP004,BB-20347,Beauty & Hygiene
SUP002,BB-20347,Beauty & Hygiene
SUP007,BB-20420,Beauty & Hygiene
SUP004,BB-20420,Beauty & Hygiene
SUP005,BB-20420,Beauty & Hygiene
SUP008,BB-20452,Beauty & Hygiene
SUP006,BB-20452,Beauty & Hygiene
SUP007,BB-20452,Beauty & Hygiene
SUP005,BB-20469,Beauty & Hygiene
SUP008,BB-20469,Beauty & Hygiene
SUP003,BB-20492,Beauty & Hygiene
SUP009,BB-20492,Beauty & Hygiene
SUP010,BB-20492,Beauty & Hygiene
SUP009,BB-20494,Beauty & Hygiene
SUP001,BB-20494,Beauty & Hygiene
SUP006,BB-20635,Beauty & Hygiene
SUP002,BB-20635,Beauty & Hygiene
SUP001,BB-20641,Beauty & Hygiene
SUP003,BB-20641,Beauty & Hygiene
SUP010,BB-2069,Beauty & Hygiene
SUP004,BB-2069,Beauty & Hygiene
SUP005,BB-2069,Beauty & Hygiene
SUP002,BB-20728,Beauty & Hygiene
SUP006,BB-20728,Beauty & Hygiene
SUP004,BB-20730,Beauty & Hygiene
SUP007,BB-20730,Beauty & Hygiene
SUP007,BB-20733,Beauty & Hygiene
SUP008,BB-20733,Beauty & Hygiene
SUP009,BB-20733,Beauty & Hygiene
SUP010,BB-20733,Beauty & Hygiene
SUP008,BB-20734,Beauty & Hygiene
SUP001,BB-20734,Beauty & Hygiene
SUP005,BB-208,Beauty & Hygiene
SUP002,BB-208,Beauty & Hygiene
SUP003,BB-20803,Beauty & Hygiene
SUP004,BB-20803,Beauty & Hygiene
SUP009,BB-20939,Beauty & Hygiene
SUP003,BB-20939,Beauty & Hygiene
SUP006,BB-20942,Beauty & Hygiene
SUP005,BB-20942,Beauty & Hygiene
SUP001,BB-20971,Beauty & Hygiene
SUP006,BB-20971,Beauty & Hygiene
SUP010,BB-20990,Beauty & Hygiene
SUP007,BB-20990,Beauty & Hygiene
SUP002,BB-2101,Beauty & Hygiene
SUP008,BB-2101,Beauty & Hygiene
SUP004,BB-21024,Beauty & Hygiene
SUP009,BB-21024,Beauty & Hygiene
SUP007,BB-21055,Beauty & Hygiene
SUP010,BB-21055,Beauty & Hygiene
SUP001,BB-21055,Beauty & Hygiene
SUP008,BB-21067,Beauty & Hygiene
SUP002,BB-21067,Beauty & Hygiene
SUP005,BB-21123,Beauty & Hygiene
SUP003,BB-21123,Beauty & Hygiene
SUP004,BB-21123,Beauty & Hygiene
SUP003,BB-21208,Beauty & Hygiene
SUP005,BB-21208,Beauty & Hygiene
SUP006,BB-21208,Beauty & Hygiene
SUP007,BB-21208,Beauty & Hygiene
SUP009,BB-21244,Beauty & Hygiene
SUP008,BB-21244,Beauty & Hygiene
SUP006,BB-21418,Beauty & Hygiene
SUP009,BB-21418,Beauty & Hygiene
SUP010,BB-21418,Beauty & Hygiene
SUP001,BB-21418,Beauty & Hygiene
SUP001,BB-21489,Beauty & Hygiene
SUP002,BB-21489,Beauty & Hygiene
SUP003,BB-21489,Beauty & Hygiene
SUP010,BB-2149,Beauty & Hygiene
SUP004,BB-2149,Beauty & Hygiene
SUP002,BB-21519,Beauty & Hygiene
SUP005,BB-21519,Beauty & Hygiene
SUP006,BB-21519,Beauty & Hygiene
SUP007,BB-21519,Beauty & Hygiene
SUP004,BB-21520,Beauty & Hygiene
SUP008,BB-21520,Beauty & Hygiene
SUP007,BB-21567,Beauty & Hygiene
SUP009,BB-21567,Beauty & Hygiene
SUP008,BB-21578,Beauty & Hygiene
SUP010,BB-21578,Beauty & Hygiene
SUP001,BB-21578,Beauty & Hygiene
SUP002,BB-21578,Beauty & Hygiene
SUP005,BB-21635,Beauty & Hygiene
SUP003,BB-21635,Beauty & Hygiene
SUP004,BB-21635,Beauty & Hygiene
SUP003,BB-21715,Beauty & Hygiene
SUP005,BB-21715,Beauty & Hygiene
SUP006,BB-21715,Beauty & Hygiene
SUP009,BB-21820,Beauty & Hygiene
SUP007,BB-21820,Beauty & Hygiene
SUP008,BB-21820,Beauty & Hygiene
SUP006,BB-21835,Beauty & Hygiene
SUP009,BB-21835,Beauty & Hygiene
SUP010,BB-21835,Beauty & Hygiene
SUP001,BB-21858,Beauty & Hygiene
SUP002,BB-21858,Beauty & Hygiene
SUP003,BB-21858,Beauty & Hygiene
SUP004,BB-21858,Beauty & Hygiene
SUP010,BB-22008,Beauty & Hygiene
SUP001,BB-22008,Beauty & Hygiene
SUP002,BB-22012,Beauty & Hygiene
SUP005,BB-22012,Beauty & Hygiene
SUP004,BB-2207,Beauty & Hygiene
SUP006,BB-2207,Beauty & Hygiene
SUP007,BB-22084,Beauty & Hygiene
SUP008,BB-22084,Beauty & Hygiene
SUP008,BB-22153,Beauty & Hygiene
SUP007,BB-22153,Beauty & Hygiene
SUP009,BB-22153,Beauty & Hygiene
SUP005,BB-22192,Beauty & Hygiene
SUP010,BB-22192,Beauty & Hygiene
SUP001,BB-22192,Beauty & Hygiene
SUP003,BB-22194,Beauty & Hygiene
SUP002,BB-22194,Beauty & Hygiene
SUP004,BB-22194,Beauty & Hygiene
SUP009,BB-22325,Beauty & Hygiene
SUP003,BB-22325,Beauty & Hygiene
SUP005,BB-22325,Beauty & Hygiene
SUP006,BB-22363,Beauty & Hygiene
SUP007,BB-22363,Beauty & Hygiene
SUP008,BB-22363,Beauty & Hygiene
SUP009,BB-22363,Beauty & Hygiene
SUP001,BB-22442,Beauty & Hygiene
SUP006,BB-22442,Beauty & Hygiene
SUP010,BB-22442,Beauty & Hygiene
SUP002,BB-22442,Beauty & Hygiene
SUP010,BB-22467,Beauty & Hygiene
SUP001,BB-22467,Beauty & Hygiene
SUP003,BB-22467,Beauty & Hygiene
SUP002,BB-22489,Beauty & Hygiene
SUP004,BB-22489,Beauty & Hygiene
SUP005,BB-22489,Beauty & Hygiene
SUP006,BB-22489,Beauty & Hygiene
SUP004,BB-225,Beauty & Hygiene
SUP007,BB-225,Beauty & Hygiene
SUP008,BB-225,Beauty & Hygiene
SUP007,BB-22563,Beauty & Hygiene
SUP009,BB-22563,Beauty & Hygiene
SUP010,BB-22563,Beauty & Hygiene
SUP008,BB-22584,Beauty & Hygiene
SUP001,BB-22584,Beauty & Hygiene
SUP005,BB-2260,Beauty & Hygiene
SUP002,BB-2260,Beauty & Hygiene
SUP003,BB-22646,Beauty & Hygiene
SUP004,BB-22646,Beauty & Hygiene
SUP005,BB-22646,Beauty & Hygiene
SUP006,BB-22646,Beauty & Hygiene
SUP009,BB-22653,Beauty & Hygiene
SUP003,BB-22653,Beauty & Hygiene
SUP006,BB-22669,Beauty & Hygiene
SUP007,BB-22669,Beauty & Hygiene
SUP001,BB-22689,Beauty & Hygiene
SUP008,BB-22689,Beauty & Hygiene
SUP010,BB-22700,Beauty & Hygiene
SUP009,BB-22700,Beauty & Hygiene
SUP002,BB-22750,Beauty & Hygiene
SUP010,BB-22750,Beauty & Hygiene
SUP004,BB-22811,Beauty & Hygiene
SUP001,BB-22811,Beauty & Hygiene
SUP002,BB-22811,Beauty & Hygiene
SUP003,BB-22811,Beauty & Hygiene
SUP007,BB-22813,Beauty & Hygiene
SUP004,BB-22813,Beauty & Hygiene
SUP008,BB-22817,Beauty & Hygiene
SUP005,BB-22817,Beauty & Hygiene
SUP006,BB-22817,Beauty & Hygiene
SUP007,BB-22817,Beauty & Hygiene
SUP005,BB-2283,Beauty & Hygiene
SUP008,BB-2283,Beauty & Hygiene
SUP003,BB-22836,Beauty & Hygiene
SUP009,BB-22836,Beauty & Hygiene
SUP010,BB-22836,Beauty & Hygiene
SUP009,BB-22884,Beauty & Hygiene
SUP001,BB-22884,Beauty & Hygiene
SUP006,BB-23019,Beauty & Hygiene
SUP002,BB-23019,Beauty & Hygiene
SUP003,BB-23019,Beauty & Hygiene
SUP001,BB-23022,Beauty & Hygiene
SUP004,BB-23022,Beauty & Hygiene
SUP010,BB-23047,Beauty & Hygiene
SUP005,BB-23047,Beauty & Hygiene
SUP006,BB-23047,Beauty & Hygiene
SUP007,BB-23047,Beauty & Hygiene
SUP002,BB-23052,Beauty & Hygiene
SUP008,BB-23052,Beauty & Hygiene
SUP004,BB-23059,Beauty & Hygiene
SUP009,BB-23059,Beauty & Hygiene
SUP007,BB-23094,Beauty & Hygiene
SUP010,BB-23094,Beauty & Hygiene
SUP001,BB-23094,Beauty & Hygiene
SUP002,BB-23094,Beauty & Hygiene
SUP008,BB-23198,Beauty & Hygiene
SUP003,BB-23198,Beauty & Hygiene
SUP005,BB-23248,Beauty & Hygiene
SUP004,BB-23248,Beauty & Hygiene
SUP003,BB-23293,Beauty & Hygiene
SUP005,BB-23293,Beauty & Hygiene
SUP009,BB-23294,Beauty & Hygiene
SUP006,BB-23294,Beauty & Hygiene
SUP007,BB-23294,Beauty & Hygiene
SUP006,BB-23353,Beauty & Hygiene
SUP008,BB-23353,Beauty & Hygiene
SUP009,BB-23353,Beauty & Hygiene
SUP001,BB-23384,Beauty & Hygiene
SUP010,BB-23384,Beauty & Hygiene
SUP010,BB-23423,Beauty & Hygiene
SUP001,BB-23423,Beauty & Hygiene
SUP002,BB-23424,Beauty & Hygiene
SUP003,BB-23424,Beauty & Hygiene
SUP004,BB-23459,Beauty & Hygiene
SUP002,BB-23459,Beauty & Hygiene
SUP005,BB-23459,Beauty & Hygiene
SUP006,BB-23459,Beauty & Hygiene
SUP007,BB-23480,Beauty & Hygiene
SUP004,BB-23480,Beauty & Hygiene
SUP008,BB-23496,Beauty & Hygiene
SUP007,BB-23496,Beauty & Hygiene
SUP005,BB-23591,Beauty & Hygiene
SUP008,BB-23591,Beauty & Hygiene
SUP003,BB-23606,Beauty & Hygiene
SUP009,BB-23606,Beauty & Hygiene
SUP010,BB-23606,Beauty & Hygiene
SUP009,BB-23640,Beauty & Hygiene
SUP001,BB-23640,Beauty & Hygiene
SUP002,BB-23640,Beauty & Hygiene
SUP003,BB-23640,Beauty & Hygiene
SUP006,BB-23718,Beauty & Hygiene
SUP004,BB-23718,Beauty & Hygiene
SUP005,BB-23718,Beauty & Hygiene
SUP001,BB-23757,Beauty & Hygiene
SUP006,BB-23757,Beauty & Hygiene
SUP007,BB-23757,Beauty & Hygiene
SUP010,BB-23763,Beauty & Hygiene
SUP008,BB-23763,Beauty & Hygiene
SUP002,BB-23782,Beauty & Hygiene
SUP009,BB-23782,Beauty & Hygiene
SUP004,BB-23783,Beauty & Hygiene
SUP010,BB-23783,Beauty & Hygiene
SUP001,BB-23783,Beauty & Hygiene
SUP007,BB-23791,Beauty & Hygiene
SUP002,BB-23791,Beauty & Hygiene
SUP003,BB-23791,Beauty & Hygiene
SUP004,BB-23791,Beauty & Hygiene
SUP008,BB-2386,Beauty & Hygiene
SUP005,BB-2386,Beauty & Hygiene
SUP006,BB-2386,Beauty & Hygiene
SUP005,BB-2389,Beauty & Hygiene
SUP007,BB-2389,Beauty & Hygiene
SUP008,BB-2389,Beauty & Hygiene
SUP009,BB-2389,Beauty & Hygiene
SUP003,BB-23947,Beauty & Hygiene
SUP010,BB-23947,Beauty & Hygiene
SUP009,BB-23974,Beauty & Hygiene
SUP001,BB-23974,Beauty & Hygiene
SUP002,BB-23974,Beauty & Hygiene
SUP003,BB-23974,Beauty & Hygiene
SUP006,BB-240,Beauty & Hygiene
SUP004,BB-240,Beauty & Hygiene
SUP001,BB-24058,Beauty & Hygiene
SUP005,BB-24058,Beauty & Hygiene
SUP006,BB-24058,Beauty & Hygiene
SUP010,BB-2408,Beauty & Hygiene
SUP007,BB-2408,Beauty & Hygiene
SUP008,BB-2408,Beauty & Hygiene
SUP002,BB-24080,Beauty & Hygiene
SUP009,BB-24080,Beauty & Hygiene
SUP004,BB-24084,Beauty & Hygiene
SUP010,BB-24084,Beauty & Hygiene
SUP001,BB-24084,Beauty & Hygiene
SUP007,BB-2411,Beauty & Hygiene
SUP002,BB-2411,Beauty & Hygiene
SUP008,BB-24112,Beauty & Hygiene
SUP003,BB-24112,Beauty & Hygiene
SUP004,BB-24112,Beauty & Hygiene
SUP005,BB-24128,Beauty & Hygiene
SUP006,BB-24128,Beauty & Hygiene
SUP007,BB-24128,Beauty & Hygiene
SUP003,BB-2417,Beauty & Hygiene
SUP005,BB-2417,Beauty & Hygiene
SUP008,BB-2417,Beauty & Hygiene
SUP009,BB-24208,Beauty & Hygiene
SUP010,BB-24208,Beauty & Hygiene
SUP001,BB-24208,Beauty & Hygiene
SUP006,BB-24233,Beauty & Hygiene
SUP009,BB-24233,Beauty & Hygiene
SUP001,BB-24249,Beauty & Hygiene
SUP002,BB-24249,Beauty & Hygiene
SUP003,BB-24249,Beauty & Hygiene
SUP010,BB-24274,Beauty & Hygiene
SUP004,BB-24274,Beauty & Hygiene
SUP005,BB-24274,Beauty & Hygiene
SUP002,BB-24288,Beauty & Hygiene
SUP006,BB-24288,Beauty & Hygiene
SUP004,BB-24294,Beauty & Hygiene
SUP007,BB-24294,Beauty & Hygiene
SUP008,BB-24294,Beauty & Hygiene
SUP007,BB-24295,Beauty & Hygiene
SUP009,BB-24295,Beauty & Hygiene
SUP008,BB-24314,Beauty & Hygiene
SUP010,BB-24314,Beauty & Hygiene
SUP005,BB-24319,Beauty & Hygiene
SUP001,BB-24319,Beauty & Hygiene
SUP003,BB-24420,Beauty & Hygiene
SUP002,BB-24420,Beauty & Hygiene
SUP009,BB-2445,Beauty & Hygiene
SUP003,BB-2445,Beauty & Hygiene
SUP006,BB-24450,Beauty & Hygiene
SUP004,BB-24450,Beauty & Hygiene
SUP005,BB-24450,Beauty & Hygiene
SUP007,BB-24450,Beauty & Hygiene
SUP001,BB-24484,Beauty & Hygiene
SUP006,BB-24484,Beauty & Hygiene
SUP010,BB-24502,Beauty & Hygiene
SUP008,BB-24502,Beauty & Hygiene
SUP002,BB-24550,Beauty & Hygiene
SUP009,BB-24550,Beauty & Hygiene
SUP004,BB-24600,Beauty & Hygiene
SUP010,BB-24600,Beauty & Hygiene
SUP001,BB-24600,Beauty & Hygiene
SUP007,BB-24653,Beauty & Hygiene
SUP002,BB-24653,Beauty & Hygiene
SUP003,BB-24653,Beauty & Hygiene
SUP008,BB-24699,Beauty & Hygiene
SUP004,BB-24699,Beauty & Hygiene
SUP005,BB-24699,Beauty & Hygiene
SUP005,BB-24751,Beauty & Hygiene
SUP006,BB-24751,Beauty & Hygiene
SUP007,BB-24751,Beauty & Hygiene
SUP008,BB-24751,Beauty & Hygiene
SUP003,BB-24780,Beauty & Hygiene
SUP009,BB-24780,Beauty & Hygiene
SUP010,BB-24780,Beauty & Hygiene
SUP009,BB-24786,Beauty & Hygiene
SUP001,BB-24786,Beauty & Hygiene
SUP006,BB-24846,Beauty & Hygiene
SUP002,BB-24846,Beauty & Hygiene
SUP003,BB-24846,Beauty & Hygiene
SUP001,BB-24851,Beauty & Hygiene
SUP004,BB-24851,Beauty & Hygiene
SUP005,BB-24851,Beauty & Hygiene
SUP010,BB-2491,Beauty & Hygiene
SUP006,BB-2491,Beauty & Hygiene
SUP002,BB-24964,Beauty & Hygiene
SUP007,BB-24964,Beauty & Hygiene
SUP004,BB-2499,Beauty & Hygiene
SUP008,BB-2499,Beauty & Hygiene
SUP009,BB-2499,Beauty & Hygiene
SUP010,BB-2499,Beauty & Hygiene
SUP007,BB-25048,Beauty & Hygiene
SUP001,BB-25048,Beauty & Hygiene
SUP008,BB-25071,Beauty & Hygiene
SUP002,BB-25071,Beauty & Hygiene
SUP005,BB-25122,Beauty & Hygiene
SUP003,BB-25122,Beauty & Hygiene
SUP004,BB-25122,Beauty & Hygiene
SUP003,BB-2514,Beauty & Hygiene
SUP005,BB-2514,Beauty & Hygiene
SUP006,BB-2514,Beauty & Hygiene
SUP009,BB-25347,Beauty & Hygiene
SUP007,BB-25347,Beauty & Hygiene
SUP008,BB-25347,Beauty & Hygiene
SUP006,BB-25382,Beauty & Hygiene
SUP009,BB-25382,Beauty & Hygiene
SUP001,BB-25472,Beauty & Hygiene
SUP010,BB-25472,Beauty & Hygiene
SUP010,BB-25483,Beauty & Hygiene
SUP001,BB-25483,Beauty & Hygiene
SUP002,BB-25518,Beauty & Hygiene
SUP003,BB-25518,Beauty & Hygiene
SUP004,BB-25553,Beauty & Hygiene
SUP002,BB-25553,Beauty & Hygiene
SUP007,BB-25555,Beauty & Hygiene
SUP004,BB-25555,Beauty & Hygiene
SUP008,BB-25585,Beauty & Hygiene
SUP005,BB-25585,Beauty & Hygiene
SUP005,BB-25638,Beauty & Hygiene
SUP006,BB-25638,Beauty & Hygiene
SUP007,BB-25638,Beauty & Hygiene
SUP003,BB-25639,Beauty & Hygiene
SUP008,BB-25639,Beauty & Hygiene
SUP009,BB-25639,Beauty & Hygiene
SUP010,BB-25639,Beauty & Hygiene
SUP009,BB-25642,Beauty & Hygiene
SUP001,BB-25642,Beauty & Hygiene
SUP002,BB-25642,Beauty & Hygiene
SUP006,BB-25728,Beauty & Hygiene
SUP003,BB-25728,Beauty & Hygiene
SUP004,BB-25728,Beauty & Hygiene
SUP001,BB-25756,Beauty & Hygiene
SUP005,BB-25756,Beauty & Hygiene
SUP010,BB-25760,Beauty & Hygiene
SUP006,BB-25760,Beauty & Hygiene
SUP002,BB-25802,Beauty & Hygiene
SUP007,BB-25802,Beauty & Hygiene
SUP004,BB-25875,Beauty & Hygiene
SUP008,BB-25875,Beauty & Hygiene
SUP009,BB-25875,Beauty & Hygiene
SUP007,BB-25904,Beauty & Hygiene
SUP010,BB-25904,Beauty & Hygiene
SUP008,BB-25957,Beauty & Hygiene
SUP001,BB-25957,Beauty & Hygiene
SUP005,BB-25980,Beauty & Hygiene
SUP002,BB-25980,Beauty & Hygiene
SUP003,BB-25980,Beauty & Hygiene
SUP003,BB-25996,Beauty & Hygiene
SUP004,BB-25996,Beauty & Hygiene
SUP009,BB-26000,Beauty & Hygiene
SUP005,BB-26000,Beauty & Hygiene
SUP006,BB-26006,Beauty & Hygiene
SUP007,BB-26006,Beauty & Hygiene
SUP001,BB-2601,Beauty & Hygiene
SUP006,BB-2601,Beauty & Hygiene
SUP010,BB-26017,Beauty & Hygiene
SUP008,BB-26017,Beauty & Hygiene
SUP002,BB-26025,Beauty & Hygiene
SUP009,BB-26025,Beauty & Hygiene
SUP010,BB-26025,Beauty & Hygiene
SUP004,BB-2604,Beauty & Hygiene
SUP001,BB-2604,Beauty & Hygiene
SUP007,BB-26069,Beauty & Hygiene
SUP002,BB-26069,Beauty & Hygiene
SUP003,BB-26069,Beauty & Hygiene
SUP008,BB-26094,Beauty & Hygiene
SUP004,BB-26094,Beauty & Hygiene
SUP005,BB-26177,Beauty & Hygiene
SUP006,BB-26177,Beauty & Hygiene
SUP007,BB-26177,Beauty & Hygiene
SUP008,BB-26177,Beauty & Hygiene
SUP003,BB-26196,Beauty & Hygiene
SUP005,BB-26196,Beauty & Hygiene
SUP009,BB-26196,Beauty & Hygiene
SUP009,BB-262,Beauty & Hygiene
SUP010,BB-262,Beauty & Hygiene
SUP006,BB-26227,Beauty & Hygiene
SUP001,BB-26227,Beauty & Hygiene
SUP001,BB-26233,Beauty & Hygiene
SUP002,BB-26233,Beauty & Hygiene
SUP010,BB-26270,Beauty & Hygiene
SUP003,BB-26270,Beauty & Hygiene
SUP002,BB-26298,Beauty & Hygiene
SUP004,BB-26298,Beauty & Hygiene
SUP005,BB-26298,Beauty & Hygiene
SUP004,BB-26317,Beauty & Hygiene
SUP006,BB-26317,Beauty & Hygiene
SUP007,BB-26336,Beauty & Hygiene
SUP008,BB-26336,Beauty & Hygiene
SUP009,BB-26336,Beauty & Hygiene
SUP008,BB-26350,Beauty & Hygiene
SUP007,BB-26350,Beauty & Hygiene
SUP010,BB-26350,Beauty & Hygiene
SUP001,BB-26350,Beauty & Hygiene
SUP005,BB-2643,Beauty & Hygiene
SUP002,BB-2643,Beauty & Hygiene
SUP003,BB-2643,Beauty & Hygiene
SUP003,BB-26439,Beauty & Hygiene
SUP004,BB-26439,Beauty & Hygiene
SUP009,BB-2644,Beauty & Hygiene
SUP005,BB-2644,Beauty & Hygiene
SUP006,BB-2644,Beauty & Hygiene
SUP006,BB-26442,Beauty & Hygiene
SUP007,BB-26442,Beauty & Hygiene
SUP001,BB-26449,Beauty & Hygiene
SUP008,BB-26449,Beauty & Hygiene
SUP009,BB-26449,Beauty & Hygiene
SUP010,BB-26466,Beauty & Hygiene
SUP001,BB-26466,Beauty & Hygiene
SUP002,BB-26466,Beauty & Hygiene
SUP002,BB-26512,Beauty & Hygiene
SUP010,BB-26512,Beauty & Hygiene
SUP003,BB-26512,Beauty & Hygiene
SUP004,BB-26516,Beauty & Hygiene
SUP005,BB-26516,Beauty & Hygiene
SUP006,BB-26516,Beauty & Hygiene
SUP007,BB-26516,Beauty & Hygiene
SUP007,BB-26535,Beauty & Hygiene
SUP004,BB-26535,Beauty & Hygiene
SUP008,BB-26535,Beauty & Hygiene
SUP008,BB-26552,Beauty & Hygiene
SUP009,BB-26552,Beauty & Hygiene
SUP005,BB-26620,Beauty & Hygiene
SUP010,BB-26620,Beauty & Hygiene
SUP003,BB-2663,Beauty & Hygiene
SUP001,BB-2663,Beauty & Hygiene
SUP009,BB-26679,Beauty & Hygiene
SUP002,BB-26679,Beauty & Hygiene
SUP003,BB-26679,Beauty & Hygiene
SUP006,BB-26797,Beauty & Hygiene
SUP004,BB-26797,Beauty & Hygiene
SUP001,BB-26806,Beauty & Hygiene
SUP005,BB-26806,Beauty & Hygiene
SUP010,BB-26841,Beauty & Hygiene
SUP006,BB-26841,Beauty & Hygiene
SUP002,BB-26845,Beauty & Hygiene
SUP007,BB-26845,Beauty & Hygiene
SUP004,BB-26876,Beauty & Hygiene
SUP008,BB-26876,Beauty & Hygiene
SUP009,BB-26876,Beauty & Hygiene
SUP010,BB-26876,Beauty & Hygiene
SUP007,BB-26891,Beauty & Hygiene
SUP001,BB-26891,Beauty & Hygiene
SUP002,BB-26891,Beauty & Hygiene
SUP008,BB-26893,Beauty & Hygiene
SUP003,BB-26893,Beauty & Hygiene
SUP004,BB-26893,Beauty & Hygiene
SUP005,BB-26902,Beauty & Hygiene
SUP006,BB-26902,Beauty & Hygiene
SUP003,BB-26911,Beauty & Hygiene
SUP005,BB-26911,Beauty & Hygiene
SUP009,BB-26967,Beauty & Hygiene
SUP007,BB-26967,Beauty & Hygiene
SUP006,BB-27048,Beauty & Hygiene
SUP008,BB-27048,Beauty & Hygiene
SUP001,BB-27077,Beauty & Hygiene
SUP009,BB-27077,Beauty & Hygiene
SUP010,BB-27117,Beauty & Hygiene
SUP001,BB-27117,Beauty & Hygiene
SUP002,BB-27117,Beauty & Hygiene
SUP003,BB-27117,Beauty & Hygiene
SUP002,BB-27165,Beauty & Hygiene
SUP010,BB-27165,Beauty & Hygiene
SUP004,BB-27173,Beauty & Hygiene
SUP005,BB-27173,Beauty & Hygiene
SUP006,BB-27173,Beauty & Hygiene
SUP007,BB-27173,Beauty & Hygiene
SUP007,BB-27214,Beauty & Hygiene
SUP004,BB-27214,Beauty & Hygiene
SUP008,BB-27332,Beauty & Hygiene
SUP009,BB-27332,Beauty & Hygiene
SUP005,BB-27353,Beauty & Hygiene
SUP008,BB-27353,Beauty & Hygiene
SUP003,BB-27360,Beauty & Hygiene
SUP010,BB-27360,Beauty & Hygiene
SUP001,BB-27360,Beauty & Hygiene
SUP009,BB-27365,Beauty & Hygiene
SUP002,BB-27365,Beauty & Hygiene
SUP003,BB-27365,Beauty & Hygiene
SUP006,BB-27414,Beauty & Hygiene
SUP004,BB-27414,Beauty & Hygiene
SUP001,BB-27418,Beauty & Hygiene
SUP005,BB-27418,Beauty & Hygiene
SUP006,BB-27418,Beauty & Hygiene
SUP010,BB-27445,Beauty & Hygiene
SUP007,BB-27445,Beauty & Hygiene
SUP008,BB-27445,Beauty & Hygiene
SUP009,BB-27445,Beauty & Hygiene
SUP002,BB-27480,Beauty & Hygiene
SUP010,BB-27480,Beauty & Hygiene
SUP004,BB-27515,Beauty & Hygiene
SUP001,BB-27515,Beauty & Hygiene
SUP007,BB-2817,Beauty & Hygiene
SUP002,BB-2817,Beauty & Hygiene
SUP003,BB-2817,Beauty & Hygiene
SUP008,BB-2818,Beauty & Hygiene
SUP004,BB-2818,Beauty & Hygiene
SUP005,BB-2832,Beauty & Hygiene
SUP006,BB-2832,Beauty & Hygiene
SUP007,BB-2832,Beauty & Hygiene
SUP003,BB-284,Beauty & Hygiene
SUP005,BB-284,Beauty & Hygiene
SUP008,BB-284,Beauty & Hygiene
SUP009,BB-2879,Beauty & Hygiene
SUP010,BB-2879,Beauty & Hygiene
SUP001,BB-2879,Beauty & Hygiene
SUP006,BB-3049,Beauty & Hygiene
SUP009,BB-3049,Beauty & Hygiene
SUP001,BB-3065,Beauty & Hygiene
SUP002,BB-3065,Beauty & Hygiene
SUP003,BB-3065,Beauty & Hygiene
SUP004,BB-3065,Beauty & Hygiene
SUP010,BB-310,Beauty & Hygiene
SUP005,BB-310,Beauty & Hygiene
SUP002,BB-3121,Beauty & Hygiene
SUP006,BB-3121,Beauty & Hygiene
SUP007,BB-3121,Beauty & Hygiene
SUP004,BB-3292,Beauty & Hygiene
SUP008,BB-3292,Beauty & Hygiene
SUP007,BB-3304,Beauty & Hygiene
SUP009,BB-3304,Beauty & Hygiene
SUP010,BB-3304,Beauty & Hygiene
SUP008,BB-338,Beauty & Hygiene
SUP001,BB-338,Beauty & Hygiene
SUP005,BB-3388,Beauty & Hygiene
SUP002,BB-3388,Beauty & Hygiene
SUP003,BB-3388,Beauty & Hygiene
SUP004,BB-3388,Beauty & Hygiene
SUP003,BB-3406,Beauty & Hygiene
SUP005,BB-3406,Beauty & Hygiene
SUP009,BB-3454,Beauty & Hygiene
SUP006,BB-3454,Beauty & Hygiene
SUP007,BB-3454,Beauty & Hygiene
SUP006,BB-3513,Beauty & Hygiene
SUP008,BB-3513,Beauty & Hygiene
SUP009,BB-3513,Beauty & Hygiene
SUP001,BB-3514,Beauty & Hygiene
SUP010,BB-3514,Beauty & Hygiene
SUP010,BB-3544,Beauty & Hygiene
SUP001,BB-3544,Beauty & Hygiene
SUP002,BB-3566,Beauty & Hygiene
SUP003,BB-3566,Beauty & Hygiene
SUP004,BB-3567,Beauty & Hygiene
SUP002,BB-3567,Beauty & Hygiene
SUP005,BB-3567,Beauty & Hygiene
SUP007,BB-3575,Beauty & Hygiene
SUP004,BB-3575,Beauty & Hygiene
SUP008,BB-3589,Beauty & Hygiene
SUP006,BB-3589,Beauty & Hygiene
SUP005,BB-3602,Beauty & Hygiene
SUP007,BB-3602,Beauty & Hygiene
SUP008,BB-3602,Beauty & Hygiene
SUP003,BB-3648,Beauty & Hygiene
SUP009,BB-3648,Beauty & Hygiene
SUP009,BB-3651,Beauty & Hygiene
SUP010,BB-3651,Beauty & Hygiene
SUP006,BB-3652,Beauty & Hygiene
SUP001,BB-3652,Beauty & Hygiene
SUP001,BB-3654,Beauty & Hygiene
SUP002,BB-3654,Beauty & Hygiene
SUP010,BB-3661,Beauty & Hygiene
SUP003,BB-3661,Beauty & Hygiene
SUP004,BB-3661,Beauty & Hygiene
SUP005,BB-3661,Beauty & Hygiene
SUP002,BB-3692,Beauty & Hygiene
SUP006,BB-3692,Beauty & Hygiene
SUP004,BB-3693,Beauty & Hygiene
SUP007,BB-3693,Beauty & Hygiene
SUP007,BB-3697,Beauty & Hygiene
SUP008,BB-3697,Beauty & Hygiene
SUP008,BB-3718,Beauty & Hygiene
SUP009,BB-3718,Beauty & Hygiene
SUP010,BB-3718,Beauty & Hygiene
SUP005,BB-3775,Beauty & Hygiene
SUP001,BB-3775,Beauty & Hygiene
SUP002,BB-3775,Beauty & Hygiene
SUP003,BB-3932,Beauty & Hygiene
SUP004,BB-3932,Beauty & Hygiene
SUP005,BB-3932,Beauty & Hygiene
SUP009,BB-3974,Beauty & Hygiene
SUP003,BB-3974,Beauty & Hygiene
SUP006,BB-4005,Beauty & Hygiene
SUP007,BB-4005,Beauty & Hygiene
SUP001,BB-4022,Beauty & Hygiene
SUP006,BB-4022,Beauty & Hygiene
SUP010,BB-4034,Beauty & Hygiene
SUP008,BB-4034,Beauty & Hygiene
SUP002,BB-4053,Beauty & Hygiene
SUP009,BB-4053,Beauty & Hygiene
SUP004,BB-4074,Beauty & Hygiene
SUP010,BB-4074,Beauty & Hygiene
SUP007,BB-4109,Beauty & Hygiene
SUP001,BB-4109,Beauty & Hygiene
SUP008,BB-4116,Beauty & Hygiene
SUP002,BB-4116,Beauty & Hygiene
SUP003,BB-4116,Beauty & Hygiene
SUP005,BB-4131,Beauty & Hygiene
SUP004,BB-4131,Beauty & Hygiene
SUP006,BB-4131,Beauty & Hygiene
SUP003,BB-4135,Beauty & Hygiene
SUP005,BB-4135,Beauty & Hygiene
SUP007,BB-4135,Beauty & Hygiene
SUP009,BB-4303,Beauty & Hygiene
SUP008,BB-4303,Beauty & Hygiene
SUP010,BB-4303,Beauty & Hygiene
SUP001,BB-4303,Beauty & Hygiene
SUP006,BB-4345,Beauty & Hygiene
SUP009,BB-4345,Beauty & Hygiene
SUP001,BB-4379,Beauty & Hygiene
SUP002,BB-4379,Beauty & Hygiene
SUP010,BB-4384,Beauty & Hygiene
SUP003,BB-4384,Beauty & Hygiene
SUP002,BB-4438,Beauty & Hygiene
SUP004,BB-4438,Beauty & Hygiene
SUP004,BB-4466,Beauty & Hygiene
SUP005,BB-4466,Beauty & Hygiene
SUP007,BB-448,Beauty & Hygiene
SUP006,BB-448,Beauty & Hygiene
SUP008,BB-448,Beauty & Hygiene
SUP008,BB-4592,Beauty & Hygiene
SUP007,BB-4592,Beauty & Hygiene
SUP005,BB-4622,Beauty & Hygiene
SUP009,BB-4622,Beauty & Hygiene
SUP010,BB-4622,Beauty & Hygiene
SUP003,BB-4624,Beauty & Hygiene
SUP001,BB-4624,Beauty & Hygiene
SUP002,BB-4624,Beauty & Hygiene
SUP004,BB-4624,Beauty & Hygiene
SUP009,BB-4633,Beauty & Hygiene
SUP003,BB-4633,Beauty & Hygiene
SUP005,BB-4633,Beauty & Hygiene
SUP006,BB-4640,Beauty & Hygiene
SUP007,BB-4640,Beauty & Hygiene
SUP008,BB-4640,Beauty & Hygiene
SUP001,BB-4655,Beauty & Hygiene
SUP006,BB-4655,Beauty & Hygiene
SUP010,BB-4686,Beauty & Hygiene
SUP009,BB-4686,Beauty & Hygiene
SUP002,BB-4727,Beauty & Hygiene
SUP010,BB-4727,Beauty & Hygiene
SUP001,BB-4727,Beauty & Hygiene
SUP004,BB-4778,Beauty & Hygiene
SUP002,BB-4778,Beauty & Hygiene
SUP003,BB-4778,Beauty & Hygiene
SUP005,BB-4778,Beauty & Hygiene
SUP007,BB-4826,Beauty & Hygiene
SUP004,BB-4826,Beauty & Hygiene
SUP006,BB-4826,Beauty & Hygiene
SUP008,BB-4877,Beauty & Hygiene
SUP007,BB-4877,Beauty & Hygiene
SUP005,BB-4884,Beauty & Hygiene
SUP008,BB-4884,Beauty & Hygiene
SUP009,BB-4884,Beauty & Hygiene
SUP003,BB-4936,Beauty & Hygiene
SUP010,BB-4936,Beauty & Hygiene
SUP001,BB-4936,Beauty & Hygiene
SUP009,BB-4958,Beauty & Hygiene
SUP002,BB-4958,Beauty & Hygiene
SUP003,BB-4958,Beauty & Hygiene
SUP006,BB-4971,Beauty & Hygiene
SUP004,BB-4971,Beauty & Hygiene
SUP005,BB-4971,Beauty & Hygiene
SUP001,BB-5010,Beauty & Hygiene
SUP006,BB-5010,Beauty & Hygiene
SUP010,BB-5108,Beauty & Hygiene
SUP007,BB-5108,Beauty & Hygiene
SUP008,BB-5108,Beauty & Hygiene
SUP002,BB-5161,Beauty & Hygiene
SUP009,BB-5161,Beauty & Hygiene
SUP004,BB-5168,Beauty & Hygiene
SUP010,BB-5168,Beauty & Hygiene
SUP007,BB-521,Beauty & Hygiene
SUP001,BB-521,Beauty & Hygiene
SUP002,BB-521,Beauty & Hygiene
SUP003,BB-521,Beauty & Hygiene
SUP008,BB-5240,Beauty & Hygiene
SUP004,BB-5240,Beauty & Hygiene
SUP005,BB-5246,Beauty & Hygiene
SUP006,BB-5246,Beauty & Hygiene
SUP007,BB-5246,Beauty & Hygiene
SUP003,BB-5265,Beauty & Hygiene
SUP005,BB-5265,Beauty & Hygiene
SUP008,BB-5265,Beauty & Hygiene
SUP009,BB-5265,Beauty & Hygiene
SUP009,BB-5358,Beauty & Hygiene
SUP010,BB-5358,Beauty & Hygiene
SUP006,BB-5395,Beauty & Hygiene
SUP001,BB-5395,Beauty & Hygiene
SUP001,BB-5421,Beauty & Hygiene
SUP002,BB-5421,Beauty & Hygiene
SUP010,BB-5432,Beauty & Hygiene
SUP003,BB-5432,Beauty & Hygiene
SUP002,BB-5434,Beauty & Hygiene
SUP004,BB-5434,Beauty & Hygiene
SUP004,BB-5453,Beauty & Hygiene
SUP005,BB-5453,Beauty & Hygiene
SUP007,BB-5476,Beauty & Hygiene
SUP006,BB-5476,Beauty & Hygiene
SUP008,BB-5613,Beauty & Hygiene
SUP007,BB-5613,Beauty & Hygiene
SUP009,BB-5613,Beauty & Hygiene
SUP005,BB-5618,Beauty & Hygiene
SUP008,BB-5618,Beauty & Hygiene
SUP003,BB-5630,Beauty & Hygiene
SUP010,BB-5630,Beauty & Hygiene
SUP001,BB-5630,Beauty & Hygiene
SUP009,BB-5657,Beauty & Hygiene
SUP002,BB-5657,Beauty & Hygiene
SUP006,BB-566,Beauty & Hygiene
SUP003,BB-566,Beauty & Hygiene
SUP001,BB-5678,Beauty & Hygiene
SUP004,BB-5678,Beauty & Hygiene
SUP010,BB-5731,Beauty & Hygiene
SUP005,BB-5731,Beauty & Hygiene
SUP002,BB-5818,Beauty & Hygiene
SUP006,BB-5818,Beauty & Hygiene
SUP007,BB-5818,Beauty & Hygiene
SUP004,BB-5925,Beauty & Hygiene
SUP008,BB-5925,Beauty & Hygiene
SUP009,BB-5925,Beauty & Hygiene
SUP010,BB-5925,Beauty & Hygiene
SUP007,BB-5986,Beauty & Hygiene
SUP001,BB-5986,Beauty & Hygiene
SUP002,BB-5986,Beauty & Hygiene
SUP008,BB-5998,Beauty & Hygiene
SUP003,BB-5998,Beauty & Hygiene
SUP005,BB-6022,Beauty & Hygiene
SUP004,BB-6022,Beauty & Hygiene
SUP006,BB-6022,Beauty & Hygiene
SUP007,BB-6022,Beauty & Hygiene
SUP003,BB-6028,Beauty & Hygiene
SUP005,BB-6028,Beauty & Hygiene
SUP009,BB-603,Beauty & Hygiene
SUP008,BB-603,Beauty & Hygiene
SUP006,BB-6056,Beauty & Hygiene
SUP009,BB-6056,Beauty & Hygiene
SUP010,BB-6056,Beauty & Hygiene
SUP001,BB-6066,Beauty & Hygiene
SUP002,BB-6066,Beauty & Hygiene
SUP003,BB-6066,Beauty & Hygiene
SUP010,BB-6124,Beauty & Hygiene
SUP001,BB-6124,Beauty & Hygiene
SUP002,BB-616,Beauty & Hygiene
SUP004,BB-616,Beauty & Hygiene
SUP004,BB-6219,Beauty & Hygiene
SUP005,BB-6219,Beauty & Hygiene
SUP007,BB-6224,Beauty & Hygiene
SUP006,BB-6224,Beauty & Hygiene
SUP008,BB-629,Beauty & Hygiene
SUP007,BB-629,Beauty & Hygiene
SUP005,BB-6306,Beauty & Hygiene
SUP008,BB-6306,Beauty & Hygiene
SUP003,BB-6329,Beauty & Hygiene
SUP009,BB-6329,Beauty & Hygiene
SUP010,BB-6329,Beauty & Hygiene
SUP001,BB-6329,Beauty & Hygiene
SUP009,BB-6416,Beauty & Hygiene
SUP002,BB-6416,Beauty & Hygiene
SUP006,BB-6514,Beauty & Hygiene
SUP003,BB-6514,Beauty & Hygiene
SUP001,BB-6556,Beauty & Hygiene
SUP004,BB-6556,Beauty & Hygiene
SUP005,BB-6556,Beauty & Hygiene
SUP010,BB-6582,Beauty & Hygiene
SUP006,BB-6582,Beauty & Hygiene
SUP007,BB-6582,Beauty & Hygiene
SUP002,BB-66,Beauty & Hygiene
SUP008,BB-66,Beauty & Hygiene
SUP009,BB-66,Beauty & Hygiene
SUP004,BB-6704,Beauty & Hygiene
SUP010,BB-6704,Beauty & Hygiene
SUP007,BB-6706,Beauty & Hygiene
SUP001,BB-6706,Beauty & Hygiene
SUP008,BB-6739,Beauty & Hygiene
SUP002,BB-6739,Beauty & Hygiene
SUP005,BB-6755,Beauty & Hygiene
SUP003,BB-6755,Beauty & Hygiene
SUP003,BB-6818,Beauty & Hygiene
SUP004,BB-6818,Beauty & Hygiene
SUP005,BB-6818,Beauty & Hygiene
SUP009,BB-6840,Beauty & Hygiene
SUP006,BB-6840,Beauty & Hygiene
SUP006,BB-6855,Beauty & Hygiene
SUP007,BB-6855,Beauty & Hygiene
SUP008,BB-6855,Beauty & Hygiene
SUP009,BB-6855,Beauty & Hygiene
SUP001,BB-6947,Beauty & Hygiene
SUP010,BB-6947,Beauty & Hygiene
SUP002,BB-6947,Beauty & Hygiene
SUP010,BB-7034,Beauty & Hygiene
SUP001,BB-7034,Beauty & Hygiene
SUP002,BB-7051,Beauty & Hygiene
SUP003,BB-7051,Beauty & Hygiene
SUP004,BB-7051,Beauty & Hygiene
SUP005,BB-7051,Beauty & Hygiene
SUP004,BB-7146,Beauty & Hygiene
SUP006,BB-7146,Beauty & Hygiene
SUP007,BB-7228,Beauty & Hygiene
SUP008,BB-7228,Beauty & Hygiene
SUP009,BB-7228,Beauty & Hygiene
SUP008,BB-73,Beauty & Hygiene
SUP007,BB-73,Beauty & Hygiene
SUP005,BB-7339,Beauty & Hygiene
SUP010,BB-7339,Beauty & Hygiene
SUP003,BB-7347,Beauty & Hygiene
SUP001,BB-7347,Beauty & Hygiene
SUP009,BB-7372,Beauty & Hygiene
SUP002,BB-7372,Beauty & Hygiene
SUP006,BB-7421,Beauty & Hygiene
SUP003,BB-7421,Beauty & Hygiene
SUP001,BB-7477,Beauty & Hygiene
SUP004,BB-7477,Beauty & Hygiene
SUP010,BB-7514,Beauty & Hygiene
SUP005,BB-7514,Beauty & Hygiene
SUP006,BB-7514,Beauty & Hygiene
SUP002,BB-7557,Beauty & Hygiene
SUP007,BB-7557,Beauty & Hygiene
SUP008,BB-7557,Beauty & Hygiene
SUP004,BB-7599,Beauty & Hygiene
SUP009,BB-7599,Beauty & Hygiene
SUP007,BB-7663,Beauty & Hygiene
SUP010,BB-7663,Beauty & Hygiene
SUP008,BB-7678,Beauty & Hygiene
SUP001,BB-7678,Beauty & Hygiene
SUP002,BB-7678,Beauty & Hygiene
SUP005,BB-771,Beauty & Hygiene
SUP003,BB-771,Beauty & Hygiene
SUP004,BB-771,Beauty & Hygiene
SUP006,BB-771,Beauty & Hygiene
SUP003,BB-7716,Beauty & Hygiene
SUP005,BB-7716,Beauty & Hygiene
SUP009,BB-7717,Beauty & Hygiene
SUP007,BB-7717,Beauty & Hygiene
SUP008,BB-7717,Beauty & Hygiene
SUP006,BB-7723,Beauty & Hygiene
SUP009,BB-7723,Beauty & Hygiene
SUP001,BB-7792,Beauty & Hygiene
SUP010,BB-7792,Beauty & Hygiene
SUP010,BB-7793,Beauty & Hygiene
SUP001,BB-7793,Beauty & Hygiene
SUP002,BB-7793,Beauty & Hygiene
SUP002,BB-7817,Beauty & Hygiene
SUP003,BB-7817,Beauty & Hygiene
SUP004,BB-7817,Beauty & Hygiene
SUP004,BB-782,Beauty & Hygiene
SUP005,BB-782,Beauty & Hygiene
SUP006,BB-782,Beauty & Hygiene
SUP007,BB-7830,Beauty & Hygiene
SUP008,BB-7830,Beauty & Hygiene
SUP009,BB-7830,Beauty & Hygiene
SUP008,BB-7831,Beauty & Hygiene
SUP007,BB-7831,Beauty & Hygiene
SUP010,BB-7831,Beauty & Hygiene
SUP001,BB-7831,Beauty & Hygiene
SUP005,BB-7932,Beauty & Hygiene
SUP002,BB-7932,Beauty & Hygiene
SUP003,BB-7989,Beauty & Hygiene
SUP004,BB-7989,Beauty & Hygiene
SUP009,BB-8022,Beauty & Hygiene
SUP003,BB-8022,Beauty & Hygiene
SUP006,BB-8042,Beauty & Hygiene
SUP005,BB-8042,Beauty & Hygiene
SUP007,BB-8042,Beauty & Hygiene
SUP001,BB-8094,Beauty & Hygiene
SUP006,BB-8094,Beauty & Hygiene
SUP010,BB-8132,Beauty & Hygiene
SUP008,BB-8132,Beauty & Hygiene
SUP009,BB-8132,Beauty & Hygiene
SUP001,BB-8132,Beauty & Hygiene
SUP002,BB-8156,Beauty & Hygiene
SUP010,BB-8156,Beauty & Hygiene
SUP003,BB-8156,Beauty & Hygiene
SUP004,BB-8156,Beauty & Hygiene
SUP004,BB-816,Beauty & Hygiene
SUP002,BB-816,Beauty & Hygiene
SUP005,BB-816,Beauty & Hygiene
SUP006,BB-816,Beauty & Hygiene
SUP007,BB-8175,Beauty & Hygiene
SUP008,BB-8175,Beauty & Hygiene
SUP008,BB-8233,Beauty & Hygiene
SUP007,BB-8233,Beauty & Hygiene
SUP005,BB-8241,Beauty & Hygiene
SUP009,BB-8241,Beauty & Hygiene
SUP010,BB-8241,Beauty & Hygiene
SUP001,BB-8241,Beauty & Hygiene
SUP003,BB-8275,Beauty & Hygiene
SUP002,BB-8275,Beauty & Hygiene
SUP009,BB-8337,Beauty & Hygiene
SUP003,BB-8337,Beauty & Hygiene
SUP006,BB-834,Beauty & Hygiene
SUP004,BB-834,Beauty & Hygiene
SUP001,BB-8357,Beauty & Hygiene
SUP005,BB-8357,Beauty & Hygiene
SUP006,BB-8357,Beauty & Hygiene
SUP007,BB-8357,Beauty & Hygiene
SUP010,BB-8512,Beauty & Hygiene
SUP008,BB-8512,Beauty & Hygiene
SUP002,BB-8520,Beauty & Hygiene
SUP009,BB-8520,Beauty & Hygiene
SUP010,BB-8520,Beauty & Hygiene
SUP001,BB-8520,Beauty & Hygiene
SUP004,BB-8540,Beauty & Hygiene
SUP002,BB-8540,Beauty & Hygiene
SUP003,BB-8540,Beauty & Hygiene
SUP007,BB-859,Beauty & Hygiene
SUP004,BB-859,Beauty & Hygiene
SUP005,BB-859,Beauty & Hygiene
SUP008,BB-8681,Beauty & Hygiene
SUP006,BB-8681,Beauty & Hygiene
SUP005,BB-8701,Beauty & Hygiene
SUP007,BB-8701,Beauty & Hygiene
SUP008,BB-8701,Beauty & Hygiene
SUP009,BB-8701,Beauty & Hygiene
SUP003,BB-8713,Beauty & Hygiene
SUP010,BB-8713,Beauty & Hygiene
SUP009,BB-8722,Beauty & Hygiene
SUP001,BB-8722,Beauty & Hygiene
SUP002,BB-8722,Beauty & Hygiene
SUP003,BB-8722,Beauty & Hygiene
SUP006,BB-8767,Beauty & Hygiene
SUP004,BB-8767,Beauty & Hygiene
SUP001,BB-8798,Beauty & Hygiene
SUP005,BB-8798,Beauty & Hygiene
SUP010,BB-8801,Beauty & Hygiene
SUP006,BB-8801,Beauty & Hygiene
SUP007,BB-8801,Beauty & Hygiene
SUP002,BB-8862,Beauty & Hygiene
SUP008,BB-8862,Beauty & Hygiene
SUP004,BB-896,Beauty & Hygiene
SUP009,BB-896,Beauty & Hygiene
SUP010,BB-896,Beauty & Hygiene
SUP001,BB-896,Beauty & Hygiene
SUP007,BB-9017,Beauty & Hygiene
SUP002,BB-9017,Beauty & Hygiene
SUP008,BB-9032,Beauty & Hygiene
SUP003,BB-9032,Beauty & Hygiene
SUP005,BB-9041,Beauty & Hygiene
SUP004,BB-9041,Beauty & Hygiene
SUP006,BB-9041,Beauty & Hygiene
SUP007,BB-9041,Beauty & Hygiene
SUP003,BB-9109,Beauty & Hygiene
SUP005,BB-9109,Beauty & Hygiene
SUP008,BB-9109,Beauty & Hygiene
SUP009,BB-9109,Beauty & Hygiene
SUP009,BB-9113,Beauty & Hygiene
SUP010,BB-9113,Beauty & Hygiene
SUP006,BB-9121,Beauty & Hygiene
SUP001,BB-9121,Beauty & Hygiene
SUP002,BB-9121,Beauty & Hygiene
SUP001,BB-9145,Beauty & Hygiene
SUP003,BB-9145,Beauty & Hygiene
SUP010,BB-9171,Beauty & Hygiene
SUP004,BB-9171,Beauty & Hygiene
SUP005,BB-9171,Beauty & Hygiene
SUP002,BB-921,Beauty & Hygiene
SUP006,BB-921,Beauty & Hygiene
SUP004,BB-9262,Beauty & Hygiene
SUP007,BB-9262,Beauty & Hygiene
SUP007,BB-9315,Beauty & Hygiene
SUP008,BB-9315,Beauty & Hygiene
SUP008,BB-9323,Beauty & Hygiene
SUP009,BB-9323,Beauty & Hygiene
SUP010,BB-9323,Beauty & Hygiene
SUP005,BB-935,Beauty & Hygiene
SUP001,BB-935,Beauty & Hygiene
SUP002,BB-935,Beauty & Hygiene
SUP003,BB-9374,Beauty & Hygiene
SUP004,BB-9374,Beauty & Hygiene
SUP005,BB-9374,Beauty & Hygiene
SUP006,BB-9374,Beauty & Hygiene
SUP009,BB-9391,Beauty & Hygiene
SUP003,BB-9391,Beauty & Hygiene
SUP007,BB-9391,Beauty & Hygiene
SUP006,BB-9416,Beauty & Hygiene
SUP008,BB-9416,Beauty & Hygiene
SUP009,BB-9416,Beauty & Hygiene
SUP010,BB-9416,Beauty & Hygiene
SUP001,BB-9431,Beauty & Hygiene
SUP002,BB-9431,Beauty & Hygiene
SUP010,BB-9436,Beauty & Hygiene
SUP001,BB-9436,Beauty & Hygiene
SUP003,BB-9436,Beauty & Hygiene
SUP002,BB-9440,Beauty & Hygiene
SUP004,BB-9440,Beauty & Hygiene
SUP005,BB-9440,Beauty & Hygiene
SUP004,BB-9570,Beauty & Hygiene
SUP006,BB-9570,Beauty & Hygiene
SUP007,BB-9573,Beauty & Hygiene
SUP008,BB-9573,Beauty & Hygiene
SUP009,BB-9573,Beauty & Hygiene
SUP008,BB-9696,Beauty & Hygiene
SUP007,BB-9696,Beauty & Hygiene
SUP005,BB-9843,Beauty & Hygiene
SUP010,BB-9843,Beauty & Hygiene
SUP003,BB-9852,Beauty & Hygiene
SUP001,BB-9852,Beauty & Hygiene
SUP009,BB-9854,Beauty & Hygiene
SUP002,BB-9854,Beauty & Hygiene
SUP003,BB-9854,Beauty & Hygiene
SUP004,BB-9854,Beauty & Hygiene
SUP006,BB-9866,Beauty & Hygiene
SUP005,BB-9866,Beauty & Hygiene
SUP007,BB-9866,Beauty & Hygiene
SUP001,BB-9918,Beauty & Hygiene
SUP006,BB-9918,Beauty & Hygiene
SUP008,BB-9918,Beauty & Hygiene
SUP010,BB-9938,Beauty & Hygiene
SUP009,BB-9938,Beauty & Hygiene
SUP002,BB-9958,Beauty & Hygiene
SUP010,BB-9958,Beauty & Hygiene
SUP044,BB-10088,Beverages
SUP043,BB-10088,Beverages
SUP046,BB-10136,Beverages
SUP045,BB-10136,Beverages
SUP043,BB-10770,Beverages
SUP046,BB-10770,Beverages
SUP045,BB-1148,Beverages
SUP043,BB-1148,Beverages
SUP044,BB-11516,Beverages
SUP045,BB-11516,Beverages
SUP046,BB-11811,Beverages
SUP044,BB-11811,Beverages
SUP043,BB-11871,Beverages
SUP046,BB-11871,Beverages
SUP044,BB-11871,Beverages
SUP045,BB-12143,Beverages
SUP043,BB-12143,Beverages
SUP044,BB-12940,Beverages
SUP045,BB-12940,Beverages
SUP046,BB-12994,Beverages
SUP043,BB-12994,Beverages
SUP044,BB-12994,Beverages
SUP043,BB-14176,Beverages
SUP046,BB-14176,Beverages
SUP045,BB-14339,Beverages
SUP046,BB-14339,Beverages
SUP043,BB-14339,Beverages
SUP044,BB-14382,Beverages
SUP045,BB-14382,Beverages
SUP046,BB-14872,Beverages
SUP044,BB-14872,Beverages
SUP045,BB-14872,Beverages
SUP043,BB-14905,Beverages
SUP046,BB-14905,Beverages
SUP045,BB-1559,Beverages
SUP043,BB-1559,Beverages
SUP044,BB-1559,Beverages
SUP044,BB-15998,Beverages
SUP045,BB-15998,Beverages
SUP046,BB-16493,Beverages
SUP043,BB-16493,Beverages
SUP044,BB-16493,Beverages
SUP043,BB-16916,Beverages
SUP046,BB-16916,Beverages
SUP045,BB-16916,Beverages
SUP044,BB-16916,Beverages
SUP045,BB-17020,Beverages
SUP046,BB-17020,Beverages
SUP044,BB-1763,Beverages
SUP043,BB-1763,Beverages
SUP046,BB-178,Beverages
SUP045,BB-178,Beverages
SUP043,BB-178,Beverages
SUP043,BB-18311,Beverages
SUP046,BB-18311,Beverages
SUP045,BB-18428,Beverages
SUP044,BB-18428,Beverages
SUP046,BB-18428,Beverages
SUP043,BB-18428,Beverages
SUP044,BB-18947,Beverages
SUP045,BB-18947,Beverages
SUP046,BB-18947,Beverages
SUP043,BB-18947,Beverages
SUP046,BB-19009,Beverages
SUP044,BB-19009,Beverages
SUP043,BB-19537,Beverages
SUP045,BB-19537,Beverages
SUP044,BB-19537,Beverages
SUP046,BB-19537,Beverages
SUP045,BB-19604,Beverages
SUP043,BB-19604,Beverages
SUP044,BB-19604,Beverages
SUP044,BB-19836,Beverages
SUP045,BB-19836,Beverages
SUP046,BB-20200,Beverages
SUP045,BB-20200,Beverages
SUP043,BB-20333,Beverages
SUP046,BB-20333,Beverages
SUP044,BB-20333,Beverages
SUP045,BB-20333,Beverages
SUP045,BB-20393,Beverages
SUP043,BB-20393,Beverages
SUP046,BB-20393,Beverages
SUP044,BB-20393,Beverages
SUP044,BB-20668,Beverages
SUP043,BB-20668,Beverages
SUP046,BB-20763,Beverages
SUP045,BB-20763,Beverages
SUP043,BB-20844,Beverages
SUP046,BB-20844,Beverages
SUP045,BB-21532,Beverages
SUP043,BB-21532,Beverages
SUP044,BB-22126,Beverages
SUP045,BB-22126,Beverages
SUP046,BB-22126,Beverages
SUP046,BB-22178,Beverages
SUP044,BB-22178,Beverages
SUP043,BB-22395,Beverages
SUP044,BB-22395,Beverages
SUP045,BB-22395,Beverages
SUP045,BB-22574,Beverages
SUP043,BB-22574,Beverages
SUP044,BB-23115,Beverages
SUP046,BB-23115,Beverages
SUP046,BB-23326,Beverages
SUP043,BB-23326,Beverages
SUP044,BB-23326,Beverages
SUP045,BB-23326,Beverages
SUP043,BB-24147,Beverages
SUP046,BB-24147,Beverages
SUP044,BB-24147,Beverages
SUP045,BB-24241,Beverages
SUP043,BB-24241,Beverages
SUP046,BB-24241,Beverages
SUP044,BB-24241,Beverages
SUP044,BB-25607,Beverages
SUP045,BB-25607,Beverages
SUP043,BB-25607,Beverages
SUP046,BB-25607,Beverages
SUP046,BB-25704,Beverages
SUP045,BB-25704,Beverages
SUP043,BB-25704,Beverages
SUP043,BB-25711,Beverages
SUP044,BB-25711,Beverages
SUP045,BB-25711,Beverages
SUP045,BB-2610,Beverages
SUP046,BB-2610,Beverages
SUP043,BB-2610,Beverages
SUP044,BB-2610,Beverages
SUP044,BB-26752,Beverages
SUP045,BB-26752,Beverages
SUP046,BB-26752,Beverages
SUP046,BB-27094,Beverages
SUP043,BB-27094,Beverages
SUP043,BB-2713,Beverages
SUP044,BB-2713,Beverages
SUP045,BB-2713,Beverages
SUP045,BB-27473,Beverages
SUP046,BB-27473,Beverages
SUP044,BB-2751,Beverages
SUP043,BB-2751,Beverages
SUP046,BB-27551,Beverages
SUP044,BB-27551,Beverages
SUP043,BB-3220,Beverages
SUP045,BB-3220,Beverages
SUP046,BB-3220,Beverages
SUP045,BB-3505,Beverages
SUP043,BB-3505,Beverages
SUP044,BB-3505,Beverages
SUP044,BB-4103,Beverages
SUP045,BB-4103,Beverages
SUP046,BB-4103,Beverages
SUP046,BB-4307,Beverages
SUP043,BB-4307,Beverages
SUP043,BB-4872,Beverages
SUP044,BB-4872,Beverages
SUP045,BB-5050,Beverages
SUP046,BB-5050,Beverages
SUP043,BB-5050,Beverages
SUP044,BB-5446,Beverages
SUP045,BB-5446,Beverages
SUP046,BB-5569,Beverages
SUP044,BB-5569,Beverages
SUP045,BB-5569,Beverages
SUP043,BB-58,Beverages
SUP046,BB-58,Beverages
SUP045,BB-701,Beverages
SUP043,BB-701,Beverages
SUP044,BB-7216,Beverages
SUP045,BB-7216,Beverages
SUP046,BB-7323,Beverages
SUP044,BB-7323,Beverages
SUP043,BB-7323,Beverages
SUP045,BB-7323,Beverages
SUP043,BB-7407,Beverages
SUP046,BB-7407,Beverages
SUP045,BB-7555,Beverages
SUP044,BB-7555,Beverages
SUP044,BB-7574,Beverages
SUP046,BB-7574,Beverages
SUP046,BB-7921,Beverages
SUP043,BB-7921,Beverages
SUP044,BB-7921,Beverages
SUP043,BB-7996,Beverages
SUP045,BB-7996,Beverages
SUP046,BB-7996,Beverages
SUP044,BB-7996,Beverages
SUP045,BB-8168,Beverages
SUP043,BB-8168,Beverages
SUP044,BB-8500,Beverages
SUP045,BB-8500,Beverages
SUP046,BB-8500,Beverages
SUP046,BB-8649,Beverages
SUP043,BB-8649,Beverages
SUP043,BB-878,Beverages
SUP044,BB-878,Beverages
SUP045,BB-8813,Beverages
SUP046,BB-8813,Beverages
SUP043,BB-8813,Beverages
SUP044,BB-8813,Beverages
SUP044,BB-8827,Beverages
SUP045,BB-8827,Beverages
SUP046,BB-8827,Beverages
SUP043,BB-8827,Beverages
SUP046,BB-8886,Beverages
SUP045,BB-8886,Beverages
SUP044,BB-8886,Beverages
SUP043,BB-8886,Beverages
SUP043,BB-9769,Beverages
SUP045,BB-9769,Beverages
SUP045,BB-9941,Beverages
SUP046,BB-9941,Beverages
SUP044,BB-9941,Beverages
SUP043,BB-9941,Beverages
SUP044,SKU-W-04,Beverages
SUP045,SKU-W-04,Beverages
SUP046,SKU-W-04,Beverages
SUP033,BB-10064,Cleaning & Household
SUP031,BB-10064,Cleaning & Household
SUP032,BB-10064,Cleaning & Household
SUP034,BB-10064,Cleaning & Household
SUP036,BB-10106,Cleaning & Household
SUP031,BB-10106,Cleaning & Household
SUP032,BB-10106,Cleaning & Household
SUP035,BB-10318,Cleaning & Household
SUP033,BB-10318,Cleaning & Household
SUP032,BB-10365,Cleaning & Household
SUP034,BB-10365,Cleaning & Household
SUP035,BB-10365,Cleaning & Household
SUP031,BB-1045,Cleaning & Household
SUP036,BB-1045,Cleaning & Household
SUP034,BB-10712,Cleaning & Household
SUP031,BB-10712,Cleaning & Household
SUP032,BB-10712,Cleaning & Household
SUP033,BB-10761,Cleaning & Household
SUP034,BB-10761,Cleaning & Household
SUP036,BB-10775,Cleaning & Household
SUP033,BB-10775,Cleaning & Household
SUP035,BB-10775,Cleaning & Household
SUP035,BB-10800,Cleaning & Household
SUP036,BB-10800,Cleaning & Household
SUP031,BB-10800,Cleaning & Household
SUP032,BB-10928,Cleaning & Household
SUP033,BB-10928,Cleaning & Household
SUP034,BB-10928,Cleaning & Household
SUP031,BB-10938,Cleaning & Household
SUP032,BB-10938,Cleaning & Household
SUP035,BB-10938,Cleaning & Household
SUP034,BB-10972,Cleaning & Household
SUP036,BB-10972,Cleaning & Household
SUP031,BB-10972,Cleaning & Household
SUP032,BB-10972,Cleaning & Household
SUP033,BB-10980,Cleaning & Household
SUP034,BB-10980,Cleaning & Household
SUP036,BB-11046,Cleaning & Household
SUP033,BB-11046,Cleaning & Household
SUP035,BB-11243,Cleaning & Household
SUP036,BB-11243,Cleaning & Household
SUP032,BB-11248,Cleaning & Household
SUP035,BB-11248,Cleaning & Household
SUP031,BB-11248,Cleaning & Household
SUP033,BB-11248,Cleaning & Household
SUP031,BB-11254,Cleaning & Household
SUP032,BB-11254,Cleaning & Household
SUP034,BB-11254,Cleaning & Household
SUP034,BB-11357,Cleaning & Household
SUP035,BB-11357,Cleaning & Household
SUP036,BB-11357,Cleaning & Household
SUP031,BB-11357,Cleaning & Household
SUP033,BB-11388,Cleaning & Household
SUP032,BB-11388,Cleaning & Household
SUP036,BB-11391,Cleaning & Household
SUP033,BB-11391,Cleaning & Household
SUP035,BB-11528,Cleaning & Household
SUP034,BB-11528,Cleaning & Household
SUP036,BB-11528,Cleaning & Household
SUP032,BB-11562,Cleaning & Household
SUP035,BB-11562,Cleaning & Household
SUP031,BB-11562,Cleaning & Household
SUP033,BB-11562,Cleaning & Household
SUP031,BB-11723,Cleaning & Household
SUP032,BB-11723,Cleaning & Household
SUP034,BB-11781,Cleaning & Household
SUP035,BB-11781,Cleaning & Household
SUP033,BB-12174,Cleaning & Household
SUP034,BB-12174,Cleaning & Household
SUP036,BB-1218,Cleaning & Household
SUP031,BB-1218,Cleaning & Household
SUP032,BB-1218,Cleaning & Household
SUP033,BB-1218,Cleaning & Household
SUP035,BB-12188,Cleaning & Household
SUP036,BB-12188,Cleaning & Household
SUP032,BB-12231,Cleaning & Household
SUP034,BB-12231,Cleaning & Household
SUP031,BB-1250,Cleaning & Household
SUP035,BB-1250,Cleaning & Household
SUP034,BB-12682,Cleaning & Household
SUP036,BB-12682,Cleaning & Household
SUP031,BB-12682,Cleaning & Household
SUP032,BB-12682,Cleaning & Household
SUP033,BB-12819,Cleaning & Household
SUP034,BB-12819,Cleaning & Household
SUP036,BB-12839,Cleaning & Household
SUP033,BB-12839,Cleaning & Household
SUP035,BB-1307,Cleaning & Household
SUP036,BB-1307,Cleaning & Household
SUP031,BB-1307,Cleaning & Household
SUP032,BB-13292,Cleaning & Household
SUP035,BB-13292,Cleaning & Household
SUP033,BB-13292,Cleaning & Household
SUP031,BB-13394,Cleaning & Household
SUP032,BB-13394,Cleaning & Household
SUP034,BB-13394,Cleaning & Household
SUP035,BB-13394,Cleaning & Household
SUP034,BB-13537,Cleaning & Household
SUP036,BB-13537,Cleaning & Household
SUP033,BB-13586,Cleaning & Household
SUP031,BB-13586,Cleaning & Household
SUP032,BB-13586,Cleaning & Household
SUP036,BB-1388,Cleaning & Household
SUP033,BB-1388,Cleaning & Household
SUP035,BB-13898,Cleaning & Household
SUP034,BB-13898,Cleaning & Household
SUP032,BB-14045,Cleaning & Household
SUP035,BB-14045,Cleaning & Household
SUP031,BB-14296,Cleaning & Household
SUP036,BB-14296,Cleaning & Household
SUP034,BB-14489,Cleaning & Household
SUP031,BB-14489,Cleaning & Household
SUP033,BB-14632,Cleaning & Household
SUP032,BB-14632,Cleaning & Household
SUP034,BB-14632,Cleaning & Household
SUP035,BB-14632,Cleaning & Household
SUP036,BB-14673,Cleaning & Household
SUP033,BB-14673,Cleaning & Household
SUP035,BB-14679,Cleaning & Household
SUP036,BB-14679,Cleaning & Household
SUP032,BB-14814,Cleaning & Household
SUP031,BB-14814,Cleaning & Household
SUP031,BB-14845,Cleaning & Household
SUP032,BB-14845,Cleaning & Household
SUP033,BB-14845,Cleaning & Household
SUP034,BB-14845,Cleaning & Household
SUP034,BB-14899,Cleaning & Household
SUP035,BB-14899,Cleaning & Household
SUP036,BB-14899,Cleaning & Household
SUP031,BB-14899,Cleaning & Household
SUP033,BB-14900,Cleaning & Household
SUP032,BB-14900,Cleaning & Household
SUP036,BB-14929,Cleaning & Household
SUP033,BB-14929,Cleaning & Household
SUP034,BB-14929,Cleaning & Household
SUP035,BB-14961,Cleaning & Household
SUP036,BB-14961,Cleaning & Household
SUP031,BB-14961,Cleaning & Household
SUP032,BB-15061,Cleaning & Household
SUP035,BB-15061,Cleaning & Household
SUP033,BB-15061,Cleaning & Household
SUP034,BB-15061,Cleaning & Household
SUP031,BB-15089,Cleaning & Household
SUP032,BB-15089,Cleaning & Household
SUP034,BB-15099,Cleaning & Household
SUP035,BB-15099,Cleaning & Household
SUP033,BB-15104,Cleaning & Household
SUP036,BB-15104,Cleaning & Household
SUP036,BB-15354,Cleaning & Household
SUP031,BB-15354,Cleaning & Household
SUP035,BB-15427,Cleaning & Household
SUP032,BB-15427,Cleaning & Household
SUP033,BB-15427,Cleaning & Household
SUP032,BB-15458,Cleaning & Household
SUP034,BB-15458,Cleaning & Household
SUP031,BB-15553,Cleaning & Household
SUP035,BB-15553,Cleaning & Household
SUP036,BB-15553,Cleaning & Household
SUP034,BB-1564,Cleaning & Household
SUP031,BB-1564,Cleaning & Household
SUP032,BB-1564,Cleaning & Household
SUP033,BB-15709,Cleaning & Household
SUP034,BB-15709,Cleaning & Household
SUP035,BB-15709,Cleaning & Household
SUP036,BB-15713,Cleaning & Household
SUP033,BB-15713,Cleaning & Household
SUP035,BB-15910,Cleaning & Household
SUP036,BB-15910,Cleaning & Household
SUP031,BB-15910,Cleaning & Household
SUP032,BB-15986,Cleaning & Household
SUP033,BB-15986,Cleaning & Household
SUP031,BB-16165,Cleaning & Household
SUP032,BB-16165,Cleaning & Household
SUP034,BB-16314,Cleaning & Household
SUP035,BB-16314,Cleaning & Household
SUP036,BB-16314,Cleaning & Household
SUP033,BB-16342,Cleaning & Household
SUP034,BB-16342,Cleaning & Household
SUP036,BB-16496,Cleaning & Household
SUP031,BB-16496,Cleaning & Household
SUP032,BB-16496,Cleaning & Household
SUP035,BB-16789,Cleaning & Household
SUP033,BB-16789,Cleaning & Household
SUP032,BB-16892,Cleaning & Household
SUP034,BB-16892,Cleaning & Household
SUP031,BB-17000,Cleaning & Household
SUP035,BB-17000,Cleaning & Household
SUP036,BB-17000,Cleaning & Household
SUP032,BB-17000,Cleaning & Household
SUP034,BB-17107,Cleaning & Household
SUP031,BB-17107,Cleaning & Household
SUP033,BB-17260,Cleaning & Household
SUP034,BB-17260,Cleaning & Household
SUP036,BB-17267,Cleaning & Household
SUP033,BB-17267,Cleaning & Household
SUP035,BB-17267,Cleaning & Household
SUP031,BB-17267,Cleaning & Household
SUP035,BB-17380,Cleaning & Household
SUP036,BB-17380,Cleaning & Household
SUP032,BB-17510,Cleaning & Household
SUP033,BB-17510,Cleaning & Household
SUP034,BB-17510,Cleaning & Household
SUP035,BB-17510,Cleaning & Household
SUP031,BB-17574,Cleaning & Household
SUP032,BB-17574,Cleaning & Household
SUP034,BB-176,Cleaning & Household
SUP036,BB-176,Cleaning & Household
SUP033,BB-17636,Cleaning & Household
SUP031,BB-17636,Cleaning & Household
SUP036,BB-17868,Cleaning & Household
SUP032,BB-17868,Cleaning & Household
SUP035,BB-17887,Cleaning & Household
SUP033,BB-17887,Cleaning & Household
SUP034,BB-17887,Cleaning & Household
SUP032,BB-18335,Cleaning & Household
SUP035,BB-18335,Cleaning & Household
SUP031,BB-18434,Cleaning & Household
SUP036,BB-18434,Cleaning & Household
SUP034,BB-18447,Cleaning & Household
SUP031,BB-18447,Cleaning & Household
SUP032,BB-18447,Cleaning & Household
SUP033,BB-18449,Cleaning & Household
SUP034,BB-18449,Cleaning & Household
SUP036,BB-18580,Cleaning & Household
SUP033,BB-18580,Cleaning & Household
SUP035,BB-18599,Cleaning & Household
SUP036,BB-18599,Cleaning & Household
SUP032,BB-18639,Cleaning & Household
SUP035,BB-18639,Cleaning & Household
SUP031,BB-18914,Cleaning & Household
SUP032,BB-18914,Cleaning & Household
SUP033,BB-18914,Cleaning & Household
SUP034,BB-1901,Cleaning & Household
SUP031,BB-1901,Cleaning & Household
SUP035,BB-1901,Cleaning & Household
SUP033,BB-19035,Cleaning & Household
SUP034,BB-19035,Cleaning & Household
SUP036,BB-19035,Cleaning & Household
SUP036,BB-19138,Cleaning & Household
SUP031,BB-19138,Cleaning & Household
SUP035,BB-19206,Cleaning & Household
SUP032,BB-19206,Cleaning & Household
SUP033,BB-19206,Cleaning & Household
SUP032,BB-1948,Cleaning & Household
SUP034,BB-1948,Cleaning & Household
SUP035,BB-1948,Cleaning & Household
SUP031,BB-19641,Cleaning & Household
SUP036,BB-19641,Cleaning & Household
SUP034,BB-19648,Cleaning & Household
SUP031,BB-19648,Cleaning & Household
SUP032,BB-19648,Cleaning & Household
SUP033,BB-19664,Cleaning & Household
SUP034,BB-19664,Cleaning & Household
SUP035,BB-19664,Cleaning & Household
SUP036,BB-19664,Cleaning & Household
SUP036,BB-19743,Cleaning & Household
SUP033,BB-19743,Cleaning & Household
SUP035,BB-19878,Cleaning & Household
SUP031,BB-19878,Cleaning & Household
SUP032,BB-19878,Cleaning & Household
SUP032,BB-2012,Cleaning & Household
SUP033,BB-2012,Cleaning & Household
SUP034,BB-2012,Cleaning & Household
SUP035,BB-2012,Cleaning & Household
SUP031,BB-20138,Cleaning & Household
SUP036,BB-20138,Cleaning & Household
SUP032,BB-20138,Cleaning & Household
SUP034,BB-20384,Cleaning & Household
SUP031,BB-20384,Cleaning & Household
SUP033,BB-20404,Cleaning & Household
SUP034,BB-20404,Cleaning & Household
SUP035,BB-20404,Cleaning & Household
SUP036,BB-20404,Cleaning & Household
SUP036,BB-20461,Cleaning & Household
SUP033,BB-20461,Cleaning & Household
SUP035,BB-20463,Cleaning & Household
SUP031,BB-20463,Cleaning & Household
SUP032,BB-20626,Cleaning & Household
SUP033,BB-20626,Cleaning & Household
SUP031,BB-20714,Cleaning & Household
SUP032,BB-20714,Cleaning & Household
SUP034,BB-20714,Cleaning & Household
SUP034,BB-20882,Cleaning & Household
SUP035,BB-20882,Cleaning & Household
SUP033,BB-21057,Cleaning & Household
SUP036,BB-21057,Cleaning & Household
SUP031,BB-21057,Cleaning & Household
SUP032,BB-21057,Cleaning & Household
SUP036,BB-21160,Cleaning & Household
SUP033,BB-21160,Cleaning & Household
SUP035,BB-21388,Cleaning & Household
SUP034,BB-21388,Cleaning & Household
SUP032,BB-21508,Cleaning & Household
SUP035,BB-21508,Cleaning & Household
SUP036,BB-21508,Cleaning & Household
SUP031,BB-21670,Cleaning & Household
SUP032,BB-21670,Cleaning & Household
SUP034,BB-21750,Cleaning & Household
SUP031,BB-21750,Cleaning & Household
SUP033,BB-21875,Cleaning & Household
SUP034,BB-21875,Cleaning & Household
SUP035,BB-21875,Cleaning & Household
SUP036,BB-22082,Cleaning & Household
SUP033,BB-22082,Cleaning & Household
SUP031,BB-22082,Cleaning & Household
SUP035,BB-22139,Cleaning & Household
SUP036,BB-22139,Cleaning & Household
SUP032,BB-22203,Cleaning & Household
SUP033,BB-22203,Cleaning & Household
SUP034,BB-22203,Cleaning & Household
SUP035,BB-22203,Cleaning & Household
SUP031,BB-22285,Cleaning & Household
SUP032,BB-22285,Cleaning & Household
SUP036,BB-22285,Cleaning & Household
SUP034,BB-22321,Cleaning & Household
SUP031,BB-22321,Cleaning & Household
SUP033,BB-22337,Cleaning & Household
SUP032,BB-22337,Cleaning & Household
SUP034,BB-22337,Cleaning & Household
SUP036,BB-2234,Cleaning & Household
SUP033,BB-2234,Cleaning & Household
SUP035,BB-22393,Cleaning & Household
SUP036,BB-22393,Cleaning & Household
SUP031,BB-22393,Cleaning & Household
SUP032,BB-22398,Cleaning & Household
SUP035,BB-22398,Cleaning & Household
SUP033,BB-22398,Cleaning & Household
SUP034,BB-22398,Cleaning & Household
SUP031,BB-22407,Cleaning & Household
SUP032,BB-22407,Cleaning & Household
SUP035,BB-22407,Cleaning & Household
SUP034,BB-2271,Cleaning & Household
SUP036,BB-2271,Cleaning & Household
SUP031,BB-2271,Cleaning & Household
SUP033,BB-22868,Cleaning & Household
SUP032,BB-22868,Cleaning & Household
SUP034,BB-22868,Cleaning & Household
SUP036,BB-23147,Cleaning & Household
SUP033,BB-23147,Cleaning & Household
SUP035,BB-23422,Cleaning & Household
SUP036,BB-23422,Cleaning & Household
SUP032,BB-23445,Cleaning & Household
SUP035,BB-23445,Cleaning & Household
SUP031,BB-23611,Cleaning & Household
SUP032,BB-23611,Cleaning & Household
SUP034,BB-23722,Cleaning & Household
SUP031,BB-23722,Cleaning & Household
SUP033,BB-23804,Cleaning & Household
SUP034,BB-23804,Cleaning & Household
SUP036,BB-23826,Cleaning & Household
SUP033,BB-23826,Cleaning & Household
SUP035,BB-2437,Cleaning & Household
SUP036,BB-2437,Cleaning & Household
SUP032,BB-24761,Cleaning & Household
SUP035,BB-24761,Cleaning & Household
SUP031,BB-24761,Cleaning & Household
SUP031,BB-24897,Cleaning & Household
SUP032,BB-24897,Cleaning & Household
SUP034,BB-24915,Cleaning & Household
SUP033,BB-24915,Cleaning & Household
SUP033,BB-2500,Cleaning & Household
SUP034,BB-2500,Cleaning & Household
SUP035,BB-2500,Cleaning & Household
SUP036,BB-2500,Cleaning & Household
SUP036,BB-25092,Cleaning & Household
SUP031,BB-25092,Cleaning & Household
SUP035,BB-25094,Cleaning & Household
SUP032,BB-25094,Cleaning & Household
SUP033,BB-25094,Cleaning & Household
SUP032,BB-25435,Cleaning & Household
SUP034,BB-25435,Cleaning & Household
SUP031,BB-25460,Cleaning & Household
SUP035,BB-25460,Cleaning & Household
SUP034,BB-25526,Cleaning & Household
SUP036,BB-25526,Cleaning & Household
SUP031,BB-25526,Cleaning & Household
SUP033,BB-25543,Cleaning & Household
SUP032,BB-25543,Cleaning & Household
SUP034,BB-25543,Cleaning & Household
SUP036,BB-25569,Cleaning & Household
SUP033,BB-25569,Cleaning & Household
SUP035,BB-25569,Cleaning & Household
SUP035,BB-25618,Cleaning & Household
SUP036,BB-25618,Cleaning & Household
SUP031,BB-25618,Cleaning & Household
SUP032,BB-25702,Cleaning & Household
SUP033,BB-25702,Cleaning & Household
SUP034,BB-25702,Cleaning & Household
SUP031,BB-25784,Cleaning & Household
SUP032,BB-25784,Cleaning & Household
SUP034,BB-25852,Cleaning & Household
SUP035,BB-25852,Cleaning & Household
SUP033,BB-26133,Cleaning & Household
SUP036,BB-26133,Cleaning & Household
SUP036,BB-26283,Cleaning & Household
SUP031,BB-26283,Cleaning & Household
SUP032,BB-26283,Cleaning & Household
SUP035,BB-26795,Cleaning & Household
SUP033,BB-26795,Cleaning & Household
SUP034,BB-26795,Cleaning & Household
SUP032,BB-26992,Cleaning & Household
SUP035,BB-26992,Cleaning & Household
SUP036,BB-26992,Cleaning & Household
SUP031,BB-26992,Cleaning & Household
SUP031,BB-27084,Cleaning & Household
SUP032,BB-27084,Cleaning & Household
SUP033,BB-27084,Cleaning & Household
SUP034,BB-27134,Cleaning & Household
SUP035,BB-27134,Cleaning & Household
SUP036,BB-27134,Cleaning & Household
SUP031,BB-27134,Cleaning & Household
SUP033,BB-2715,Cleaning & Household
SUP034,BB-2715,Cleaning & Household
SUP032,BB-2715,Cleaning & Household
SUP036,BB-2738,Cleaning & Household
SUP033,BB-2738,Cleaning & Household
SUP035,BB-27392,Cleaning & Household
SUP034,BB-27392,Cleaning & Household
SUP036,BB-27392,Cleaning & Household
SUP032,BB-27403,Cleaning & Household
SUP035,BB-27403,Cleaning & Household
SUP031,BB-27524,Cleaning & Household
SUP032,BB-27524,Cleaning & Household
SUP033,BB-27524,Cleaning & Household
SUP034,BB-2767,Cleaning & Household
SUP031,BB-2767,Cleaning & Household
SUP033,BB-2793,Cleaning & Household
SUP034,BB-2793,Cleaning & Household
SUP036,BB-2848,Cleaning & Household
SUP035,BB-2848,Cleaning & Household
SUP031,BB-2848,Cleaning & Household
SUP035,BB-293,Cleaning & Household
SUP036,BB-293,Cleaning & Household
SUP032,BB-2944,Cleaning & Household
SUP033,BB-2944,Cleaning & Household
SUP034,BB-2944,Cleaning & Household
SUP031,BB-2949,Cleaning & Household
SUP032,BB-2949,Cleaning & Household
SUP035,BB-2949,Cleaning & Household
SUP034,BB-2982,Cleaning & Household
SUP036,BB-2982,Cleaning & Household
SUP031,BB-2982,Cleaning & Household
SUP033,BB-3008,Cleaning & Household
SUP032,BB-3008,Cleaning & Household
SUP034,BB-3008,Cleaning & Household
SUP036,BB-304,Cleaning & Household
SUP033,BB-304,Cleaning & Household
SUP035,BB-304,Cleaning & Household
SUP031,BB-304,Cleaning & Household
SUP035,BB-3087,Cleaning & Household
SUP036,BB-3087,Cleaning & Household
SUP032,BB-3087,Cleaning & Household
SUP032,BB-3176,Cleaning & Household
SUP033,BB-3176,Cleaning & Household
SUP034,BB-3176,Cleaning & Household
SUP031,BB-3367,Cleaning & Household
SUP035,BB-3367,Cleaning & Household
SUP036,BB-3367,Cleaning & Household
SUP034,BB-346,Cleaning & Household
SUP031,BB-346,Cleaning & Household
SUP033,BB-3524,Cleaning & Household
SUP032,BB-3524,Cleaning & Household
SUP034,BB-3524,Cleaning & Household
SUP035,BB-3524,Cleaning & Household
SUP036,BB-3590,Cleaning & Household
SUP033,BB-3590,Cleaning & Household
SUP031,BB-3590,Cleaning & Household
SUP035,BB-3614,Cleaning & Household
SUP036,BB-3614,Cleaning & Household
SUP032,BB-3793,Cleaning & Household
SUP033,BB-3793,Cleaning & Household
SUP031,BB-3918,Cleaning & Household
SUP032,BB-3918,Cleaning & Household
SUP034,BB-3918,Cleaning & Household
SUP034,BB-4157,Cleaning & Household
SUP035,BB-4157,Cleaning & Household
SUP033,BB-4166,Cleaning & Household
SUP036,BB-4166,Cleaning & Household
SUP036,BB-4222,Cleaning & Household
SUP031,BB-4222,Cleaning & Household
SUP035,BB-445,Cleaning & Household
SUP032,BB-445,Cleaning & Household
SUP033,BB-445,Cleaning & Household
SUP034,BB-445,Cleaning & Household
SUP032,BB-451,Cleaning & Household
SUP035,BB-451,Cleaning & Household
SUP036,BB-451,Cleaning & Household
SUP031,BB-4512,Cleaning & Household
SUP032,BB-4512,Cleaning & Household
SUP034,BB-4594,Cleaning & Household
SUP031,BB-4594,Cleaning & Household
SUP033,BB-4673,Cleaning & Household
SUP034,BB-4673,Cleaning & Household
SUP035,BB-4673,Cleaning & Household
SUP036,BB-4808,Cleaning & Household
SUP033,BB-4808,Cleaning & Household
SUP035,BB-4823,Cleaning & Household
SUP036,BB-4823,Cleaning & Household
SUP031,BB-4823,Cleaning & Household
SUP032,BB-4851,Cleaning & Household
SUP033,BB-4851,Cleaning & Household
SUP031,BB-4896,Cleaning & Household
SUP032,BB-4896,Cleaning & Household
SUP034,BB-5004,Cleaning & Household
SUP035,BB-5004,Cleaning & Household
SUP033,BB-5066,Cleaning & Household
SUP034,BB-5066,Cleaning & Household
SUP036,BB-5071,Cleaning & Household
SUP031,BB-5071,Cleaning & Household
SUP032,BB-5071,Cleaning & Household
SUP035,BB-5085,Cleaning & Household
SUP036,BB-5085,Cleaning & Household
SUP033,BB-5085,Cleaning & Household
SUP032,BB-5167,Cleaning & Household
SUP034,BB-5167,Cleaning & Household
SUP035,BB-5167,Cleaning & Household
SUP031,BB-5205,Cleaning & Household
SUP036,BB-5205,Cleaning & Household
SUP034,BB-5341,Cleaning & Household
SUP031,BB-5341,Cleaning & Household
SUP033,BB-560,Cleaning & Household
SUP032,BB-560,Cleaning & Household
SUP036,BB-602,Cleaning & Household
SUP033,BB-602,Cleaning & Household
SUP034,BB-602,Cleaning & Household
SUP035,BB-6186,Cleaning & Household
SUP036,BB-6186,Cleaning & Household
SUP031,BB-6186,Cleaning & Household
SUP032,BB-6369,Cleaning & Household
SUP035,BB-6369,Cleaning & Household
SUP031,BB-6384,Cleaning & Household
SUP032,BB-6384,Cleaning & Household
SUP033,BB-6384,Cleaning & Household
SUP034,BB-6442,Cleaning & Household
SUP035,BB-6442,Cleaning & Household
SUP033,BB-6531,Cleaning & Household
SUP034,BB-6531,Cleaning & Household
SUP036,BB-6581,Cleaning & Household
SUP031,BB-6581,Cleaning & Household
SUP035,BB-6665,Cleaning & Household
SUP036,BB-6665,Cleaning & Household
SUP032,BB-6665,Cleaning & Household
SUP032,BB-6764,Cleaning & Household
SUP033,BB-6764,Cleaning & Household
SUP031,BB-6804,Cleaning & Household
SUP034,BB-6804,Cleaning & Household
SUP034,BB-6836,Cleaning & Household
SUP035,BB-6836,Cleaning & Household
SUP033,BB-6974,Cleaning & Household
SUP036,BB-6974,Cleaning & Household
SUP031,BB-6974,Cleaning & Household
SUP036,BB-7198,Cleaning & Household
SUP032,BB-7198,Cleaning & Household
SUP035,BB-7244,Cleaning & Household
SUP033,BB-7244,Cleaning & Household
SUP034,BB-7244,Cleaning & Household
SUP032,BB-7285,Cleaning & Household
SUP035,BB-7285,Cleaning & Household
SUP031,BB-7419,Cleaning & Household
SUP036,BB-7419,Cleaning & Household
SUP034,BB-7442,Cleaning & Household
SUP031,BB-7442,Cleaning & Household
SUP032,BB-7442,Cleaning & Household
SUP033,BB-7456,Cleaning & Household
SUP034,BB-7456,Cleaning & Household
SUP036,BB-7826,Cleaning & Household
SUP033,BB-7826,Cleaning & Household
SUP035,BB-7904,Cleaning & Household
SUP036,BB-7904,Cleaning & Household
SUP032,BB-8131,Cleaning & Household
SUP035,BB-8131,Cleaning & Household
SUP031,BB-8173,Cleaning & Household
SUP032,BB-8173,Cleaning & Household
SUP034,BB-8258,Cleaning & Household
SUP031,BB-8258,Cleaning & Household
SUP033,BB-8322,Cleaning & Household
SUP034,BB-8322,Cleaning & Household
SUP036,BB-8435,Cleaning & Household
SUP033,BB-8435,Cleaning & Household
SUP035,BB-8435,Cleaning & Household
SUP035,BB-8443,Cleaning & Household
SUP036,BB-8443,Cleaning & Household
SUP032,BB-846,Cleaning & Household
SUP031,BB-846,Cleaning & Household
SUP031,BB-8691,Cleaning & Household
SUP032,BB-8691,Cleaning & Household
SUP033,BB-8691,Cleaning & Household
SUP034,BB-8697,Cleaning & Household
SUP035,BB-8697,Cleaning & Household
SUP036,BB-8697,Cleaning & Household
SUP033,BB-8803,Cleaning & Household
SUP034,BB-8803,Cleaning & Household
SUP031,BB-8803,Cleaning & Household
SUP036,BB-8951,Cleaning & Household
SUP032,BB-8951,Cleaning & Household
SUP033,BB-8951,Cleaning & Household
SUP035,BB-8987,Cleaning & Household
SUP034,BB-8987,Cleaning & Household
SUP032,BB-9031,Cleaning & Household
SUP035,BB-9031,Cleaning & Household
SUP036,BB-9031,Cleaning & Household
SUP031,BB-9031,Cleaning & Household
SUP031,BB-9044,Cleaning & Household
SUP032,BB-9044,Cleaning & Household
SUP034,BB-9056,Cleaning & Household
SUP033,BB-9056,Cleaning & Household
SUP033,BB-9379,Cleaning & Household
SUP034,BB-9379,Cleaning & Household
SUP035,BB-9379,Cleaning & Household
SUP036,BB-9379,Cleaning & Household
SUP036,BB-9516,Cleaning & Household
SUP031,BB-9516,Cleaning & Household
SUP032,BB-9516,Cleaning & Household
SUP033,BB-9516,Cleaning & Household
SUP035,BB-9657,Cleaning & Household
SUP034,BB-9657,Cleaning & Household
SUP036,BB-9657,Cleaning & Household
SUP032,BB-9677,Cleaning & Household
SUP035,BB-9677,Cleaning & Household
SUP031,BB-9677,Cleaning & Household
SUP031,BB-9682,Cleaning & Household
SUP032,BB-9682,Cleaning & Household
SUP033,BB-9682,Cleaning & Household
SUP034,BB-9760,Cleaning & Household
SUP035,BB-9760,Cleaning & Household
SUP033,BB-9785,Cleaning & Household
SUP034,BB-9785,Cleaning & Household
SUP036,BB-9940,Cleaning & Household
SUP031,BB-9940,Cleaning & Household
SUP035,BB-9976,Cleaning & Household
SUP036,BB-9976,Cleaning & Household
SUP047,SKU-W-03,Dairy
SUP048,SKU-W-03,Dairy
SUP058,BB-10077,"Eggs, Meat & Fish"
SUP057,BB-10077,"Eggs, Meat & Fish"
SUP059,BB-10512,"Eggs, Meat & Fish"
SUP057,BB-10512,"Eggs, Meat & Fish"
SUP057,BB-10906,"Eggs, Meat & Fish"
SUP059,BB-10906,"Eggs, Meat & Fish"
SUP058,BB-14935,"Eggs, Meat & Fish"
SUP059,BB-14935,"Eggs, Meat & Fish"
SUP057,BB-14935,"Eggs, Meat & Fish"
SUP059,BB-15249,"Eggs, Meat & Fish"
SUP058,BB-15249,"Eggs, Meat & Fish"
SUP057,BB-15249,"Eggs, Meat & Fish"
SUP057,BB-16781,"Eggs, Meat & Fish"
SUP058,BB-16781,"Eggs, Meat & Fish"
SUP058,BB-17615,"Eggs, Meat & Fish"
SUP059,BB-17615,"Eggs, Meat & Fish"
SUP057,BB-17615,"Eggs, Meat & Fish"
SUP059,BB-19414,"Eggs, Meat & Fish"
SUP058,BB-19414,"Eggs, Meat & Fish"
SUP057,BB-20085,"Eggs, Meat & Fish"
SUP059,BB-20085,"Eggs, Meat & Fish"
SUP058,BB-20085,"Eggs, Meat & Fish"
SUP058,BB-20639,"Eggs, Meat & Fish"
SUP059,BB-20639,"Eggs, Meat & Fish"
SUP057,BB-20639,"Eggs, Meat & Fish"
SUP059,BB-2071,"Eggs, Meat & Fish"
SUP058,BB-2071,"Eggs, Meat & Fish"
SUP057,BB-21721,"Eggs, Meat & Fish"
SUP059,BB-21721,"Eggs, Meat & Fish"
SUP058,BB-21721,"Eggs, Meat & Fish"
SUP058,BB-22242,"Eggs, Meat & Fish"
SUP057,BB-22242,"Eggs, Meat & Fish"
SUP059,BB-22441,"Eggs, Meat & Fish"
SUP057,BB-22441,"Eggs, Meat & Fish"
SUP058,BB-22441,"Eggs, Meat & Fish"
SUP057,BB-22905,"Eggs, Meat & Fish"
SUP059,BB-22905,"Eggs, Meat & Fish"
SUP058,BB-22905,"Eggs, Meat & Fish"
SUP058,BB-23320,"Eggs, Meat & Fish"
SUP059,BB-23320,"Eggs, Meat & Fish"
SUP059,BB-23586,"Eggs, Meat & Fish"
SUP057,BB-23586,"Eggs, Meat & Fish"
SUP057,BB-23659,"Eggs, Meat & Fish"
SUP059,BB-23659,"Eggs, Meat & Fish"
SUP058,BB-24343,"Eggs, Meat & Fish"
SUP057,BB-24343,"Eggs, Meat & Fish"
SUP059,BB-24749,"Eggs, Meat & Fish"
SUP058,BB-24749,"Eggs, Meat & Fish"
SUP057,BB-24822,"Eggs, Meat & Fish"
SUP059,BB-24822,"Eggs, Meat & Fish"
SUP058,BB-24822,"Eggs, Meat & Fish"
SUP058,BB-2498,"Eggs, Meat & Fish"
SUP057,BB-2498,"Eggs, Meat & Fish"
SUP059,BB-25186,"Eggs, Meat & Fish"
SUP057,BB-25186,"Eggs, Meat & Fish"
SUP058,BB-25186,"Eggs, Meat & Fish"
SUP057,BB-26867,"Eggs, Meat & Fish"
SUP059,BB-26867,"Eggs, Meat & Fish"
SUP058,BB-26867,"Eggs, Meat & Fish"
SUP058,BB-3029,"Eggs, Meat & Fish"
SUP059,BB-3029,"Eggs, Meat & Fish"
SUP059,BB-5388,"Eggs, Meat & Fish"
SUP057,BB-5388,"Eggs, Meat & Fish"
SUP058,BB-5388,"Eggs, Meat & Fish"
SUP057,BB-556,"Eggs, Meat & Fish"
SUP059,BB-556,"Eggs, Meat & Fish"
SUP058,BB-556,"Eggs, Meat & Fish"
SUP058,BB-665,"Eggs, Meat & Fish"
SUP057,BB-665,"Eggs, Meat & Fish"
SUP059,BB-665,"Eggs, Meat & Fish"
SUP059,BB-818,"Eggs, Meat & Fish"
SUP057,BB-818,"Eggs, Meat & Fish"
SUP058,BB-818,"Eggs, Meat & Fish"
SUP057,BB-8188,"Eggs, Meat & Fish"
SUP059,BB-8188,"Eggs, Meat & Fish"
SUP058,BB-8188,"Eggs, Meat & Fish"
SUP058,BB-853,"Eggs, Meat & Fish"
SUP057,BB-853,"Eggs, Meat & Fish"
SUP059,BB-853,"Eggs, Meat & Fish"
SUP041,BB-10378,"Foodgrains, Oil & Masala"
SUP038,BB-10378,"Foodgrains, Oil & Masala"
SUP037,BB-10477,"Foodgrains, Oil & Masala"
SUP039,BB-10477,"Foodgrains, Oil & Masala"
SUP042,BB-10477,"Foodgrains, Oil & Masala"
SUP040,BB-10526,"Foodgrains, Oil & Masala"
SUP037,BB-10526,"Foodgrains, Oil & Masala"
SUP038,BB-10526,"Foodgrains, Oil & Masala"
SUP038,BB-10546,"Foodgrains, Oil & Masala"
SUP039,BB-10546,"Foodgrains, Oil & Masala"
SUP040,BB-10546,"Foodgrains, Oil & Masala"
SUP042,BB-11140,"Foodgrains, Oil & Masala"
SUP041,BB-11140,"Foodgrains, Oil & Masala"
SUP039,BB-11208,"Foodgrains, Oil & Masala"
SUP042,BB-11208,"Foodgrains, Oil & Masala"
SUP041,BB-11212,"Foodgrains, Oil & Masala"
SUP037,BB-11212,"Foodgrains, Oil & Masala"
SUP037,BB-11331,"Foodgrains, Oil & Masala"
SUP038,BB-11331,"Foodgrains, Oil & Masala"
SUP040,BB-11359,"Foodgrains, Oil & Masala"
SUP039,BB-11359,"Foodgrains, Oil & Masala"
SUP038,BB-11365,"Foodgrains, Oil & Masala"
SUP040,BB-11365,"Foodgrains, Oil & Masala"
SUP042,BB-11409,"Foodgrains, Oil & Masala"
SUP041,BB-11409,"Foodgrains, Oil & Masala"
SUP037,BB-11409,"Foodgrains, Oil & Masala"
SUP039,BB-11438,"Foodgrains, Oil & Masala"
SUP042,BB-11438,"Foodgrains, Oil & Masala"
SUP038,BB-11438,"Foodgrains, Oil & Masala"
SUP040,BB-11438,"Foodgrains, Oil & Masala"
SUP041,BB-11451,"Foodgrains, Oil & Masala"
SUP039,BB-11451,"Foodgrains, Oil & Masala"
SUP037,BB-11485,"Foodgrains, Oil & Masala"
SUP041,BB-11485,"Foodgrains, Oil & Masala"
SUP042,BB-11485,"Foodgrains, Oil & Masala"
SUP040,BB-11659,"Foodgrains, Oil & Masala"
SUP037,BB-11659,"Foodgrains, Oil & Masala"
SUP038,BB-11754,"Foodgrains, Oil & Masala"
SUP039,BB-11754,"Foodgrains, Oil & Masala"
SUP040,BB-11754,"Foodgrains, Oil & Masala"
SUP042,BB-11913,"Foodgrains, Oil & Masala"
SUP038,BB-11913,"Foodgrains, Oil & Masala"
SUP041,BB-11913,"Foodgrains, Oil & Masala"
SUP037,BB-11913,"Foodgrains, Oil & Masala"
SUP039,BB-12187,"Foodgrains, Oil & Masala"
SUP042,BB-12187,"Foodgrains, Oil & Masala"
SUP038,BB-12187,"Foodgrains, Oil & Masala"
SUP041,BB-12282,"Foodgrains, Oil & Masala"
SUP039,BB-12282,"Foodgrains, Oil & Masala"
SUP037,BB-12384,"Foodgrains, Oil & Masala"
SUP040,BB-12384,"Foodgrains, Oil & Masala"
SUP041,BB-12384,"Foodgrains, Oil & Masala"
SUP042,BB-12384,"Foodgrains, Oil & Masala"
SUP040,BB-12465,"Foodgrains, Oil & Masala"
SUP037,BB-12465,"Foodgrains, Oil & Masala"
SUP038,BB-12465,"Foodgrains, Oil & Masala"
SUP038,BB-12473,"Foodgrains, Oil & Masala"
SUP039,BB-12473,"Foodgrains, Oil & Masala"
SUP042,BB-12623,"Foodgrains, Oil & Masala"
SUP040,BB-12623,"Foodgrains, Oil & Masala"
SUP041,BB-12623,"Foodgrains, Oil & Masala"
SUP039,BB-13034,"Foodgrains, Oil & Masala"
SUP042,BB-13034,"Foodgrains, Oil & Masala"
SUP037,BB-13034,"Foodgrains, Oil & Masala"
SUP041,BB-13077,"Foodgrains, Oil & Masala"
SUP038,BB-13077,"Foodgrains, Oil & Masala"
SUP039,BB-13077,"Foodgrains, Oil & Masala"
SUP040,BB-13077,"Foodgrains, Oil & Masala"
SUP037,BB-13142,"Foodgrains, Oil & Masala"
SUP041,BB-13142,"Foodgrains, Oil & Masala"
SUP040,BB-13153,"Foodgrains, Oil & Masala"
SUP042,BB-13153,"Foodgrains, Oil & Masala"
SUP037,BB-13153,"Foodgrains, Oil & Masala"
SUP038,BB-13269,"Foodgrains, Oil & Masala"
SUP039,BB-13269,"Foodgrains, Oil & Masala"
SUP040,BB-13269,"Foodgrains, Oil & Masala"
SUP042,BB-13330,"Foodgrains, Oil & Masala"
SUP038,BB-13330,"Foodgrains, Oil & Masala"
SUP041,BB-13330,"Foodgrains, Oil & Masala"
SUP037,BB-13330,"Foodgrains, Oil & Masala"
SUP039,BB-13525,"Foodgrains, Oil & Masala"
SUP042,BB-13525,"Foodgrains, Oil & Masala"
SUP041,BB-13580,"Foodgrains, Oil & Masala"
SUP038,BB-13580,"Foodgrains, Oil & Masala"
SUP039,BB-13580,"Foodgrains, Oil & Masala"
SUP037,BB-13637,"Foodgrains, Oil & Masala"
SUP040,BB-13637,"Foodgrains, Oil & Masala"
SUP040,BB-13799,"Foodgrains, Oil & Masala"
SUP041,BB-13799,"Foodgrains, Oil & Masala"
SUP042,BB-13799,"Foodgrains, Oil & Masala"
SUP038,BB-13811,"Foodgrains, Oil & Masala"
SUP037,BB-13811,"Foodgrains, Oil & Masala"
SUP039,BB-13811,"Foodgrains, Oil & Masala"
SUP040,BB-13811,"Foodgrains, Oil & Masala"
SUP042,BB-13876,"Foodgrains, Oil & Masala"
SUP038,BB-13876,"Foodgrains, Oil & Masala"
SUP041,BB-13876,"Foodgrains, Oil & Masala"
SUP039,BB-13929,"Foodgrains, Oil & Masala"
SUP042,BB-13929,"Foodgrains, Oil & Masala"
SUP037,BB-13929,"Foodgrains, Oil & Masala"
SUP041,BB-14032,"Foodgrains, Oil & Masala"
SUP038,BB-14032,"Foodgrains, Oil & Masala"
SUP037,BB-14160,"Foodgrains, Oil & Masala"
SUP039,BB-14160,"Foodgrains, Oil & Masala"
SUP040,BB-14160,"Foodgrains, Oil & Masala"
SUP041,BB-14160,"Foodgrains, Oil & Masala"
SUP040,BB-14192,"Foodgrains, Oil & Masala"
SUP042,BB-14192,"Foodgrains, Oil & Masala"
SUP038,BB-14198,"Foodgrains, Oil & Masala"
SUP037,BB-14198,"Foodgrains, Oil & Masala"
SUP039,BB-14198,"Foodgrains, Oil & Masala"
SUP042,BB-14221,"Foodgrains, Oil & Masala"
SUP038,BB-14221,"Foodgrains, Oil & Masala"
SUP040,BB-14221,"Foodgrains, Oil & Masala"
SUP039,BB-14261,"Foodgrains, Oil & Masala"
SUP041,BB-14261,"Foodgrains, Oil & Masala"
SUP041,BB-14389,"Foodgrains, Oil & Masala"
SUP042,BB-14389,"Foodgrains, Oil & Masala"
SUP037,BB-14389,"Foodgrains, Oil & Masala"
SUP037,BB-14447,"Foodgrains, Oil & Masala"
SUP038,BB-14447,"Foodgrains, Oil & Masala"
SUP040,BB-14481,"Foodgrains, Oil & Masala"
SUP039,BB-14481,"Foodgrains, Oil & Masala"
SUP038,BB-1470,"Foodgrains, Oil & Masala"
SUP040,BB-1470,"Foodgrains, Oil & Masala"
SUP041,BB-1470,"Foodgrains, Oil & Masala"
SUP042,BB-14764,"Foodgrains, Oil & Masala"
SUP037,BB-14764,"Foodgrains, Oil & Masala"
SUP039,BB-14793,"Foodgrains, Oil & Masala"
SUP042,BB-14793,"Foodgrains, Oil & Masala"
SUP041,BB-14912,"Foodgrains, Oil & Masala"
SUP038,BB-14912,"Foodgrains, Oil & Masala"
SUP039,BB-14912,"Foodgrains, Oil & Masala"
SUP040,BB-14912,"Foodgrains, Oil & Masala"
SUP037,BB-14987,"Foodgrains, Oil & Masala"
SUP041,BB-14987,"Foodgrains, Oil & Masala"
SUP042,BB-14987,"Foodgrains, Oil & Masala"
SUP038,BB-14987,"Foodgrains, Oil & Masala"
SUP040,BB-1503,"Foodgrains, Oil & Masala"
SUP037,BB-1503,"Foodgrains, Oil & Masala"
SUP039,BB-1503,"Foodgrains, Oil & Masala"
SUP038,BB-15051,"Foodgrains, Oil & Masala"
SUP040,BB-15051,"Foodgrains, Oil & Masala"
SUP042,BB-15157,"Foodgrains, Oil & Masala"
SUP041,BB-15157,"Foodgrains, Oil & Masala"
SUP039,BB-15194,"Foodgrains, Oil & Masala"
SUP042,BB-15194,"Foodgrains, Oil & Masala"
SUP037,BB-15194,"Foodgrains, Oil & Masala"
SUP041,BB-15271,"Foodgrains, Oil & Masala"
SUP038,BB-15271,"Foodgrains, Oil & Masala"
SUP039,BB-15271,"Foodgrains, Oil & Masala"
SUP040,BB-15271,"Foodgrains, Oil & Masala"
SUP037,BB-15339,"Foodgrains, Oil & Masala"
SUP041,BB-15339,"Foodgrains, Oil & Masala"
SUP040,BB-15352,"Foodgrains, Oil & Masala"
SUP042,BB-15352,"Foodgrains, Oil & Masala"
SUP037,BB-15352,"Foodgrains, Oil & Masala"
SUP038,BB-15645,"Foodgrains, Oil & Masala"
SUP039,BB-15645,"Foodgrains, Oil & Masala"
SUP040,BB-15645,"Foodgrains, Oil & Masala"
SUP042,BB-15797,"Foodgrains, Oil & Masala"
SUP038,BB-15797,"Foodgrains, Oil & Masala"
SUP039,BB-15935,"Foodgrains, Oil & Masala"
SUP041,BB-15935,"Foodgrains, Oil & Masala"
SUP042,BB-15935,"Foodgrains, Oil & Masala"
SUP041,BB-1606,"Foodgrains, Oil & Masala"
SUP037,BB-1606,"Foodgrains, Oil & Masala"
SUP037,BB-16351,"Foodgrains, Oil & Masala"
SUP038,BB-16351,"Foodgrains, Oil & Masala"
SUP039,BB-16351,"Foodgrains, Oil & Masala"
SUP040,BB-16499,"Foodgrains, Oil & Masala"
SUP041,BB-16499,"Foodgrains, Oil & Masala"
SUP042,BB-16499,"Foodgrains, Oil & Masala"
SUP038,BB-1679,"Foodgrains, Oil & Masala"
SUP040,BB-1679,"Foodgrains, Oil & Masala"
SUP042,BB-16898,"Foodgrains, Oil & Masala"
SUP037,BB-16898,"Foodgrains, Oil & Masala"
SUP039,BB-17045,"Foodgrains, Oil & Masala"
SUP038,BB-17045,"Foodgrains, Oil & Masala"
SUP040,BB-17045,"Foodgrains, Oil & Masala"
SUP041,BB-17060,"Foodgrains, Oil & Masala"
SUP039,BB-17060,"Foodgrains, Oil & Masala"
SUP042,BB-17060,"Foodgrains, Oil & Masala"
SUP037,BB-17060,"Foodgrains, Oil & Masala"
SUP037,BB-1717,"Foodgrains, Oil & Masala"
SUP041,BB-1717,"Foodgrains, Oil & Masala"
SUP038,BB-1717,"Foodgrains, Oil & Masala"
SUP039,BB-1717,"Foodgrains, Oil & Masala"
SUP040,BB-17282,"Foodgrains, Oil & Masala"
SUP041,BB-17282,"Foodgrains, Oil & Masala"
SUP042,BB-17282,"Foodgrains, Oil & Masala"
SUP037,BB-17282,"Foodgrains, Oil & Masala"
SUP038,BB-17394,"Foodgrains, Oil & Masala"
SUP040,BB-17394,"Foodgrains, Oil & Masala"
SUP042,BB-17477,"Foodgrains, Oil & Masala"
SUP038,BB-17477,"Foodgrains, Oil & Masala"
SUP039,BB-17477,"Foodgrains, Oil & Masala"
SUP039,BB-17496,"Foodgrains, Oil & Masala"
SUP040,BB-17496,"Foodgrains, Oil & Masala"
SUP041,BB-17496,"Foodgrains, Oil & Masala"
SUP041,BB-17554,"Foodgrains, Oil & Masala"
SUP042,BB-17554,"Foodgrains, Oil & Masala"
SUP037,BB-17571,"Foodgrains, Oil & Masala"
SUP038,BB-17571,"Foodgrains, Oil & Masala"
SUP040,BB-17599,"Foodgrains, Oil & Masala"
SUP037,BB-17599,"Foodgrains, Oil & Masala"
SUP039,BB-17599,"Foodgrains, Oil & Masala"
SUP041,BB-17599,"Foodgrains, Oil & Masala"
SUP038,BB-17634,"Foodgrains, Oil & Masala"
SUP040,BB-17634,"Foodgrains, Oil & Masala"
SUP042,BB-17817,"Foodgrains, Oil & Masala"
SUP037,BB-17817,"Foodgrains, Oil & Masala"
SUP038,BB-17817,"Foodgrains, Oil & Masala"
SUP039,BB-17856,"Foodgrains, Oil & Masala"
SUP042,BB-17856,"Foodgrains, Oil & Masala"
SUP041,BB-17913,"Foodgrains, Oil & Masala"
SUP039,BB-17913,"Foodgrains, Oil & Masala"
SUP040,BB-17913,"Foodgrains, Oil & Masala"
SUP042,BB-17913,"Foodgrains, Oil & Masala"
SUP037,BB-18065,"Foodgrains, Oil & Masala"
SUP041,BB-18065,"Foodgrains, Oil & Masala"
SUP040,BB-18308,"Foodgrains, Oil & Masala"
SUP037,BB-18308,"Foodgrains, Oil & Masala"
SUP038,BB-18375,"Foodgrains, Oil & Masala"
SUP039,BB-18375,"Foodgrains, Oil & Masala"
SUP040,BB-18375,"Foodgrains, Oil & Masala"
SUP042,BB-18421,"Foodgrains, Oil & Masala"
SUP038,BB-18421,"Foodgrains, Oil & Masala"
SUP041,BB-18421,"Foodgrains, Oil & Masala"
SUP039,BB-1846,"Foodgrains, Oil & Masala"
SUP042,BB-1846,"Foodgrains, Oil & Masala"
SUP037,BB-1846,"Foodgrains, Oil & Masala"
SUP041,BB-18581,"Foodgrains, Oil & Masala"
SUP038,BB-18581,"Foodgrains, Oil & Masala"
SUP039,BB-18581,"Foodgrains, Oil & Masala"
SUP037,BB-18750,"Foodgrains, Oil & Masala"
SUP040,BB-18750,"Foodgrains, Oil & Masala"
SUP041,BB-18750,"Foodgrains, Oil & Masala"
SUP040,BB-1882,"Foodgrains, Oil & Masala"
SUP042,BB-1882,"Foodgrains, Oil & Masala"
SUP037,BB-1882,"Foodgrains, Oil & Masala"
SUP038,BB-18903,"Foodgrains, Oil & Masala"
SUP039,BB-18903,"Foodgrains, Oil & Masala"
SUP040,BB-18903,"Foodgrains, Oil & Masala"
SUP041,BB-18903,"Foodgrains, Oil & Masala"
SUP042,BB-18921,"Foodgrains, Oil & Masala"
SUP038,BB-18921,"Foodgrains, Oil & Masala"
SUP037,BB-18921,"Foodgrains, Oil & Masala"
SUP039,BB-1894,"Foodgrains, Oil & Masala"
SUP042,BB-1894,"Foodgrains, Oil & Masala"
SUP038,BB-1894,"Foodgrains, Oil & Masala"
SUP041,BB-1902,"Foodgrains, Oil & Masala"
SUP039,BB-1902,"Foodgrains, Oil & Masala"
SUP037,BB-19058,"Foodgrains, Oil & Masala"
SUP040,BB-19058,"Foodgrains, Oil & Masala"
SUP040,BB-19137,"Foodgrains, Oil & Masala"
SUP041,BB-19137,"Foodgrains, Oil & Masala"
SUP042,BB-19137,"Foodgrains, Oil & Masala"
SUP038,BB-19259,"Foodgrains, Oil & Masala"
SUP037,BB-19259,"Foodgrains, Oil & Masala"
SUP039,BB-19259,"Foodgrains, Oil & Masala"
SUP042,BB-1929,"Foodgrains, Oil & Masala"
SUP038,BB-1929,"Foodgrains, Oil & Masala"
SUP040,BB-1929,"Foodgrains, Oil & Masala"
SUP041,BB-1929,"Foodgrains, Oil & Masala"
SUP039,BB-19308,"Foodgrains, Oil & Masala"
SUP042,BB-19308,"Foodgrains, Oil & Masala"
SUP037,BB-19308,"Foodgrains, Oil & Masala"
SUP041,BB-19631,"Foodgrains, Oil & Masala"
SUP038,BB-19631,"Foodgrains, Oil & Masala"
SUP037,BB-19667,"Foodgrains, Oil & Masala"
SUP039,BB-19667,"Foodgrains, Oil & Masala"
SUP040,BB-19696,"Foodgrains, Oil & Masala"
SUP041,BB-19696,"Foodgrains, Oil & Masala"
SUP042,BB-19696,"Foodgrains, Oil & Masala"
SUP038,BB-19715,"Foodgrains, Oil & Masala"
SUP040,BB-19715,"Foodgrains, Oil & Masala"
SUP037,BB-19715,"Foodgrains, Oil & Masala"
SUP039,BB-19715,"Foodgrains, Oil & Masala"
SUP042,BB-19998,"Foodgrains, Oil & Masala"
SUP038,BB-19998,"Foodgrains, Oil & Masala"
SUP040,BB-19998,"Foodgrains, Oil & Masala"
SUP039,BB-20088,"Foodgrains, Oil & Masala"
SUP041,BB-20088,"Foodgrains, Oil & Masala"
SUP042,BB-20088,"Foodgrains, Oil & Masala"
SUP041,BB-20196,"Foodgrains, Oil & Masala"
SUP037,BB-20196,"Foodgrains, Oil & Masala"
SUP038,BB-20196,"Foodgrains, Oil & Masala"
SUP037,BB-20458,"Foodgrains, Oil & Masala"
SUP039,BB-20458,"Foodgrains, Oil & Masala"
SUP040,BB-20548,"Foodgrains, Oil & Masala"
SUP041,BB-20548,"Foodgrains, Oil & Masala"
SUP038,BB-20549,"Foodgrains, Oil & Masala"
SUP040,BB-20549,"Foodgrains, Oil & Masala"
SUP042,BB-20549,"Foodgrains, Oil & Masala"
SUP037,BB-20549,"Foodgrains, Oil & Masala"
SUP042,BB-2057,"Foodgrains, Oil & Masala"
SUP038,BB-2057,"Foodgrains, Oil & Masala"
SUP039,BB-2057,"Foodgrains, Oil & Masala"
SUP039,BB-20618,"Foodgrains, Oil & Masala"
SUP040,BB-20618,"Foodgrains, Oil & Masala"
SUP041,BB-20618,"Foodgrains, Oil & Masala"
SUP042,BB-20618,"Foodgrains, Oil & Masala"
SUP041,BB-20625,"Foodgrains, Oil & Masala"
SUP037,BB-20625,"Foodgrains, Oil & Masala"
SUP037,BB-20651,"Foodgrains, Oil & Masala"
SUP038,BB-20651,"Foodgrains, Oil & Masala"
SUP039,BB-20651,"Foodgrains, Oil & Masala"
SUP040,BB-2067,"Foodgrains, Oil & Masala"
SUP041,BB-2067,"Foodgrains, Oil & Masala"
SUP042,BB-2067,"Foodgrains, Oil & Masala"
SUP038,BB-20800,"Foodgrains, Oil & Masala"
SUP040,BB-20800,"Foodgrains, Oil & Masala"
SUP042,BB-20810,"Foodgrains, Oil & Masala"
SUP037,BB-20810,"Foodgrains, Oil & Masala"
SUP038,BB-20810,"Foodgrains, Oil & Masala"
SUP039,BB-21006,"Foodgrains, Oil & Masala"
SUP040,BB-21006,"Foodgrains, Oil & Masala"
SUP041,BB-21006,"Foodgrains, Oil & Masala"
SUP041,BB-2109,"Foodgrains, Oil & Masala"
SUP039,BB-2109,"Foodgrains, Oil & Masala"
SUP042,BB-2109,"Foodgrains, Oil & Masala"
SUP037,BB-21262,"Foodgrains, Oil & Masala"
SUP038,BB-21262,"Foodgrains, Oil & Masala"
SUP040,BB-21292,"Foodgrains, Oil & Masala"
SUP037,BB-21292,"Foodgrains, Oil & Masala"
SUP038,BB-21315,"Foodgrains, Oil & Masala"
SUP039,BB-21315,"Foodgrains, Oil & Masala"
SUP042,BB-21357,"Foodgrains, Oil & Masala"
SUP040,BB-21357,"Foodgrains, Oil & Masala"
SUP041,BB-21357,"Foodgrains, Oil & Masala"
SUP039,BB-21623,"Foodgrains, Oil & Masala"
SUP042,BB-21623,"Foodgrains, Oil & Masala"
SUP037,BB-21623,"Foodgrains, Oil & Masala"
SUP038,BB-21623,"Foodgrains, Oil & Masala"
SUP041,BB-21627,"Foodgrains, Oil & Masala"
SUP039,BB-21627,"Foodgrains, Oil & Masala"
SUP037,BB-21701,"Foodgrains, Oil & Masala"
SUP040,BB-21701,"Foodgrains, Oil & Masala"
SUP040,BB-21778,"Foodgrains, Oil & Masala"
SUP041,BB-21778,"Foodgrains, Oil & Masala"
SUP038,BB-21843,"Foodgrains, Oil & Masala"
SUP042,BB-21843,"Foodgrains, Oil & Masala"
SUP037,BB-21843,"Foodgrains, Oil & Masala"
SUP039,BB-21843,"Foodgrains, Oil & Masala"
SUP042,BB-21960,"Foodgrains, Oil & Masala"
SUP038,BB-21960,"Foodgrains, Oil & Masala"
SUP040,BB-21960,"Foodgrains, Oil & Masala"
SUP039,BB-22061,"Foodgrains, Oil & Masala"
SUP041,BB-22061,"Foodgrains, Oil & Masala"
SUP042,BB-22061,"Foodgrains, Oil & Masala"
SUP041,BB-22128,"Foodgrains, Oil & Masala"
SUP037,BB-22128,"Foodgrains, Oil & Masala"
SUP037,BB-22218,"Foodgrains, Oil & Masala"
SUP038,BB-22218,"Foodgrains, Oil & Masala"
SUP040,BB-22271,"Foodgrains, Oil & Masala"
SUP039,BB-22271,"Foodgrains, Oil & Masala"
SUP038,BB-2231,"Foodgrains, Oil & Masala"
SUP040,BB-2231,"Foodgrains, Oil & Masala"
SUP042,BB-22316,"Foodgrains, Oil & Masala"
SUP041,BB-22316,"Foodgrains, Oil & Masala"
SUP037,BB-22316,"Foodgrains, Oil & Masala"
SUP039,BB-22356,"Foodgrains, Oil & Masala"
SUP042,BB-22356,"Foodgrains, Oil & Masala"
SUP038,BB-22356,"Foodgrains, Oil & Masala"
SUP041,BB-22417,"Foodgrains, Oil & Masala"
SUP039,BB-22417,"Foodgrains, Oil & Masala"
SUP037,BB-22452,"Foodgrains, Oil & Masala"
SUP040,BB-22452,"Foodgrains, Oil & Masala"
SUP041,BB-22452,"Foodgrains, Oil & Masala"
SUP042,BB-22452,"Foodgrains, Oil & Masala"
SUP040,BB-22665,"Foodgrains, Oil & Masala"
SUP037,BB-22665,"Foodgrains, Oil & Masala"
SUP038,BB-22665,"Foodgrains, Oil & Masala"
SUP038,BB-22825,"Foodgrains, Oil & Masala"
SUP039,BB-22825,"Foodgrains, Oil & Masala"
SUP040,BB-22825,"Foodgrains, Oil & Masala"
SUP041,BB-22825,"Foodgrains, Oil & Masala"
SUP042,BB-22870,"Foodgrains, Oil & Masala"
SUP037,BB-22870,"Foodgrains, Oil & Masala"
SUP038,BB-22870,"Foodgrains, Oil & Masala"
SUP039,BB-22870,"Foodgrains, Oil & Masala"
SUP039,BB-22875,"Foodgrains, Oil & Masala"
SUP042,BB-22875,"Foodgrains, Oil & Masala"
SUP041,BB-23213,"Foodgrains, Oil & Masala"
SUP040,BB-23213,"Foodgrains, Oil & Masala"
SUP037,BB-23229,"Foodgrains, Oil & Masala"
SUP041,BB-23229,"Foodgrains, Oil & Masala"
SUP040,BB-23252,"Foodgrains, Oil & Masala"
SUP042,BB-23252,"Foodgrains, Oil & Masala"
SUP038,BB-2328,"Foodgrains, Oil & Masala"
SUP037,BB-2328,"Foodgrains, Oil & Masala"
SUP042,BB-23347,"Foodgrains, Oil & Masala"
SUP038,BB-23347,"Foodgrains, Oil & Masala"
SUP039,BB-23474,"Foodgrains, Oil & Masala"
SUP040,BB-23474,"Foodgrains, Oil & Masala"
SUP041,BB-23715,"Foodgrains, Oil & Masala"
SUP039,BB-23715,"Foodgrains, Oil & Masala"
SUP037,BB-23846,"Foodgrains, Oil & Masala"
SUP041,BB-23846,"Foodgrains, Oil & Masala"
SUP042,BB-23846,"Foodgrains, Oil & Masala"
SUP040,BB-23946,"Foodgrains, Oil & Masala"
SUP037,BB-23946,"Foodgrains, Oil & Masala"
SUP038,BB-24124,"Foodgrains, Oil & Masala"
SUP039,BB-24124,"Foodgrains, Oil & Masala"
SUP042,BB-24194,"Foodgrains, Oil & Masala"
SUP038,BB-24194,"Foodgrains, Oil & Masala"
SUP039,BB-24292,"Foodgrains, Oil & Masala"
SUP040,BB-24292,"Foodgrains, Oil & Masala"
SUP041,BB-24292,"Foodgrains, Oil & Masala"
SUP042,BB-24292,"Foodgrains, Oil & Masala"
SUP041,BB-24408,"Foodgrains, Oil & Masala"
SUP037,BB-24408,"Foodgrains, Oil & Masala"
SUP037,BB-24436,"Foodgrains, Oil & Masala"
SUP038,BB-24436,"Foodgrains, Oil & Masala"
SUP039,BB-24436,"Foodgrains, Oil & Masala"
SUP040,BB-24623,"Foodgrains, Oil & Masala"
SUP041,BB-24623,"Foodgrains, Oil & Masala"
SUP042,BB-24623,"Foodgrains, Oil & Masala"
SUP038,BB-24784,"Foodgrains, Oil & Masala"
SUP040,BB-24784,"Foodgrains, Oil & Masala"
SUP042,BB-24803,"Foodgrains, Oil & Masala"
SUP037,BB-24803,"Foodgrains, Oil & Masala"
SUP038,BB-24803,"Foodgrains, Oil & Masala"
SUP039,BB-24804,"Foodgrains, Oil & Masala"
SUP040,BB-24804,"Foodgrains, Oil & Masala"
SUP041,BB-24804,"Foodgrains, Oil & Masala"
SUP042,BB-24804,"Foodgrains, Oil & Masala"
SUP041,BB-25041,"Foodgrains, Oil & Masala"
SUP039,BB-25041,"Foodgrains, Oil & Masala"
SUP037,BB-25206,"Foodgrains, Oil & Masala"
SUP038,BB-25206,"Foodgrains, Oil & Masala"
SUP040,BB-25471,"Foodgrains, Oil & Masala"
SUP037,BB-25471,"Foodgrains, Oil & Masala"
SUP038,BB-25477,"Foodgrains, Oil & Masala"
SUP039,BB-25477,"Foodgrains, Oil & Masala"
SUP040,BB-25477,"Foodgrains, Oil & Masala"
SUP041,BB-25477,"Foodgrains, Oil & Masala"
SUP042,BB-2550,"Foodgrains, Oil & Masala"
SUP037,BB-2550,"Foodgrains, Oil & Masala"
SUP038,BB-2550,"Foodgrains, Oil & Masala"
SUP039,BB-25527,"Foodgrains, Oil & Masala"
SUP042,BB-25527,"Foodgrains, Oil & Masala"
SUP041,BB-25925,"Foodgrains, Oil & Masala"
SUP039,BB-25925,"Foodgrains, Oil & Masala"
SUP040,BB-25925,"Foodgrains, Oil & Masala"
SUP037,BB-26150,"Foodgrains, Oil & Masala"
SUP041,BB-26150,"Foodgrains, Oil & Masala"
SUP040,BB-26181,"Foodgrains, Oil & Masala"
SUP042,BB-26181,"Foodgrains, Oil & Masala"
SUP038,BB-2638,"Foodgrains, Oil & Masala"
SUP037,BB-2638,"Foodgrains, Oil & Masala"
SUP042,BB-26496,"Foodgrains, Oil & Masala"
SUP038,BB-26496,"Foodgrains, Oil & Masala"
SUP039,BB-26496,"Foodgrains, Oil & Masala"
SUP039,BB-26540,"Foodgrains, Oil & Masala"
SUP040,BB-26540,"Foodgrains, Oil & Masala"
SUP041,BB-26540,"Foodgrains, Oil & Masala"
SUP041,BB-26666,"Foodgrains, Oil & Masala"
SUP042,BB-26666,"Foodgrains, Oil & Masala"
SUP037,BB-26756,"Foodgrains, Oil & Masala"
SUP038,BB-26756,"Foodgrains, Oil & Masala"
SUP039,BB-26756,"Foodgrains, Oil & Masala"
SUP040,BB-26988,"Foodgrains, Oil & Masala"
SUP037,BB-26988,"Foodgrains, Oil & Masala"
SUP038,BB-2700,"Foodgrains, Oil & Masala"
SUP040,BB-2700,"Foodgrains, Oil & Masala"
SUP041,BB-2700,"Foodgrains, Oil & Masala"
SUP042,BB-27196,"Foodgrains, Oil & Masala"
SUP037,BB-27196,"Foodgrains, Oil & Masala"
SUP038,BB-27196,"Foodgrains, Oil & Masala"
SUP039,BB-27443,"Foodgrains, Oil & Masala"
SUP042,BB-27443,"Foodgrains, Oil & Masala"
SUP040,BB-27443,"Foodgrains, Oil & Masala"
SUP041,BB-27462,"Foodgrains, Oil & Masala"
SUP039,BB-27462,"Foodgrains, Oil & Masala"
SUP042,BB-27462,"Foodgrains, Oil & Masala"
SUP037,BB-27545,"Foodgrains, Oil & Masala"
SUP041,BB-27545,"Foodgrains, Oil & Masala"
SUP040,BB-27546,"Foodgrains, Oil & Masala"
SUP037,BB-27546,"Foodgrains, Oil & Masala"
SUP038,BB-3102,"Foodgrains, Oil & Masala"
SUP039,BB-3102,"Foodgrains, Oil & Masala"
SUP042,BB-3129,"Foodgrains, Oil & Masala"
SUP038,BB-3129,"Foodgrains, Oil & Masala"
SUP040,BB-3129,"Foodgrains, Oil & Masala"
SUP039,BB-3152,"Foodgrains, Oil & Masala"
SUP041,BB-3152,"Foodgrains, Oil & Masala"
SUP041,BB-3315,"Foodgrains, Oil & Masala"
SUP042,BB-3315,"Foodgrains, Oil & Masala"
SUP037,BB-3315,"Foodgrains, Oil & Masala"
SUP037,BB-3420,"Foodgrains, Oil & Masala"
SUP038,BB-3420,"Foodgrains, Oil & Masala"
SUP039,BB-3420,"Foodgrains, Oil & Masala"
SUP040,BB-3462,"Foodgrains, Oil & Masala"
SUP041,BB-3462,"Foodgrains, Oil & Masala"
SUP038,BB-3503,"Foodgrains, Oil & Masala"
SUP040,BB-3503,"Foodgrains, Oil & Masala"
SUP042,BB-3503,"Foodgrains, Oil & Masala"
SUP037,BB-3503,"Foodgrains, Oil & Masala"
SUP042,BB-3865,"Foodgrains, Oil & Masala"
SUP038,BB-3865,"Foodgrains, Oil & Masala"
SUP039,BB-3865,"Foodgrains, Oil & Masala"
SUP039,BB-3884,"Foodgrains, Oil & Masala"
SUP040,BB-3884,"Foodgrains, Oil & Masala"
SUP041,BB-3884,"Foodgrains, Oil & Masala"
SUP041,BB-3909,"Foodgrains, Oil & Masala"
SUP042,BB-3909,"Foodgrains, Oil & Masala"
SUP037,BB-3909,"Foodgrains, Oil & Masala"
SUP037,BB-4119,"Foodgrains, Oil & Masala"
SUP038,BB-4119,"Foodgrains, Oil & Masala"
SUP040,BB-4130,"Foodgrains, Oil & Masala"
SUP039,BB-4130,"Foodgrains, Oil & Masala"
SUP041,BB-4130,"Foodgrains, Oil & Masala"
SUP042,BB-4130,"Foodgrains, Oil & Masala"
SUP038,BB-4284,"Foodgrains, Oil & Masala"
SUP040,BB-4284,"Foodgrains, Oil & Masala"
SUP042,BB-4337,"Foodgrains, Oil & Masala"
SUP037,BB-4337,"Foodgrains, Oil & Masala"
SUP039,BB-4375,"Foodgrains, Oil & Masala"
SUP038,BB-4375,"Foodgrains, Oil & Masala"
SUP041,BB-4536,"Foodgrains, Oil & Masala"
SUP039,BB-4536,"Foodgrains, Oil & Masala"
SUP040,BB-4536,"Foodgrains, Oil & Masala"
SUP037,BB-4555,"Foodgrains, Oil & Masala"
SUP041,BB-4555,"Foodgrains, Oil & Masala"
SUP040,BB-4602,"Foodgrains, Oil & Masala"
SUP042,BB-4602,"Foodgrains, Oil & Masala"
SUP038,BB-4707,"Foodgrains, Oil & Masala"
SUP037,BB-4707,"Foodgrains, Oil & Masala"
SUP042,BB-4760,"Foodgrains, Oil & Masala"
SUP038,BB-4760,"Foodgrains, Oil & Masala"
SUP039,BB-4760,"Foodgrains, Oil & Masala"
SUP039,BB-4868,"Foodgrains, Oil & Masala"
SUP040,BB-4868,"Foodgrains, Oil & Masala"
SUP041,BB-5154,"Foodgrains, Oil & Masala"
SUP042,BB-5154,"Foodgrains, Oil & Masala"
SUP037,BB-5154,"Foodgrains, Oil & Masala"
SUP037,BB-5160,"Foodgrains, Oil & Masala"
SUP041,BB-5160,"Foodgrains, Oil & Masala"
SUP038,BB-5160,"Foodgrains, Oil & Masala"
SUP040,BB-5292,"Foodgrains, Oil & Masala"
SUP039,BB-5292,"Foodgrains, Oil & Masala"
SUP038,BB-5331,"Foodgrains, Oil & Masala"
SUP040,BB-5331,"Foodgrains, Oil & Masala"
SUP042,BB-5343,"Foodgrains, Oil & Masala"
SUP041,BB-5343,"Foodgrains, Oil & Masala"
SUP039,BB-5463,"Foodgrains, Oil & Masala"
SUP042,BB-5463,"Foodgrains, Oil & Masala"
SUP037,BB-5463,"Foodgrains, Oil & Masala"
SUP041,BB-5473,"Foodgrains, Oil & Masala"
SUP038,BB-5473,"Foodgrains, Oil & Masala"
SUP039,BB-5473,"Foodgrains, Oil & Masala"
SUP037,BB-550,"Foodgrains, Oil & Masala"
SUP040,BB-550,"Foodgrains, Oil & Masala"
SUP041,BB-550,"Foodgrains, Oil & Masala"
SUP040,BB-5545,"Foodgrains, Oil & Masala"
SUP042,BB-5545,"Foodgrains, Oil & Masala"
SUP037,BB-5545,"Foodgrains, Oil & Masala"
SUP038,BB-5545,"Foodgrains, Oil & Masala"
SUP038,BB-5566,"Foodgrains, Oil & Masala"
SUP039,BB-5566,"Foodgrains, Oil & Masala"
SUP042,BB-5658,"Foodgrains, Oil & Masala"
SUP040,BB-5658,"Foodgrains, Oil & Masala"
SUP039,BB-5737,"Foodgrains, Oil & Masala"
SUP041,BB-5737,"Foodgrains, Oil & Masala"
SUP041,BB-5900,"Foodgrains, Oil & Masala"
SUP042,BB-5900,"Foodgrains, Oil & Masala"
SUP037,BB-5900,"Foodgrains, Oil & Masala"
SUP037,BB-5976,"Foodgrains, Oil & Masala"
SUP038,BB-5976,"Foodgrains, Oil & Masala"
SUP039,BB-5976,"Foodgrains, Oil & Masala"
SUP040,BB-5976,"Foodgrains, Oil & Masala"
SUP040,BB-6000,"Foodgrains, Oil & Masala"
SUP041,BB-6000,"Foodgrains, Oil & Masala"
SUP038,BB-6018,"Foodgrains, Oil & Masala"
SUP042,BB-6018,"Foodgrains, Oil & Masala"
SUP042,BB-6085,"Foodgrains, Oil & Masala"
SUP037,BB-6085,"Foodgrains, Oil & Masala"
SUP038,BB-6085,"Foodgrains, Oil & Masala"
SUP039,BB-611,"Foodgrains, Oil & Masala"
SUP040,BB-611,"Foodgrains, Oil & Masala"
SUP041,BB-611,"Foodgrains, Oil & Masala"
SUP042,BB-611,"Foodgrains, Oil & Masala"
SUP041,BB-6136,"Foodgrains, Oil & Masala"
SUP039,BB-6136,"Foodgrains, Oil & Masala"
SUP037,BB-6179,"Foodgrains, Oil & Masala"
SUP038,BB-6179,"Foodgrains, Oil & Masala"
SUP040,BB-6478,"Foodgrains, Oil & Masala"
SUP037,BB-6478,"Foodgrains, Oil & Masala"
SUP038,BB-6522,"Foodgrains, Oil & Masala"
SUP039,BB-6522,"Foodgrains, Oil & Masala"
SUP040,BB-6522,"Foodgrains, Oil & Masala"
SUP042,BB-6623,"Foodgrains, Oil & Masala"
SUP041,BB-6623,"Foodgrains, Oil & Masala"
SUP039,BB-7195,"Foodgrains, Oil & Masala"
SUP042,BB-7195,"Foodgrains, Oil & Masala"
SUP041,BB-7373,"Foodgrains, Oil & Masala"
SUP037,BB-7373,"Foodgrains, Oil & Masala"
SUP038,BB-7373,"Foodgrains, Oil & Masala"
SUP037,BB-7648,"Foodgrains, Oil & Masala"
SUP039,BB-7648,"Foodgrains, Oil & Masala"
SUP040,BB-7836,"Foodgrains, Oil & Masala"
SUP041,BB-7836,"Foodgrains, Oil & Masala"
SUP042,BB-7836,"Foodgrains, Oil & Masala"
SUP037,BB-7836,"Foodgrains, Oil & Masala"
SUP038,BB-7942,"Foodgrains, Oil & Masala"
SUP040,BB-7942,"Foodgrains, Oil & Masala"
SUP042,BB-8205,"Foodgrains, Oil & Masala"
SUP038,BB-8205,"Foodgrains, Oil & Masala"
SUP039,BB-8205,"Foodgrains, Oil & Masala"
SUP039,BB-8395,"Foodgrains, Oil & Masala"
SUP040,BB-8395,"Foodgrains, Oil & Masala"
SUP041,BB-8709,"Foodgrains, Oil & Masala"
SUP042,BB-8709,"Foodgrains, Oil & Masala"
SUP037,BB-8709,"Foodgrains, Oil & Masala"
SUP037,BB-8871,"Foodgrains, Oil & Masala"
SUP041,BB-8871,"Foodgrains, Oil & Masala"
SUP040,BB-8897,"Foodgrains, Oil & Masala"
SUP038,BB-8897,"Foodgrains, Oil & Masala"
SUP038,BB-8998,"Foodgrains, Oil & Masala"
SUP039,BB-8998,"Foodgrains, Oil & Masala"
SUP042,BB-9079,"Foodgrains, Oil & Masala"
SUP040,BB-9079,"Foodgrains, Oil & Masala"
SUP041,BB-9079,"Foodgrains, Oil & Masala"
SUP037,BB-9079,"Foodgrains, Oil & Masala"
SUP039,BB-9124,"Foodgrains, Oil & Masala"
SUP042,BB-9124,"Foodgrains, Oil & Masala"
SUP041,BB-9264,"Foodgrains, Oil & Masala"
SUP038,BB-9264,"Foodgrains, Oil & Masala"
SUP037,BB-9274,"Foodgrains, Oil & Masala"
SUP039,BB-9274,"Foodgrains, Oil & Masala"
SUP040,BB-9274,"Foodgrains, Oil & Masala"
SUP040,BB-9336,"Foodgrains, Oil & Masala"
SUP041,BB-9336,"Foodgrains, Oil & Masala"
SUP038,BB-9443,"Foodgrains, Oil & Masala"
SUP042,BB-9443,"Foodgrains, Oil & Masala"
SUP037,BB-9443,"Foodgrains, Oil & Masala"
SUP042,BB-9494,"Foodgrains, Oil & Masala"
SUP038,BB-9494,"Foodgrains, Oil & Masala"
SUP039,BB-9540,"Foodgrains, Oil & Masala"
SUP040,BB-9540,"Foodgrains, Oil & Masala"
SUP041,BB-9646,"Foodgrains, Oil & Masala"
SUP039,BB-9646,"Foodgrains, Oil & Masala"
SUP037,BB-9740,"Foodgrains, Oil & Masala"
SUP041,BB-9740,"Foodgrains, Oil & Masala"
SUP040,BB-9985,"Foodgrains, Oil & Masala"
SUP042,BB-9985,"Foodgrains, Oil & Masala"
SUP037,BB-9985,"Foodgrains, Oil & Masala"
SUP038,BB-9985,"Foodgrains, Oil & Masala"
SUP056,BB-1032,Fruits & Vegetables
SUP054,BB-1032,Fruits & Vegetables
SUP055,BB-10657,Fruits & Vegetables
SUP056,BB-10657,Fruits & Vegetables
SUP054,BB-10843,Fruits & Vegetables
SUP055,BB-10843,Fruits & Vegetables
SUP056,BB-10843,Fruits & Vegetables
SUP056,BB-10876,Fruits & Vegetables
SUP054,BB-10876,Fruits & Vegetables
SUP055,BB-10905,Fruits & Vegetables
SUP054,BB-10905,Fruits & Vegetables
SUP056,BB-10905,Fruits & Vegetables
SUP054,BB-12664,Fruits & Vegetables
SUP055,BB-12664,Fruits & Vegetables
SUP056,BB-1314,Fruits & Vegetables
SUP055,BB-1314,Fruits & Vegetables
SUP054,BB-1314,Fruits & Vegetables
SUP055,BB-13444,Fruits & Vegetables
SUP056,BB-13444,Fruits & Vegetables
SUP054,BB-13843,Fruits & Vegetables
SUP055,BB-13843,Fruits & Vegetables
SUP056,BB-14026,Fruits & Vegetables
SUP054,BB-14026,Fruits & Vegetables
SUP055,BB-14026,Fruits & Vegetables
SUP055,BB-14155,Fruits & Vegetables
SUP056,BB-14155,Fruits & Vegetables
SUP054,BB-14715,Fruits & Vegetables
SUP055,BB-14715,Fruits & Vegetables
SUP056,BB-14715,Fruits & Vegetables
SUP056,BB-14884,Fruits & Vegetables
SUP054,BB-14884,Fruits & Vegetables
SUP055,BB-16470,Fruits & Vegetables
SUP054,BB-16470,Fruits & Vegetables
SUP056,BB-16470,Fruits & Vegetables
SUP054,BB-16765,Fruits & Vegetables
SUP055,BB-16765,Fruits & Vegetables
SUP056,BB-16765,Fruits & Vegetables
SUP056,BB-17837,Fruits & Vegetables
SUP054,BB-17837,Fruits & Vegetables
SUP055,BB-18589,Fruits & Vegetables
SUP054,BB-18589,Fruits & Vegetables
SUP056,BB-18589,Fruits & Vegetables
SUP054,BB-1872,Fruits & Vegetables
SUP055,BB-1872,Fruits & Vegetables
SUP056,BB-18730,Fruits & Vegetables
SUP055,BB-18730,Fruits & Vegetables
SUP054,BB-18730,Fruits & Vegetables
SUP055,BB-18929,Fruits & Vegetables
SUP056,BB-18929,Fruits & Vegetables
SUP054,BB-18929,Fruits & Vegetables
SUP054,BB-19221,Fruits & Vegetables
SUP055,BB-19221,Fruits & Vegetables
SUP056,BB-19221,Fruits & Vegetables
SUP056,BB-20399,Fruits & Vegetables
SUP055,BB-20399,Fruits & Vegetables
SUP055,BB-2046,Fruits & Vegetables
SUP054,BB-2046,Fruits & Vegetables
SUP056,BB-2046,Fruits & Vegetables
SUP054,BB-20623,Fruits & Vegetables
SUP055,BB-20623,Fruits & Vegetables
SUP056,BB-20623,Fruits & Vegetables
SUP056,BB-21048,Fruits & Vegetables
SUP054,BB-21048,Fruits & Vegetables
SUP055,BB-22191,Fruits & Vegetables
SUP054,BB-22191,Fruits & Vegetables
SUP054,BB-22461,Fruits & Vegetables
SUP055,BB-22461,Fruits & Vegetables
SUP056,BB-22461,Fruits & Vegetables
SUP056,BB-22844,Fruits & Vegetables
SUP055,BB-22844,Fruits & Vegetables
SUP055,BB-23375,Fruits & Vegetables
SUP054,BB-23375,Fruits & Vegetables
SUP054,BB-23665,Fruits & Vegetables
SUP055,BB-23665,Fruits & Vegetables
SUP056,BB-23665,Fruits & Vegetables
SUP056,BB-2382,Fruits & Vegetables
SUP054,BB-2382,Fruits & Vegetables
SUP055,BB-2382,Fruits & Vegetables
SUP055,BB-23891,Fruits & Vegetables
SUP056,BB-23891,Fruits & Vegetables
SUP054,BB-23891,Fruits & Vegetables
SUP054,BB-24993,Fruits & Vegetables
SUP055,BB-24993,Fruits & Vegetables
SUP056,BB-24993,Fruits & Vegetables
SUP056,BB-25067,Fruits & Vegetables
SUP054,BB-25067,Fruits & Vegetables
SUP055,BB-25571,Fruits & Vegetables
SUP056,BB-25571,Fruits & Vegetables
SUP054,BB-25571,Fruits & Vegetables
SUP054,BB-26363,Fruits & Vegetables
SUP055,BB-26363,Fruits & Vegetables
SUP056,BB-26363,Fruits & Vegetables
SUP056,BB-3183,Fruits & Vegetables
SUP055,BB-3183,Fruits & Vegetables
SUP054,BB-3183,Fruits & Vegetables
SUP055,BB-4023,Fruits & Vegetables
SUP056,BB-4023,Fruits & Vegetables
SUP054,BB-4262,Fruits & Vegetables
SUP055,BB-4262,Fruits & Vegetables
SUP056,BB-4262,Fruits & Vegetables
SUP056,BB-4276,Fruits & Vegetables
SUP054,BB-4276,Fruits & Vegetables
SUP055,BB-429,Fruits & Vegetables
SUP054,BB-429,Fruits & Vegetables
SUP054,BB-4443,Fruits & Vegetables
SUP055,BB-4443,Fruits & Vegetables
SUP056,BB-4443,Fruits & Vegetables
SUP056,BB-4645,Fruits & Vegetables
SUP055,BB-4645,Fruits & Vegetables
SUP055,BB-6573,Fruits & Vegetables
SUP054,BB-6573,Fruits & Vegetables
SUP054,BB-6666,Fruits & Vegetables
SUP055,BB-6666,Fruits & Vegetables
SUP056,BB-6666,Fruits & Vegetables
SUP056,BB-6714,Fruits & Vegetables
SUP054,BB-6714,Fruits & Vegetables
SUP055,BB-7008,Fruits & Vegetables
SUP056,BB-7008,Fruits & Vegetables
SUP054,BB-7494,Fruits & Vegetables
SUP055,BB-7494,Fruits & Vegetables
SUP056,BB-7702,Fruits & Vegetables
SUP054,BB-7702,Fruits & Vegetables
SUP055,BB-7702,Fruits & Vegetables
SUP055,BB-8469,Fruits & Vegetables
SUP056,BB-8469,Fruits & Vegetables
SUP054,BB-9725,Fruits & Vegetables
SUP055,BB-9725,Fruits & Vegetables
SUP056,BB-9725,Fruits & Vegetables
SUP013,BB-10060,Gourmet & World Food
SUP011,BB-10060,Gourmet & World Food
SUP012,BB-10060,Gourmet & World Food
SUP015,BB-10060,Gourmet & World Food
SUP014,BB-10073,Gourmet & World Food
SUP016,BB-10073,Gourmet & World Food
SUP015,BB-10102,Gourmet & World Food
SUP017,BB-10102,Gourmet & World Food
SUP016,BB-10118,Gourmet & World Food
SUP018,BB-10118,Gourmet & World Food
SUP011,BB-10118,Gourmet & World Food
SUP017,BB-10173,Gourmet & World Food
SUP012,BB-10173,Gourmet & World Food
SUP013,BB-10173,Gourmet & World Food
SUP011,BB-10199,Gourmet & World Food
SUP014,BB-10199,Gourmet & World Food
SUP012,BB-10282,Gourmet & World Food
SUP015,BB-10282,Gourmet & World Food
SUP018,BB-10374,Gourmet & World Food
SUP016,BB-10374,Gourmet & World Food
SUP013,BB-10443,Gourmet & World Food
SUP017,BB-10443,Gourmet & World Food
SUP018,BB-10443,Gourmet & World Food
SUP014,BB-10455,Gourmet & World Food
SUP011,BB-10455,Gourmet & World Food
SUP012,BB-10455,Gourmet & World Food
SUP013,BB-10455,Gourmet & World Food
SUP015,BB-10486,Gourmet & World Food
SUP014,BB-10486,Gourmet & World Food
SUP016,BB-10486,Gourmet & World Food
SUP017,BB-10486,Gourmet & World Food
SUP016,BB-10492,Gourmet & World Food
SUP015,BB-10492,Gourmet & World Food
SUP018,BB-10492,Gourmet & World Food
SUP017,BB-10522,Gourmet & World Food
SUP011,BB-10522,Gourmet & World Food
SUP012,BB-10522,Gourmet & World Food
SUP013,BB-10522,Gourmet & World Food
SUP011,BB-10601,Gourmet & World Food
SUP014,BB-10601,Gourmet & World Food
SUP015,BB-10601,Gourmet & World Food
SUP012,BB-10713,Gourmet & World Food
SUP016,BB-10713,Gourmet & World Food
SUP017,BB-10713,Gourmet & World Food
SUP018,BB-10796,Gourmet & World Food
SUP011,BB-10796,Gourmet & World Food
SUP012,BB-10796,Gourmet & World Food
SUP013,BB-10823,Gourmet & World Food
SUP018,BB-10823,Gourmet & World Food
SUP014,BB-10894,Gourmet & World Food
SUP013,BB-10894,Gourmet & World Food
SUP015,BB-10923,Gourmet & World Food
SUP014,BB-10923,Gourmet & World Food
SUP016,BB-10944,Gourmet & World Food
SUP015,BB-10944,Gourmet & World Food
SUP017,BB-10944,Gourmet & World Food
SUP017,BB-10997,Gourmet & World Food
SUP016,BB-10997,Gourmet & World Food
SUP011,BB-11003,Gourmet & World Food
SUP018,BB-11003,Gourmet & World Food
SUP012,BB-11003,Gourmet & World Food
SUP012,BB-11020,Gourmet & World Food
SUP011,BB-11020,Gourmet & World Food
SUP018,BB-11054,Gourmet & World Food
SUP013,BB-11054,Gourmet & World Food
SUP014,BB-11054,Gourmet & World Food
SUP013,BB-11090,Gourmet & World Food
SUP015,BB-11090,Gourmet & World Food
SUP016,BB-11090,Gourmet & World Food
SUP014,BB-1115,Gourmet & World Food
SUP017,BB-1115,Gourmet & World Food
SUP018,BB-1115,Gourmet & World Food
SUP015,BB-11181,Gourmet & World Food
SUP011,BB-11181,Gourmet & World Food
SUP016,BB-11292,Gourmet & World Food
SUP012,BB-11292,Gourmet & World Food
SUP017,BB-11329,Gourmet & World Food
SUP013,BB-11329,Gourmet & World Food
SUP014,BB-11329,Gourmet & World Food
SUP015,BB-11329,Gourmet & World Food
SUP011,BB-11604,Gourmet & World Food
SUP016,BB-11604,Gourmet & World Food
SUP017,BB-11604,Gourmet & World Food
SUP012,BB-11732,Gourmet & World Food
SUP018,BB-11732,Gourmet & World Food
SUP011,BB-11732,Gourmet & World Food
SUP018,BB-11751,Gourmet & World Food
SUP012,BB-11751,Gourmet & World Food
SUP013,BB-11751,Gourmet & World Food
SUP013,BB-11791,Gourmet & World Food
SUP014,BB-11791,Gourmet & World Food
SUP015,BB-11791,Gourmet & World Food
SUP014,BB-11923,Gourmet & World Food
SUP016,BB-11923,Gourmet & World Food
SUP015,BB-12019,Gourmet & World Food
SUP017,BB-12019,Gourmet & World Food
SUP018,BB-12019,Gourmet & World Food
SUP011,BB-12019,Gourmet & World Food
SUP016,BB-123,Gourmet & World Food
SUP012,BB-123,Gourmet & World Food
SUP013,BB-123,Gourmet & World Food
SUP017,BB-12411,Gourmet & World Food
SUP014,BB-12411,Gourmet & World Food
SUP011,BB-12412,Gourmet & World Food
SUP015,BB-12412,Gourmet & World Food
SUP016,BB-12412,Gourmet & World Food
SUP012,BB-1247,Gourmet & World Food
SUP017,BB-1247,Gourmet & World Food
SUP018,BB-12516,Gourmet & World Food
SUP011,BB-12516,Gourmet & World Food
SUP012,BB-12516,Gourmet & World Food
SUP013,BB-12516,Gourmet & World Food
SUP013,BB-12709,Gourmet & World Food
SUP018,BB-12709,Gourmet & World Food
SUP014,BB-12709,Gourmet & World Food
SUP014,BB-12772,Gourmet & World Food
SUP015,BB-12772,Gourmet & World Food
SUP016,BB-12772,Gourmet & World Food
SUP015,BB-12836,Gourmet & World Food
SUP017,BB-12836,Gourmet & World Food
SUP016,BB-12859,Gourmet & World Food
SUP018,BB-12859,Gourmet & World Food
SUP011,BB-12859,Gourmet & World Food
SUP012,BB-12859,Gourmet & World Food
SUP017,BB-12893,Gourmet & World Food
SUP013,BB-12893,Gourmet & World Food
SUP011,BB-12915,Gourmet & World Food
SUP014,BB-12915,Gourmet & World Food
SUP015,BB-12915,Gourmet & World Food
SUP016,BB-12915,Gourmet & World Food
SUP012,BB-12997,Gourmet & World Food
SUP017,BB-12997,Gourmet & World Food
SUP018,BB-13049,Gourmet & World Food
SUP011,BB-13049,Gourmet & World Food
SUP013,BB-13102,Gourmet & World Food
SUP018,BB-13102,Gourmet & World Food
SUP014,BB-13121,Gourmet & World Food
SUP012,BB-13121,Gourmet & World Food
SUP015,BB-13134,Gourmet & World Food
SUP013,BB-13134,Gourmet & World Food
SUP016,BB-13149,Gourmet & World Food
SUP014,BB-13149,Gourmet & World Food
SUP015,BB-13149,Gourmet & World Food
SUP017,BB-13177,Gourmet & World Food
SUP016,BB-13177,Gourmet & World Food
SUP011,BB-13309,Gourmet & World Food
SUP017,BB-13309,Gourmet & World Food
SUP018,BB-13309,Gourmet & World Food
SUP012,BB-13309,Gourmet & World Food
SUP012,BB-13334,Gourmet & World Food
SUP011,BB-13334,Gourmet & World Food
SUP013,BB-13334,Gourmet & World Food
SUP014,BB-13334,Gourmet & World Food
SUP018,BB-13388,Gourmet & World Food
SUP015,BB-13388,Gourmet & World Food
SUP016,BB-13388,Gourmet & World Food
SUP013,BB-13421,Gourmet & World Food
SUP017,BB-13421,Gourmet & World Food
SUP014,BB-13489,Gourmet & World Food
SUP018,BB-13489,Gourmet & World Food
SUP011,BB-13489,Gourmet & World Food
SUP015,BB-13546,Gourmet & World Food
SUP012,BB-13546,Gourmet & World Food
SUP013,BB-13546,Gourmet & World Food
SUP016,BB-13568,Gourmet & World Food
SUP014,BB-13568,Gourmet & World Food
SUP017,BB-13591,Gourmet & World Food
SUP015,BB-13591,Gourmet & World Food
SUP011,BB-13629,Gourmet & World Food
SUP016,BB-13629,Gourmet & World Food
SUP017,BB-13629,Gourmet & World Food
SUP012,BB-13692,Gourmet & World Food
SUP018,BB-13692,Gourmet & World Food
SUP011,BB-13692,Gourmet & World Food
SUP018,BB-13822,Gourmet & World Food
SUP012,BB-13822,Gourmet & World Food
SUP013,BB-1393,Gourmet & World Food
SUP014,BB-1393,Gourmet & World Food
SUP015,BB-1393,Gourmet & World Food
SUP016,BB-1393,Gourmet & World Food
SUP014,BB-13934,Gourmet & World Food
SUP013,BB-13934,Gourmet & World Food
SUP015,BB-14065,Gourmet & World Food
SUP017,BB-14065,Gourmet & World Food
SUP018,BB-14065,Gourmet & World Food
SUP016,BB-14264,Gourmet & World Food
SUP011,BB-14264,Gourmet & World Food
SUP012,BB-14264,Gourmet & World Food
SUP017,BB-14317,Gourmet & World Food
SUP013,BB-14317,Gourmet & World Food
SUP014,BB-14317,Gourmet & World Food
SUP011,BB-14347,Gourmet & World Food
SUP015,BB-14347,Gourmet & World Food
SUP016,BB-14347,Gourmet & World Food
SUP012,BB-14486,Gourmet & World Food
SUP017,BB-14486,Gourmet & World Food
SUP018,BB-14486,Gourmet & World Food
SUP018,BB-14577,Gourmet & World Food
SUP011,BB-14577,Gourmet & World Food
SUP012,BB-14577,Gourmet & World Food
SUP013,BB-14694,Gourmet & World Food
SUP014,BB-14694,Gourmet & World Food
SUP014,BB-147,Gourmet & World Food
SUP013,BB-147,Gourmet & World Food
SUP015,BB-14726,Gourmet & World Food
SUP016,BB-14726,Gourmet & World Food
SUP017,BB-14726,Gourmet & World Food
SUP016,BB-14782,Gourmet & World Food
SUP015,BB-14782,Gourmet & World Food
SUP018,BB-14782,Gourmet & World Food
SUP017,BB-14791,Gourmet & World Food
SUP011,BB-14791,Gourmet & World Food
SUP012,BB-14791,Gourmet & World Food
SUP011,BB-14853,Gourmet & World Food
SUP013,BB-14853,Gourmet & World Food
SUP014,BB-14853,Gourmet & World Food
SUP012,BB-14878,Gourmet & World Food
SUP015,BB-14878,Gourmet & World Food
SUP018,BB-14909,Gourmet & World Food
SUP016,BB-14909,Gourmet & World Food
SUP017,BB-14909,Gourmet & World Food
SUP013,BB-14958,Gourmet & World Food
SUP018,BB-14958,Gourmet & World Food
SUP014,BB-14984,Gourmet & World Food
SUP011,BB-14984,Gourmet & World Food
SUP012,BB-14984,Gourmet & World Food
SUP015,BB-15010,Gourmet & World Food
SUP013,BB-15010,Gourmet & World Food
SUP016,BB-15027,Gourmet & World Food
SUP014,BB-15027,Gourmet & World Food
SUP015,BB-15027,Gourmet & World Food
SUP017,BB-15027,Gourmet & World Food
SUP017,BB-15079,Gourmet & World Food
SUP016,BB-15079,Gourmet & World Food
SUP011,BB-15116,Gourmet & World Food
SUP018,BB-15116,Gourmet & World Food
SUP012,BB-15116,Gourmet & World Food
SUP012,BB-15285,Gourmet & World Food
SUP011,BB-15285,Gourmet & World Food
SUP013,BB-15285,Gourmet & World Food
SUP018,BB-15344,Gourmet & World Food
SUP014,BB-15344,Gourmet & World Food
SUP013,BB-15442,Gourmet & World Food
SUP015,BB-15442,Gourmet & World Food
SUP014,BB-15555,Gourmet & World Food
SUP016,BB-15555,Gourmet & World Food
SUP015,BB-15563,Gourmet & World Food
SUP017,BB-15563,Gourmet & World Food
SUP016,BB-15578,Gourmet & World Food
SUP018,BB-15578,Gourmet & World Food
SUP017,BB-15592,Gourmet & World Food
SUP011,BB-15592,Gourmet & World Food
SUP011,BB-156,Gourmet & World Food
SUP012,BB-156,Gourmet & World Food
SUP013,BB-156,Gourmet & World Food
SUP012,BB-15622,Gourmet & World Food
SUP014,BB-15622,Gourmet & World Food
SUP018,BB-1565,Gourmet & World Food
SUP015,BB-1565,Gourmet & World Food
SUP016,BB-1565,Gourmet & World Food
SUP013,BB-15661,Gourmet & World Food
SUP017,BB-15661,Gourmet & World Food
SUP018,BB-15661,Gourmet & World Food
SUP014,BB-15662,Gourmet & World Food
SUP011,BB-15662,Gourmet & World Food
SUP012,BB-15662,Gourmet & World Food
SUP013,BB-15662,Gourmet & World Food
SUP015,BB-15719,Gourmet & World Food
SUP014,BB-15719,Gourmet & World Food
SUP016,BB-15719,Gourmet & World Food
SUP017,BB-15719,Gourmet & World Food
SUP016,BB-1596,Gourmet & World Food
SUP015,BB-1596,Gourmet & World Food
SUP017,BB-15962,Gourmet & World Food
SUP018,BB-15962,Gourmet & World Food
SUP011,BB-15977,Gourmet & World Food
SUP012,BB-15977,Gourmet & World Food
SUP013,BB-15977,Gourmet & World Food
SUP012,BB-16067,Gourmet & World Food
SUP011,BB-16067,Gourmet & World Food
SUP018,BB-16368,Gourmet & World Food
SUP014,BB-16368,Gourmet & World Food
SUP013,BB-16459,Gourmet & World Food
SUP015,BB-16459,Gourmet & World Food
SUP014,BB-16514,Gourmet & World Food
SUP016,BB-16514,Gourmet & World Food
SUP015,BB-16531,Gourmet & World Food
SUP017,BB-16531,Gourmet & World Food
SUP016,BB-1655,Gourmet & World Food
SUP018,BB-1655,Gourmet & World Food
SUP017,BB-1656,Gourmet & World Food
SUP011,BB-1656,Gourmet & World Food
SUP011,BB-16563,Gourmet & World Food
SUP012,BB-16563,Gourmet & World Food
SUP013,BB-16563,Gourmet & World Food
SUP012,BB-16604,Gourmet & World Food
SUP014,BB-16604,Gourmet & World Food
SUP018,BB-16626,Gourmet & World Food
SUP015,BB-16626,Gourmet & World Food
SUP016,BB-16626,Gourmet & World Food
SUP017,BB-16626,Gourmet & World Food
SUP013,BB-16833,Gourmet & World Food
SUP018,BB-16833,Gourmet & World Food
SUP014,BB-16848,Gourmet & World Food
SUP011,BB-16848,Gourmet & World Food
SUP015,BB-16880,Gourmet & World Food
SUP012,BB-16880,Gourmet & World Food
SUP013,BB-16880,Gourmet & World Food
SUP016,BB-1698,Gourmet & World Food
SUP014,BB-1698,Gourmet & World Food
SUP017,BB-16993,Gourmet & World Food
SUP015,BB-16993,Gourmet & World Food
SUP016,BB-16993,Gourmet & World Food
SUP011,BB-1705,Gourmet & World Food
SUP017,BB-1705,Gourmet & World Food
SUP012,BB-17077,Gourmet & World Food
SUP018,BB-17077,Gourmet & World Food
SUP011,BB-17077,Gourmet & World Food
SUP018,BB-17227,Gourmet & World Food
SUP012,BB-17227,Gourmet & World Food
SUP013,BB-1724,Gourmet & World Food
SUP014,BB-1724,Gourmet & World Food
SUP014,BB-17288,Gourmet & World Food
SUP013,BB-17288,Gourmet & World Food
SUP015,BB-17290,Gourmet & World Food
SUP016,BB-17290,Gourmet & World Food
SUP017,BB-17290,Gourmet & World Food
SUP018,BB-17290,Gourmet & World Food
SUP016,BB-1736,Gourmet & World Food
SUP015,BB-1736,Gourmet & World Food
SUP011,BB-1736,Gourmet & World Food
SUP017,BB-17447,Gourmet & World Food
SUP012,BB-17447,Gourmet & World Food
SUP013,BB-17447,Gourmet & World Food
SUP014,BB-17447,Gourmet & World Food
SUP011,BB-1752,Gourmet & World Food
SUP015,BB-1752,Gourmet & World Food
SUP012,BB-17522,Gourmet & World Food
SUP016,BB-17522,Gourmet & World Food
SUP018,BB-1758,Gourmet & World Food
SUP017,BB-1758,Gourmet & World Food
SUP013,BB-17603,Gourmet & World Food
SUP018,BB-17603,Gourmet & World Food
SUP014,BB-17622,Gourmet & World Food
SUP011,BB-17622,Gourmet & World Food
SUP012,BB-17622,Gourmet & World Food
SUP013,BB-17622,Gourmet & World Food
SUP015,BB-17635,Gourmet & World Food
SUP014,BB-17635,Gourmet & World Food
SUP016,BB-17635,Gourmet & World Food
SUP016,BB-1776,Gourmet & World Food
SUP015,BB-1776,Gourmet & World Food
SUP017,BB-17885,Gourmet & World Food
SUP018,BB-17885,Gourmet & World Food
SUP011,BB-17885,Gourmet & World Food
SUP011,BB-1801,Gourmet & World Food
SUP017,BB-1801,Gourmet & World Food
SUP012,BB-1801,Gourmet & World Food
SUP012,BB-18014,Gourmet & World Food
SUP013,BB-18014,Gourmet & World Food
SUP018,BB-18093,Gourmet & World Food
SUP014,BB-18093,Gourmet & World Food
SUP015,BB-18093,Gourmet & World Food
SUP016,BB-18093,Gourmet & World Food
SUP013,BB-18140,Gourmet & World Food
SUP017,BB-18140,Gourmet & World Food
SUP018,BB-18140,Gourmet & World Food
SUP014,BB-18250,Gourmet & World Food
SUP011,BB-18250,Gourmet & World Food
SUP012,BB-18250,Gourmet & World Food
SUP015,BB-18603,Gourmet & World Food
SUP013,BB-18603,Gourmet & World Food
SUP016,BB-18608,Gourmet & World Food
SUP014,BB-18608,Gourmet & World Food
SUP017,BB-18634,Gourmet & World Food
SUP015,BB-18634,Gourmet & World Food
SUP016,BB-18634,Gourmet & World Food
SUP011,BB-18709,Gourmet & World Food
SUP017,BB-18709,Gourmet & World Food
SUP012,BB-18777,Gourmet & World Food
SUP018,BB-18777,Gourmet & World Food
SUP011,BB-18777,Gourmet & World Food
SUP018,BB-18814,Gourmet & World Food
SUP012,BB-18814,Gourmet & World Food
SUP013,BB-18930,Gourmet & World Food
SUP014,BB-18930,Gourmet & World Food
SUP015,BB-18930,Gourmet & World Food
SUP014,BB-18948,Gourmet & World Food
SUP013,BB-18948,Gourmet & World Food
SUP016,BB-18948,Gourmet & World Food
SUP015,BB-18990,Gourmet & World Food
SUP017,BB-18990,Gourmet & World Food
SUP016,BB-19019,Gourmet & World Food
SUP018,BB-19019,Gourmet & World Food
SUP011,BB-19019,Gourmet & World Food
SUP012,BB-19019,Gourmet & World Food
SUP017,BB-19076,Gourmet & World Food
SUP013,BB-19076,Gourmet & World Food
SUP014,BB-19076,Gourmet & World Food
SUP011,BB-19159,Gourmet & World Food
SUP015,BB-19159,Gourmet & World Food
SUP012,BB-1927,Gourmet & World Food
SUP016,BB-1927,Gourmet & World Food
SUP017,BB-1927,Gourmet & World Food
SUP018,BB-1927,Gourmet & World Food
SUP018,BB-19280,Gourmet & World Food
SUP011,BB-19280,Gourmet & World Food
SUP013,BB-19314,Gourmet & World Food
SUP012,BB-19314,Gourmet & World Food
SUP014,BB-19314,Gourmet & World Food
SUP014,BB-1936,Gourmet & World Food
SUP013,BB-1936,Gourmet & World Food
SUP015,BB-1940,Gourmet & World Food
SUP016,BB-1940,Gourmet & World Food
SUP017,BB-1940,Gourmet & World Food
SUP018,BB-1940,Gourmet & World Food
SUP016,BB-19422,Gourmet & World Food
SUP015,BB-19422,Gourmet & World Food
SUP011,BB-19422,Gourmet & World Food
SUP017,BB-19495,Gourmet & World Food
SUP012,BB-19495,Gourmet & World Food
SUP011,BB-1957,Gourmet & World Food
SUP013,BB-1957,Gourmet & World Food
SUP014,BB-1957,Gourmet & World Food
SUP012,BB-19674,Gourmet & World Food
SUP015,BB-19674,Gourmet & World Food
SUP016,BB-19674,Gourmet & World Food
SUP018,BB-197,Gourmet & World Food
SUP017,BB-197,Gourmet & World Food
SUP013,BB-1980,Gourmet & World Food
SUP018,BB-1980,Gourmet & World Food
SUP014,BB-19826,Gourmet & World Food
SUP011,BB-19826,Gourmet & World Food
SUP015,BB-19900,Gourmet & World Food
SUP012,BB-19900,Gourmet & World Food
SUP016,BB-19917,Gourmet & World Food
SUP013,BB-19917,Gourmet & World Food
SUP017,BB-19939,Gourmet & World Food
SUP014,BB-19939,Gourmet & World Food
SUP015,BB-19939,Gourmet & World Food
SUP011,BB-200,Gourmet & World Food
SUP016,BB-200,Gourmet & World Food
SUP017,BB-200,Gourmet & World Food
SUP012,BB-20202,Gourmet & World Food
SUP018,BB-20202,Gourmet & World Food
SUP018,BB-20275,Gourmet & World Food
SUP011,BB-20275,Gourmet & World Food
SUP012,BB-20275,Gourmet & World Food
SUP013,BB-20283,Gourmet & World Food
SUP014,BB-20283,Gourmet & World Food
SUP014,BB-2033,Gourmet & World Food
SUP013,BB-2033,Gourmet & World Food
SUP015,BB-2033,Gourmet & World Food
SUP016,BB-2033,Gourmet & World Food
SUP015,BB-20783,Gourmet & World Food
SUP017,BB-20783,Gourmet & World Food
SUP018,BB-20783,Gourmet & World Food
SUP016,BB-20828,Gourmet & World Food
SUP011,BB-20828,Gourmet & World Food
SUP017,BB-20863,Gourmet & World Food
SUP012,BB-20863,Gourmet & World Food
SUP011,BB-20957,Gourmet & World Food
SUP013,BB-20957,Gourmet & World Food
SUP014,BB-20957,Gourmet & World Food
SUP012,BB-21246,Gourmet & World Food
SUP015,BB-21246,Gourmet & World Food
SUP016,BB-21246,Gourmet & World Food
SUP018,BB-21259,Gourmet & World Food
SUP017,BB-21259,Gourmet & World Food
SUP011,BB-21259,Gourmet & World Food
SUP013,BB-21281,Gourmet & World Food
SUP018,BB-21281,Gourmet & World Food
SUP014,BB-21286,Gourmet & World Food
SUP012,BB-21286,Gourmet & World Food
SUP013,BB-21286,Gourmet & World Food
SUP015,BB-2131,Gourmet & World Food
SUP014,BB-2131,Gourmet & World Food
SUP016,BB-21343,Gourmet & World Food
SUP015,BB-21343,Gourmet & World Food
SUP017,BB-21343,Gourmet & World Food
SUP017,BB-2135,Gourmet & World Food
SUP016,BB-2135,Gourmet & World Food
SUP018,BB-2135,Gourmet & World Food
SUP011,BB-2135,Gourmet & World Food
SUP011,BB-21406,Gourmet & World Food
SUP012,BB-21406,Gourmet & World Food
SUP013,BB-21406,Gourmet & World Food
SUP012,BB-21490,Gourmet & World Food
SUP014,BB-21490,Gourmet & World Food
SUP015,BB-21490,Gourmet & World Food
SUP018,BB-21594,Gourmet & World Food
SUP016,BB-21594,Gourmet & World Food
SUP017,BB-21594,Gourmet & World Food
SUP013,BB-21628,Gourmet & World Food
SUP018,BB-21628,Gourmet & World Food
SUP011,BB-21628,Gourmet & World Food
SUP014,BB-21803,Gourmet & World Food
SUP012,BB-21803,Gourmet & World Food
SUP015,BB-21839,Gourmet & World Food
SUP013,BB-21839,Gourmet & World Food
SUP016,BB-22001,Gourmet & World Food
SUP014,BB-22001,Gourmet & World Food
SUP015,BB-22001,Gourmet & World Food
SUP017,BB-22001,Gourmet & World Food
SUP017,BB-22048,Gourmet & World Food
SUP016,BB-22048,Gourmet & World Food
SUP018,BB-22048,Gourmet & World Food
SUP011,BB-22078,Gourmet & World Food
SUP012,BB-22078,Gourmet & World Food
SUP013,BB-22078,Gourmet & World Food
SUP012,BB-22111,Gourmet & World Food
SUP011,BB-22111,Gourmet & World Food
SUP014,BB-22111,Gourmet & World Food
SUP018,BB-22206,Gourmet & World Food
SUP015,BB-22206,Gourmet & World Food
SUP016,BB-22206,Gourmet & World Food
SUP013,BB-22272,Gourmet & World Food
SUP017,BB-22272,Gourmet & World Food
SUP018,BB-22272,Gourmet & World Food
SUP014,BB-22372,Gourmet & World Food
SUP011,BB-22372,Gourmet & World Food
SUP015,BB-22479,Gourmet & World Food
SUP012,BB-22479,Gourmet & World Food
SUP013,BB-22479,Gourmet & World Food
SUP016,BB-22581,Gourmet & World Food
SUP014,BB-22581,Gourmet & World Food
SUP015,BB-22581,Gourmet & World Food
SUP017,BB-226,Gourmet & World Food
SUP016,BB-226,Gourmet & World Food
SUP018,BB-226,Gourmet & World Food
SUP011,BB-2263,Gourmet & World Food
SUP017,BB-2263,Gourmet & World Food
SUP012,BB-22647,Gourmet & World Food
SUP011,BB-22647,Gourmet & World Food
SUP013,BB-22647,Gourmet & World Food
SUP018,BB-22771,Gourmet & World Food
SUP012,BB-22771,Gourmet & World Food
SUP013,BB-22772,Gourmet & World Food
SUP014,BB-22772,Gourmet & World Food
SUP015,BB-22772,Gourmet & World Food
SUP016,BB-22772,Gourmet & World Food
SUP014,BB-22784,Gourmet & World Food
SUP017,BB-22784,Gourmet & World Food
SUP015,BB-22800,Gourmet & World Food
SUP018,BB-22800,Gourmet & World Food
SUP016,BB-22840,Gourmet & World Food
SUP011,BB-22840,Gourmet & World Food
SUP017,BB-22867,Gourmet & World Food
SUP012,BB-22867,Gourmet & World Food
SUP011,BB-22925,Gourmet & World Food
SUP013,BB-22925,Gourmet & World Food
SUP014,BB-22925,Gourmet & World Food
SUP012,BB-22926,Gourmet & World Food
SUP015,BB-22926,Gourmet & World Food
SUP018,BB-23045,Gourmet & World Food
SUP016,BB-23045,Gourmet & World Food
SUP017,BB-23045,Gourmet & World Food
SUP013,BB-2309,Gourmet & World Food
SUP018,BB-2309,Gourmet & World Food
SUP011,BB-2309,Gourmet & World Food
SUP012,BB-2309,Gourmet & World Food
SUP014,BB-23142,Gourmet & World Food
SUP013,BB-23142,Gourmet & World Food
SUP015,BB-23142,Gourmet & World Food
SUP016,BB-23142,Gourmet & World Food
SUP015,BB-23145,Gourmet & World Food
SUP014,BB-23145,Gourmet & World Food
SUP017,BB-23145,Gourmet & World Food
SUP016,BB-23186,Gourmet & World Food
SUP018,BB-23186,Gourmet & World Food
SUP017,BB-23215,Gourmet & World Food
SUP011,BB-23215,Gourmet & World Food
SUP011,BB-23299,Gourmet & World Food
SUP012,BB-23299,Gourmet & World Food
SUP012,BB-23311,Gourmet & World Food
SUP013,BB-23311,Gourmet & World Food
SUP018,BB-2336,Gourmet & World Food
SUP014,BB-2336,Gourmet & World Food
SUP015,BB-2336,Gourmet & World Food
SUP013,BB-23370,Gourmet & World Food
SUP016,BB-23370,Gourmet & World Food
SUP017,BB-23370,Gourmet & World Food
SUP014,BB-23377,Gourmet & World Food
SUP018,BB-23377,Gourmet & World Food
SUP015,BB-23391,Gourmet & World Food
SUP011,BB-23391,Gourmet & World Food
SUP016,BB-23540,Gourmet & World Food
SUP012,BB-23540,Gourmet & World Food
SUP013,BB-23540,Gourmet & World Food
SUP014,BB-23540,Gourmet & World Food
SUP017,BB-23542,Gourmet & World Food
SUP015,BB-23542,Gourmet & World Food
SUP011,BB-23601,Gourmet & World Food
SUP016,BB-23601,Gourmet & World Food
SUP012,BB-23660,Gourmet & World Food
SUP017,BB-23660,Gourmet & World Food
SUP018,BB-23660,Gourmet & World Food
SUP018,BB-23674,Gourmet & World Food
SUP011,BB-23674,Gourmet & World Food
SUP012,BB-23674,Gourmet & World Food
SUP013,BB-23760,Gourmet & World Food
SUP014,BB-23760,Gourmet & World Food
SUP015,BB-23760,Gourmet & World Food
SUP014,BB-23852,Gourmet & World Food
SUP013,BB-23852,Gourmet & World Food
SUP016,BB-23852,Gourmet & World Food
SUP015,BB-23882,Gourmet & World Food
SUP017,BB-23882,Gourmet & World Food
SUP018,BB-23882,Gourmet & World Food
SUP016,BB-23907,Gourmet & World Food
SUP011,BB-23907,Gourmet & World Food
SUP017,BB-23932,Gourmet & World Food
SUP012,BB-23932,Gourmet & World Food
SUP011,BB-24118,Gourmet & World Food
SUP013,BB-24118,Gourmet & World Food
SUP014,BB-24118,Gourmet & World Food
SUP012,BB-24122,Gourmet & World Food
SUP015,BB-24122,Gourmet & World Food
SUP018,BB-24210,Gourmet & World Food
SUP016,BB-24210,Gourmet & World Food
SUP017,BB-24210,Gourmet & World Food
SUP011,BB-24210,Gourmet & World Food
SUP013,BB-24212,Gourmet & World Food
SUP018,BB-24212,Gourmet & World Food
SUP014,BB-24357,Gourmet & World Food
SUP012,BB-24357,Gourmet & World Food
SUP015,BB-24397,Gourmet & World Food
SUP013,BB-24397,Gourmet & World Food
SUP016,BB-24434,Gourmet & World Food
SUP014,BB-24434,Gourmet & World Food
SUP015,BB-24434,Gourmet & World Food
SUP017,BB-24438,Gourmet & World Food
SUP016,BB-24438,Gourmet & World Food
SUP011,BB-24647,Gourmet & World Food
SUP017,BB-24647,Gourmet & World Food
SUP012,BB-24771,Gourmet & World Food
SUP018,BB-24771,Gourmet & World Food
SUP011,BB-24771,Gourmet & World Food
SUP013,BB-24771,Gourmet & World Food
SUP018,BB-2479,Gourmet & World Food
SUP012,BB-2479,Gourmet & World Food
SUP014,BB-2479,Gourmet & World Food
SUP013,BB-24802,Gourmet & World Food
SUP015,BB-24802,Gourmet & World Food
SUP014,BB-24813,Gourmet & World Food
SUP016,BB-24813,Gourmet & World Food
SUP015,BB-24824,Gourmet & World Food
SUP017,BB-24824,Gourmet & World Food
SUP018,BB-24824,Gourmet & World Food
SUP016,BB-24840,Gourmet & World Food
SUP011,BB-24840,Gourmet & World Food
SUP017,BB-24941,Gourmet & World Food
SUP012,BB-24941,Gourmet & World Food
SUP013,BB-24941,Gourmet & World Food
SUP014,BB-24941,Gourmet & World Food
SUP011,BB-24957,Gourmet & World Food
SUP015,BB-24957,Gourmet & World Food
SUP016,BB-24957,Gourmet & World Food
SUP012,BB-24958,Gourmet & World Food
SUP017,BB-24958,Gourmet & World Food
SUP018,BB-24958,Gourmet & World Food
SUP011,BB-24958,Gourmet & World Food
SUP018,BB-25027,Gourmet & World Food
SUP012,BB-25027,Gourmet & World Food
SUP013,BB-25027,Gourmet & World Food
SUP013,BB-25079,Gourmet & World Food
SUP014,BB-25079,Gourmet & World Food
SUP014,BB-25096,Gourmet & World Food
SUP015,BB-25096,Gourmet & World Food
SUP015,BB-25250,Gourmet & World Food
SUP016,BB-25250,Gourmet & World Food
SUP017,BB-25250,Gourmet & World Food
SUP016,BB-25300,Gourmet & World Food
SUP018,BB-25300,Gourmet & World Food
SUP017,BB-2537,Gourmet & World Food
SUP011,BB-2537,Gourmet & World Food
SUP011,BB-25402,Gourmet & World Food
SUP012,BB-25402,Gourmet & World Food
SUP012,BB-25466,Gourmet & World Food
SUP013,BB-25466,Gourmet & World Food
SUP018,BB-25605,Gourmet & World Food
SUP014,BB-25605,Gourmet & World Food
SUP013,BB-25663,Gourmet & World Food
SUP015,BB-25663,Gourmet & World Food
SUP016,BB-25663,Gourmet & World Food
SUP014,BB-25675,Gourmet & World Food
SUP017,BB-25675,Gourmet & World Food
SUP018,BB-25675,Gourmet & World Food
SUP011,BB-25675,Gourmet & World Food
SUP015,BB-25703,Gourmet & World Food
SUP012,BB-25703,Gourmet & World Food
SUP013,BB-25703,Gourmet & World Food
SUP016,BB-25758,Gourmet & World Food
SUP014,BB-25758,Gourmet & World Food
SUP017,BB-25790,Gourmet & World Food
SUP015,BB-25790,Gourmet & World Food
SUP016,BB-25790,Gourmet & World Food
SUP011,BB-25793,Gourmet & World Food
SUP017,BB-25793,Gourmet & World Food
SUP018,BB-25793,Gourmet & World Food
SUP012,BB-25804,Gourmet & World Food
SUP011,BB-25804,Gourmet & World Food
SUP018,BB-25881,Gourmet & World Food
SUP012,BB-25881,Gourmet & World Food
SUP013,BB-25881,Gourmet & World Food
SUP013,BB-25928,Gourmet & World Food
SUP014,BB-25928,Gourmet & World Food
SUP015,BB-25928,Gourmet & World Food
SUP014,BB-25934,Gourmet & World Food
SUP016,BB-25934,Gourmet & World Food
SUP017,BB-25934,Gourmet & World Food
SUP015,BB-26072,Gourmet & World Food
SUP018,BB-26072,Gourmet & World Food
SUP016,BB-26193,Gourmet & World Food
SUP011,BB-26193,Gourmet & World Food
SUP017,BB-26242,Gourmet & World Food
SUP012,BB-26242,Gourmet & World Food
SUP013,BB-26242,Gourmet & World Food
SUP011,BB-26312,Gourmet & World Food
SUP014,BB-26312,Gourmet & World Food
SUP012,BB-2639,Gourmet & World Food
SUP015,BB-2639,Gourmet & World Food
SUP016,BB-2639,Gourmet & World Food
SUP018,BB-2648,Gourmet & World Food
SUP017,BB-2648,Gourmet & World Food
SUP013,BB-26513,Gourmet & World Food
SUP018,BB-26513,Gourmet & World Food
SUP011,BB-26513,Gourmet & World Food
SUP014,BB-26561,Gourmet & World Food
SUP012,BB-26561,Gourmet & World Food
SUP013,BB-26561,Gourmet & World Food
SUP015,BB-26561,Gourmet & World Food
SUP015,BB-26591,Gourmet & World Food
SUP014,BB-26591,Gourmet & World Food
SUP016,BB-26612,Gourmet & World Food
SUP017,BB-26612,Gourmet & World Food
SUP018,BB-26612,Gourmet & World Food
SUP011,BB-26612,Gourmet & World Food
SUP017,BB-26655,Gourmet & World Food
SUP016,BB-26655,Gourmet & World Food
SUP012,BB-26655,Gourmet & World Food
SUP013,BB-26655,Gourmet & World Food
SUP011,BB-26731,Gourmet & World Food
SUP014,BB-26731,Gourmet & World Food
SUP012,BB-26784,Gourmet & World Food
SUP015,BB-26784,Gourmet & World Food
SUP018,BB-26882,Gourmet & World Food
SUP016,BB-26882,Gourmet & World Food
SUP017,BB-26882,Gourmet & World Food
SUP011,BB-26882,Gourmet & World Food
SUP013,BB-26898,Gourmet & World Food
SUP018,BB-26898,Gourmet & World Food
SUP014,BB-27016,Gourmet & World Food
SUP012,BB-27016,Gourmet & World Food
SUP013,BB-27016,Gourmet & World Food
SUP015,BB-27028,Gourmet & World Food
SUP014,BB-27028,Gourmet & World Food
SUP016,BB-27028,Gourmet & World Food
SUP017,BB-27028,Gourmet & World Food
SUP016,BB-27052,Gourmet & World Food
SUP015,BB-27052,Gourmet & World Food
SUP017,BB-27115,Gourmet & World Food
SUP018,BB-27115,Gourmet & World Food
SUP011,BB-27115,Gourmet & World Food
SUP011,BB-27176,Gourmet & World Food
SUP012,BB-27176,Gourmet & World Food
SUP013,BB-27176,Gourmet & World Food
SUP012,BB-2720,Gourmet & World Food
SUP014,BB-2720,Gourmet & World Food
SUP015,BB-2720,Gourmet & World Food
SUP018,BB-27245,Gourmet & World Food
SUP016,BB-27245,Gourmet & World Food
SUP017,BB-27245,Gourmet & World Food
SUP011,BB-27245,Gourmet & World Food
SUP013,BB-2729,Gourmet & World Food
SUP018,BB-2729,Gourmet & World Food
SUP012,BB-2729,Gourmet & World Food
SUP014,BB-2729,Gourmet & World Food
SUP014,BB-27300,Gourmet & World Food
SUP013,BB-27300,Gourmet & World Food
SUP015,BB-27311,Gourmet & World Food
SUP016,BB-27311,Gourmet & World Food
SUP017,BB-27311,Gourmet & World Food
SUP018,BB-27311,Gourmet & World Food
SUP016,BB-27326,Gourmet & World Food
SUP015,BB-27326,Gourmet & World Food
SUP017,BB-27538,Gourmet & World Food
SUP011,BB-27538,Gourmet & World Food
SUP012,BB-27538,Gourmet & World Food
SUP013,BB-27538,Gourmet & World Food
SUP011,BB-2764,Gourmet & World Food
SUP014,BB-2764,Gourmet & World Food
SUP015,BB-2764,Gourmet & World Food
SUP016,BB-2764,Gourmet & World Food
SUP012,BB-2771,Gourmet & World Food
SUP017,BB-2771,Gourmet & World Food
SUP018,BB-2790,Gourmet & World Food
SUP011,BB-2790,Gourmet & World Food
SUP013,BB-2810,Gourmet & World Food
SUP018,BB-2810,Gourmet & World Food
SUP012,BB-2810,Gourmet & World Food
SUP014,BB-2810,Gourmet & World Food
SUP014,BB-2963,Gourmet & World Food
SUP013,BB-2963,Gourmet & World Food
SUP015,BB-2963,Gourmet & World Food
SUP016,BB-2963,Gourmet & World Food
SUP015,BB-3025,Gourmet & World Food
SUP017,BB-3025,Gourmet & World Food
SUP018,BB-3025,Gourmet & World Food
SUP011,BB-3025,Gourmet & World Food
SUP016,BB-3059,Gourmet & World Food
SUP012,BB-3059,Gourmet & World Food
SUP013,BB-3059,Gourmet & World Food
SUP014,BB-3059,Gourmet & World Food
SUP017,BB-3084,Gourmet & World Food
SUP015,BB-3084,Gourmet & World Food
SUP011,BB-3122,Gourmet & World Food
SUP016,BB-3122,Gourmet & World Food
SUP017,BB-3122,Gourmet & World Food
SUP012,BB-3282,Gourmet & World Food
SUP018,BB-3282,Gourmet & World Food
SUP018,BB-3325,Gourmet & World Food
SUP011,BB-3325,Gourmet & World Food
SUP012,BB-3325,Gourmet & World Food
SUP013,BB-3325,Gourmet & World Food
SUP013,BB-3352,Gourmet & World Food
SUP014,BB-3352,Gourmet & World Food
SUP014,BB-3433,Gourmet & World Food
SUP015,BB-3433,Gourmet & World Food
SUP016,BB-3433,Gourmet & World Food
SUP017,BB-3433,Gourmet & World Food
SUP015,BB-3580,Gourmet & World Food
SUP018,BB-3580,Gourmet & World Food
SUP011,BB-3580,Gourmet & World Food
SUP016,BB-3618,Gourmet & World Food
SUP012,BB-3618,Gourmet & World Food
SUP017,BB-3627,Gourmet & World Food
SUP013,BB-3627,Gourmet & World Food
SUP014,BB-3627,Gourmet & World Food
SUP015,BB-3627,Gourmet & World Food
SUP011,BB-3737,Gourmet & World Food
SUP016,BB-3737,Gourmet & World Food
SUP017,BB-3737,Gourmet & World Food
SUP018,BB-3737,Gourmet & World Food
SUP012,BB-3754,Gourmet & World Food
SUP011,BB-3754,Gourmet & World Food
SUP018,BB-3802,Gourmet & World Food
SUP012,BB-3802,Gourmet & World Food
SUP013,BB-3808,Gourmet & World Food
SUP014,BB-3808,Gourmet & World Food
SUP014,BB-3850,Gourmet & World Food
SUP013,BB-3850,Gourmet & World Food
SUP015,BB-391,Gourmet & World Food
SUP016,BB-391,Gourmet & World Food
SUP016,BB-3950,Gourmet & World Food
SUP015,BB-3950,Gourmet & World Food
SUP017,BB-3971,Gourmet & World Food
SUP018,BB-3971,Gourmet & World Food
SUP011,BB-3996,Gourmet & World Food
SUP017,BB-3996,Gourmet & World Food
SUP012,BB-3996,Gourmet & World Food
SUP012,BB-4041,Gourmet & World Food
SUP011,BB-4041,Gourmet & World Food
SUP013,BB-4041,Gourmet & World Food
SUP018,BB-4069,Gourmet & World Food
SUP014,BB-4069,Gourmet & World Food
SUP015,BB-4069,Gourmet & World Food
SUP013,BB-4151,Gourmet & World Food
SUP016,BB-4151,Gourmet & World Food
SUP017,BB-4151,Gourmet & World Food
SUP014,BB-4282,Gourmet & World Food
SUP018,BB-4282,Gourmet & World Food
SUP015,BB-4309,Gourmet & World Food
SUP011,BB-4309,Gourmet & World Food
SUP012,BB-4309,Gourmet & World Food
SUP013,BB-4309,Gourmet & World Food
SUP016,BB-4446,Gourmet & World Food
SUP014,BB-4446,Gourmet & World Food
SUP015,BB-4446,Gourmet & World Food
SUP017,BB-4446,Gourmet & World Food
SUP017,BB-4496,Gourmet & World Food
SUP016,BB-4496,Gourmet & World Food
SUP018,BB-4496,Gourmet & World Food
SUP011,BB-4498,Gourmet & World Food
SUP012,BB-4498,Gourmet & World Food
SUP013,BB-4498,Gourmet & World Food
SUP012,BB-4641,Gourmet & World Food
SUP011,BB-4641,Gourmet & World Food
SUP018,BB-4665,Gourmet & World Food
SUP014,BB-4665,Gourmet & World Food
SUP015,BB-4665,Gourmet & World Food
SUP013,BB-4700,Gourmet & World Food
SUP016,BB-4700,Gourmet & World Food
SUP014,BB-4734,Gourmet & World Food
SUP017,BB-4734,Gourmet & World Food
SUP015,BB-4812,Gourmet & World Food
SUP018,BB-4812,Gourmet & World Food
SUP016,BB-4903,Gourmet & World Food
SUP011,BB-4903,Gourmet & World Food
SUP017,BB-4943,Gourmet & World Food
SUP012,BB-4943,Gourmet & World Food
SUP011,BB-4983,Gourmet & World Food
SUP013,BB-4983,Gourmet & World Food
SUP012,BB-5029,Gourmet & World Food
SUP014,BB-5029,Gourmet & World Food
SUP015,BB-5029,Gourmet & World Food
SUP018,BB-5065,Gourmet & World Food
SUP016,BB-5065,Gourmet & World Food
SUP017,BB-5065,Gourmet & World Food
SUP011,BB-5065,Gourmet & World Food
SUP013,BB-5126,Gourmet & World Food
SUP018,BB-5126,Gourmet & World Food
SUP014,BB-5216,Gourmet & World Food
SUP012,BB-5216,Gourmet & World Food
SUP013,BB-5216,Gourmet & World Food
SUP015,BB-523,Gourmet & World Food
SUP014,BB-523,Gourmet & World Food
SUP016,BB-527,Gourmet & World Food
SUP015,BB-527,Gourmet & World Food
SUP017,BB-527,Gourmet & World Food
SUP017,BB-5344,Gourmet & World Food
SUP016,BB-5344,Gourmet & World Food
SUP018,BB-5344,Gourmet & World Food
SUP011,BB-5386,Gourmet & World Food
SUP012,BB-5386,Gourmet & World Food
SUP012,BB-5489,Gourmet & World Food
SUP011,BB-5489,Gourmet & World Food
SUP018,BB-5512,Gourmet & World Food
SUP013,BB-5512,Gourmet & World Food
SUP013,BB-5571,Gourmet & World Food
SUP014,BB-5571,Gourmet & World Food
SUP014,BB-5633,Gourmet & World Food
SUP015,BB-5633,Gourmet & World Food
SUP016,BB-5633,Gourmet & World Food
SUP015,BB-5668,Gourmet & World Food
SUP017,BB-5668,Gourmet & World Food
SUP018,BB-5668,Gourmet & World Food
SUP011,BB-5668,Gourmet & World Food
SUP016,BB-5709,Gourmet & World Food
SUP012,BB-5709,Gourmet & World Food
SUP013,BB-5709,Gourmet & World Food
SUP017,BB-5809,Gourmet & World Food
SUP014,BB-5809,Gourmet & World Food
SUP011,BB-5948,Gourmet & World Food
SUP015,BB-5948,Gourmet & World Food
SUP012,BB-5987,Gourmet & World Food
SUP016,BB-5987,Gourmet & World Food
SUP017,BB-5987,Gourmet & World Food
SUP018,BB-5987,Gourmet & World Food
SUP018,BB-6030,Gourmet & World Food
SUP011,BB-6030,Gourmet & World Food
SUP013,BB-6058,Gourmet & World Food
SUP012,BB-6058,Gourmet & World Food
SUP014,BB-6058,Gourmet & World Food
SUP014,BB-6489,Gourmet & World Food
SUP013,BB-6489,Gourmet & World Food
SUP015,BB-6640,Gourmet & World Food
SUP016,BB-6640,Gourmet & World Food
SUP016,BB-6703,Gourmet & World Food
SUP015,BB-6703,Gourmet & World Food
SUP017,BB-6726,Gourmet & World Food
SUP018,BB-6726,Gourmet & World Food
SUP011,BB-6726,Gourmet & World Food
SUP011,BB-6775,Gourmet & World Food
SUP017,BB-6775,Gourmet & World Food
SUP012,BB-6775,Gourmet & World Food
SUP012,BB-6822,Gourmet & World Food
SUP013,BB-6822,Gourmet & World Food
SUP018,BB-6827,Gourmet & World Food
SUP014,BB-6827,Gourmet & World Food
SUP015,BB-6827,Gourmet & World Food
SUP013,BB-6858,Gourmet & World Food
SUP016,BB-6858,Gourmet & World Food
SUP014,BB-6913,Gourmet & World Food
SUP017,BB-6913,Gourmet & World Food
SUP018,BB-6913,Gourmet & World Food
SUP015,BB-6933,Gourmet & World Food
SUP011,BB-6933,Gourmet & World Food
SUP012,BB-6933,Gourmet & World Food
SUP016,BB-7010,Gourmet & World Food
SUP013,BB-7010,Gourmet & World Food
SUP017,BB-7017,Gourmet & World Food
SUP014,BB-7017,Gourmet & World Food
SUP011,BB-7076,Gourmet & World Food
SUP015,BB-7076,Gourmet & World Food
SUP016,BB-7076,Gourmet & World Food
SUP012,BB-7090,Gourmet & World Food
SUP017,BB-7090,Gourmet & World Food
SUP018,BB-7090,Gourmet & World Food
SUP011,BB-7090,Gourmet & World Food
SUP018,BB-729,Gourmet & World Food
SUP012,BB-729,Gourmet & World Food
SUP013,BB-7294,Gourmet & World Food
SUP014,BB-7294,Gourmet & World Food
SUP014,BB-7329,Gourmet & World Food
SUP013,BB-7329,Gourmet & World Food
SUP015,BB-7329,Gourmet & World Food
SUP015,BB-7377,Gourmet & World Food
SUP016,BB-7377,Gourmet & World Food
SUP016,BB-7406,Gourmet & World Food
SUP017,BB-7406,Gourmet & World Food
SUP018,BB-7406,Gourmet & World Food
SUP017,BB-7418,Gourmet & World Food
SUP011,BB-7418,Gourmet & World Food
SUP011,BB-7710,Gourmet & World Food
SUP012,BB-7710,Gourmet & World Food
SUP013,BB-7710,Gourmet & World Food
SUP012,BB-7714,Gourmet & World Food
SUP014,BB-7714,Gourmet & World Food
SUP015,BB-7714,Gourmet & World Food
SUP018,BB-7742,Gourmet & World Food
SUP016,BB-7742,Gourmet & World Food
SUP017,BB-7742,Gourmet & World Food
SUP013,BB-7755,Gourmet & World Food
SUP018,BB-7755,Gourmet & World Food
SUP014,BB-7859,Gourmet & World Food
SUP011,BB-7859,Gourmet & World Food
SUP015,BB-7958,Gourmet & World Food
SUP012,BB-7958,Gourmet & World Food
SUP013,BB-7958,Gourmet & World Food
SUP016,BB-8002,Gourmet & World Food
SUP014,BB-8002,Gourmet & World Food
SUP017,BB-8030,Gourmet & World Food
SUP015,BB-8030,Gourmet & World Food
SUP011,BB-8087,Gourmet & World Food
SUP016,BB-8087,Gourmet & World Food
SUP017,BB-8087,Gourmet & World Food
SUP012,BB-8110,Gourmet & World Food
SUP018,BB-8110,Gourmet & World Food
SUP018,BB-8209,Gourmet & World Food
SUP011,BB-8209,Gourmet & World Food
SUP012,BB-8209,Gourmet & World Food
SUP013,BB-8240,Gourmet & World Food
SUP014,BB-8240,Gourmet & World Food
SUP015,BB-8240,Gourmet & World Food
SUP014,BB-8260,Gourmet & World Food
SUP013,BB-8260,Gourmet & World Food
SUP015,BB-8270,Gourmet & World Food
SUP016,BB-8270,Gourmet & World Food
SUP017,BB-8270,Gourmet & World Food
SUP016,BB-8271,Gourmet & World Food
SUP018,BB-8271,Gourmet & World Food
SUP017,BB-8278,Gourmet & World Food
SUP011,BB-8278,Gourmet & World Food
SUP011,BB-8292,Gourmet & World Food
SUP012,BB-8292,Gourmet & World Food
SUP012,BB-8405,Gourmet & World Food
SUP013,BB-8405,Gourmet & World Food
SUP014,BB-8405,Gourmet & World Food
SUP018,BB-8418,Gourmet & World Food
SUP015,BB-8418,Gourmet & World Food
SUP016,BB-8418,Gourmet & World Food
SUP013,BB-847,Gourmet & World Food
SUP017,BB-847,Gourmet & World Food
SUP014,BB-8511,Gourmet & World Food
SUP018,BB-8511,Gourmet & World Food
SUP011,BB-8511,Gourmet & World Food
SUP015,BB-8529,Gourmet & World Food
SUP012,BB-8529,Gourmet & World Food
SUP013,BB-8529,Gourmet & World Food
SUP016,BB-8587,Gourmet & World Food
SUP014,BB-8587,Gourmet & World Food
SUP015,BB-8587,Gourmet & World Food
SUP017,BB-8598,Gourmet & World Food
SUP016,BB-8598,Gourmet & World Food
SUP011,BB-8624,Gourmet & World Food
SUP017,BB-8624,Gourmet & World Food
SUP012,BB-8625,Gourmet & World Food
SUP018,BB-8625,Gourmet & World Food
SUP018,BB-8668,Gourmet & World Food
SUP011,BB-8668,Gourmet & World Food
SUP012,BB-8668,Gourmet & World Food
SUP013,BB-8668,Gourmet & World Food
SUP013,BB-8698,Gourmet & World Food
SUP014,BB-8698,Gourmet & World Food
SUP015,BB-8698,Gourmet & World Food
SUP016,BB-8698,Gourmet & World Food
SUP014,BB-8766,Gourmet & World Food
SUP017,BB-8766,Gourmet & World Food
SUP015,BB-8772,Gourmet & World Food
SUP018,BB-8772,Gourmet & World Food
SUP011,BB-8772,Gourmet & World Food
SUP012,BB-8772,Gourmet & World Food
SUP016,BB-8808,Gourmet & World Food
SUP013,BB-8808,Gourmet & World Food
SUP017,BB-8857,Gourmet & World Food
SUP014,BB-8857,Gourmet & World Food
SUP011,BB-8874,Gourmet & World Food
SUP015,BB-8874,Gourmet & World Food
SUP016,BB-8874,Gourmet & World Food
SUP012,BB-8898,Gourmet & World Food
SUP017,BB-8898,Gourmet & World Food
SUP018,BB-8898,Gourmet & World Food
SUP018,BB-8905,Gourmet & World Food
SUP011,BB-8905,Gourmet & World Food
SUP012,BB-8905,Gourmet & World Food
SUP013,BB-8905,Gourmet & World Food
SUP013,BB-891,Gourmet & World Food
SUP014,BB-891,Gourmet & World Food
SUP015,BB-891,Gourmet & World Food
SUP014,BB-8968,Gourmet & World Food
SUP016,BB-8968,Gourmet & World Food
SUP015,BB-9093,Gourmet & World Food
SUP017,BB-9093,Gourmet & World Food
SUP018,BB-9093,Gourmet & World Food
SUP011,BB-9093,Gourmet & World Food
SUP016,BB-9134,Gourmet & World Food
SUP012,BB-9134,Gourmet & World Food
SUP017,BB-9137,Gourmet & World Food
SUP013,BB-9137,Gourmet & World Food
SUP014,BB-9137,Gourmet & World Food
SUP015,BB-9137,Gourmet & World Food
SUP011,BB-9231,Gourmet & World Food
SUP016,BB-9231,Gourmet & World Food
SUP017,BB-9231,Gourmet & World Food
SUP018,BB-9231,Gourmet & World Food
SUP012,BB-9253,Gourmet & World Food
SUP011,BB-9253,Gourmet & World Food
SUP018,BB-9304,Gourmet & World Food
SUP012,BB-9304,Gourmet & World Food
SUP013,BB-9304,Gourmet & World Food
SUP013,BB-9419,Gourmet & World Food
SUP014,BB-9419,Gourmet & World Food
SUP015,BB-9419,Gourmet & World Food
SUP014,BB-9576,Gourmet & World Food
SUP016,BB-9576,Gourmet & World Food
SUP017,BB-9576,Gourmet & World Food
SUP015,BB-9601,Gourmet & World Food
SUP018,BB-9601,Gourmet & World Food
SUP011,BB-9601,Gourmet & World Food
SUP016,BB-9704,Gourmet & World Food
SUP012,BB-9704,Gourmet & World Food
SUP017,BB-9738,Gourmet & World Food
SUP013,BB-9738,Gourmet & World Food
SUP011,BB-977,Gourmet & World Food
SUP014,BB-977,Gourmet & World Food
SUP015,BB-977,Gourmet & World Food
SUP012,BB-9773,Gourmet & World Food
SUP016,BB-9773,Gourmet & World Food
SUP017,BB-9773,Gourmet & World Food
SUP018,BB-9831,Gourmet & World Food
SUP011,BB-9831,Gourmet & World Food
SUP012,BB-9831,Gourmet & World Food
SUP013,BB-9914,Gourmet & World Food
SUP018,BB-9914,Gourmet & World Food
SUP014,BB-9930,Gourmet & World Food
SUP013,BB-9930,Gourmet & World Food
SUP042,SKU-W-05,Groceries
SUP039,SKU-W-05,Groceries
SUP040,SKU-W-05,Groceries
SUP033,SKU-W-01,Household
SUP032,SKU-W-01,Household
SUP031,SKU-W-02,Household
SUP034,SKU-W-02,Household
SUP035,SKU-W-02,Household
SUP036,SKU-W-02,Household
SUP022,BB-10192,"Kitchen, Garden & Pets"
SUP019,BB-10192,"Kitchen, Garden & Pets"
SUP020,BB-10192,"Kitchen, Garden & Pets"
SUP020,BB-10223,"Kitchen, Garden & Pets"
SUP021,BB-10223,"Kitchen, Garden & Pets"
SUP023,BB-10223,"Kitchen, Garden & Pets"
SUP024,BB-10223,"Kitchen, Garden & Pets"
SUP021,BB-10449,"Kitchen, Garden & Pets"
SUP019,BB-10449,"Kitchen, Garden & Pets"
SUP020,BB-10449,"Kitchen, Garden & Pets"
SUP022,BB-10449,"Kitchen, Garden & Pets"
SUP023,BB-10663,"Kitchen, Garden & Pets"
SUP021,BB-10663,"Kitchen, Garden & Pets"
SUP019,BB-10742,"Kitchen, Garden & Pets"
SUP023,BB-10742,"Kitchen, Garden & Pets"
SUP024,BB-10752,"Kitchen, Garden & Pets"
SUP019,BB-10752,"Kitchen, Garden & Pets"
SUP020,BB-10752,"Kitchen, Garden & Pets"
SUP022,BB-10780,"Kitchen, Garden & Pets"
SUP024,BB-10780,"Kitchen, Garden & Pets"
SUP020,BB-10964,"Kitchen, Garden & Pets"
SUP021,BB-10964,"Kitchen, Garden & Pets"
SUP022,BB-10964,"Kitchen, Garden & Pets"
SUP021,BB-10984,"Kitchen, Garden & Pets"
SUP023,BB-10984,"Kitchen, Garden & Pets"
SUP024,BB-10984,"Kitchen, Garden & Pets"
SUP019,BB-10984,"Kitchen, Garden & Pets"
SUP023,BB-11177,"Kitchen, Garden & Pets"
SUP020,BB-11177,"Kitchen, Garden & Pets"
SUP019,BB-11265,"Kitchen, Garden & Pets"
SUP021,BB-11265,"Kitchen, Garden & Pets"
SUP024,BB-11322,"Kitchen, Garden & Pets"
SUP022,BB-11322,"Kitchen, Garden & Pets"
SUP022,BB-11325,"Kitchen, Garden & Pets"
SUP023,BB-11325,"Kitchen, Garden & Pets"
SUP024,BB-11325,"Kitchen, Garden & Pets"
SUP020,BB-12164,"Kitchen, Garden & Pets"
SUP019,BB-12164,"Kitchen, Garden & Pets"
SUP021,BB-12164,"Kitchen, Garden & Pets"
SUP021,BB-12243,"Kitchen, Garden & Pets"
SUP020,BB-12243,"Kitchen, Garden & Pets"
SUP022,BB-12243,"Kitchen, Garden & Pets"
SUP023,BB-12517,"Kitchen, Garden & Pets"
SUP024,BB-12517,"Kitchen, Garden & Pets"
SUP019,BB-12731,"Kitchen, Garden & Pets"
SUP023,BB-12731,"Kitchen, Garden & Pets"
SUP020,BB-12731,"Kitchen, Garden & Pets"
SUP021,BB-12731,"Kitchen, Garden & Pets"
SUP024,BB-12764,"Kitchen, Garden & Pets"
SUP019,BB-12764,"Kitchen, Garden & Pets"
SUP022,BB-12785,"Kitchen, Garden & Pets"
SUP023,BB-12785,"Kitchen, Garden & Pets"
SUP024,BB-12785,"Kitchen, Garden & Pets"
SUP019,BB-12785,"Kitchen, Garden & Pets"
SUP020,BB-1285,"Kitchen, Garden & Pets"
SUP022,BB-1285,"Kitchen, Garden & Pets"
SUP021,BB-1285,"Kitchen, Garden & Pets"
SUP021,BB-1290,"Kitchen, Garden & Pets"
SUP020,BB-1290,"Kitchen, Garden & Pets"
SUP022,BB-1290,"Kitchen, Garden & Pets"
SUP023,BB-12971,"Kitchen, Garden & Pets"
SUP024,BB-12971,"Kitchen, Garden & Pets"
SUP019,BB-12971,"Kitchen, Garden & Pets"
SUP019,BB-12990,"Kitchen, Garden & Pets"
SUP023,BB-12990,"Kitchen, Garden & Pets"
SUP020,BB-12990,"Kitchen, Garden & Pets"
SUP024,BB-13039,"Kitchen, Garden & Pets"
SUP021,BB-13039,"Kitchen, Garden & Pets"
SUP022,BB-13097,"Kitchen, Garden & Pets"
SUP023,BB-13097,"Kitchen, Garden & Pets"
SUP024,BB-13097,"Kitchen, Garden & Pets"
SUP019,BB-13097,"Kitchen, Garden & Pets"
SUP020,BB-1312,"Kitchen, Garden & Pets"
SUP022,BB-1312,"Kitchen, Garden & Pets"
SUP021,BB-1312,"Kitchen, Garden & Pets"
SUP023,BB-1312,"Kitchen, Garden & Pets"
SUP021,BB-13132,"Kitchen, Garden & Pets"
SUP020,BB-13132,"Kitchen, Garden & Pets"
SUP022,BB-13132,"Kitchen, Garden & Pets"
SUP023,BB-13172,"Kitchen, Garden & Pets"
SUP024,BB-13172,"Kitchen, Garden & Pets"
SUP019,BB-13271,"Kitchen, Garden & Pets"
SUP020,BB-13271,"Kitchen, Garden & Pets"
SUP024,BB-1328,"Kitchen, Garden & Pets"
SUP019,BB-1328,"Kitchen, Garden & Pets"
SUP021,BB-1328,"Kitchen, Garden & Pets"
SUP022,BB-1332,"Kitchen, Garden & Pets"
SUP023,BB-1332,"Kitchen, Garden & Pets"
SUP024,BB-1332,"Kitchen, Garden & Pets"
SUP020,BB-13577,"Kitchen, Garden & Pets"
SUP022,BB-13577,"Kitchen, Garden & Pets"
SUP019,BB-13577,"Kitchen, Garden & Pets"
SUP021,BB-13625,"Kitchen, Garden & Pets"
SUP020,BB-13625,"Kitchen, Garden & Pets"
SUP023,BB-13695,"Kitchen, Garden & Pets"
SUP021,BB-13695,"Kitchen, Garden & Pets"
SUP022,BB-13695,"Kitchen, Garden & Pets"
SUP019,BB-13759,"Kitchen, Garden & Pets"
SUP023,BB-13759,"Kitchen, Garden & Pets"
SUP024,BB-13759,"Kitchen, Garden & Pets"
SUP024,BB-13771,"Kitchen, Garden & Pets"
SUP019,BB-13771,"Kitchen, Garden & Pets"
SUP022,BB-13817,"Kitchen, Garden & Pets"
SUP020,BB-13817,"Kitchen, Garden & Pets"
SUP020,BB-13869,"Kitchen, Garden & Pets"
SUP021,BB-13869,"Kitchen, Garden & Pets"
SUP022,BB-13869,"Kitchen, Garden & Pets"
SUP021,BB-1389,"Kitchen, Garden & Pets"
SUP023,BB-1389,"Kitchen, Garden & Pets"
SUP023,BB-13896,"Kitchen, Garden & Pets"
SUP024,BB-13896,"Kitchen, Garden & Pets"
SUP019,BB-13896,"Kitchen, Garden & Pets"
SUP019,BB-13936,"Kitchen, Garden & Pets"
SUP020,BB-13936,"Kitchen, Garden & Pets"
SUP021,BB-13936,"Kitchen, Garden & Pets"
SUP024,BB-13979,"Kitchen, Garden & Pets"
SUP022,BB-13979,"Kitchen, Garden & Pets"
SUP022,BB-1409,"Kitchen, Garden & Pets"
SUP023,BB-1409,"Kitchen, Garden & Pets"
SUP020,BB-14127,"Kitchen, Garden & Pets"
SUP024,BB-14127,"Kitchen, Garden & Pets"
SUP021,BB-14159,"Kitchen, Garden & Pets"
SUP019,BB-14159,"Kitchen, Garden & Pets"
SUP020,BB-14159,"Kitchen, Garden & Pets"
SUP023,BB-14357,"Kitchen, Garden & Pets"
SUP021,BB-14357,"Kitchen, Garden & Pets"
SUP019,BB-14435,"Kitchen, Garden & Pets"
SUP022,BB-14435,"Kitchen, Garden & Pets"
SUP024,BB-14664,"Kitchen, Garden & Pets"
SUP023,BB-14664,"Kitchen, Garden & Pets"
SUP019,BB-14664,"Kitchen, Garden & Pets"
SUP020,BB-14664,"Kitchen, Garden & Pets"
SUP022,BB-14674,"Kitchen, Garden & Pets"
SUP024,BB-14674,"Kitchen, Garden & Pets"
SUP020,BB-14743,"Kitchen, Garden & Pets"
SUP021,BB-14743,"Kitchen, Garden & Pets"
SUP021,BB-14859,"Kitchen, Garden & Pets"
SUP022,BB-14859,"Kitchen, Garden & Pets"
SUP023,BB-14957,"Kitchen, Garden & Pets"
SUP024,BB-14957,"Kitchen, Garden & Pets"
SUP019,BB-14969,"Kitchen, Garden & Pets"
SUP023,BB-14969,"Kitchen, Garden & Pets"
SUP024,BB-15107,"Kitchen, Garden & Pets"
SUP019,BB-15107,"Kitchen, Garden & Pets"
SUP020,BB-15107,"Kitchen, Garden & Pets"
SUP022,BB-15154,"Kitchen, Garden & Pets"
SUP021,BB-15154,"Kitchen, Garden & Pets"
SUP020,BB-15165,"Kitchen, Garden & Pets"
SUP022,BB-15165,"Kitchen, Garden & Pets"
SUP021,BB-15193,"Kitchen, Garden & Pets"
SUP023,BB-15193,"Kitchen, Garden & Pets"
SUP023,BB-15276,"Kitchen, Garden & Pets"
SUP024,BB-15276,"Kitchen, Garden & Pets"
SUP019,BB-15279,"Kitchen, Garden & Pets"
SUP020,BB-15279,"Kitchen, Garden & Pets"
SUP024,BB-15320,"Kitchen, Garden & Pets"
SUP019,BB-15320,"Kitchen, Garden & Pets"
SUP022,BB-15436,"Kitchen, Garden & Pets"
SUP021,BB-15436,"Kitchen, Garden & Pets"
SUP023,BB-15436,"Kitchen, Garden & Pets"
SUP020,BB-15480,"Kitchen, Garden & Pets"
SUP022,BB-15480,"Kitchen, Garden & Pets"
SUP024,BB-15480,"Kitchen, Garden & Pets"
SUP021,BB-15485,"Kitchen, Garden & Pets"
SUP019,BB-15485,"Kitchen, Garden & Pets"
SUP023,BB-15545,"Kitchen, Garden & Pets"
SUP020,BB-15545,"Kitchen, Garden & Pets"
SUP019,BB-15598,"Kitchen, Garden & Pets"
SUP021,BB-15598,"Kitchen, Garden & Pets"
SUP022,BB-15598,"Kitchen, Garden & Pets"
SUP024,BB-15640,"Kitchen, Garden & Pets"
SUP023,BB-15640,"Kitchen, Garden & Pets"
SUP022,BB-15654,"Kitchen, Garden & Pets"
SUP024,BB-15654,"Kitchen, Garden & Pets"
SUP020,BB-15705,"Kitchen, Garden & Pets"
SUP019,BB-15705,"Kitchen, Garden & Pets"
SUP021,BB-15705,"Kitchen, Garden & Pets"
SUP021,BB-15820,"Kitchen, Garden & Pets"
SUP020,BB-15820,"Kitchen, Garden & Pets"
SUP022,BB-15820,"Kitchen, Garden & Pets"
SUP023,BB-15879,"Kitchen, Garden & Pets"
SUP024,BB-15879,"Kitchen, Garden & Pets"
SUP019,BB-15879,"Kitchen, Garden & Pets"
SUP019,BB-15892,"Kitchen, Garden & Pets"
SUP023,BB-15892,"Kitchen, Garden & Pets"
SUP024,BB-16012,"Kitchen, Garden & Pets"
SUP020,BB-16012,"Kitchen, Garden & Pets"
SUP022,BB-16031,"Kitchen, Garden & Pets"
SUP021,BB-16031,"Kitchen, Garden & Pets"
SUP023,BB-16031,"Kitchen, Garden & Pets"
SUP024,BB-16031,"Kitchen, Garden & Pets"
SUP020,BB-1605,"Kitchen, Garden & Pets"
SUP022,BB-1605,"Kitchen, Garden & Pets"
SUP021,BB-16178,"Kitchen, Garden & Pets"
SUP019,BB-16178,"Kitchen, Garden & Pets"
SUP020,BB-16178,"Kitchen, Garden & Pets"
SUP022,BB-16178,"Kitchen, Garden & Pets"
SUP023,BB-16200,"Kitchen, Garden & Pets"
SUP021,BB-16200,"Kitchen, Garden & Pets"
SUP019,BB-1624,"Kitchen, Garden & Pets"
SUP023,BB-1624,"Kitchen, Garden & Pets"
SUP024,BB-1631,"Kitchen, Garden & Pets"
SUP019,BB-1631,"Kitchen, Garden & Pets"
SUP020,BB-1631,"Kitchen, Garden & Pets"
SUP022,BB-16407,"Kitchen, Garden & Pets"
SUP024,BB-16407,"Kitchen, Garden & Pets"
SUP021,BB-16407,"Kitchen, Garden & Pets"
SUP020,BB-16420,"Kitchen, Garden & Pets"
SUP022,BB-16420,"Kitchen, Garden & Pets"
SUP023,BB-16420,"Kitchen, Garden & Pets"
SUP021,BB-165,"Kitchen, Garden & Pets"
SUP024,BB-165,"Kitchen, Garden & Pets"
SUP019,BB-165,"Kitchen, Garden & Pets"
SUP020,BB-165,"Kitchen, Garden & Pets"
SUP023,BB-16577,"Kitchen, Garden & Pets"
SUP021,BB-16577,"Kitchen, Garden & Pets"
SUP022,BB-16577,"Kitchen, Garden & Pets"
SUP019,BB-16582,"Kitchen, Garden & Pets"
SUP023,BB-16582,"Kitchen, Garden & Pets"
SUP024,BB-16582,"Kitchen, Garden & Pets"
SUP024,BB-16657,"Kitchen, Garden & Pets"
SUP019,BB-16657,"Kitchen, Garden & Pets"
SUP022,BB-16702,"Kitchen, Garden & Pets"
SUP020,BB-16702,"Kitchen, Garden & Pets"
SUP020,BB-16704,"Kitchen, Garden & Pets"
SUP021,BB-16704,"Kitchen, Garden & Pets"
SUP021,BB-16755,"Kitchen, Garden & Pets"
SUP022,BB-16755,"Kitchen, Garden & Pets"
SUP023,BB-16878,"Kitchen, Garden & Pets"
SUP024,BB-16878,"Kitchen, Garden & Pets"
SUP019,BB-17027,"Kitchen, Garden & Pets"
SUP023,BB-17027,"Kitchen, Garden & Pets"
SUP020,BB-17027,"Kitchen, Garden & Pets"
SUP024,BB-17055,"Kitchen, Garden & Pets"
SUP019,BB-17055,"Kitchen, Garden & Pets"
SUP022,BB-17083,"Kitchen, Garden & Pets"
SUP021,BB-17083,"Kitchen, Garden & Pets"
SUP020,BB-17291,"Kitchen, Garden & Pets"
SUP022,BB-17291,"Kitchen, Garden & Pets"
SUP023,BB-17291,"Kitchen, Garden & Pets"
SUP024,BB-17291,"Kitchen, Garden & Pets"
SUP021,BB-17482,"Kitchen, Garden & Pets"
SUP019,BB-17482,"Kitchen, Garden & Pets"
SUP023,BB-1750,"Kitchen, Garden & Pets"
SUP020,BB-1750,"Kitchen, Garden & Pets"
SUP021,BB-1750,"Kitchen, Garden & Pets"
SUP019,BB-17518,"Kitchen, Garden & Pets"
SUP022,BB-17518,"Kitchen, Garden & Pets"
SUP023,BB-17518,"Kitchen, Garden & Pets"
SUP024,BB-17994,"Kitchen, Garden & Pets"
SUP019,BB-17994,"Kitchen, Garden & Pets"
SUP020,BB-17994,"Kitchen, Garden & Pets"
SUP022,BB-18100,"Kitchen, Garden & Pets"
SUP024,BB-18100,"Kitchen, Garden & Pets"
SUP020,BB-18160,"Kitchen, Garden & Pets"
SUP021,BB-18160,"Kitchen, Garden & Pets"
SUP021,BB-18295,"Kitchen, Garden & Pets"
SUP022,BB-18295,"Kitchen, Garden & Pets"
SUP023,BB-18309,"Kitchen, Garden & Pets"
SUP024,BB-18309,"Kitchen, Garden & Pets"
SUP019,BB-18445,"Kitchen, Garden & Pets"
SUP023,BB-18445,"Kitchen, Garden & Pets"
SUP020,BB-18445,"Kitchen, Garden & Pets"
SUP021,BB-18445,"Kitchen, Garden & Pets"
SUP024,BB-18485,"Kitchen, Garden & Pets"
SUP019,BB-18485,"Kitchen, Garden & Pets"
SUP022,BB-18485,"Kitchen, Garden & Pets"
SUP022,BB-18579,"Kitchen, Garden & Pets"
SUP023,BB-18579,"Kitchen, Garden & Pets"
SUP020,BB-18618,"Kitchen, Garden & Pets"
SUP024,BB-18618,"Kitchen, Garden & Pets"
SUP019,BB-18618,"Kitchen, Garden & Pets"
SUP021,BB-18630,"Kitchen, Garden & Pets"
SUP020,BB-18630,"Kitchen, Garden & Pets"
SUP022,BB-18630,"Kitchen, Garden & Pets"
SUP023,BB-18643,"Kitchen, Garden & Pets"
SUP021,BB-18643,"Kitchen, Garden & Pets"
SUP024,BB-18643,"Kitchen, Garden & Pets"
SUP019,BB-18980,"Kitchen, Garden & Pets"
SUP023,BB-18980,"Kitchen, Garden & Pets"
SUP024,BB-19000,"Kitchen, Garden & Pets"
SUP019,BB-19000,"Kitchen, Garden & Pets"
SUP022,BB-19005,"Kitchen, Garden & Pets"
SUP020,BB-19005,"Kitchen, Garden & Pets"
SUP020,BB-19075,"Kitchen, Garden & Pets"
SUP021,BB-19075,"Kitchen, Garden & Pets"
SUP022,BB-19075,"Kitchen, Garden & Pets"
SUP021,BB-19156,"Kitchen, Garden & Pets"
SUP023,BB-19156,"Kitchen, Garden & Pets"
SUP023,BB-19181,"Kitchen, Garden & Pets"
SUP024,BB-19181,"Kitchen, Garden & Pets"
SUP019,BB-19181,"Kitchen, Garden & Pets"
SUP019,BB-19204,"Kitchen, Garden & Pets"
SUP020,BB-19204,"Kitchen, Garden & Pets"
SUP021,BB-19204,"Kitchen, Garden & Pets"
SUP022,BB-19204,"Kitchen, Garden & Pets"
SUP024,BB-19426,"Kitchen, Garden & Pets"
SUP023,BB-19426,"Kitchen, Garden & Pets"
SUP022,BB-19431,"Kitchen, Garden & Pets"
SUP024,BB-19431,"Kitchen, Garden & Pets"
SUP019,BB-19431,"Kitchen, Garden & Pets"
SUP020,BB-19606,"Kitchen, Garden & Pets"
SUP021,BB-19606,"Kitchen, Garden & Pets"
SUP021,BB-19704,"Kitchen, Garden & Pets"
SUP020,BB-19704,"Kitchen, Garden & Pets"
SUP022,BB-19704,"Kitchen, Garden & Pets"
SUP023,BB-19812,"Kitchen, Garden & Pets"
SUP024,BB-19812,"Kitchen, Garden & Pets"
SUP019,BB-19812,"Kitchen, Garden & Pets"
SUP019,BB-19813,"Kitchen, Garden & Pets"
SUP023,BB-19813,"Kitchen, Garden & Pets"
SUP024,BB-19849,"Kitchen, Garden & Pets"
SUP020,BB-19849,"Kitchen, Garden & Pets"
SUP021,BB-19849,"Kitchen, Garden & Pets"
SUP022,BB-19961,"Kitchen, Garden & Pets"
SUP023,BB-19961,"Kitchen, Garden & Pets"
SUP020,BB-20008,"Kitchen, Garden & Pets"
SUP022,BB-20008,"Kitchen, Garden & Pets"
SUP021,BB-20177,"Kitchen, Garden & Pets"
SUP024,BB-20177,"Kitchen, Garden & Pets"
SUP019,BB-20177,"Kitchen, Garden & Pets"
SUP023,BB-20205,"Kitchen, Garden & Pets"
SUP020,BB-20205,"Kitchen, Garden & Pets"
SUP019,BB-20346,"Kitchen, Garden & Pets"
SUP021,BB-20346,"Kitchen, Garden & Pets"
SUP022,BB-20346,"Kitchen, Garden & Pets"
SUP023,BB-20346,"Kitchen, Garden & Pets"
SUP024,BB-20362,"Kitchen, Garden & Pets"
SUP019,BB-20362,"Kitchen, Garden & Pets"
SUP020,BB-20362,"Kitchen, Garden & Pets"
SUP021,BB-20362,"Kitchen, Garden & Pets"
SUP022,BB-20462,"Kitchen, Garden & Pets"
SUP024,BB-20462,"Kitchen, Garden & Pets"
SUP023,BB-20462,"Kitchen, Garden & Pets"
SUP019,BB-20462,"Kitchen, Garden & Pets"
SUP020,BB-20472,"Kitchen, Garden & Pets"
SUP022,BB-20472,"Kitchen, Garden & Pets"
SUP024,BB-20472,"Kitchen, Garden & Pets"
SUP021,BB-2062,"Kitchen, Garden & Pets"
SUP020,BB-2062,"Kitchen, Garden & Pets"
SUP022,BB-2062,"Kitchen, Garden & Pets"
SUP023,BB-2079,"Kitchen, Garden & Pets"
SUP021,BB-2079,"Kitchen, Garden & Pets"
SUP019,BB-20875,"Kitchen, Garden & Pets"
SUP023,BB-20875,"Kitchen, Garden & Pets"
SUP024,BB-20875,"Kitchen, Garden & Pets"
SUP024,BB-20932,"Kitchen, Garden & Pets"
SUP019,BB-20932,"Kitchen, Garden & Pets"
SUP022,BB-21198,"Kitchen, Garden & Pets"
SUP020,BB-21198,"Kitchen, Garden & Pets"
SUP020,BB-21212,"Kitchen, Garden & Pets"
SUP021,BB-21212,"Kitchen, Garden & Pets"
SUP021,BB-21397,"Kitchen, Garden & Pets"
SUP022,BB-21397,"Kitchen, Garden & Pets"
SUP023,BB-21397,"Kitchen, Garden & Pets"
SUP023,BB-21403,"Kitchen, Garden & Pets"
SUP024,BB-21403,"Kitchen, Garden & Pets"
SUP019,BB-21517,"Kitchen, Garden & Pets"
SUP020,BB-21517,"Kitchen, Garden & Pets"
SUP024,BB-21531,"Kitchen, Garden & Pets"
SUP019,BB-21531,"Kitchen, Garden & Pets"
SUP022,BB-21651,"Kitchen, Garden & Pets"
SUP021,BB-21651,"Kitchen, Garden & Pets"
SUP020,BB-2187,"Kitchen, Garden & Pets"
SUP022,BB-2187,"Kitchen, Garden & Pets"
SUP021,BB-21886,"Kitchen, Garden & Pets"
SUP023,BB-21886,"Kitchen, Garden & Pets"
SUP024,BB-21886,"Kitchen, Garden & Pets"
SUP023,BB-21970,"Kitchen, Garden & Pets"
SUP019,BB-21970,"Kitchen, Garden & Pets"
SUP020,BB-21970,"Kitchen, Garden & Pets"
SUP021,BB-21970,"Kitchen, Garden & Pets"
SUP019,BB-21982,"Kitchen, Garden & Pets"
SUP022,BB-21982,"Kitchen, Garden & Pets"
SUP023,BB-21982,"Kitchen, Garden & Pets"
SUP024,BB-21982,"Kitchen, Garden & Pets"
SUP024,BB-22091,"Kitchen, Garden & Pets"
SUP019,BB-22091,"Kitchen, Garden & Pets"
SUP020,BB-22091,"Kitchen, Garden & Pets"
SUP022,BB-22387,"Kitchen, Garden & Pets"
SUP021,BB-22387,"Kitchen, Garden & Pets"
SUP020,BB-22492,"Kitchen, Garden & Pets"
SUP022,BB-22492,"Kitchen, Garden & Pets"
SUP023,BB-22492,"Kitchen, Garden & Pets"
SUP021,BB-22536,"Kitchen, Garden & Pets"
SUP024,BB-22536,"Kitchen, Garden & Pets"
SUP023,BB-22717,"Kitchen, Garden & Pets"
SUP019,BB-22717,"Kitchen, Garden & Pets"
SUP019,BB-22756,"Kitchen, Garden & Pets"
SUP020,BB-22756,"Kitchen, Garden & Pets"
SUP021,BB-22756,"Kitchen, Garden & Pets"
SUP024,BB-22768,"Kitchen, Garden & Pets"
SUP022,BB-22768,"Kitchen, Garden & Pets"
SUP023,BB-22768,"Kitchen, Garden & Pets"
SUP022,BB-22770,"Kitchen, Garden & Pets"
SUP024,BB-22770,"Kitchen, Garden & Pets"
SUP020,BB-22778,"Kitchen, Garden & Pets"
SUP019,BB-22778,"Kitchen, Garden & Pets"
SUP021,BB-22778,"Kitchen, Garden & Pets"
SUP021,BB-22864,"Kitchen, Garden & Pets"
SUP020,BB-22864,"Kitchen, Garden & Pets"
SUP022,BB-22864,"Kitchen, Garden & Pets"
SUP023,BB-22900,"Kitchen, Garden & Pets"
SUP024,BB-22900,"Kitchen, Garden & Pets"
SUP019,BB-22961,"Kitchen, Garden & Pets"
SUP023,BB-22961,"Kitchen, Garden & Pets"
SUP020,BB-22961,"Kitchen, Garden & Pets"
SUP021,BB-22961,"Kitchen, Garden & Pets"
SUP024,BB-23092,"Kitchen, Garden & Pets"
SUP019,BB-23092,"Kitchen, Garden & Pets"
SUP022,BB-23180,"Kitchen, Garden & Pets"
SUP023,BB-23180,"Kitchen, Garden & Pets"
SUP024,BB-23180,"Kitchen, Garden & Pets"
SUP019,BB-23180,"Kitchen, Garden & Pets"
SUP020,BB-23472,"Kitchen, Garden & Pets"
SUP022,BB-23472,"Kitchen, Garden & Pets"
SUP021,BB-23472,"Kitchen, Garden & Pets"
SUP021,BB-23481,"Kitchen, Garden & Pets"
SUP020,BB-23481,"Kitchen, Garden & Pets"
SUP023,BB-2351,"Kitchen, Garden & Pets"
SUP022,BB-2351,"Kitchen, Garden & Pets"
SUP024,BB-2351,"Kitchen, Garden & Pets"
SUP019,BB-2354,"Kitchen, Garden & Pets"
SUP023,BB-2354,"Kitchen, Garden & Pets"
SUP024,BB-23560,"Kitchen, Garden & Pets"
SUP019,BB-23560,"Kitchen, Garden & Pets"
SUP022,BB-2358,"Kitchen, Garden & Pets"
SUP020,BB-2358,"Kitchen, Garden & Pets"
SUP021,BB-2358,"Kitchen, Garden & Pets"
SUP020,BB-23583,"Kitchen, Garden & Pets"
SUP022,BB-23583,"Kitchen, Garden & Pets"
SUP021,BB-23592,"Kitchen, Garden & Pets"
SUP023,BB-23592,"Kitchen, Garden & Pets"
SUP024,BB-23592,"Kitchen, Garden & Pets"
SUP019,BB-23592,"Kitchen, Garden & Pets"
SUP023,BB-23632,"Kitchen, Garden & Pets"
SUP020,BB-23632,"Kitchen, Garden & Pets"
SUP019,BB-23855,"Kitchen, Garden & Pets"
SUP021,BB-23855,"Kitchen, Garden & Pets"
SUP024,BB-24171,"Kitchen, Garden & Pets"
SUP022,BB-24171,"Kitchen, Garden & Pets"
SUP023,BB-24171,"Kitchen, Garden & Pets"
SUP022,BB-24196,"Kitchen, Garden & Pets"
SUP024,BB-24196,"Kitchen, Garden & Pets"
SUP020,BB-24228,"Kitchen, Garden & Pets"
SUP019,BB-24228,"Kitchen, Garden & Pets"
SUP021,BB-24228,"Kitchen, Garden & Pets"
SUP021,BB-24591,"Kitchen, Garden & Pets"
SUP020,BB-24591,"Kitchen, Garden & Pets"
SUP023,BB-2465,"Kitchen, Garden & Pets"
SUP022,BB-2465,"Kitchen, Garden & Pets"
SUP024,BB-2465,"Kitchen, Garden & Pets"
SUP019,BB-2465,"Kitchen, Garden & Pets"
SUP019,BB-24692,"Kitchen, Garden & Pets"
SUP023,BB-24692,"Kitchen, Garden & Pets"
SUP020,BB-24692,"Kitchen, Garden & Pets"
SUP024,BB-24738,"Kitchen, Garden & Pets"
SUP021,BB-24738,"Kitchen, Garden & Pets"
SUP022,BB-24823,"Kitchen, Garden & Pets"
SUP023,BB-24823,"Kitchen, Garden & Pets"
SUP020,BB-24832,"Kitchen, Garden & Pets"
SUP022,BB-24832,"Kitchen, Garden & Pets"
SUP021,BB-24863,"Kitchen, Garden & Pets"
SUP024,BB-24863,"Kitchen, Garden & Pets"
SUP023,BB-24955,"Kitchen, Garden & Pets"
SUP019,BB-24955,"Kitchen, Garden & Pets"
SUP020,BB-24955,"Kitchen, Garden & Pets"
SUP019,BB-25101,"Kitchen, Garden & Pets"
SUP021,BB-25101,"Kitchen, Garden & Pets"
SUP022,BB-25101,"Kitchen, Garden & Pets"
SUP024,BB-25116,"Kitchen, Garden & Pets"
SUP023,BB-25116,"Kitchen, Garden & Pets"
SUP022,BB-25236,"Kitchen, Garden & Pets"
SUP024,BB-25236,"Kitchen, Garden & Pets"
SUP019,BB-25236,"Kitchen, Garden & Pets"
SUP020,BB-2526,"Kitchen, Garden & Pets"
SUP021,BB-2526,"Kitchen, Garden & Pets"
SUP022,BB-2526,"Kitchen, Garden & Pets"
SUP021,BB-25287,"Kitchen, Garden & Pets"
SUP020,BB-25287,"Kitchen, Garden & Pets"
SUP023,BB-25562,"Kitchen, Garden & Pets"
SUP024,BB-25562,"Kitchen, Garden & Pets"
SUP019,BB-25562,"Kitchen, Garden & Pets"
SUP020,BB-25562,"Kitchen, Garden & Pets"
SUP019,BB-25621,"Kitchen, Garden & Pets"
SUP023,BB-25621,"Kitchen, Garden & Pets"
SUP021,BB-25621,"Kitchen, Garden & Pets"
SUP022,BB-25621,"Kitchen, Garden & Pets"
SUP024,BB-25651,"Kitchen, Garden & Pets"
SUP023,BB-25651,"Kitchen, Garden & Pets"
SUP019,BB-25651,"Kitchen, Garden & Pets"
SUP020,BB-25651,"Kitchen, Garden & Pets"
SUP022,BB-25667,"Kitchen, Garden & Pets"
SUP024,BB-25667,"Kitchen, Garden & Pets"
SUP021,BB-25667,"Kitchen, Garden & Pets"
SUP023,BB-25667,"Kitchen, Garden & Pets"
SUP020,BB-25687,"Kitchen, Garden & Pets"
SUP022,BB-25687,"Kitchen, Garden & Pets"
SUP021,BB-25691,"Kitchen, Garden & Pets"
SUP024,BB-25691,"Kitchen, Garden & Pets"
SUP019,BB-25691,"Kitchen, Garden & Pets"
SUP020,BB-25691,"Kitchen, Garden & Pets"
SUP023,BB-25743,"Kitchen, Garden & Pets"
SUP021,BB-25743,"Kitchen, Garden & Pets"
SUP022,BB-25743,"Kitchen, Garden & Pets"
SUP019,BB-25767,"Kitchen, Garden & Pets"
SUP023,BB-25767,"Kitchen, Garden & Pets"
SUP024,BB-25767,"Kitchen, Garden & Pets"
SUP024,BB-25800,"Kitchen, Garden & Pets"
SUP019,BB-25800,"Kitchen, Garden & Pets"
SUP022,BB-25839,"Kitchen, Garden & Pets"
SUP020,BB-25839,"Kitchen, Garden & Pets"
SUP021,BB-25839,"Kitchen, Garden & Pets"
SUP023,BB-25839,"Kitchen, Garden & Pets"
SUP020,BB-25847,"Kitchen, Garden & Pets"
SUP022,BB-25847,"Kitchen, Garden & Pets"
SUP024,BB-25847,"Kitchen, Garden & Pets"
SUP021,BB-25874,"Kitchen, Garden & Pets"
SUP019,BB-25874,"Kitchen, Garden & Pets"
SUP023,BB-25919,"Kitchen, Garden & Pets"
SUP020,BB-25919,"Kitchen, Garden & Pets"
SUP021,BB-25919,"Kitchen, Garden & Pets"
SUP019,BB-26142,"Kitchen, Garden & Pets"
SUP022,BB-26142,"Kitchen, Garden & Pets"
SUP023,BB-26142,"Kitchen, Garden & Pets"
SUP024,BB-26349,"Kitchen, Garden & Pets"
SUP019,BB-26349,"Kitchen, Garden & Pets"
SUP022,BB-26371,"Kitchen, Garden & Pets"
SUP024,BB-26371,"Kitchen, Garden & Pets"
SUP020,BB-26371,"Kitchen, Garden & Pets"
SUP021,BB-26371,"Kitchen, Garden & Pets"
SUP020,BB-26378,"Kitchen, Garden & Pets"
SUP022,BB-26378,"Kitchen, Garden & Pets"
SUP021,BB-26470,"Kitchen, Garden & Pets"
SUP023,BB-26470,"Kitchen, Garden & Pets"
SUP023,BB-26489,"Kitchen, Garden & Pets"
SUP024,BB-26489,"Kitchen, Garden & Pets"
SUP019,BB-26534,"Kitchen, Garden & Pets"
SUP020,BB-26534,"Kitchen, Garden & Pets"
SUP021,BB-26534,"Kitchen, Garden & Pets"
SUP024,BB-2660,"Kitchen, Garden & Pets"
SUP019,BB-2660,"Kitchen, Garden & Pets"
SUP022,BB-2660,"Kitchen, Garden & Pets"
SUP022,BB-26609,"Kitchen, Garden & Pets"
SUP023,BB-26609,"Kitchen, Garden & Pets"
SUP024,BB-26609,"Kitchen, Garden & Pets"
SUP019,BB-26609,"Kitchen, Garden & Pets"
SUP020,BB-2661,"Kitchen, Garden & Pets"
SUP021,BB-2661,"Kitchen, Garden & Pets"
SUP021,BB-26700,"Kitchen, Garden & Pets"
SUP020,BB-26700,"Kitchen, Garden & Pets"
SUP022,BB-26700,"Kitchen, Garden & Pets"
SUP023,BB-26851,"Kitchen, Garden & Pets"
SUP024,BB-26851,"Kitchen, Garden & Pets"
SUP019,BB-26851,"Kitchen, Garden & Pets"
SUP019,BB-2694,"Kitchen, Garden & Pets"
SUP023,BB-2694,"Kitchen, Garden & Pets"
SUP020,BB-2694,"Kitchen, Garden & Pets"
SUP024,BB-27065,"Kitchen, Garden & Pets"
SUP021,BB-27065,"Kitchen, Garden & Pets"
SUP022,BB-27065,"Kitchen, Garden & Pets"
SUP022,BB-27085,"Kitchen, Garden & Pets"
SUP023,BB-27085,"Kitchen, Garden & Pets"
SUP024,BB-27085,"Kitchen, Garden & Pets"
SUP020,BB-27169,"Kitchen, Garden & Pets"
SUP019,BB-27169,"Kitchen, Garden & Pets"
SUP021,BB-27183,"Kitchen, Garden & Pets"
SUP020,BB-27183,"Kitchen, Garden & Pets"
SUP022,BB-27183,"Kitchen, Garden & Pets"
SUP023,BB-27309,"Kitchen, Garden & Pets"
SUP021,BB-27309,"Kitchen, Garden & Pets"
SUP024,BB-27309,"Kitchen, Garden & Pets"
SUP019,BB-27451,"Kitchen, Garden & Pets"
SUP023,BB-27451,"Kitchen, Garden & Pets"
SUP020,BB-27451,"Kitchen, Garden & Pets"
SUP024,BB-27535,"Kitchen, Garden & Pets"
SUP019,BB-27535,"Kitchen, Garden & Pets"
SUP022,BB-2822,"Kitchen, Garden & Pets"
SUP021,BB-2822,"Kitchen, Garden & Pets"
SUP023,BB-2822,"Kitchen, Garden & Pets"
SUP020,BB-2969,"Kitchen, Garden & Pets"
SUP022,BB-2969,"Kitchen, Garden & Pets"
SUP021,BB-2975,"Kitchen, Garden & Pets"
SUP024,BB-2975,"Kitchen, Garden & Pets"
SUP023,BB-2989,"Kitchen, Garden & Pets"
SUP019,BB-2989,"Kitchen, Garden & Pets"
SUP019,BB-3024,"Kitchen, Garden & Pets"
SUP020,BB-3024,"Kitchen, Garden & Pets"
SUP024,BB-3082,"Kitchen, Garden & Pets"
SUP021,BB-3082,"Kitchen, Garden & Pets"
SUP022,BB-3082,"Kitchen, Garden & Pets"
SUP022,BB-3181,"Kitchen, Garden & Pets"
SUP023,BB-3181,"Kitchen, Garden & Pets"
SUP024,BB-3181,"Kitchen, Garden & Pets"
SUP020,BB-322,"Kitchen, Garden & Pets"
SUP019,BB-322,"Kitchen, Garden & Pets"
SUP021,BB-322,"Kitchen, Garden & Pets"
SUP021,BB-3237,"Kitchen, Garden & Pets"
SUP020,BB-3237,"Kitchen, Garden & Pets"
SUP022,BB-3237,"Kitchen, Garden & Pets"
SUP023,BB-3237,"Kitchen, Garden & Pets"
SUP023,BB-3287,"Kitchen, Garden & Pets"
SUP024,BB-3287,"Kitchen, Garden & Pets"
SUP019,BB-3348,"Kitchen, Garden & Pets"
SUP020,BB-3348,"Kitchen, Garden & Pets"
SUP021,BB-3348,"Kitchen, Garden & Pets"
SUP024,BB-3551,"Kitchen, Garden & Pets"
SUP019,BB-3551,"Kitchen, Garden & Pets"
SUP022,BB-3551,"Kitchen, Garden & Pets"
SUP022,BB-3595,"Kitchen, Garden & Pets"
SUP023,BB-3595,"Kitchen, Garden & Pets"
SUP020,BB-371,"Kitchen, Garden & Pets"
SUP024,BB-371,"Kitchen, Garden & Pets"
SUP021,BB-3844,"Kitchen, Garden & Pets"
SUP019,BB-3844,"Kitchen, Garden & Pets"
SUP020,BB-3844,"Kitchen, Garden & Pets"
SUP023,BB-3894,"Kitchen, Garden & Pets"
SUP021,BB-3894,"Kitchen, Garden & Pets"
SUP019,BB-392,"Kitchen, Garden & Pets"
SUP022,BB-392,"Kitchen, Garden & Pets"
SUP024,BB-4050,"Kitchen, Garden & Pets"
SUP023,BB-4050,"Kitchen, Garden & Pets"
SUP019,BB-4050,"Kitchen, Garden & Pets"
SUP022,BB-4111,"Kitchen, Garden & Pets"
SUP024,BB-4111,"Kitchen, Garden & Pets"
SUP020,BB-4127,"Kitchen, Garden & Pets"
SUP021,BB-4127,"Kitchen, Garden & Pets"
SUP022,BB-4127,"Kitchen, Garden & Pets"
SUP021,BB-4315,"Kitchen, Garden & Pets"
SUP020,BB-4315,"Kitchen, Garden & Pets"
SUP023,BB-4317,"Kitchen, Garden & Pets"
SUP024,BB-4317,"Kitchen, Garden & Pets"
SUP019,BB-4480,"Kitchen, Garden & Pets"
SUP023,BB-4480,"Kitchen, Garden & Pets"
SUP024,BB-45,"Kitchen, Garden & Pets"
SUP019,BB-45,"Kitchen, Garden & Pets"
SUP022,BB-4527,"Kitchen, Garden & Pets"
SUP020,BB-4527,"Kitchen, Garden & Pets"
SUP020,BB-4570,"Kitchen, Garden & Pets"
SUP021,BB-4570,"Kitchen, Garden & Pets"
SUP022,BB-4570,"Kitchen, Garden & Pets"
SUP021,BB-4579,"Kitchen, Garden & Pets"
SUP023,BB-4579,"Kitchen, Garden & Pets"
SUP023,BB-465,"Kitchen, Garden & Pets"
SUP024,BB-465,"Kitchen, Garden & Pets"
SUP019,BB-4701,"Kitchen, Garden & Pets"
SUP020,BB-4701,"Kitchen, Garden & Pets"
SUP024,BB-4762,"Kitchen, Garden & Pets"
SUP019,BB-4762,"Kitchen, Garden & Pets"
SUP022,BB-4797,"Kitchen, Garden & Pets"
SUP021,BB-4797,"Kitchen, Garden & Pets"
SUP023,BB-4797,"Kitchen, Garden & Pets"
SUP024,BB-4797,"Kitchen, Garden & Pets"
SUP020,BB-4899,"Kitchen, Garden & Pets"
SUP022,BB-4899,"Kitchen, Garden & Pets"
SUP021,BB-4965,"Kitchen, Garden & Pets"
SUP019,BB-4965,"Kitchen, Garden & Pets"
SUP020,BB-4965,"Kitchen, Garden & Pets"
SUP023,BB-4990,"Kitchen, Garden & Pets"
SUP021,BB-4990,"Kitchen, Garden & Pets"
SUP019,BB-5131,"Kitchen, Garden & Pets"
SUP022,BB-5131,"Kitchen, Garden & Pets"
SUP024,BB-5427,"Kitchen, Garden & Pets"
SUP023,BB-5427,"Kitchen, Garden & Pets"
SUP022,BB-549,"Kitchen, Garden & Pets"
SUP024,BB-549,"Kitchen, Garden & Pets"
SUP019,BB-549,"Kitchen, Garden & Pets"
SUP020,BB-5628,"Kitchen, Garden & Pets"
SUP021,BB-5628,"Kitchen, Garden & Pets"
SUP022,BB-5628,"Kitchen, Garden & Pets"
SUP021,BB-5650,"Kitchen, Garden & Pets"
SUP020,BB-5650,"Kitchen, Garden & Pets"
SUP023,BB-5796,"Kitchen, Garden & Pets"
SUP024,BB-5796,"Kitchen, Garden & Pets"
SUP019,BB-5830,"Kitchen, Garden & Pets"
SUP023,BB-5830,"Kitchen, Garden & Pets"
SUP020,BB-5830,"Kitchen, Garden & Pets"
SUP024,BB-5863,"Kitchen, Garden & Pets"
SUP019,BB-5863,"Kitchen, Garden & Pets"
SUP021,BB-5863,"Kitchen, Garden & Pets"
SUP022,BB-588,"Kitchen, Garden & Pets"
SUP023,BB-588,"Kitchen, Garden & Pets"
SUP024,BB-588,"Kitchen, Garden & Pets"
SUP020,BB-5891,"Kitchen, Garden & Pets"
SUP022,BB-5891,"Kitchen, Garden & Pets"
SUP019,BB-5891,"Kitchen, Garden & Pets"
SUP021,BB-5891,"Kitchen, Garden & Pets"
SUP021,BB-5983,"Kitchen, Garden & Pets"
SUP020,BB-5983,"Kitchen, Garden & Pets"
SUP023,BB-6050,"Kitchen, Garden & Pets"
SUP022,BB-6050,"Kitchen, Garden & Pets"
SUP019,BB-6053,"Kitchen, Garden & Pets"
SUP023,BB-6053,"Kitchen, Garden & Pets"
SUP024,BB-6053,"Kitchen, Garden & Pets"
SUP024,BB-6063,"Kitchen, Garden & Pets"
SUP019,BB-6063,"Kitchen, Garden & Pets"
SUP020,BB-6063,"Kitchen, Garden & Pets"
SUP022,BB-6132,"Kitchen, Garden & Pets"
SUP021,BB-6132,"Kitchen, Garden & Pets"
SUP023,BB-6132,"Kitchen, Garden & Pets"
SUP020,BB-63,"Kitchen, Garden & Pets"
SUP022,BB-63,"Kitchen, Garden & Pets"
SUP024,BB-63,"Kitchen, Garden & Pets"
SUP019,BB-63,"Kitchen, Garden & Pets"
SUP021,BB-6361,"Kitchen, Garden & Pets"
SUP020,BB-6361,"Kitchen, Garden & Pets"
SUP023,BB-638,"Kitchen, Garden & Pets"
SUP021,BB-638,"Kitchen, Garden & Pets"
SUP022,BB-638,"Kitchen, Garden & Pets"
SUP019,BB-6397,"Kitchen, Garden & Pets"
SUP023,BB-6397,"Kitchen, Garden & Pets"
SUP024,BB-6397,"Kitchen, Garden & Pets"
SUP024,BB-6429,"Kitchen, Garden & Pets"
SUP019,BB-6429,"Kitchen, Garden & Pets"
SUP022,BB-647,"Kitchen, Garden & Pets"
SUP020,BB-647,"Kitchen, Garden & Pets"
SUP020,BB-6499,"Kitchen, Garden & Pets"
SUP021,BB-6499,"Kitchen, Garden & Pets"
SUP021,BB-6505,"Kitchen, Garden & Pets"
SUP022,BB-6505,"Kitchen, Garden & Pets"
SUP023,BB-6649,"Kitchen, Garden & Pets"
SUP024,BB-6649,"Kitchen, Garden & Pets"
SUP019,BB-6678,"Kitchen, Garden & Pets"
SUP023,BB-6678,"Kitchen, Garden & Pets"
SUP024,BB-6734,"Kitchen, Garden & Pets"
SUP019,BB-6734,"Kitchen, Garden & Pets"
SUP022,BB-6823,"Kitchen, Garden & Pets"
SUP020,BB-6823,"Kitchen, Garden & Pets"
SUP021,BB-6823,"Kitchen, Garden & Pets"
SUP020,BB-6873,"Kitchen, Garden & Pets"
SUP022,BB-6873,"Kitchen, Garden & Pets"
SUP021,BB-6895,"Kitchen, Garden & Pets"
SUP023,BB-6895,"Kitchen, Garden & Pets"
SUP024,BB-6895,"Kitchen, Garden & Pets"
SUP019,BB-6895,"Kitchen, Garden & Pets"
SUP023,BB-6935,"Kitchen, Garden & Pets"
SUP020,BB-6935,"Kitchen, Garden & Pets"
SUP021,BB-6935,"Kitchen, Garden & Pets"
SUP019,BB-705,"Kitchen, Garden & Pets"
SUP022,BB-705,"Kitchen, Garden & Pets"
SUP024,BB-7083,"Kitchen, Garden & Pets"
SUP023,BB-7083,"Kitchen, Garden & Pets"
SUP019,BB-7083,"Kitchen, Garden & Pets"
SUP022,BB-7102,"Kitchen, Garden & Pets"
SUP024,BB-7102,"Kitchen, Garden & Pets"
SUP020,BB-711,"Kitchen, Garden & Pets"
SUP021,BB-711,"Kitchen, Garden & Pets"
SUP021,BB-7167,"Kitchen, Garden & Pets"
SUP020,BB-7167,"Kitchen, Garden & Pets"
SUP023,BB-719,"Kitchen, Garden & Pets"
SUP022,BB-719,"Kitchen, Garden & Pets"
SUP019,BB-7263,"Kitchen, Garden & Pets"
SUP023,BB-7263,"Kitchen, Garden & Pets"
SUP024,BB-7263,"Kitchen, Garden & Pets"
SUP024,BB-7274,"Kitchen, Garden & Pets"
SUP019,BB-7274,"Kitchen, Garden & Pets"
SUP022,BB-7300,"Kitchen, Garden & Pets"
SUP020,BB-7300,"Kitchen, Garden & Pets"
SUP021,BB-7300,"Kitchen, Garden & Pets"
SUP023,BB-7300,"Kitchen, Garden & Pets"
SUP020,BB-7385,"Kitchen, Garden & Pets"
SUP022,BB-7385,"Kitchen, Garden & Pets"
SUP021,BB-7575,"Kitchen, Garden & Pets"
SUP024,BB-7575,"Kitchen, Garden & Pets"
SUP023,BB-7601,"Kitchen, Garden & Pets"
SUP019,BB-7601,"Kitchen, Garden & Pets"
SUP020,BB-7601,"Kitchen, Garden & Pets"
SUP019,BB-7604,"Kitchen, Garden & Pets"
SUP021,BB-7604,"Kitchen, Garden & Pets"
SUP022,BB-7604,"Kitchen, Garden & Pets"
SUP024,BB-762,"Kitchen, Garden & Pets"
SUP023,BB-762,"Kitchen, Garden & Pets"
SUP019,BB-762,"Kitchen, Garden & Pets"
SUP022,BB-7707,"Kitchen, Garden & Pets"
SUP024,BB-7707,"Kitchen, Garden & Pets"
SUP020,BB-7754,"Kitchen, Garden & Pets"
SUP021,BB-7754,"Kitchen, Garden & Pets"
SUP022,BB-7754,"Kitchen, Garden & Pets"
SUP021,BB-7858,"Kitchen, Garden & Pets"
SUP020,BB-7858,"Kitchen, Garden & Pets"
SUP023,BB-7858,"Kitchen, Garden & Pets"
SUP023,BB-7945,"Kitchen, Garden & Pets"
SUP024,BB-7945,"Kitchen, Garden & Pets"
SUP019,BB-798,"Kitchen, Garden & Pets"
SUP020,BB-798,"Kitchen, Garden & Pets"
SUP024,BB-800,"Kitchen, Garden & Pets"
SUP019,BB-800,"Kitchen, Garden & Pets"
SUP022,BB-8048,"Kitchen, Garden & Pets"
SUP021,BB-8048,"Kitchen, Garden & Pets"
SUP020,BB-8376,"Kitchen, Garden & Pets"
SUP022,BB-8376,"Kitchen, Garden & Pets"
SUP023,BB-8376,"Kitchen, Garden & Pets"
SUP021,BB-8394,"Kitchen, Garden & Pets"
SUP024,BB-8394,"Kitchen, Garden & Pets"
SUP019,BB-8394,"Kitchen, Garden & Pets"
SUP023,BB-8450,"Kitchen, Garden & Pets"
SUP020,BB-8450,"Kitchen, Garden & Pets"
SUP021,BB-8450,"Kitchen, Garden & Pets"
SUP022,BB-8450,"Kitchen, Garden & Pets"
SUP019,BB-8506,"Kitchen, Garden & Pets"
SUP023,BB-8506,"Kitchen, Garden & Pets"
SUP024,BB-8506,"Kitchen, Garden & Pets"
SUP024,BB-851,"Kitchen, Garden & Pets"
SUP019,BB-851,"Kitchen, Garden & Pets"
SUP022,BB-8548,"Kitchen, Garden & Pets"
SUP020,BB-8548,"Kitchen, Garden & Pets"
SUP020,BB-8564,"Kitchen, Garden & Pets"
SUP021,BB-8564,"Kitchen, Garden & Pets"
SUP022,BB-8564,"Kitchen, Garden & Pets"
SUP021,BB-8630,"Kitchen, Garden & Pets"
SUP023,BB-8630,"Kitchen, Garden & Pets"
SUP023,BB-8675,"Kitchen, Garden & Pets"
SUP024,BB-8675,"Kitchen, Garden & Pets"
SUP019,BB-8675,"Kitchen, Garden & Pets"
SUP020,BB-8675,"Kitchen, Garden & Pets"
SUP019,BB-87,"Kitchen, Garden & Pets"
SUP021,BB-87,"Kitchen, Garden & Pets"
SUP024,BB-8727,"Kitchen, Garden & Pets"
SUP022,BB-8727,"Kitchen, Garden & Pets"
SUP023,BB-8727,"Kitchen, Garden & Pets"
SUP019,BB-8727,"Kitchen, Garden & Pets"
SUP022,BB-8843,"Kitchen, Garden & Pets"
SUP024,BB-8843,"Kitchen, Garden & Pets"
SUP020,BB-8918,"Kitchen, Garden & Pets"
SUP021,BB-8918,"Kitchen, Garden & Pets"
SUP022,BB-8918,"Kitchen, Garden & Pets"
SUP021,BB-9005,"Kitchen, Garden & Pets"
SUP020,BB-9005,"Kitchen, Garden & Pets"
SUP023,BB-9014,"Kitchen, Garden & Pets"
SUP024,BB-9014,"Kitchen, Garden & Pets"
SUP019,BB-9014,"Kitchen, Garden & Pets"
SUP019,BB-9066,"Kitchen, Garden & Pets"
SUP023,BB-9066,"Kitchen, Garden & Pets"
SUP020,BB-9066,"Kitchen, Garden & Pets"
SUP021,BB-9066,"Kitchen, Garden & Pets"
SUP024,BB-9421,"Kitchen, Garden & Pets"
SUP022,BB-9421,"Kitchen, Garden & Pets"
SUP022,BB-9446,"Kitchen, Garden & Pets"
SUP023,BB-9446,"Kitchen, Garden & Pets"
SUP024,BB-9446,"Kitchen, Garden & Pets"
SUP020,BB-9483,"Kitchen, Garden & Pets"
SUP019,BB-9483,"Kitchen, Garden & Pets"
SUP021,BB-9483,"Kitchen, Garden & Pets"
SUP021,BB-958,"Kitchen, Garden & Pets"
SUP020,BB-958,"Kitchen, Garden & Pets"
SUP023,BB-9619,"Kitchen, Garden & Pets"
SUP022,BB-9619,"Kitchen, Garden & Pets"
SUP024,BB-9619,"Kitchen, Garden & Pets"
SUP019,BB-9886,"Kitchen, Garden & Pets"
SUP023,BB-9886,"Kitchen, Garden & Pets"
SUP020,BB-9886,"Kitchen, Garden & Pets"
SUP024,BB-9943,"Kitchen, Garden & Pets"
SUP019,BB-9943,"Kitchen, Garden & Pets"
SUP021,BB-9943,"Kitchen, Garden & Pets"
SUP022,BB-9956,"Kitchen, Garden & Pets"
SUP023,BB-9956,"Kitchen, Garden & Pets"
SUP029,BB-10059,Snacks & Branded Foods
SUP026,BB-10059,Snacks & Branded Foods
SUP027,BB-10059,Snacks & Branded Foods
SUP025,BB-10157,Snacks & Branded Foods
SUP030,BB-10157,Snacks & Branded Foods
SUP026,BB-10157,Snacks & Branded Foods
SUP028,BB-10158,Snacks & Branded Foods
SUP025,BB-10158,Snacks & Branded Foods
SUP030,BB-1023,Snacks & Branded Foods
SUP027,BB-1023,Snacks & Branded Foods
SUP028,BB-1023,Snacks & Branded Foods
SUP029,BB-1023,Snacks & Branded Foods
SUP026,BB-10458,Snacks & Branded Foods
SUP030,BB-10458,Snacks & Branded Foods
SUP027,BB-10769,Snacks & Branded Foods
SUP025,BB-10769,Snacks & Branded Foods
SUP029,BB-1078,Snacks & Branded Foods
SUP026,BB-1078,Snacks & Branded Foods
SUP027,BB-1078,Snacks & Branded Foods
SUP025,BB-10809,Snacks & Branded Foods
SUP028,BB-10809,Snacks & Branded Foods
SUP029,BB-10809,Snacks & Branded Foods
SUP030,BB-10809,Snacks & Branded Foods
SUP028,BB-10922,Snacks & Branded Foods
SUP025,BB-10922,Snacks & Branded Foods
SUP026,BB-10922,Snacks & Branded Foods
SUP030,BB-10949,Snacks & Branded Foods
SUP027,BB-10949,Snacks & Branded Foods
SUP028,BB-10949,Snacks & Branded Foods
SUP026,BB-10957,Snacks & Branded Foods
SUP029,BB-10957,Snacks & Branded Foods
SUP030,BB-10957,Snacks & Branded Foods
SUP027,BB-10995,Snacks & Branded Foods
SUP025,BB-10995,Snacks & Branded Foods
SUP029,BB-11047,Snacks & Branded Foods
SUP026,BB-11047,Snacks & Branded Foods
SUP027,BB-11047,Snacks & Branded Foods
SUP028,BB-11047,Snacks & Branded Foods
SUP025,BB-1107,Snacks & Branded Foods
SUP029,BB-1107,Snacks & Branded Foods
SUP030,BB-1107,Snacks & Branded Foods
SUP028,BB-11170,Snacks & Branded Foods
SUP025,BB-11170,Snacks & Branded Foods
SUP026,BB-11170,Snacks & Branded Foods
SUP030,BB-11287,Snacks & Branded Foods
SUP027,BB-11287,Snacks & Branded Foods
SUP026,BB-11295,Snacks & Branded Foods
SUP028,BB-11295,Snacks & Branded Foods
SUP029,BB-11295,Snacks & Branded Foods
SUP027,BB-11338,Snacks & Branded Foods
SUP030,BB-11338,Snacks & Branded Foods
SUP025,BB-11338,Snacks & Branded Foods
SUP029,BB-11347,Snacks & Branded Foods
SUP026,BB-11347,Snacks & Branded Foods
SUP025,BB-11474,Snacks & Branded Foods
SUP027,BB-11474,Snacks & Branded Foods
SUP028,BB-11474,Snacks & Branded Foods
SUP028,BB-11667,Snacks & Branded Foods
SUP029,BB-11667,Snacks & Branded Foods
SUP030,BB-11849,Snacks & Branded Foods
SUP025,BB-11849,Snacks & Branded Foods
SUP026,BB-11849,Snacks & Branded Foods
SUP027,BB-11849,Snacks & Branded Foods
SUP026,BB-119,Snacks & Branded Foods
SUP030,BB-119,Snacks & Branded Foods
SUP028,BB-119,Snacks & Branded Foods
SUP027,BB-11908,Snacks & Branded Foods
SUP029,BB-11908,Snacks & Branded Foods
SUP029,BB-12007,Snacks & Branded Foods
SUP030,BB-12007,Snacks & Branded Foods
SUP025,BB-12007,Snacks & Branded Foods
SUP025,BB-12255,Snacks & Branded Foods
SUP026,BB-12255,Snacks & Branded Foods
SUP027,BB-12255,Snacks & Branded Foods
SUP028,BB-12255,Snacks & Branded Foods
SUP028,BB-12354,Snacks & Branded Foods
SUP029,BB-12354,Snacks & Branded Foods
SUP030,BB-12396,Snacks & Branded Foods
SUP025,BB-12396,Snacks & Branded Foods
SUP026,BB-12519,Snacks & Branded Foods
SUP030,BB-12519,Snacks & Branded Foods
SUP027,BB-12597,Snacks & Branded Foods
SUP026,BB-12597,Snacks & Branded Foods
SUP028,BB-12597,Snacks & Branded Foods
SUP029,BB-12671,Snacks & Branded Foods
SUP027,BB-12671,Snacks & Branded Foods
SUP030,BB-12671,Snacks & Branded Foods
SUP025,BB-12728,Snacks & Branded Foods
SUP029,BB-12728,Snacks & Branded Foods
SUP026,BB-12728,Snacks & Branded Foods
SUP028,BB-12804,Snacks & Branded Foods
SUP025,BB-12804,Snacks & Branded Foods
SUP027,BB-12804,Snacks & Branded Foods
SUP030,BB-13018,Snacks & Branded Foods
SUP028,BB-13018,Snacks & Branded Foods
SUP026,BB-13417,Snacks & Branded Foods
SUP029,BB-13417,Snacks & Branded Foods
SUP027,BB-1347,Snacks & Branded Foods
SUP030,BB-1347,Snacks & Branded Foods
SUP025,BB-1347,Snacks & Branded Foods
SUP029,BB-1369,Snacks & Branded Foods
SUP026,BB-1369,Snacks & Branded Foods
SUP027,BB-1369,Snacks & Branded Foods
SUP025,BB-13939,Snacks & Branded Foods
SUP028,BB-13939,Snacks & Branded Foods
SUP029,BB-13939,Snacks & Branded Foods
SUP028,BB-13990,Snacks & Branded Foods
SUP030,BB-13990,Snacks & Branded Foods
SUP030,BB-14137,Snacks & Branded Foods
SUP025,BB-14137,Snacks & Branded Foods
SUP026,BB-14243,Snacks & Branded Foods
SUP027,BB-14243,Snacks & Branded Foods
SUP027,BB-14332,Snacks & Branded Foods
SUP026,BB-14332,Snacks & Branded Foods
SUP029,BB-1438,Snacks & Branded Foods
SUP028,BB-1438,Snacks & Branded Foods
SUP030,BB-1438,Snacks & Branded Foods
SUP025,BB-1438,Snacks & Branded Foods
SUP025,BB-14437,Snacks & Branded Foods
SUP029,BB-14437,Snacks & Branded Foods
SUP028,BB-14740,Snacks & Branded Foods
SUP026,BB-14740,Snacks & Branded Foods
SUP027,BB-14740,Snacks & Branded Foods
SUP029,BB-14740,Snacks & Branded Foods
SUP030,BB-14773,Snacks & Branded Foods
SUP028,BB-14773,Snacks & Branded Foods
SUP026,BB-14788,Snacks & Branded Foods
SUP030,BB-14788,Snacks & Branded Foods
SUP027,BB-14856,Snacks & Branded Foods
SUP025,BB-14856,Snacks & Branded Foods
SUP029,BB-14997,Snacks & Branded Foods
SUP026,BB-14997,Snacks & Branded Foods
SUP025,BB-15037,Snacks & Branded Foods
SUP027,BB-15037,Snacks & Branded Foods
SUP028,BB-151,Snacks & Branded Foods
SUP029,BB-151,Snacks & Branded Foods
SUP030,BB-15177,Snacks & Branded Foods
SUP028,BB-15177,Snacks & Branded Foods
SUP026,BB-15190,Snacks & Branded Foods
SUP030,BB-15190,Snacks & Branded Foods
SUP025,BB-15190,Snacks & Branded Foods
SUP027,BB-1521,Snacks & Branded Foods
SUP026,BB-1521,Snacks & Branded Foods
SUP029,BB-15548,Snacks & Branded Foods
SUP027,BB-15548,Snacks & Branded Foods
SUP025,BB-15600,Snacks & Branded Foods
SUP028,BB-15600,Snacks & Branded Foods
SUP029,BB-15600,Snacks & Branded Foods
SUP028,BB-15769,Snacks & Branded Foods
SUP030,BB-15769,Snacks & Branded Foods
SUP030,BB-1586,Snacks & Branded Foods
SUP025,BB-1586,Snacks & Branded Foods
SUP026,BB-1586,Snacks & Branded Foods
SUP026,BB-16053,Snacks & Branded Foods
SUP027,BB-16053,Snacks & Branded Foods
SUP028,BB-16053,Snacks & Branded Foods
SUP027,BB-16119,Snacks & Branded Foods
SUP029,BB-16119,Snacks & Branded Foods
SUP030,BB-16119,Snacks & Branded Foods
SUP029,BB-16132,Snacks & Branded Foods
SUP025,BB-16132,Snacks & Branded Foods
SUP025,BB-16134,Snacks & Branded Foods
SUP026,BB-16134,Snacks & Branded Foods
SUP027,BB-16134,Snacks & Branded Foods
SUP028,BB-16134,Snacks & Branded Foods
SUP028,BB-16209,Snacks & Branded Foods
SUP029,BB-16209,Snacks & Branded Foods
SUP030,BB-16490,Snacks & Branded Foods
SUP025,BB-16490,Snacks & Branded Foods
SUP026,BB-1665,Snacks & Branded Foods
SUP030,BB-1665,Snacks & Branded Foods
SUP027,BB-16737,Snacks & Branded Foods
SUP026,BB-16737,Snacks & Branded Foods
SUP028,BB-16737,Snacks & Branded Foods
SUP029,BB-17001,Snacks & Branded Foods
SUP027,BB-17001,Snacks & Branded Foods
SUP030,BB-17001,Snacks & Branded Foods
SUP025,BB-17001,Snacks & Branded Foods
SUP025,BB-17051,Snacks & Branded Foods
SUP029,BB-17051,Snacks & Branded Foods
SUP028,BB-17088,Snacks & Branded Foods
SUP026,BB-17088,Snacks & Branded Foods
SUP030,BB-17102,Snacks & Branded Foods
SUP027,BB-17102,Snacks & Branded Foods
SUP026,BB-17396,Snacks & Branded Foods
SUP028,BB-17396,Snacks & Branded Foods
SUP029,BB-17396,Snacks & Branded Foods
SUP027,BB-17476,Snacks & Branded Foods
SUP030,BB-17476,Snacks & Branded Foods
SUP029,BB-17499,Snacks & Branded Foods
SUP025,BB-17499,Snacks & Branded Foods
SUP025,BB-17706,Snacks & Branded Foods
SUP026,BB-17706,Snacks & Branded Foods
SUP027,BB-17706,Snacks & Branded Foods
SUP028,BB-17802,Snacks & Branded Foods
SUP029,BB-17802,Snacks & Branded Foods
SUP030,BB-18010,Snacks & Branded Foods
SUP028,BB-18010,Snacks & Branded Foods
SUP025,BB-18010,Snacks & Branded Foods
SUP026,BB-18067,Snacks & Branded Foods
SUP030,BB-18067,Snacks & Branded Foods
SUP027,BB-18122,Snacks & Branded Foods
SUP026,BB-18122,Snacks & Branded Foods
SUP028,BB-18122,Snacks & Branded Foods
SUP029,BB-18266,Snacks & Branded Foods
SUP027,BB-18266,Snacks & Branded Foods
SUP025,BB-18307,Snacks & Branded Foods
SUP029,BB-18307,Snacks & Branded Foods
SUP030,BB-18307,Snacks & Branded Foods
SUP028,BB-18542,Snacks & Branded Foods
SUP025,BB-18542,Snacks & Branded Foods
SUP026,BB-18542,Snacks & Branded Foods
SUP030,BB-18645,Snacks & Branded Foods
SUP027,BB-18645,Snacks & Branded Foods
SUP026,BB-18911,Snacks & Branded Foods
SUP028,BB-18911,Snacks & Branded Foods
SUP027,BB-18943,Snacks & Branded Foods
SUP029,BB-18943,Snacks & Branded Foods
SUP030,BB-18943,Snacks & Branded Foods
SUP025,BB-18943,Snacks & Branded Foods
SUP029,BB-190,Snacks & Branded Foods
SUP026,BB-190,Snacks & Branded Foods
SUP025,BB-19021,Snacks & Branded Foods
SUP027,BB-19021,Snacks & Branded Foods
SUP028,BB-19027,Snacks & Branded Foods
SUP029,BB-19027,Snacks & Branded Foods
SUP030,BB-19044,Snacks & Branded Foods
SUP028,BB-19044,Snacks & Branded Foods
SUP026,BB-1905,Snacks & Branded Foods
SUP030,BB-1905,Snacks & Branded Foods
SUP025,BB-1905,Snacks & Branded Foods
SUP027,BB-1905,Snacks & Branded Foods
SUP027,BB-191,Snacks & Branded Foods
SUP026,BB-191,Snacks & Branded Foods
SUP028,BB-191,Snacks & Branded Foods
SUP029,BB-19193,Snacks & Branded Foods
SUP030,BB-19193,Snacks & Branded Foods
SUP025,BB-19193,Snacks & Branded Foods
SUP025,BB-19391,Snacks & Branded Foods
SUP029,BB-19391,Snacks & Branded Foods
SUP026,BB-19391,Snacks & Branded Foods
SUP028,BB-19396,Snacks & Branded Foods
SUP027,BB-19396,Snacks & Branded Foods
SUP029,BB-19396,Snacks & Branded Foods
SUP030,BB-19401,Snacks & Branded Foods
SUP028,BB-19401,Snacks & Branded Foods
SUP025,BB-19401,Snacks & Branded Foods
SUP026,BB-19602,Snacks & Branded Foods
SUP030,BB-19602,Snacks & Branded Foods
SUP027,BB-19842,Snacks & Branded Foods
SUP026,BB-19842,Snacks & Branded Foods
SUP028,BB-19842,Snacks & Branded Foods
SUP029,BB-19909,Snacks & Branded Foods
SUP027,BB-19909,Snacks & Branded Foods
SUP030,BB-19909,Snacks & Branded Foods
SUP025,BB-19930,Snacks & Branded Foods
SUP029,BB-19930,Snacks & Branded Foods
SUP026,BB-19930,Snacks & Branded Foods
SUP028,BB-19953,Snacks & Branded Foods
SUP025,BB-19953,Snacks & Branded Foods
SUP027,BB-19953,Snacks & Branded Foods
SUP030,BB-20183,Snacks & Branded Foods
SUP028,BB-20183,Snacks & Branded Foods
SUP026,BB-20500,Snacks & Branded Foods
SUP029,BB-20500,Snacks & Branded Foods
SUP030,BB-20500,Snacks & Branded Foods
SUP027,BB-20527,Snacks & Branded Foods
SUP025,BB-20527,Snacks & Branded Foods
SUP029,BB-20851,Snacks & Branded Foods
SUP026,BB-20851,Snacks & Branded Foods
SUP025,BB-2087,Snacks & Branded Foods
SUP027,BB-2087,Snacks & Branded Foods
SUP028,BB-20885,Snacks & Branded Foods
SUP029,BB-20885,Snacks & Branded Foods
SUP030,BB-20912,Snacks & Branded Foods
SUP028,BB-20912,Snacks & Branded Foods
SUP026,BB-20914,Snacks & Branded Foods
SUP030,BB-20914,Snacks & Branded Foods
SUP025,BB-20914,Snacks & Branded Foods
SUP027,BB-20938,Snacks & Branded Foods
SUP026,BB-20938,Snacks & Branded Foods
SUP028,BB-20938,Snacks & Branded Foods
SUP029,BB-20949,Snacks & Branded Foods
SUP027,BB-20949,Snacks & Branded Foods
SUP025,BB-20969,Snacks & Branded Foods
SUP029,BB-20969,Snacks & Branded Foods
SUP028,BB-2097,Snacks & Branded Foods
SUP030,BB-2097,Snacks & Branded Foods
SUP030,BB-20993,Snacks & Branded Foods
SUP025,BB-20993,Snacks & Branded Foods
SUP026,BB-21150,Snacks & Branded Foods
SUP027,BB-21150,Snacks & Branded Foods
SUP028,BB-21150,Snacks & Branded Foods
SUP027,BB-21499,Snacks & Branded Foods
SUP026,BB-21499,Snacks & Branded Foods
SUP029,BB-21499,Snacks & Branded Foods
SUP029,BB-21615,Snacks & Branded Foods
SUP030,BB-21615,Snacks & Branded Foods
SUP025,BB-21615,Snacks & Branded Foods
SUP025,BB-21751,Snacks & Branded Foods
SUP026,BB-21751,Snacks & Branded Foods
SUP027,BB-21751,Snacks & Branded Foods
SUP028,BB-21751,Snacks & Branded Foods
SUP028,BB-21753,Snacks & Branded Foods
SUP029,BB-21753,Snacks & Branded Foods
SUP030,BB-21753,Snacks & Branded Foods
SUP030,BB-21804,Snacks & Branded Foods
SUP025,BB-21804,Snacks & Branded Foods
SUP026,BB-21863,Snacks & Branded Foods
SUP027,BB-21863,Snacks & Branded Foods
SUP027,BB-21867,Snacks & Branded Foods
SUP026,BB-21867,Snacks & Branded Foods
SUP029,BB-21901,Snacks & Branded Foods
SUP028,BB-21901,Snacks & Branded Foods
SUP025,BB-22050,Snacks & Branded Foods
SUP029,BB-22050,Snacks & Branded Foods
SUP028,BB-22066,Snacks & Branded Foods
SUP030,BB-22066,Snacks & Branded Foods
SUP030,BB-22114,Snacks & Branded Foods
SUP025,BB-22114,Snacks & Branded Foods
SUP026,BB-22239,Snacks & Branded Foods
SUP027,BB-22239,Snacks & Branded Foods
SUP027,BB-22293,Snacks & Branded Foods
SUP026,BB-22293,Snacks & Branded Foods
SUP028,BB-22293,Snacks & Branded Foods
SUP029,BB-22357,Snacks & Branded Foods
SUP030,BB-22357,Snacks & Branded Foods
SUP025,BB-22357,Snacks & Branded Foods
SUP026,BB-22357,Snacks & Branded Foods
SUP025,BB-22506,Snacks & Branded Foods
SUP029,BB-22506,Snacks & Branded Foods
SUP027,BB-22506,Snacks & Branded Foods
SUP028,BB-22511,Snacks & Branded Foods
SUP029,BB-22511,Snacks & Branded Foods
SUP030,BB-22767,Snacks & Branded Foods
SUP028,BB-22767,Snacks & Branded Foods
SUP025,BB-22767,Snacks & Branded Foods
SUP026,BB-2299,Snacks & Branded Foods
SUP030,BB-2299,Snacks & Branded Foods
SUP027,BB-23011,Snacks & Branded Foods
SUP026,BB-23011,Snacks & Branded Foods
SUP028,BB-23011,Snacks & Branded Foods
SUP029,BB-23079,Snacks & Branded Foods
SUP027,BB-23079,Snacks & Branded Foods
SUP025,BB-2312,Snacks & Branded Foods
SUP029,BB-2312,Snacks & Branded Foods
SUP028,BB-23338,Snacks & Branded Foods
SUP030,BB-23338,Snacks & Branded Foods
SUP030,BB-23405,Snacks & Branded Foods
SUP025,BB-23405,Snacks & Branded Foods
SUP026,BB-23405,Snacks & Branded Foods
SUP026,BB-23436,Snacks & Branded Foods
SUP027,BB-23436,Snacks & Branded Foods
SUP027,BB-23487,Snacks & Branded Foods
SUP028,BB-23487,Snacks & Branded Foods
SUP029,BB-23508,Snacks & Branded Foods
SUP030,BB-23508,Snacks & Branded Foods
SUP025,BB-23508,Snacks & Branded Foods
SUP025,BB-2360,Snacks & Branded Foods
SUP029,BB-2360,Snacks & Branded Foods
SUP028,BB-23651,Snacks & Branded Foods
SUP026,BB-23651,Snacks & Branded Foods
SUP030,BB-2366,Snacks & Branded Foods
SUP027,BB-2366,Snacks & Branded Foods
SUP028,BB-2366,Snacks & Branded Foods
SUP026,BB-23976,Snacks & Branded Foods
SUP029,BB-23976,Snacks & Branded Foods
SUP030,BB-23976,Snacks & Branded Foods
SUP027,BB-24293,Snacks & Branded Foods
SUP025,BB-24293,Snacks & Branded Foods
SUP026,BB-24293,Snacks & Branded Foods
SUP029,BB-24340,Snacks & Branded Foods
SUP027,BB-24340,Snacks & Branded Foods
SUP025,BB-24648,Snacks & Branded Foods
SUP028,BB-24648,Snacks & Branded Foods
SUP028,BB-25009,Snacks & Branded Foods
SUP029,BB-25009,Snacks & Branded Foods
SUP030,BB-25009,Snacks & Branded Foods
SUP030,BB-2508,Snacks & Branded Foods
SUP025,BB-2508,Snacks & Branded Foods
SUP026,BB-2508,Snacks & Branded Foods
SUP026,BB-25084,Snacks & Branded Foods
SUP027,BB-25084,Snacks & Branded Foods
SUP027,BB-2509,Snacks & Branded Foods
SUP028,BB-2509,Snacks & Branded Foods
SUP029,BB-2509,Snacks & Branded Foods
SUP029,BB-25408,Snacks & Branded Foods
SUP030,BB-25408,Snacks & Branded Foods
SUP025,BB-25535,Snacks & Branded Foods
SUP026,BB-25535,Snacks & Branded Foods
SUP027,BB-25535,Snacks & Branded Foods
SUP028,BB-25546,Snacks & Branded Foods
SUP025,BB-25546,Snacks & Branded Foods
SUP029,BB-25546,Snacks & Branded Foods
SUP030,BB-25617,Snacks & Branded Foods
SUP028,BB-25617,Snacks & Branded Foods
SUP025,BB-25617,Snacks & Branded Foods
SUP026,BB-25617,Snacks & Branded Foods
SUP026,BB-25766,Snacks & Branded Foods
SUP030,BB-25766,Snacks & Branded Foods
SUP027,BB-25774,Snacks & Branded Foods
SUP028,BB-25774,Snacks & Branded Foods
SUP029,BB-25774,Snacks & Branded Foods
SUP029,BB-25834,Snacks & Branded Foods
SUP027,BB-25834,Snacks & Branded Foods
SUP030,BB-25834,Snacks & Branded Foods
SUP025,BB-25906,Snacks & Branded Foods
SUP026,BB-25906,Snacks & Branded Foods
SUP028,BB-25923,Snacks & Branded Foods
SUP025,BB-25923,Snacks & Branded Foods
SUP027,BB-25923,Snacks & Branded Foods
SUP029,BB-25923,Snacks & Branded Foods
SUP030,BB-26024,Snacks & Branded Foods
SUP028,BB-26024,Snacks & Branded Foods
SUP026,BB-26051,Snacks & Branded Foods
SUP030,BB-26051,Snacks & Branded Foods
SUP027,BB-26117,Snacks & Branded Foods
SUP025,BB-26117,Snacks & Branded Foods
SUP026,BB-26117,Snacks & Branded Foods
SUP029,BB-26125,Snacks & Branded Foods
SUP027,BB-26125,Snacks & Branded Foods
SUP025,BB-26148,Snacks & Branded Foods
SUP028,BB-26148,Snacks & Branded Foods
SUP029,BB-26148,Snacks & Branded Foods
SUP030,BB-26148,Snacks & Branded Foods
SUP028,BB-26185,Snacks & Branded Foods
SUP025,BB-26185,Snacks & Branded Foods
SUP026,BB-26185,Snacks & Branded Foods
SUP030,BB-26187,Snacks & Branded Foods
SUP027,BB-26187,Snacks & Branded Foods
SUP026,BB-26199,Snacks & Branded Foods
SUP028,BB-26199,Snacks & Branded Foods
SUP029,BB-26199,Snacks & Branded Foods
SUP027,BB-2625,Snacks & Branded Foods
SUP030,BB-2625,Snacks & Branded Foods
SUP025,BB-2625,Snacks & Branded Foods
SUP029,BB-26415,Snacks & Branded Foods
SUP026,BB-26415,Snacks & Branded Foods
SUP025,BB-26533,Snacks & Branded Foods
SUP027,BB-26533,Snacks & Branded Foods
SUP028,BB-26533,Snacks & Branded Foods
SUP028,BB-26545,Snacks & Branded Foods
SUP029,BB-26545,Snacks & Branded Foods
SUP030,BB-26545,Snacks & Branded Foods
SUP030,BB-26598,Snacks & Branded Foods
SUP025,BB-26598,Snacks & Branded Foods
SUP026,BB-26687,Snacks & Branded Foods
SUP027,BB-26687,Snacks & Branded Foods
SUP027,BB-26720,Snacks & Branded Foods
SUP026,BB-26720,Snacks & Branded Foods
SUP029,BB-26771,Snacks & Branded Foods
SUP028,BB-26771,Snacks & Branded Foods
SUP025,BB-27026,Snacks & Branded Foods
SUP029,BB-27026,Snacks & Branded Foods
SUP028,BB-2743,Snacks & Branded Foods
SUP030,BB-2743,Snacks & Branded Foods
SUP030,BB-27465,Snacks & Branded Foods
SUP025,BB-27465,Snacks & Branded Foods
SUP026,BB-27532,Snacks & Branded Foods
SUP027,BB-27532,Snacks & Branded Foods
SUP028,BB-27532,Snacks & Branded Foods
SUP027,BB-27540,Snacks & Branded Foods
SUP026,BB-27540,Snacks & Branded Foods
SUP029,BB-2938,Snacks & Branded Foods
SUP030,BB-2938,Snacks & Branded Foods
SUP025,BB-2938,Snacks & Branded Foods
SUP025,BB-3038,Snacks & Branded Foods
SUP029,BB-3038,Snacks & Branded Foods
SUP028,BB-3097,Snacks & Branded Foods
SUP026,BB-3097,Snacks & Branded Foods
SUP030,BB-3113,Snacks & Branded Foods
SUP027,BB-3113,Snacks & Branded Foods
SUP028,BB-3113,Snacks & Branded Foods
SUP029,BB-3113,Snacks & Branded Foods
SUP026,BB-326,Snacks & Branded Foods
SUP030,BB-326,Snacks & Branded Foods
SUP025,BB-326,Snacks & Branded Foods
SUP027,BB-326,Snacks & Branded Foods
SUP027,BB-3265,Snacks & Branded Foods
SUP026,BB-3265,Snacks & Branded Foods
SUP028,BB-3265,Snacks & Branded Foods
SUP029,BB-328,Snacks & Branded Foods
SUP030,BB-328,Snacks & Branded Foods
SUP025,BB-3307,Snacks & Branded Foods
SUP029,BB-3307,Snacks & Branded Foods
SUP026,BB-3307,Snacks & Branded Foods
SUP027,BB-3307,Snacks & Branded Foods
SUP028,BB-3376,Snacks & Branded Foods
SUP025,BB-3376,Snacks & Branded Foods
SUP029,BB-3376,Snacks & Branded Foods
SUP030,BB-3483,Snacks & Branded Foods
SUP028,BB-3483,Snacks & Branded Foods
SUP025,BB-3483,Snacks & Branded Foods
SUP026,BB-3483,Snacks & Branded Foods
SUP026,BB-3603,Snacks & Branded Foods
SUP030,BB-3603,Snacks & Branded Foods
SUP027,BB-3603,Snacks & Branded Foods
SUP028,BB-3603,Snacks & Branded Foods
SUP027,BB-3665,Snacks & Branded Foods
SUP029,BB-3665,Snacks & Branded Foods
SUP030,BB-3665,Snacks & Branded Foods
SUP025,BB-3665,Snacks & Branded Foods
SUP029,BB-3741,Snacks & Branded Foods
SUP026,BB-3741,Snacks & Branded Foods
SUP025,BB-3767,Snacks & Branded Foods
SUP027,BB-3767,Snacks & Branded Foods
SUP028,BB-3767,Snacks & Branded Foods
SUP029,BB-3767,Snacks & Branded Foods
SUP028,BB-3848,Snacks & Branded Foods
SUP030,BB-3848,Snacks & Branded Foods
SUP030,BB-4028,Snacks & Branded Foods
SUP025,BB-4028,Snacks & Branded Foods
SUP026,BB-4028,Snacks & Branded Foods
SUP026,BB-4143,Snacks & Branded Foods
SUP027,BB-4143,Snacks & Branded Foods
SUP028,BB-4143,Snacks & Branded Foods
SUP027,BB-4168,Snacks & Branded Foods
SUP029,BB-4168,Snacks & Branded Foods
SUP030,BB-4168,Snacks & Branded Foods
SUP029,BB-4172,Snacks & Branded Foods
SUP025,BB-4172,Snacks & Branded Foods
SUP026,BB-4172,Snacks & Branded Foods
SUP025,BB-4302,Snacks & Branded Foods
SUP027,BB-4302,Snacks & Branded Foods
SUP028,BB-4402,Snacks & Branded Foods
SUP029,BB-4402,Snacks & Branded Foods
SUP030,BB-4402,Snacks & Branded Foods
SUP030,BB-4503,Snacks & Branded Foods
SUP028,BB-4503,Snacks & Branded Foods
SUP026,BB-4507,Snacks & Branded Foods
SUP025,BB-4507,Snacks & Branded Foods
SUP027,BB-4515,Snacks & Branded Foods
SUP026,BB-4515,Snacks & Branded Foods
SUP029,BB-464,Snacks & Branded Foods
SUP027,BB-464,Snacks & Branded Foods
SUP028,BB-464,Snacks & Branded Foods
SUP025,BB-4815,Snacks & Branded Foods
SUP029,BB-4815,Snacks & Branded Foods
SUP030,BB-4815,Snacks & Branded Foods
SUP026,BB-4815,Snacks & Branded Foods
SUP028,BB-4888,Snacks & Branded Foods
SUP025,BB-4888,Snacks & Branded Foods
SUP030,BB-5024,Snacks & Branded Foods
SUP027,BB-5024,Snacks & Branded Foods
SUP028,BB-5024,Snacks & Branded Foods
SUP026,BB-5179,Snacks & Branded Foods
SUP029,BB-5179,Snacks & Branded Foods
SUP027,BB-524,Snacks & Branded Foods
SUP030,BB-524,Snacks & Branded Foods
SUP025,BB-524,Snacks & Branded Foods
SUP026,BB-524,Snacks & Branded Foods
SUP029,BB-5336,Snacks & Branded Foods
SUP027,BB-5336,Snacks & Branded Foods
SUP025,BB-558,Snacks & Branded Foods
SUP028,BB-558,Snacks & Branded Foods
SUP029,BB-558,Snacks & Branded Foods
SUP030,BB-558,Snacks & Branded Foods
SUP028,BB-5715,Snacks & Branded Foods
SUP025,BB-5715,Snacks & Branded Foods
SUP030,BB-5878,Snacks & Branded Foods
SUP026,BB-5878,Snacks & Branded Foods
SUP026,BB-5903,Snacks & Branded Foods
SUP027,BB-5903,Snacks & Branded Foods
SUP028,BB-5903,Snacks & Branded Foods
SUP027,BB-5972,Snacks & Branded Foods
SUP029,BB-5972,Snacks & Branded Foods
SUP030,BB-5972,Snacks & Branded Foods
SUP029,BB-6110,Snacks & Branded Foods
SUP025,BB-6110,Snacks & Branded Foods
SUP026,BB-6110,Snacks & Branded Foods
SUP025,BB-6143,Snacks & Branded Foods
SUP027,BB-6143,Snacks & Branded Foods
SUP028,BB-6249,Snacks & Branded Foods
SUP029,BB-6249,Snacks & Branded Foods
SUP030,BB-6249,Snacks & Branded Foods
SUP030,BB-6330,Snacks & Branded Foods
SUP028,BB-6330,Snacks & Branded Foods
SUP026,BB-6359,Snacks & Branded Foods
SUP025,BB-6359,Snacks & Branded Foods
SUP027,BB-6418,Snacks & Branded Foods
SUP026,BB-6418,Snacks & Branded Foods
SUP028,BB-6418,Snacks & Branded Foods
SUP029,BB-6551,Snacks & Branded Foods
SUP027,BB-6551,Snacks & Branded Foods
SUP025,BB-6624,Snacks & Branded Foods
SUP029,BB-6624,Snacks & Branded Foods
SUP028,BB-6695,Snacks & Branded Foods
SUP030,BB-6695,Snacks & Branded Foods
SUP030,BB-6782,Snacks & Branded Foods
SUP025,BB-6782,Snacks & Branded Foods
SUP026,BB-6826,Snacks & Branded Foods
SUP027,BB-6826,Snacks & Branded Foods
SUP028,BB-6826,Snacks & Branded Foods
SUP027,BB-683,Snacks & Branded Foods
SUP026,BB-683,Snacks & Branded Foods
SUP029,BB-6857,Snacks & Branded Foods
SUP030,BB-6857,Snacks & Branded Foods
SUP025,BB-6857,Snacks & Branded Foods
SUP025,BB-6866,Snacks & Branded Foods
SUP029,BB-6866,Snacks & Branded Foods
SUP026,BB-6866,Snacks & Branded Foods
SUP028,BB-7089,Snacks & Branded Foods
SUP027,BB-7089,Snacks & Branded Foods
SUP030,BB-7307,Snacks & Branded Foods
SUP028,BB-7307,Snacks & Branded Foods
SUP026,BB-7387,Snacks & Branded Foods
SUP029,BB-7387,Snacks & Branded Foods
SUP030,BB-7387,Snacks & Branded Foods
SUP027,BB-7478,Snacks & Branded Foods
SUP025,BB-7478,Snacks & Branded Foods
SUP029,BB-7479,Snacks & Branded Foods
SUP026,BB-7479,Snacks & Branded Foods
SUP025,BB-7600,Snacks & Branded Foods
SUP027,BB-7600,Snacks & Branded Foods
SUP028,BB-7600,Snacks & Branded Foods
SUP028,BB-7818,Snacks & Branded Foods
SUP029,BB-7818,Snacks & Branded Foods
SUP030,BB-8066,Snacks & Branded Foods
SUP025,BB-8066,Snacks & Branded Foods
SUP026,BB-8108,Snacks & Branded Foods
SUP030,BB-8108,Snacks & Branded Foods
SUP027,BB-8108,Snacks & Branded Foods
SUP028,BB-8108,Snacks & Branded Foods
SUP027,BB-8123,Snacks & Branded Foods
SUP026,BB-8123,Snacks & Branded Foods
SUP029,BB-8190,Snacks & Branded Foods
SUP030,BB-8190,Snacks & Branded Foods
SUP025,BB-8212,Snacks & Branded Foods
SUP029,BB-8212,Snacks & Branded Foods
SUP026,BB-8212,Snacks & Branded Foods
SUP027,BB-8212,Snacks & Branded Foods
SUP028,BB-8286,Snacks & Branded Foods
SUP025,BB-8286,Snacks & Branded Foods
SUP030,BB-8371,Snacks & Branded Foods
SUP028,BB-8371,Snacks & Branded Foods
SUP029,BB-8371,Snacks & Branded Foods
SUP026,BB-8373,Snacks & Branded Foods
SUP030,BB-8373,Snacks & Branded Foods
SUP027,BB-8507,Snacks & Branded Foods
SUP025,BB-8507,Snacks & Branded Foods
SUP026,BB-8507,Snacks & Branded Foods
SUP029,BB-8994,Snacks & Branded Foods
SUP027,BB-8994,Snacks & Branded Foods
SUP025,BB-9114,Snacks & Branded Foods
SUP028,BB-9114,Snacks & Branded Foods
SUP029,BB-9114,Snacks & Branded Foods
SUP030,BB-9114,Snacks & Branded Foods
SUP028,BB-9529,Snacks & Branded Foods
SUP025,BB-9529,Snacks & Branded Foods
SUP030,BB-9582,Snacks & Branded Foods
SUP026,BB-9582,Snacks & Branded Foods
SUP027,BB-9582,Snacks & Branded Foods
SUP026,BB-9598,Snacks & Branded Foods
SUP028,BB-9598,Snacks & Branded Foods
SUP027,BB-9701,Snacks & Branded Foods
SUP029,BB-9701,Snacks & Branded Foods
SUP029,BB-975,Snacks & Branded Foods
SUP030,BB-975,Snacks & Branded Foods
SUP025,BB-975,Snacks & Branded Foods
SUP026,BB-975,Snacks & Branded Foods
SUP025,BB-9954,Snacks & Branded Foods
SUP027,BB-9954,Snacks & Branded Foods
SUP028,BB-9962,Snacks & Branded Foods
SUP029,BB-9962,Snacks & Branded Foods
